{
    "tensor_name": "amazon-reviews",
    "sampler": "efficient",
    "R": 125,
    "J": 131072,
    "trial": 0,
    "preprocessing": null,
    "initialization": null,
    "max_iterations": 40,
    "stop_tolerance": 0.0001,
    "tensor_order": 3,
    "trace": {
        "iterations": [
            0,
            5,
            10,
            15,
            20,
            25,
            30,
            35,
            40
        ],
        "fits": [
            -361221.8134819978,
            0.39788660278659616,
            0.4000992450431108,
            0.40040912264790185,
            0.40054610110513866,
            0.4003331137615087,
            0.40074023194699937,
            0.4006822851580195,
            0.40086757053194577
        ],
        "update_times": [
            5.48138165473938,
            2.749525547027588,
            2.752794027328491,
            4.164000988006592,
            16.681124687194824,
            4.58466362953186,
            4.653383731842041,
            13.128775119781494,
            4.230565786361694,
            4.340347528457642,
            11.215605974197388,
            3.935429096221924,
            4.658661127090454,
            9.123479843139648,
            4.134713172912598,
            4.718081712722778,
            12.170248031616211,
            4.257150411605835,
            4.252628326416016,
            8.354968070983887,
            4.416204452514648,
            4.35950231552124,
            10.385011434555054,
            3.805992603302002,
            4.410928010940552,
            10.691617488861084,
            3.9179365634918213,
            4.272390127182007,
            10.195049047470093,
            3.9510130882263184,
            4.586394786834717,
            9.54941177368164,
            4.136081218719482,
            4.667534828186035,
            9.921199083328247,
            3.958916187286377,
            4.6489245891571045,
            8.542266607284546,
            4.079456806182861,
            4.643855333328247,
            10.45348334312439,
            3.907899856567383,
            4.256972551345825,
            10.053178548812866,
            4.01379919052124,
            4.458775758743286,
            9.80925989151001,
            4.166307210922241,
            4.2664501667022705,
            10.168251752853394,
            3.823359489440918,
            4.277234077453613,
            10.226333856582642,
            4.030857086181641,
            4.26871132850647,
            10.372446298599243,
            3.8658430576324463,
            4.667582988739014,
            10.257324695587158,
            4.085688829421997,
            4.325798511505127,
            10.784729719161987,
            4.131243705749512,
            4.453665733337402,
            10.716471195220947,
            4.168436050415039,
            4.68326210975647,
            10.405431270599365,
            4.03762149810791,
            4.34335994720459,
            10.394335985183716,
            3.949625015258789,
            4.611039400100708,
            10.154106140136719,
            3.784905195236206,
            4.689623117446899,
            9.833850383758545,
            4.016484022140503,
            4.684722661972046,
            9.310210466384888,
            3.9814398288726807,
            4.684168100357056,
            10.916528940200806,
            4.114111661911011,
            4.3181610107421875,
            10.693236351013184,
            3.7769436836242676,
            4.357368230819702,
            10.11487102508545,
            3.7530360221862793,
            4.2246620655059814,
            9.638159036636353,
            3.718857765197754,
            4.315438270568848,
            10.052316188812256,
            3.7130231857299805,
            4.304683685302734,
            10.588265657424927,
            4.085954189300537,
            4.360095500946045,
            10.7356858253479,
            4.081970930099487,
            4.199866056442261,
            10.948044538497925,
            3.8178443908691406,
            4.258762836456299,
            8.714651107788086,
            3.821035861968994,
            4.384239435195923,
            11.594312906265259,
            4.05604100227356,
            4.283818483352661,
            10.090634107589722,
            4.010400772094727,
            4.636185646057129,
            11.211844205856323,
            3.991821527481079,
            4.6670355796813965,
            10.109287977218628,
            3.9572508335113525
        ],
        "fit_computation_times": [
            17.636863708496094,
            17.139514923095703,
            17.827515363693237,
            17.879460096359253,
            17.88745927810669,
            17.373181343078613,
            17.16075301170349,
            17.221261262893677
        ]
    },
    "elapsed": 907.4725241661072
}