{
    "tensor_name": "amazon-reviews",
    "sampler": "larsen_kolda_hybrid",
    "R": 100,
    "J": 98304,
    "trial": 3,
    "preprocessing": null,
    "initialization": null,
    "max_iterations": 40,
    "stop_tolerance": 0.0001,
    "tensor_order": 3,
    "trace": {
        "iterations": [
            0,
            5,
            10,
            15,
            20,
            25,
            30,
            35,
            40
        ],
        "fits": [
            -323111.13553526875,
            0.37585426593084004,
            0.37941464350825893,
            0.37781434957336657,
            0.3795376144391849,
            0.3797201769520272,
            0.3791088849058496,
            0.3799510551870151,
            0.3806725874330251
        ],
        "update_times": [
            2.0791237354278564,
            1.0457546710968018,
            1.3473758697509766,
            2.1338491439819336,
            17.361469984054565,
            1.3915824890136719,
            2.1532249450683594,
            10.600055932998657,
            1.5303280353546143,
            2.2392194271087646,
            11.250646829605103,
            1.6165461540222168,
            2.1668145656585693,
            20.834434032440186,
            1.4649109840393066,
            2.5486857891082764,
            16.868163108825684,
            1.6664211750030518,
            2.182983636856079,
            14.029989004135132,
            2.2082018852233887,
            2.5203747749328613,
            14.984962224960327,
            1.6597669124603271,
            2.18208646774292,
            18.4348406791687,
            1.6324257850646973,
            2.1615757942199707,
            9.280266761779785,
            1.4609291553497314,
            2.1922805309295654,
            15.918908596038818,
            1.6273951530456543,
            2.1730878353118896,
            12.122850179672241,
            1.732546329498291,
            2.129666566848755,
            11.916488409042358,
            1.9937095642089844,
            2.189047336578369,
            11.534667253494263,
            1.9563214778900146,
            2.5756945610046387,
            14.999090909957886,
            1.7171752452850342,
            2.357422351837158,
            12.860027313232422,
            1.6074562072753906,
            2.1957695484161377,
            9.858856201171875,
            1.720581293106079,
            2.1996278762817383,
            12.56952166557312,
            1.7329435348510742,
            2.5058724880218506,
            8.490177869796753,
            1.424912691116333,
            2.3789751529693604,
            18.950498819351196,
            1.7775120735168457,
            2.2563836574554443,
            9.588236808776855,
            1.6861600875854492,
            2.2451624870300293,
            12.843174934387207,
            1.7842967510223389,
            2.24170184135437,
            17.273857355117798,
            1.698887825012207,
            2.3036530017852783,
            17.466440677642822,
            1.6986057758331299,
            2.176856756210327,
            10.36443018913269,
            1.7804784774780273,
            2.532203435897827,
            18.96171283721924,
            1.670008897781372,
            2.174189329147339,
            11.523319721221924,
            1.7187583446502686,
            2.173787832260132,
            20.46520733833313,
            1.7020819187164307,
            2.165476083755493,
            11.008310079574585,
            1.9017548561096191,
            2.1640188694000244,
            12.265835523605347,
            1.80808687210083,
            2.185546636581421,
            13.555161714553833,
            1.5015943050384521,
            2.4784088134765625,
            10.111184120178223,
            1.5286693572998047,
            2.2404353618621826,
            13.425964832305908,
            1.4352335929870605,
            2.201542377471924,
            12.811676740646362,
            1.4873106479644775,
            2.21860671043396,
            12.14497971534729,
            1.6292128562927246,
            2.1748530864715576,
            16.458317041397095,
            1.563262701034546,
            2.1504480838775635,
            16.70050311088562,
            1.5244686603546143,
            2.1973776817321777,
            13.93300485610962,
            1.5200121402740479,
            2.1639723777770996,
            12.681898832321167,
            1.555572509765625,
            2.2227561473846436,
            10.692317724227905,
            1.9127027988433838
        ],
        "fit_computation_times": [
            16.60918927192688,
            16.18625235557556,
            16.943008184432983,
            16.908233880996704,
            16.798742294311523,
            16.776954889297485,
            16.732589721679688,
            16.183579444885254
        ]
    },
    "elapsed": 845.6251587867737
}