{
    "tensor_name": "amazon-reviews",
    "sampler": "efficient",
    "R": 25,
    "J": 163840,
    "trial": 0,
    "preprocessing": null,
    "initialization": null,
    "max_iterations": 40,
    "stop_tolerance": 0.0001,
    "tensor_order": 3,
    "trace": {
        "iterations": [
            0,
            5,
            10,
            15,
            20,
            25,
            30,
            35,
            40
        ],
        "fits": [
            -161549.67322768085,
            0.33786900905302697,
            0.3392971892678176,
            0.3395249570876778,
            0.33965931030876706,
            0.3398143322409245,
            0.33998333586328233,
            0.3400402291678576,
            0.34006975298756403
        ],
        "update_times": [
            0.6591525077819824,
            0.3964049816131592,
            0.7519679069519043,
            0.5742850303649902,
            4.948251962661743,
            0.6419534683227539,
            0.6073343753814697,
            3.2941813468933105,
            0.6534204483032227,
            0.6123428344726562,
            2.845064878463745,
            0.6442081928253174,
            0.575690507888794,
            2.813340902328491,
            0.6155350208282471,
            0.663501501083374,
            2.7759344577789307,
            0.6215419769287109,
            0.6115622520446777,
            2.7099592685699463,
            0.5695717334747314,
            0.57900071144104,
            2.8884902000427246,
            0.62770676612854,
            0.5952334403991699,
            2.8375861644744873,
            0.5907289981842041,
            0.5799932479858398,
            2.94588565826416,
            0.6189520359039307,
            0.6279759407043457,
            2.947430372238159,
            0.6123464107513428,
            0.5784955024719238,
            2.754406452178955,
            0.641096830368042,
            0.6149234771728516,
            2.79291033744812,
            0.6012592315673828,
            0.6115243434906006,
            2.624469518661499,
            0.608027458190918,
            0.5928878784179688,
            2.677628755569458,
            0.5689301490783691,
            0.5958390235900879,
            2.7097487449645996,
            0.5842843055725098,
            0.5817224979400635,
            2.639082431793213,
            0.6766490936279297,
            0.6592164039611816,
            2.758758544921875,
            0.6843688488006592,
            0.6364750862121582,
            2.903745174407959,
            0.6356930732727051,
            0.5905454158782959,
            2.6679646968841553,
            0.5854573249816895,
            0.6501915454864502,
            2.9293746948242188,
            0.5847139358520508,
            0.5704421997070312,
            2.9081485271453857,
            0.6085247993469238,
            0.6119027137756348,
            2.808204174041748,
            0.5900154113769531,
            0.5914351940155029,
            2.8350300788879395,
            0.5515871047973633,
            0.5832529067993164,
            2.9626224040985107,
            0.6607122421264648,
            0.5860452651977539,
            2.7314109802246094,
            0.5858469009399414,
            0.627439022064209,
            2.952781915664673,
            0.6648051738739014,
            0.6168258190155029,
            3.1509432792663574,
            0.6490306854248047,
            0.6272056102752686,
            2.7343063354492188,
            0.6578397750854492,
            0.6191716194152832,
            3.0472660064697266,
            0.6650040149688721,
            0.5874621868133545,
            2.8677592277526855,
            0.6444473266601562,
            0.6125726699829102,
            2.8265419006347656,
            0.6097915172576904,
            0.6181819438934326,
            2.992751359939575,
            0.617729902267456,
            0.6126439571380615,
            2.862152576446533,
            0.6165571212768555,
            0.6066477298736572,
            3.0363824367523193,
            0.5862472057342529,
            0.6207563877105713,
            3.084867477416992,
            0.6251225471496582,
            0.6177432537078857,
            3.1032845973968506,
            0.6275818347930908,
            0.5956389904022217,
            3.063185214996338,
            0.6315479278564453,
            0.6027097702026367,
            3.0141658782958984,
            0.639136552810669,
            0.5929429531097412,
            2.712506055831909,
            0.6096949577331543
        ],
        "fit_computation_times": [
            7.017775058746338,
            7.272572755813599,
            7.368652582168579,
            6.9581458568573,
            6.673899173736572,
            6.049492359161377,
            6.863267660140991,
            7.027646541595459
        ]
    },
    "elapsed": 226.0652198791504
}