{
    "tensor_name": "amazon-reviews",
    "sampler": "larsen_kolda_hybrid",
    "R": 75,
    "J": 163840,
    "trial": 0,
    "preprocessing": null,
    "initialization": null,
    "max_iterations": 40,
    "stop_tolerance": 0.0001,
    "tensor_order": 3,
    "trace": {
        "iterations": [
            0,
            5,
            10,
            15,
            20,
            25,
            30,
            35,
            40
        ],
        "fits": [
            -279771.9293980361,
            0.37512920060031485,
            0.3768000402540266,
            0.37746037673402666,
            0.3774347315386932,
            0.3778897791737116,
            0.37775451448065167,
            0.37794429251594996,
            0.37791782018932496
        ],
        "update_times": [
            1.9727370738983154,
            0.7465038299560547,
            1.5577611923217773,
            1.9762158393859863,
            19.840856552124023,
            1.7881419658660889,
            2.109945297241211,
            17.84645175933838,
            1.8583016395568848,
            2.1197683811187744,
            14.698065519332886,
            1.9723381996154785,
            2.339503049850464,
            13.484073877334595,
            1.7925806045532227,
            2.0727083683013916,
            14.570966482162476,
            1.8455979824066162,
            2.324793577194214,
            16.27191925048828,
            1.7422070503234863,
            2.1064867973327637,
            11.490280628204346,
            1.798828363418579,
            2.0693345069885254,
            18.1926007270813,
            1.7493720054626465,
            2.0820069313049316,
            16.868009567260742,
            1.536757469177246,
            2.1537671089172363,
            17.13005828857422,
            1.7439584732055664,
            2.0798561573028564,
            12.107673406600952,
            1.9382412433624268,
            2.0586791038513184,
            24.86897110939026,
            1.8339595794677734,
            2.0306286811828613,
            24.7118980884552,
            2.020265579223633,
            2.0220673084259033,
            23.92822766304016,
            1.9164268970489502,
            2.1034600734710693,
            13.429523944854736,
            1.8261446952819824,
            2.0958521366119385,
            11.726609706878662,
            1.921489953994751,
            2.1888468265533447,
            14.218424081802368,
            1.9978666305541992,
            2.1244750022888184,
            21.280245542526245,
            1.8970236778259277,
            2.067777395248413,
            17.610833883285522,
            1.817640781402588,
            2.103780508041382,
            17.6480553150177,
            1.983086347579956,
            2.223628044128418,
            13.411842584609985,
            1.4741013050079346,
            2.0969839096069336,
            15.55174994468689,
            1.4944102764129639,
            2.0549323558807373,
            14.202481269836426,
            1.9402892589569092,
            2.0965323448181152,
            10.469283819198608,
            1.643946886062622,
            2.110116481781006,
            12.375317096710205,
            1.4746487140655518,
            2.0793607234954834,
            16.612117767333984,
            2.1379358768463135,
            2.133258104324341,
            20.49876093864441,
            1.975893497467041,
            2.0506913661956787,
            17.9473557472229,
            1.6998825073242188,
            2.1106162071228027,
            13.165918588638306,
            1.7214577198028564,
            2.0837321281433105,
            19.156161546707153,
            1.948333978652954,
            2.077965021133423,
            26.383336544036865,
            2.356442451477051,
            2.075101137161255,
            13.014036893844604,
            2.333270788192749,
            2.1161251068115234,
            20.04691481590271,
            1.9303090572357178,
            2.1574044227600098,
            16.653038263320923,
            2.0647878646850586,
            2.0453720092773438,
            13.244086980819702,
            1.8353698253631592,
            2.045228958129883,
            16.23333978652954,
            1.8424756526947021,
            2.104797601699829,
            13.852726936340332,
            2.2901697158813477,
            1.9949615001678467,
            16.065831899642944,
            1.9795074462890625,
            2.0663695335388184,
            22.747724771499634,
            2.5073232650756836
        ],
        "fit_computation_times": [
            14.678588151931763,
            14.403767585754395,
            16.045574188232422,
            15.231770277023315,
            14.308463096618652,
            14.752208471298218,
            15.041090965270996,
            16.6419415473938
        ]
    },
    "elapsed": 950.2938072681427
}