{
    "tensor_name": "amazon-reviews",
    "sampler": "efficient",
    "R": 25,
    "J": 131072,
    "trial": 2,
    "preprocessing": null,
    "initialization": null,
    "max_iterations": 40,
    "stop_tolerance": 0.0001,
    "tensor_order": 3,
    "trace": {
        "iterations": [
            0,
            5,
            10,
            15,
            20,
            25,
            30,
            35,
            40
        ],
        "fits": [
            -161585.92903503813,
            0.33825182781866614,
            0.3393603589214581,
            0.33902278558283816,
            0.33956838197972516,
            0.3396144117449861,
            0.3396601490970744,
            0.33969215101467665,
            0.3397244825024378
        ],
        "update_times": [
            0.6680891513824463,
            0.35922670364379883,
            0.5492627620697021,
            0.5981218814849854,
            4.491512775421143,
            0.6268644332885742,
            0.5829923152923584,
            2.9147074222564697,
            0.5733966827392578,
            0.6221246719360352,
            2.7062509059906006,
            0.5626387596130371,
            0.6110012531280518,
            2.684825897216797,
            0.5867078304290771,
            0.6154139041900635,
            2.6352505683898926,
            0.5953762531280518,
            0.6220386028289795,
            2.556999921798706,
            0.5669460296630859,
            0.5653731822967529,
            2.5994083881378174,
            0.5871486663818359,
            0.5461292266845703,
            2.7490220069885254,
            0.5855991840362549,
            0.6067564487457275,
            2.825390577316284,
            0.5501060485839844,
            0.5841641426086426,
            2.8937041759490967,
            0.6074414253234863,
            0.5824403762817383,
            2.663224220275879,
            0.5550780296325684,
            0.6162099838256836,
            2.736024856567383,
            0.6108763217926025,
            0.6138041019439697,
            2.8278603553771973,
            0.5226461887359619,
            0.5573365688323975,
            2.579219341278076,
            0.5249457359313965,
            0.5703885555267334,
            2.5856266021728516,
            0.5788195133209229,
            0.5430006980895996,
            2.585127353668213,
            0.5221829414367676,
            0.5535964965820312,
            2.760890245437622,
            0.5344133377075195,
            0.5872189998626709,
            2.6168100833892822,
            0.6200764179229736,
            0.588932991027832,
            2.6057732105255127,
            0.5343637466430664,
            0.6135540008544922,
            2.712953805923462,
            0.5373001098632812,
            0.5529694557189941,
            2.4844555854797363,
            0.6320967674255371,
            0.5711615085601807,
            2.7570788860321045,
            0.6723549365997314,
            0.5769627094268799,
            2.6727771759033203,
            0.5396621227264404,
            0.5417869091033936,
            2.509404420852661,
            0.5996243953704834,
            0.6081738471984863,
            2.794126033782959,
            0.6408064365386963,
            0.5952732563018799,
            2.705160140991211,
            0.6346471309661865,
            0.5754456520080566,
            2.6598339080810547,
            0.6032853126525879,
            0.5894784927368164,
            2.6796927452087402,
            0.5534570217132568,
            0.5616652965545654,
            2.6568050384521484,
            0.5724930763244629,
            0.5708727836608887,
            2.6840081214904785,
            0.5853028297424316,
            0.5912168025970459,
            2.8313956260681152,
            0.571725606918335,
            0.5885326862335205,
            2.796239137649536,
            0.6036345958709717,
            0.576526403427124,
            2.664278745651245,
            0.5675323009490967,
            0.5753519535064697,
            2.6609976291656494,
            0.5799310207366943,
            0.5909750461578369,
            2.958712100982666,
            0.5981166362762451,
            0.5925023555755615,
            2.834740161895752,
            0.5754766464233398,
            0.5951497554779053,
            2.7471251487731934,
            0.7009878158569336,
            0.6198229789733887,
            2.875797748565674,
            0.5582551956176758,
            0.559088945388794,
            2.5223212242126465,
            0.5512056350708008
        ],
        "fit_computation_times": [
            6.789934158325195,
            6.28820538520813,
            6.61821985244751,
            6.893940448760986,
            6.715319871902466,
            6.478644847869873,
            6.982194185256958,
            6.435185194015503
        ]
    },
    "elapsed": 214.5097119808197
}