{
    "tensor_name": "amazon-reviews",
    "sampler": "larsen_kolda_hybrid",
    "R": 100,
    "J": 131072,
    "trial": 1,
    "preprocessing": null,
    "initialization": null,
    "max_iterations": 40,
    "stop_tolerance": 0.0001,
    "tensor_order": 3,
    "trace": {
        "iterations": [
            0,
            5,
            10,
            15,
            20,
            25,
            30,
            35,
            40
        ],
        "fits": [
            -323132.94271713373,
            0.3807896650172081,
            0.3830944821040769,
            0.3829358545521362,
            0.3829809760812858,
            0.38325094990903175,
            0.38315854582419884,
            0.38353975984504574,
            0.38294258135345194
        ],
        "update_times": [
            1.9835138320922852,
            0.8499555587768555,
            1.5113074779510498,
            2.031142234802246,
            15.580777406692505,
            1.546346664428711,
            2.171797752380371,
            19.109848976135254,
            1.5270049571990967,
            2.1246578693389893,
            17.785111904144287,
            1.9052424430847168,
            2.1543478965759277,
            10.831620693206787,
            2.3049216270446777,
            2.1212806701660156,
            12.341066598892212,
            2.2772276401519775,
            2.1330068111419678,
            17.089139699935913,
            1.9521899223327637,
            2.4040770530700684,
            12.88501524925232,
            1.952340841293335,
            2.354184627532959,
            14.795606136322021,
            1.653876543045044,
            2.1440510749816895,
            17.14635396003723,
            1.9659149646759033,
            2.4932844638824463,
            9.960653305053711,
            1.7201359272003174,
            2.233962059020996,
            14.500385761260986,
            1.853884220123291,
            2.412106513977051,
            18.829193353652954,
            1.9850003719329834,
            2.1963558197021484,
            14.646180629730225,
            1.9129197597503662,
            2.1316514015197754,
            15.695862293243408,
            1.7902870178222656,
            2.5019912719726562,
            21.041610717773438,
            1.934363842010498,
            2.123051404953003,
            11.891265869140625,
            1.7406089305877686,
            2.0923216342926025,
            16.081193923950195,
            2.1207733154296875,
            2.094576120376587,
            20.69402050971985,
            1.9669864177703857,
            2.125092029571533,
            14.987253189086914,
            2.1296908855438232,
            2.1819698810577393,
            15.481515169143677,
            1.5454034805297852,
            2.0869884490966797,
            14.846713781356812,
            1.5614147186279297,
            2.161684274673462,
            11.046286821365356,
            1.7006895542144775,
            2.2463839054107666,
            10.135892391204834,
            1.752046823501587,
            2.141657829284668,
            17.00056743621826,
            1.9118621349334717,
            2.5025267601013184,
            14.514278411865234,
            1.7225072383880615,
            2.1496400833129883,
            8.88880181312561,
            1.7123963832855225,
            2.1543171405792236,
            15.194784879684448,
            1.6530263423919678,
            2.1797053813934326,
            9.575357437133789,
            1.9838287830352783,
            2.235412120819092,
            17.639040231704712,
            1.655402660369873,
            2.099255084991455,
            16.609269380569458,
            2.026881694793701,
            2.413964033126831,
            19.88518452644348,
            2.110137462615967,
            2.0563852787017822,
            13.811806440353394,
            2.128995418548584,
            2.1297998428344727,
            20.9713773727417,
            2.0242857933044434,
            2.202486038208008,
            14.934965133666992,
            1.9732716083526611,
            2.20927095413208,
            14.927453517913818,
            2.0571541786193848,
            2.2218713760375977,
            10.93331789970398,
            1.9860825538635254,
            2.1436569690704346,
            20.09621810913086,
            1.5495316982269287,
            2.279364824295044,
            14.55119276046753,
            2.0567455291748047,
            2.462100028991699,
            14.666845798492432,
            1.5879371166229248
        ],
        "fit_computation_times": [
            16.82101535797119,
            17.09135341644287,
            16.151432037353516,
            17.110501527786255,
            16.70555567741394,
            17.0066397190094,
            17.0036461353302,
            16.754098892211914
        ]
    },
    "elapsed": 907.8768372535706
}