{
    "tensor_name": "amazon-reviews",
    "sampler": "larsen_kolda_hybrid",
    "R": 50,
    "J": 131072,
    "trial": 2,
    "preprocessing": null,
    "initialization": null,
    "max_iterations": 40,
    "stop_tolerance": 0.0001,
    "tensor_order": 3,
    "trace": {
        "iterations": [
            0,
            5,
            10,
            15,
            20,
            25,
            30,
            35,
            40
        ],
        "fits": [
            -228502.69900774618,
            0.36125745792461306,
            0.3626444392711716,
            0.36281167501682643,
            0.36289706180466275,
            0.3629574303111879,
            0.3631625842427806,
            0.36304532359174047,
            0.3630569081930317
        ],
        "update_times": [
            1.1375398635864258,
            0.4214465618133545,
            0.9291841983795166,
            1.197657823562622,
            11.548537969589233,
            1.1755681037902832,
            1.3118770122528076,
            9.998321294784546,
            1.159383773803711,
            1.2974517345428467,
            12.362772226333618,
            1.2453076839447021,
            1.311805248260498,
            10.499309539794922,
            1.3158714771270752,
            1.2527906894683838,
            12.853901147842407,
            1.3640177249908447,
            1.2625079154968262,
            13.149080038070679,
            1.151932716369629,
            1.2683734893798828,
            12.532338857650757,
            1.227548360824585,
            1.2618882656097412,
            10.47459077835083,
            1.2822120189666748,
            1.293686866760254,
            9.536983728408813,
            1.4359502792358398,
            1.2701606750488281,
            11.707051515579224,
            1.3934385776519775,
            1.290187120437622,
            13.793366193771362,
            1.0836946964263916,
            1.4109675884246826,
            11.727551221847534,
            1.036691427230835,
            1.2783660888671875,
            12.495962858200073,
            1.1673176288604736,
            1.271174669265747,
            13.110394477844238,
            1.030146598815918,
            1.29410982131958,
            14.95926547050476,
            1.1653358936309814,
            1.3053443431854248,
            10.233312368392944,
            1.213871955871582,
            1.3196256160736084,
            11.649169206619263,
            1.4047012329101562,
            1.379218339920044,
            20.540327072143555,
            1.279982566833496,
            1.29734206199646,
            20.827146768569946,
            1.237786054611206,
            1.2947478294372559,
            17.40955352783203,
            1.183802843093872,
            1.278780221939087,
            17.403148651123047,
            1.159538745880127,
            1.3385858535766602,
            14.63346004486084,
            1.2394084930419922,
            1.305217981338501,
            11.290202856063843,
            1.5981295108795166,
            1.306483268737793,
            16.482609510421753,
            1.3312392234802246,
            1.288774013519287,
            15.316410541534424,
            1.2007184028625488,
            1.2687089443206787,
            11.102088212966919,
            1.5212390422821045,
            1.252537727355957,
            15.792026996612549,
            1.3963077068328857,
            1.2842292785644531,
            9.978856801986694,
            1.1825697422027588,
            1.2363624572753906,
            12.796849966049194,
            1.1509344577789307,
            1.3508696556091309,
            18.5203800201416,
            1.3260672092437744,
            1.2980256080627441,
            11.277986288070679,
            1.284174919128418,
            1.3074495792388916,
            10.996517658233643,
            1.2029826641082764,
            1.3167059421539307,
            17.150275707244873,
            1.1541235446929932,
            1.3114123344421387,
            11.465522050857544,
            1.199939489364624,
            1.359102487564087,
            9.692078828811646,
            1.6551730632781982,
            1.321077585220337,
            18.677375316619873,
            1.1502182483673096,
            1.3443315029144287,
            12.785412311553955,
            1.686601161956787,
            1.33353853225708,
            16.410040855407715,
            1.2705533504486084,
            1.297274112701416,
            11.722127199172974,
            1.0568089485168457
        ],
        "fit_computation_times": [
            13.136018991470337,
            12.980261325836182,
            12.997896432876587,
            13.285639762878418,
            13.693697690963745,
            13.301366090774536,
            13.404326915740967,
            13.212405681610107
        ]
    },
    "elapsed": 747.995786190033
}