{
    "tensor_name": "amazon-reviews",
    "sampler": "larsen_kolda_hybrid",
    "R": 50,
    "J": 98304,
    "trial": 3,
    "preprocessing": null,
    "initialization": null,
    "max_iterations": 40,
    "stop_tolerance": 0.0001,
    "tensor_order": 3,
    "trace": {
        "iterations": [
            0,
            5,
            10,
            15,
            20,
            25,
            30,
            35
        ],
        "fits": [
            -228480.90732032937,
            0.3600372694883155,
            0.36187632376468226,
            0.36212080008181113,
            0.36226431136284243,
            0.361985438826562,
            0.36134895257797395,
            0.3622558027136593
        ],
        "update_times": [
            1.3665714263916016,
            0.5995028018951416,
            0.8321630954742432,
            1.425419807434082,
            10.28050684928894,
            0.9766371250152588,
            1.3658266067504883,
            10.911837339401245,
            0.9097738265991211,
            1.3871209621429443,
            8.50145149230957,
            0.9673049449920654,
            1.3676753044128418,
            10.347655296325684,
            0.9225783348083496,
            1.8347408771514893,
            9.338093996047974,
            1.0731127262115479,
            1.3607256412506104,
            9.777288675308228,
            1.1095311641693115,
            1.3686845302581787,
            7.712035655975342,
            1.2274072170257568,
            1.3534531593322754,
            10.364245891571045,
            1.2205822467803955,
            1.3245477676391602,
            17.247989654541016,
            1.1112585067749023,
            1.3522803783416748,
            11.67029619216919,
            1.0828814506530762,
            1.363813877105713,
            7.392942190170288,
            1.0819644927978516,
            1.358288049697876,
            12.553703308105469,
            1.078474998474121,
            1.3608319759368896,
            8.082391023635864,
            1.3843209743499756,
            1.3695154190063477,
            8.314379453659058,
            1.482675552368164,
            1.377234935760498,
            10.024807929992676,
            1.2242622375488281,
            1.368730068206787,
            10.573973417282104,
            1.0954291820526123,
            1.365687608718872,
            7.38432765007019,
            1.2213754653930664,
            1.808685302734375,
            9.443271160125732,
            1.2115325927734375,
            1.8265469074249268,
            12.157099485397339,
            1.2050886154174805,
            1.363569736480713,
            9.244371175765991,
            1.0731704235076904,
            1.3526179790496826,
            8.689768075942993,
            1.0453145503997803,
            1.3595726490020752,
            16.428277730941772,
            1.0934460163116455,
            1.4557948112487793,
            7.515002489089966,
            0.9207820892333984,
            1.3442022800445557,
            7.655628442764282,
            0.954420804977417,
            1.3687379360198975,
            10.986700534820557,
            0.9338028430938721,
            1.3577191829681396,
            6.443883180618286,
            0.9732272624969482,
            1.3397903442382812,
            11.50968050956726,
            0.898857831954956,
            1.348952054977417,
            11.84863805770874,
            1.0224530696868896,
            1.3494873046875,
            11.124521970748901,
            0.8439784049987793,
            1.3702402114868164,
            11.591817617416382,
            1.058685064315796,
            1.368398904800415,
            7.8710761070251465,
            1.0400094985961914,
            1.3523073196411133,
            8.935898542404175,
            1.2062642574310303,
            1.8504297733306885,
            10.049935579299927,
            1.1780152320861816,
            1.835170030593872,
            9.0051109790802,
            1.0349879264831543
        ],
        "fit_computation_times": [
            12.020094394683838,
            13.743721961975098,
            11.991753816604614,
            12.665784358978271,
            11.709600448608398,
            13.016671180725098,
            11.837007761001587
        ]
    },
    "elapsed": 529.6549997329712
}