{
    "tensor_name": "amazon-reviews",
    "sampler": "larsen_kolda_hybrid",
    "R": 50,
    "J": 196608,
    "trial": 0,
    "preprocessing": null,
    "initialization": null,
    "max_iterations": 40,
    "stop_tolerance": 0.0001,
    "tensor_order": 3,
    "trace": {
        "iterations": [
            0,
            5,
            10,
            15,
            20,
            25,
            30,
            35,
            40
        ],
        "fits": [
            -228471.07140052566,
            0.3617206207762901,
            0.3640746200936582,
            0.364296975376623,
            0.36438682697700475,
            0.3645257596496032,
            0.3645832637773976,
            0.3645617918179763,
            0.36450763068922654
        ],
        "update_times": [
            1.4064552783966064,
            0.5590815544128418,
            0.9704780578613281,
            1.3042616844177246,
            19.305147409439087,
            1.7990138530731201,
            1.5227489471435547,
            18.97498321533203,
            1.519280195236206,
            1.39475417137146,
            14.230607032775879,
            1.302858829498291,
            1.4788360595703125,
            14.160812616348267,
            1.3838915824890137,
            1.570970058441162,
            16.0392804145813,
            1.1641926765441895,
            1.4450366497039795,
            21.11248755455017,
            1.3430473804473877,
            1.5281295776367188,
            20.44754695892334,
            1.3662238121032715,
            1.4843676090240479,
            13.691984176635742,
            1.398449420928955,
            1.551346778869629,
            17.884664058685303,
            1.4487571716308594,
            1.4209249019622803,
            32.28435182571411,
            1.524385690689087,
            1.4120140075683594,
            32.53313851356506,
            1.6585502624511719,
            1.4551777839660645,
            23.455639123916626,
            2.0326907634735107,
            1.4584696292877197,
            13.909728050231934,
            1.2474896907806396,
            1.362107276916504,
            9.622242450714111,
            1.3028738498687744,
            1.5283575057983398,
            16.261144161224365,
            1.3537588119506836,
            1.412658929824829,
            15.589857339859009,
            1.3898060321807861,
            1.4432806968688965,
            13.073707818984985,
            1.2910740375518799,
            1.4542529582977295,
            22.930795669555664,
            1.8839824199676514,
            1.4317998886108398,
            19.071232318878174,
            1.4526641368865967,
            1.4815113544464111,
            20.36323046684265,
            1.5238988399505615,
            1.4568049907684326,
            28.348562717437744,
            1.3463618755340576,
            1.450460433959961,
            18.418027639389038,
            1.4075844287872314,
            1.4594123363494873,
            10.323160886764526,
            1.3149662017822266,
            1.462214469909668,
            19.857934713363647,
            1.2630341053009033,
            1.406407117843628,
            21.40276265144348,
            1.9377129077911377,
            1.4298911094665527,
            17.432045459747314,
            1.843930959701538,
            1.4669981002807617,
            18.58507227897644,
            1.4779949188232422,
            1.4148340225219727,
            22.933417797088623,
            1.4298064708709717,
            1.4143660068511963,
            16.983017444610596,
            1.5560622215270996,
            1.4802608489990234,
            16.52745270729065,
            1.361241102218628,
            1.4622445106506348,
            14.152694463729858,
            1.3550541400909424,
            1.524179220199585,
            10.936320066452026,
            1.3666355609893799,
            1.5859911441802979,
            13.689453840255737,
            1.298069715499878,
            1.4353106021881104,
            15.51057767868042,
            1.201589822769165,
            1.459728717803955,
            11.681586265563965,
            1.302912950515747,
            1.4044291973114014,
            16.373948574066162,
            1.2255215644836426,
            1.3638944625854492,
            12.101690292358398,
            1.4236867427825928,
            1.4651267528533936,
            14.496794939041138,
            1.6054105758666992,
            1.399477481842041,
            16.84781265258789,
            1.793952226638794
        ],
        "fit_computation_times": [
            12.169764518737793,
            11.959182739257812,
            12.679370164871216,
            12.433096885681152,
            12.179880857467651,
            12.137994050979614,
            12.899180173873901,
            12.160842180252075
        ]
    },
    "elapsed": 920.2118418216705
}