{
    "tensor_name": "amazon-reviews",
    "sampler": "efficient",
    "R": 75,
    "J": 98304,
    "trial": 3,
    "preprocessing": null,
    "initialization": null,
    "max_iterations": 40,
    "stop_tolerance": 0.0001,
    "tensor_order": 3,
    "trace": {
        "iterations": [
            0,
            5,
            10,
            15,
            20,
            25,
            30,
            35,
            40
        ],
        "fits": [
            -279849.3446985761,
            0.37803477653695905,
            0.3805022931529265,
            0.3811939735298957,
            0.38136369699458716,
            0.381653748646146,
            0.3817558857874165,
            0.381810634251044,
            0.3819271663538629
        ],
        "update_times": [
            2.2274749279022217,
            1.0529251098632812,
            1.030182123184204,
            1.680337905883789,
            9.897777557373047,
            1.8525729179382324,
            1.8870792388916016,
            9.08508825302124,
            1.8767101764678955,
            1.9131553173065186,
            7.77387547492981,
            1.82352614402771,
            1.9000754356384277,
            7.192399978637695,
            1.8236923217773438,
            1.9291694164276123,
            8.029516458511353,
            1.734614372253418,
            1.9009790420532227,
            7.125341176986694,
            1.7204747200012207,
            1.8789699077606201,
            7.328821420669556,
            1.7315609455108643,
            1.8815197944641113,
            6.432921648025513,
            1.8176825046539307,
            1.9207532405853271,
            7.557142496109009,
            1.7712955474853516,
            1.8749220371246338,
            7.389467477798462,
            1.6971909999847412,
            1.8039946556091309,
            7.401710510253906,
            1.624457597732544,
            1.795872688293457,
            6.901015043258667,
            1.55367112159729,
            2.399317502975464,
            6.439703702926636,
            1.7627427577972412,
            2.4205498695373535,
            6.449163198471069,
            1.7672960758209229,
            2.4298388957977295,
            6.131530046463013,
            1.7869186401367188,
            1.824143648147583,
            6.502906322479248,
            1.6954405307769775,
            2.475127696990967,
            6.304229259490967,
            1.8225111961364746,
            2.4075512886047363,
            7.240123987197876,
            1.6904947757720947,
            1.8545572757720947,
            7.1048784255981445,
            1.618736743927002,
            1.870177984237671,
            7.7566304206848145,
            1.8869214057922363,
            1.8795039653778076,
            7.145172834396362,
            1.6842930316925049,
            1.8555724620819092,
            6.5607733726501465,
            1.8131070137023926,
            1.8605284690856934,
            6.835696458816528,
            1.8746438026428223,
            1.8465931415557861,
            7.504374980926514,
            1.7943580150604248,
            1.864438772201538,
            7.498817443847656,
            1.8889355659484863,
            1.8626022338867188,
            7.646952867507935,
            1.709259271621704,
            1.8815312385559082,
            7.188451051712036,
            1.7300710678100586,
            1.8849408626556396,
            7.0254058837890625,
            1.7932913303375244,
            1.860734462738037,
            6.8310863971710205,
            1.6801183223724365,
            1.8340802192687988,
            6.872992992401123,
            1.5803484916687012,
            1.8853237628936768,
            6.848824977874756,
            1.6837847232818604,
            1.8584709167480469,
            6.74774694442749,
            1.824181318283081,
            1.8400940895080566,
            7.596807241439819,
            1.712268352508545,
            1.8642091751098633,
            6.346176385879517,
            1.6894562244415283,
            1.8698766231536865,
            6.709059715270996,
            1.637037754058838,
            1.8723526000976562,
            6.7784178256988525,
            1.6853280067443848,
            1.909593105316162,
            7.368692874908447,
            1.6773669719696045,
            1.796821117401123,
            6.837547540664673,
            1.7405173778533936,
            1.8153750896453857,
            6.568150758743286,
            1.485074520111084
        ],
        "fit_computation_times": [
            12.2813081741333,
            13.443757057189941,
            12.894780158996582,
            12.833235502243042,
            12.177698850631714,
            13.461024761199951,
            12.542833089828491,
            12.217921257019043
        ]
    },
    "elapsed": 541.4952917098999
}