{
    "tensor_name": "amazon-reviews",
    "sampler": "efficient",
    "R": 125,
    "J": 65536,
    "trial": 2,
    "preprocessing": null,
    "initialization": null,
    "max_iterations": 40,
    "stop_tolerance": 0.0001,
    "tensor_order": 3,
    "trace": {
        "iterations": [
            0,
            5,
            10,
            15,
            20,
            25,
            30,
            35,
            40
        ],
        "fits": [
            -361248.8139163803,
            0.3971341872903633,
            0.3992107874605232,
            0.39852388483596335,
            0.39990638815065815,
            0.40010983007174905,
            0.4001400667729589,
            0.40008697437497165,
            0.40024666686403043
        ],
        "update_times": [
            3.612067461013794,
            1.7998723983764648,
            1.806131362915039,
            3.3208186626434326,
            13.060912609100342,
            3.6115407943725586,
            3.1513187885284424,
            10.342642307281494,
            3.188872814178467,
            3.2447268962860107,
            9.36899209022522,
            3.125439167022705,
            3.2347874641418457,
            8.650588989257812,
            3.0004618167877197,
            3.316635847091675,
            8.77181601524353,
            3.0072214603424072,
            3.2765493392944336,
            8.766618490219116,
            3.101634979248047,
            3.2775309085845947,
            9.408357620239258,
            2.8406951427459717,
            3.6785476207733154,
            9.204197406768799,
            2.964393138885498,
            3.2863192558288574,
            8.939132690429688,
            2.7423770427703857,
            3.1937334537506104,
            8.198063611984253,
            2.9698405265808105,
            3.2377214431762695,
            8.599563598632812,
            2.8776237964630127,
            3.2588508129119873,
            8.323240995407104,
            2.8390398025512695,
            3.2460663318634033,
            8.40738034248352,
            2.973076820373535,
            3.2686567306518555,
            8.685811758041382,
            3.054469347000122,
            3.2626290321350098,
            8.306221723556519,
            2.9076120853424072,
            3.2913565635681152,
            9.084653854370117,
            2.9640297889709473,
            3.2372121810913086,
            8.995691061019897,
            2.8026113510131836,
            3.318781614303589,
            9.283513069152832,
            2.7691993713378906,
            3.6289546489715576,
            8.722530364990234,
            2.7925937175750732,
            3.67480206489563,
            8.689278364181519,
            2.926586627960205,
            3.284578561782837,
            9.291540384292603,
            2.691931962966919,
            3.247058153152466,
            8.807731628417969,
            2.957095146179199,
            3.6068663597106934,
            9.032187938690186,
            2.9331095218658447,
            3.2583510875701904,
            9.01152777671814,
            3.1060121059417725,
            3.294722318649292,
            8.49833059310913,
            2.926344156265259,
            3.3061718940734863,
            8.414352178573608,
            2.8985602855682373,
            3.2463645935058594,
            8.94142460823059,
            2.9253649711608887,
            3.5997233390808105,
            8.933393001556396,
            2.6496007442474365,
            3.1920979022979736,
            8.386240720748901,
            2.678621768951416,
            3.2184183597564697,
            8.936502695083618,
            2.6668312549591064,
            3.27872371673584,
            10.497466087341309,
            3.089419364929199,
            3.3001983165740967,
            9.059546947479248,
            3.116288900375366,
            3.235638380050659,
            8.557478904724121,
            2.732692241668701,
            3.294708490371704,
            9.68059778213501,
            2.9278128147125244,
            3.705139398574829,
            7.907263994216919,
            3.011594772338867,
            3.286952495574951,
            10.09424638748169,
            2.9980101585388184,
            3.3578484058380127,
            8.272078037261963,
            3.1005468368530273,
            3.331554412841797,
            9.474772930145264,
            2.9489784240722656,
            3.7026140689849854,
            9.097239017486572,
            2.789496898651123
        ],
        "fit_computation_times": [
            17.014270305633545,
            18.11290669441223,
            17.077663898468018,
            17.039560556411743,
            17.854777336120605,
            16.700538635253906,
            16.734686613082886,
            17.587950229644775
        ]
    },
    "elapsed": 761.046674489975
}