{
    "tensor_name": "amazon-reviews",
    "sampler": "efficient",
    "R": 100,
    "J": 131072,
    "trial": 2,
    "preprocessing": null,
    "initialization": null,
    "max_iterations": 40,
    "stop_tolerance": 0.0001,
    "tensor_order": 3,
    "trace": {
        "iterations": [
            0,
            5,
            10,
            15,
            20,
            25,
            30,
            35,
            40
        ],
        "fits": [
            -323133.4845175224,
            0.3896137569063509,
            0.39144835131366973,
            0.3919845321630434,
            0.3922022861740715,
            0.39236600063667026,
            0.3924710378143761,
            0.39260207531409386,
            0.39265954299947314
        ],
        "update_times": [
            4.194254398345947,
            2.195533275604248,
            2.048741340637207,
            2.7749528884887695,
            12.783106327056885,
            3.439310312271118,
            3.3053159713745117,
            10.902587890625,
            3.220888376235962,
            3.1416051387786865,
            9.722432374954224,
            3.1208887100219727,
            3.056058168411255,
            6.883898019790649,
            3.0717928409576416,
            3.2143001556396484,
            7.347099781036377,
            2.9745571613311768,
            3.1414217948913574,
            9.254416227340698,
            3.038410186767578,
            3.2010793685913086,
            7.5782248973846436,
            3.003875255584717,
            3.111741065979004,
            7.6376051902771,
            2.9578588008880615,
            3.067796468734741,
            8.3553466796875,
            2.8658740520477295,
            3.109813690185547,
            8.851489543914795,
            2.8579213619232178,
            3.383974075317383,
            8.911012172698975,
            3.1662039756774902,
            3.1053662300109863,
            8.783665418624878,
            2.914405584335327,
            3.10178804397583,
            8.826547622680664,
            2.7756333351135254,
            3.049485445022583,
            8.749506950378418,
            2.8320071697235107,
            3.0295474529266357,
            8.531224250793457,
            2.7572927474975586,
            3.107980966567993,
            8.910802841186523,
            2.761955976486206,
            3.071796417236328,
            8.817873239517212,
            2.7802846431732178,
            3.1052603721618652,
            8.518310070037842,
            2.7894668579101562,
            3.0886895656585693,
            9.02961254119873,
            2.92985200881958,
            3.4453678131103516,
            9.014439105987549,
            3.068173408508301,
            3.142092227935791,
            9.18433928489685,
            2.858931064605713,
            3.041350841522217,
            8.829769611358643,
            3.0781772136688232,
            3.119633913040161,
            8.963252305984497,
            2.8155105113983154,
            3.149484157562256,
            7.4186577796936035,
            2.9854445457458496,
            3.2403886318206787,
            8.740586519241333,
            2.8998992443084717,
            3.105286121368408,
            6.9300737380981445,
            3.0155551433563232,
            3.143198251724243,
            7.128514528274536,
            2.999777317047119,
            3.1625773906707764,
            9.253202199935913,
            3.0430893898010254,
            3.0858659744262695,
            8.958499908447266,
            2.908839225769043,
            3.1486637592315674,
            9.496324300765991,
            2.901068687438965,
            3.159904956817627,
            9.00019359588623,
            2.90714955329895,
            3.075857639312744,
            7.2104597091674805,
            2.9269497394561768,
            3.123304843902588,
            7.923979043960571,
            3.163174629211426,
            3.1229326725006104,
            9.373964548110962,
            2.8681552410125732,
            3.382059335708618,
            8.811402797698975,
            2.961273670196533,
            3.1039621829986572,
            9.243795156478882,
            2.9960145950317383,
            3.149106025695801,
            8.647793292999268,
            2.8149120807647705,
            3.19962739944458,
            8.9750657081604,
            2.885049343109131,
            3.1028592586517334,
            9.163165092468262,
            2.9405953884124756
        ],
        "fit_computation_times": [
            18.085660696029663,
            15.965961694717407,
            17.032169818878174,
            16.13179063796997,
            16.04686188697815,
            16.578283309936523,
            16.95974898338318,
            15.32042646408081
        ]
    },
    "elapsed": 736.3269662857056
}