{
    "tensor_name": "amazon-reviews",
    "sampler": "larsen_kolda_hybrid",
    "R": 125,
    "J": 229376,
    "trial": 2,
    "preprocessing": null,
    "initialization": null,
    "max_iterations": 40,
    "stop_tolerance": 0.0001,
    "tensor_order": 3,
    "trace": {
        "iterations": [
            0,
            5,
            10,
            15,
            20,
            25,
            30,
            35,
            40
        ],
        "fits": [
            -361294.4061445663,
            0.39113538967199424,
            0.39278851011098825,
            0.3932893189720338,
            0.3929928411659327,
            0.3934955148640672,
            0.3935520574107244,
            0.39322815178674553,
            0.3931881709435876
        ],
        "update_times": [
            2.6582038402557373,
            1.1367459297180176,
            2.2820658683776855,
            2.620932102203369,
            25.19388437271118,
            2.5808539390563965,
            2.913879871368408,
            23.94513201713562,
            2.315002679824829,
            2.905501365661621,
            17.262834310531616,
            2.5628480911254883,
            2.8350441455841064,
            12.475543975830078,
            2.735657215118408,
            2.9964687824249268,
            14.063640356063843,
            2.7038955688476562,
            2.8699731826782227,
            19.752779483795166,
            2.5767836570739746,
            2.8541903495788574,
            15.721649885177612,
            2.754490852355957,
            2.883938789367676,
            12.502077579498291,
            2.7930519580841064,
            2.8059253692626953,
            18.17926526069641,
            2.6841280460357666,
            3.008246898651123,
            14.726023197174072,
            2.716815710067749,
            2.896003007888794,
            26.19362473487854,
            2.904665470123291,
            2.918086528778076,
            22.65222191810608,
            2.8226256370544434,
            2.8459858894348145,
            17.92721199989319,
            2.4952876567840576,
            2.821335554122925,
            18.80082106590271,
            2.26827073097229,
            2.8916947841644287,
            12.865712404251099,
            2.259159803390503,
            2.6787452697753906,
            14.785812616348267,
            2.4358222484588623,
            2.8753695487976074,
            14.75691294670105,
            2.475156307220459,
            2.869825601577759,
            25.23363208770752,
            2.60563325881958,
            2.925218343734741,
            23.551711559295654,
            2.8900680541992188,
            3.1701996326446533,
            24.072534799575806,
            2.6139450073242188,
            2.8603219985961914,
            17.94908380508423,
            3.199930429458618,
            2.8762624263763428,
            25.032636165618896,
            2.7984979152679443,
            2.825780153274536,
            31.00608491897583,
            2.463449001312256,
            2.833902597427368,
            15.98296570777893,
            2.439865827560425,
            2.8767189979553223,
            17.006046295166016,
            2.5765767097473145,
            2.8521101474761963,
            25.664145946502686,
            2.9388675689697266,
            2.8580713272094727,
            15.086615800857544,
            2.663107395172119,
            2.9034197330474854,
            24.12864065170288,
            2.5508241653442383,
            2.839524030685425,
            21.480185747146606,
            2.7037909030914307,
            2.916259765625,
            22.825477123260498,
            2.593454122543335,
            2.8477766513824463,
            22.245715379714966,
            3.1115620136260986,
            2.8590049743652344,
            25.187347412109375,
            2.747417688369751,
            2.821169137954712,
            25.370969772338867,
            2.781766176223755,
            2.9011147022247314,
            26.466582775115967,
            2.7885560989379883,
            3.3379971981048584,
            14.861762046813965,
            2.46555233001709,
            2.920456647872925,
            25.73460054397583,
            2.8991236686706543,
            2.898016929626465,
            23.672292470932007,
            2.9062819480895996,
            2.8895633220672607,
            15.488694667816162,
            2.664867877960205,
            2.903238296508789,
            24.14835786819458,
            2.744309186935425
        ],
        "fit_computation_times": [
            17.256932973861694,
            16.67916178703308,
            17.390097856521606,
            18.24320888519287,
            17.252633094787598,
            17.576326608657837,
            16.904073476791382,
            17.776447296142578
        ]
    },
    "elapsed": 1174.7935588359833
}