{
    "tensor_name": "amazon-reviews",
    "sampler": "efficient",
    "R": 50,
    "J": 196608,
    "trial": 0,
    "preprocessing": null,
    "initialization": null,
    "max_iterations": 40,
    "stop_tolerance": 0.0001,
    "tensor_order": 3,
    "trace": {
        "iterations": [
            0,
            5,
            10,
            15,
            20,
            25,
            30,
            35,
            40
        ],
        "fits": [
            -228467.0639750511,
            0.36414477816428037,
            0.3652691814656932,
            0.3654968039978973,
            0.36564415493139635,
            0.36569867477733764,
            0.365820529885198,
            0.3658706796510234,
            0.3659123864062578
        ],
        "update_times": [
            1.8672595024108887,
            1.2690212726593018,
            1.394000768661499,
            1.4590046405792236,
            7.547186613082886,
            1.478708028793335,
            1.3784160614013672,
            6.325113534927368,
            1.3241257667541504,
            1.31489896774292,
            6.107859373092651,
            1.3488030433654785,
            1.283581018447876,
            6.107645511627197,
            1.3922371864318848,
            1.3839282989501953,
            5.3469789028167725,
            1.2545459270477295,
            1.301809310913086,
            5.4412617683410645,
            1.4346251487731934,
            1.4266245365142822,
            5.489116907119751,
            1.2353293895721436,
            1.3384578227996826,
            5.442014217376709,
            1.3980605602264404,
            1.3521924018859863,
            5.738183975219727,
            1.3252074718475342,
            1.3891098499298096,
            5.751410245895386,
            1.328526496887207,
            1.486095905303955,
            5.766644239425659,
            1.3344931602478027,
            1.2962417602539062,
            5.708888530731201,
            1.4829919338226318,
            1.3566665649414062,
            5.65165114402771,
            1.3839831352233887,
            1.3538291454315186,
            5.6558167934417725,
            1.4135308265686035,
            1.3462460041046143,
            5.017195701599121,
            1.372772455215454,
            1.3458833694458008,
            5.6576457023620605,
            1.385920524597168,
            1.370784044265747,
            5.730247735977173,
            1.3557710647583008,
            1.346045732498169,
            4.884921312332153,
            1.3841230869293213,
            1.3630309104919434,
            5.90360689163208,
            1.3806910514831543,
            1.4155349731445312,
            5.552118301391602,
            1.329918622970581,
            1.5466892719268799,
            5.801184892654419,
            1.3917160034179688,
            1.3914525508880615,
            5.761834621429443,
            1.4758009910583496,
            1.4113664627075195,
            5.8874733448028564,
            1.3862125873565674,
            1.3658950328826904,
            4.999925374984741,
            1.3535261154174805,
            1.3901002407073975,
            6.205345153808594,
            1.3459522724151611,
            1.3620691299438477,
            6.1451735496521,
            1.3423125743865967,
            1.4064927101135254,
            6.001127004623413,
            1.4690439701080322,
            1.4647369384765625,
            5.6266937255859375,
            1.354295253753662,
            1.423933744430542,
            6.261295318603516,
            1.3462111949920654,
            1.3616745471954346,
            5.560652732849121,
            1.374863862991333,
            1.4822916984558105,
            5.4653356075286865,
            1.3225724697113037,
            1.4266624450683594,
            5.630627393722534,
            1.294651746749878,
            1.4138286113739014,
            5.49859619140625,
            1.2653751373291016,
            1.3515231609344482,
            5.299567461013794,
            1.2822391986846924,
            1.3470375537872314,
            5.580379962921143,
            1.3313183784484863,
            1.347421646118164,
            5.724970102310181,
            1.3387031555175781,
            1.3212580680847168,
            5.602893829345703,
            1.3464241027832031,
            1.3788561820983887,
            5.511661529541016,
            1.2182238101959229,
            1.3252289295196533,
            5.544597387313843,
            1.407362699508667
        ],
        "fit_computation_times": [
            12.513437271118164,
            13.20404839515686,
            13.64199423789978,
            13.281731128692627,
            13.451894521713257,
            12.88808274269104,
            13.740346431732178,
            12.834221839904785
        ]
    },
    "elapsed": 453.8517096042633
}