{
    "tensor_name": "amazon-reviews",
    "sampler": "larsen_kolda_hybrid",
    "R": 100,
    "J": 131072,
    "trial": 3,
    "preprocessing": null,
    "initialization": null,
    "max_iterations": 40,
    "stop_tolerance": 0.0001,
    "tensor_order": 3,
    "trace": {
        "iterations": [
            0,
            5,
            10,
            15,
            20,
            25,
            30,
            35,
            40
        ],
        "fits": [
            -323137.3602982468,
            0.38045115795119133,
            0.38196311496067836,
            0.3833500263806756,
            0.3822870199681927,
            0.38368187547053634,
            0.38267502437194734,
            0.38252774703829895,
            0.38205148039782766
        ],
        "update_times": [
            2.014451026916504,
            0.9718894958496094,
            1.5563135147094727,
            2.3547418117523193,
            23.080796241760254,
            1.7828218936920166,
            2.1058757305145264,
            18.633143663406372,
            1.6902098655700684,
            2.2024521827697754,
            19.54802656173706,
            2.057908058166504,
            2.2174580097198486,
            12.602966547012329,
            1.9214465618133545,
            2.2577860355377197,
            12.550469636917114,
            2.130781888961792,
            2.184396982192993,
            16.130378007888794,
            1.7167208194732666,
            2.5973784923553467,
            18.050761461257935,
            2.152129888534546,
            2.509655475616455,
            16.389748096466064,
            2.129321575164795,
            2.486516237258911,
            16.531851530075073,
            1.9460854530334473,
            2.2201802730560303,
            16.256961345672607,
            1.6222727298736572,
            2.2525482177734375,
            12.200814008712769,
            1.7494852542877197,
            2.2176246643066406,
            8.584975481033325,
            1.8878560066223145,
            2.1870789527893066,
            15.4521005153656,
            1.9274961948394775,
            2.1869444847106934,
            14.041057586669922,
            1.6163132190704346,
            2.2623696327209473,
            16.23184633255005,
            1.6777827739715576,
            2.2137606143951416,
            12.557241439819336,
            1.544475793838501,
            2.18682599067688,
            10.596980094909668,
            1.6074228286743164,
            2.5501444339752197,
            10.168655157089233,
            1.777815580368042,
            2.210296869277954,
            13.417942523956299,
            1.8041770458221436,
            2.2346503734588623,
            16.078486919403076,
            1.6248648166656494,
            2.312922239303589,
            14.333641290664673,
            2.154653787612915,
            2.5904457569122314,
            16.43198537826538,
            1.9381794929504395,
            2.5875022411346436,
            11.653587341308594,
            2.0407190322875977,
            2.5992658138275146,
            12.399301767349243,
            1.8528740406036377,
            2.17146635055542,
            11.584815263748169,
            1.6660079956054688,
            2.2070367336273193,
            20.394598722457886,
            2.034636974334717,
            2.439361810684204,
            12.451673746109009,
            1.8700556755065918,
            2.1916725635528564,
            19.0051372051239,
            1.7544000148773193,
            2.181612730026245,
            16.16060972213745,
            1.674462080001831,
            2.142554759979248,
            18.24944567680359,
            2.0006020069122314,
            2.2440176010131836,
            18.072246074676514,
            2.0365872383117676,
            2.2211287021636963,
            10.731185674667358,
            1.639087438583374,
            2.198017120361328,
            19.421908617019653,
            1.9468767642974854,
            2.18271541595459,
            10.84443712234497,
            1.9683172702789307,
            2.2269363403320312,
            27.84407639503479,
            2.1751089096069336,
            2.204817771911621,
            28.35135507583618,
            2.0794200897216797,
            2.2308125495910645,
            20.172271966934204,
            1.6688225269317627,
            2.15855073928833,
            15.57170057296753,
            1.9190528392791748,
            2.1849751472473145,
            17.172901153564453,
            2.2670485973358154
        ],
        "fit_computation_times": [
            16.537276029586792,
            16.440874814987183,
            16.283452033996582,
            16.474759340286255,
            16.323830604553223,
            16.47051739692688,
            17.25615692138672,
            16.9341082572937
        ]
    },
    "elapsed": 936.9632277488708
}