{
    "tensor_name": "amazon-reviews",
    "sampler": "efficient",
    "R": 50,
    "J": 65536,
    "trial": 3,
    "preprocessing": null,
    "initialization": null,
    "max_iterations": 40,
    "stop_tolerance": 0.0001,
    "tensor_order": 3,
    "trace": {
        "iterations": [
            0,
            5,
            10,
            15,
            20,
            25,
            30,
            35,
            40
        ],
        "fits": [
            -228495.5804750819,
            0.3624048581660704,
            0.36437320450712807,
            0.3653268543978724,
            0.36549460955937885,
            0.36567427676374487,
            0.3657571517708881,
            0.3657909086513328,
            0.36569328558726666
        ],
        "update_times": [
            1.1603279113769531,
            0.4956662654876709,
            0.4585072994232178,
            1.0063469409942627,
            7.896283149719238,
            1.2276637554168701,
            1.0798375606536865,
            5.817545413970947,
            0.9692797660827637,
            0.9882926940917969,
            5.341196537017822,
            0.918231725692749,
            0.9890949726104736,
            4.902160167694092,
            1.0403351783752441,
            1.0358545780181885,
            5.361138582229614,
            0.9716157913208008,
            1.0180110931396484,
            4.924126863479614,
            0.9074420928955078,
            1.0091533660888672,
            4.053239583969116,
            0.8841588497161865,
            1.00614333152771,
            5.115141868591309,
            0.9577124118804932,
            1.0250868797302246,
            5.030912399291992,
            0.908545732498169,
            1.0436465740203857,
            5.136915922164917,
            0.9687709808349609,
            1.0204999446868896,
            4.714122533798218,
            0.9323601722717285,
            1.0276718139648438,
            4.8893022537231445,
            0.9763376712799072,
            1.0200700759887695,
            4.355232000350952,
            0.9295587539672852,
            1.030691385269165,
            4.722499847412109,
            0.9018497467041016,
            1.0342059135437012,
            4.984815359115601,
            0.9694569110870361,
            1.03969407081604,
            4.336433410644531,
            0.8710272312164307,
            1.013559341430664,
            4.932043552398682,
            0.9272396564483643,
            1.1287264823913574,
            4.882866621017456,
            0.9422519207000732,
            1.0311765670776367,
            4.723205327987671,
            0.936565637588501,
            1.0346732139587402,
            4.918641805648804,
            0.8898015022277832,
            1.0280406475067139,
            4.984898090362549,
            0.9624781608581543,
            1.0279278755187988,
            4.961810827255249,
            0.9283139705657959,
            1.0386381149291992,
            4.9065515995025635,
            0.8811171054840088,
            1.023406744003296,
            4.7671895027160645,
            0.9500503540039062,
            1.1203382015228271,
            3.9749808311462402,
            0.944831371307373,
            1.007127046585083,
            4.792795658111572,
            0.952622652053833,
            1.0007178783416748,
            4.9660093784332275,
            0.9014840126037598,
            1.118499755859375,
            5.144135475158691,
            0.8906576633453369,
            1.0074353218078613,
            3.9929511547088623,
            0.9224340915679932,
            1.0273499488830566,
            4.735610008239746,
            0.9456794261932373,
            1.026674509048462,
            4.661962509155273,
            0.9107894897460938,
            1.1505274772644043,
            4.926267862319946,
            0.9239153861999512,
            1.049309492111206,
            4.799706935882568,
            0.9564485549926758,
            1.1456613540649414,
            5.093815803527832,
            0.9512779712677002,
            1.0270659923553467,
            4.776036977767944,
            0.9005391597747803,
            1.0182359218597412,
            5.03722071647644,
            0.9327552318572998,
            1.0251688957214355,
            5.033237934112549,
            0.9466373920440674,
            1.0247774124145508,
            5.213293552398682,
            0.8931140899658203,
            1.119741439819336,
            5.044877052307129,
            0.973496675491333
        ],
        "fit_computation_times": [
            13.773409128189087,
            13.333453178405762,
            13.634535312652588,
            13.223119497299194,
            12.782076835632324,
            13.12093186378479,
            13.361356973648071,
            13.803594827651978
        ]
    },
    "elapsed": 393.393762588501
}