{
    "tensor_name": "amazon-reviews",
    "sampler": "efficient",
    "R": 25,
    "J": 32768,
    "trial": 3,
    "preprocessing": null,
    "initialization": null,
    "max_iterations": 40,
    "stop_tolerance": 0.0001,
    "tensor_order": 3,
    "trace": {
        "iterations": [
            0,
            5,
            10,
            15,
            20,
            25,
            30,
            35,
            40
        ],
        "fits": [
            -161551.84525748837,
            0.33551544956625645,
            0.33829413263716823,
            0.3385864075500483,
            0.33896601752344635,
            0.33933984125957795,
            0.339418911751157,
            0.33945519494826737,
            0.3395528028300018
        ],
        "update_times": [
            0.4589364528656006,
            0.16499805450439453,
            0.15160417556762695,
            0.4019649028778076,
            3.2512106895446777,
            0.3630247116088867,
            0.45784902572631836,
            3.094190835952759,
            0.4301762580871582,
            0.5055043697357178,
            2.343350410461426,
            0.3978419303894043,
            0.4533884525299072,
            2.3081724643707275,
            0.377239465713501,
            0.4557774066925049,
            2.42972731590271,
            0.3875086307525635,
            0.47852230072021484,
            2.1086626052856445,
            0.39420056343078613,
            0.4610722064971924,
            2.1618168354034424,
            0.3977217674255371,
            0.45300769805908203,
            2.1776111125946045,
            0.380662202835083,
            0.4504587650299072,
            2.3846771717071533,
            0.38984203338623047,
            0.49472641944885254,
            2.129722833633423,
            0.3707587718963623,
            0.45902085304260254,
            2.152270793914795,
            0.37923145294189453,
            0.44289588928222656,
            2.5378916263580322,
            0.38573670387268066,
            0.4709162712097168,
            2.144303321838379,
            0.3756444454193115,
            0.4460592269897461,
            2.1603193283081055,
            0.36646008491516113,
            0.44245409965515137,
            2.002309799194336,
            0.3647453784942627,
            0.43224000930786133,
            2.1629514694213867,
            0.38479042053222656,
            0.46429944038391113,
            2.2303357124328613,
            0.37552666664123535,
            0.45954370498657227,
            2.132657527923584,
            0.38678407669067383,
            0.4433474540710449,
            2.014071226119995,
            0.3668835163116455,
            0.44996142387390137,
            2.2100889682769775,
            0.38760924339294434,
            0.43771958351135254,
            2.1676089763641357,
            0.39319372177124023,
            0.43975090980529785,
            1.9661474227905273,
            0.3755044937133789,
            0.43181538581848145,
            1.9848377704620361,
            0.3496077060699463,
            0.4429607391357422,
            2.0402328968048096,
            0.39954066276550293,
            0.4531071186065674,
            2.198673725128174,
            0.38402628898620605,
            0.446608304977417,
            2.201439142227173,
            0.3885064125061035,
            0.4812808036804199,
            2.108046770095825,
            0.3793952465057373,
            0.44742321968078613,
            2.0719175338745117,
            0.3712453842163086,
            0.45456624031066895,
            2.3185622692108154,
            0.3871915340423584,
            0.5048418045043945,
            2.019523859024048,
            0.36266660690307617,
            0.4300193786621094,
            2.0213429927825928,
            0.41814160346984863,
            0.4521634578704834,
            2.366046905517578,
            0.38318514823913574,
            0.503950834274292,
            2.138279914855957,
            0.38127827644348145,
            0.500004768371582,
            1.9662606716156006,
            0.3826117515563965,
            0.4330782890319824,
            2.0355894565582275,
            0.39017796516418457,
            0.44833898544311523,
            1.8365955352783203,
            0.37738776206970215,
            0.4734032154083252,
            2.4907517433166504,
            0.36495518684387207,
            0.4581775665283203,
            2.272858142852783,
            0.38039612770080566,
            0.4558296203613281,
            2.0731513500213623,
            0.38366007804870605
        ],
        "fit_computation_times": [
            6.631514072418213,
            6.968680381774902,
            6.856031894683838,
            7.091955900192261,
            7.185303211212158,
            6.865620851516724,
            6.685852527618408,
            6.975574731826782
        ]
    },
    "elapsed": 182.076495885849
}