{
    "tensor_name": "amazon-reviews",
    "sampler": "efficient",
    "R": 25,
    "J": 32768,
    "trial": 2,
    "preprocessing": null,
    "initialization": null,
    "max_iterations": 40,
    "stop_tolerance": 0.0001,
    "tensor_order": 3,
    "trace": {
        "iterations": [
            0,
            5,
            10,
            15,
            20,
            25,
            30,
            35,
            40
        ],
        "fits": [
            -161571.34326365925,
            0.33366937454752676,
            0.3386614014257865,
            0.33909554776551054,
            0.33961333602554045,
            0.3398510160007422,
            0.34001020265505255,
            0.3400856432184639,
            0.3401109643510344
        ],
        "update_times": [
            0.47230052947998047,
            0.19287896156311035,
            0.16187596321105957,
            0.4144022464752197,
            2.7120800018310547,
            0.3438253402709961,
            0.45208287239074707,
            3.0616605281829834,
            0.3895888328552246,
            0.4497556686401367,
            2.4744043350219727,
            0.38338637351989746,
            0.4456303119659424,
            2.265667676925659,
            0.3744480609893799,
            0.49479126930236816,
            2.2024753093719482,
            0.35512351989746094,
            0.47240495681762695,
            2.168794631958008,
            0.36580753326416016,
            0.4534597396850586,
            2.0663857460021973,
            0.3375868797302246,
            0.46210741996765137,
            1.915569543838501,
            0.3573734760284424,
            0.45343875885009766,
            1.9675178527832031,
            0.39141416549682617,
            0.49939560890197754,
            2.0413951873779297,
            0.37173938751220703,
            0.45102667808532715,
            2.0458788871765137,
            0.3729400634765625,
            0.4600532054901123,
            2.020936965942383,
            0.354062557220459,
            0.4465358257293701,
            2.1771926879882812,
            0.36345934867858887,
            0.4902687072753906,
            2.2167797088623047,
            0.37490010261535645,
            0.51373291015625,
            2.1759963035583496,
            0.39626312255859375,
            0.49382877349853516,
            2.205341100692749,
            0.39191365242004395,
            0.4696676731109619,
            2.2117116451263428,
            0.3781147003173828,
            0.4622797966003418,
            2.2171342372894287,
            0.3890829086303711,
            0.5094549655914307,
            2.226433277130127,
            0.4090769290924072,
            0.5204339027404785,
            2.131204128265381,
            0.4040718078613281,
            0.46884870529174805,
            2.16064453125,
            0.3923838138580322,
            0.4883308410644531,
            2.357820987701416,
            0.3664515018463135,
            0.4668910503387451,
            2.174252986907959,
            0.37633371353149414,
            0.4872570037841797,
            2.316889762878418,
            0.3988621234893799,
            0.46536946296691895,
            2.233550786972046,
            0.37770867347717285,
            0.48848390579223633,
            2.10945200920105,
            0.35729384422302246,
            0.4690370559692383,
            2.257450580596924,
            0.39850497245788574,
            0.4675431251525879,
            2.2202982902526855,
            0.3746023178100586,
            0.46741151809692383,
            2.173977851867676,
            0.3880648612976074,
            0.4909529685974121,
            2.238431215286255,
            0.38098788261413574,
            0.47153401374816895,
            2.116987943649292,
            0.3656039237976074,
            0.4692063331604004,
            2.0736780166625977,
            0.3661470413208008,
            0.49530601501464844,
            2.225996255874634,
            0.3874847888946533,
            0.46555662155151367,
            2.1750173568725586,
            0.37474989891052246,
            0.46394968032836914,
            2.0488474369049072,
            0.37739133834838867,
            0.4850170612335205,
            2.2902560234069824,
            0.3797760009765625,
            0.48073911666870117,
            2.2534310817718506,
            0.39380431175231934,
            0.500420093536377,
            2.45426344871521,
            0.3851792812347412,
            0.5174953937530518,
            2.287858247756958,
            0.38128042221069336
        ],
        "fit_computation_times": [
            7.13863730430603,
            6.814818859100342,
            6.789840459823608,
            6.547434568405151,
            6.7541115283966064,
            7.260059595108032,
            7.3983142375946045,
            6.886981964111328
        ]
    },
    "elapsed": 183.20294618606567
}