{
    "tensor_name": "amazon-reviews",
    "sampler": "efficient",
    "R": 100,
    "J": 32768,
    "trial": 1,
    "preprocessing": null,
    "initialization": null,
    "max_iterations": 40,
    "stop_tolerance": 0.0001,
    "tensor_order": 3,
    "trace": {
        "iterations": [
            0,
            5,
            10,
            15,
            20,
            25,
            30,
            35,
            40
        ],
        "fits": [
            -323083.83765796834,
            0.3883903876693039,
            0.390929549503075,
            0.3911052305073036,
            0.39148737351865337,
            0.39170205125620583,
            0.39182399728569284,
            0.39147917253836295,
            0.39185411155423766
        ],
        "update_times": [
            2.338179349899292,
            0.9719667434692383,
            1.0961298942565918,
            2.1826441287994385,
            5.833232641220093,
            1.7254586219787598,
            2.037977933883667,
            6.551828622817993,
            1.7027437686920166,
            1.9925711154937744,
            5.635246992111206,
            1.689544439315796,
            2.324946403503418,
            5.769660711288452,
            1.5805168151855469,
            1.9912340641021729,
            7.141803741455078,
            1.488760232925415,
            1.9503583908081055,
            6.576608419418335,
            1.544173002243042,
            1.962691068649292,
            6.9062981605529785,
            1.7309949398040771,
            1.9704890251159668,
            5.201324939727783,
            1.5607309341430664,
            1.9836692810058594,
            6.661349058151245,
            1.6860473155975342,
            2.02018666267395,
            6.9229490756988525,
            1.658379316329956,
            2.046684503555298,
            7.169581413269043,
            1.7257452011108398,
            2.0179526805877686,
            5.321745872497559,
            1.6206419467926025,
            1.9994792938232422,
            7.69931697845459,
            1.7063965797424316,
            2.0108375549316406,
            6.20337438583374,
            1.6028053760528564,
            2.078835964202881,
            7.1186206340789795,
            1.616194725036621,
            2.023876428604126,
            6.999773979187012,
            1.5896992683410645,
            2.057774066925049,
            6.130441904067993,
            1.6815717220306396,
            1.9991722106933594,
            6.7664475440979,
            1.6224884986877441,
            2.0516011714935303,
            6.989611864089966,
            1.6741001605987549,
            2.0429487228393555,
            6.882589101791382,
            1.6971330642700195,
            2.019192934036255,
            7.2067952156066895,
            1.6912810802459717,
            2.0268635749816895,
            7.170785903930664,
            1.6498584747314453,
            2.034770965576172,
            6.710653066635132,
            1.5819981098175049,
            2.062992811203003,
            6.995669603347778,
            1.614314317703247,
            2.3773844242095947,
            7.23611044883728,
            1.6967833042144775,
            2.308619737625122,
            7.448047399520874,
            1.7167580127716064,
            2.337001323699951,
            7.762487888336182,
            1.6832365989685059,
            2.326371908187866,
            7.503625154495239,
            1.5780282020568848,
            1.9737827777862549,
            6.851933717727661,
            1.4961779117584229,
            2.011349678039551,
            5.6792542934417725,
            1.523350715637207,
            1.9608278274536133,
            6.866281986236572,
            1.610856533050537,
            1.9933586120605469,
            6.914811611175537,
            1.572716236114502,
            1.9951071739196777,
            7.562620162963867,
            1.6140904426574707,
            2.0048680305480957,
            6.940795183181763,
            1.6130540370941162,
            2.0356650352478027,
            6.917063474655151,
            1.666402816772461,
            2.0504798889160156,
            7.423080921173096,
            1.6996455192565918,
            2.013654947280884,
            7.321045875549316,
            1.70975923538208,
            2.0354409217834473,
            6.022425651550293,
            1.6783185005187988,
            2.0052993297576904,
            6.901798486709595,
            1.664355754852295
        ],
        "fit_computation_times": [
            16.49214005470276,
            16.467569828033447,
            16.856195211410522,
            16.99290370941162,
            16.70377206802368,
            16.517699718475342,
            17.09227418899536,
            16.837387561798096
        ]
    },
    "elapsed": 564.1094739437103
}