{
    "tensor_name": "amazon-reviews",
    "sampler": "efficient",
    "R": 125,
    "J": 229376,
    "trial": 0,
    "preprocessing": null,
    "initialization": null,
    "max_iterations": 40,
    "stop_tolerance": 0.0001,
    "tensor_order": 3,
    "trace": {
        "iterations": [
            0,
            5,
            10,
            15,
            20,
            25,
            30,
            35,
            40
        ],
        "fits": [
            -361274.062997382,
            0.39696038481539686,
            0.39993570411391044,
            0.40022146019688265,
            0.4003849266182502,
            0.40040118496479904,
            0.40054954052416847,
            0.40064295619669765,
            0.4005814622148621
        ],
        "update_times": [
            8.968596696853638,
            4.880179166793823,
            5.38935112953186,
            5.7950403690338135,
            22.88544201850891,
            7.693899393081665,
            6.205334186553955,
            16.127289056777954,
            6.698993682861328,
            6.6678831577301025,
            14.385067462921143,
            6.622689723968506,
            6.825927734375,
            13.761249303817749,
            6.327480792999268,
            6.536334991455078,
            13.083799600601196,
            6.113454341888428,
            6.475042343139648,
            13.580750942230225,
            6.265939712524414,
            6.470779180526733,
            13.851388692855835,
            5.9850921630859375,
            6.495108127593994,
            12.79806900024414,
            6.133984565734863,
            6.803156137466431,
            11.283279418945312,
            6.251013278961182,
            6.568620681762695,
            12.466381788253784,
            5.880731105804443,
            6.678592681884766,
            12.90233325958252,
            6.125187635421753,
            6.644206523895264,
            12.260797023773193,
            6.298650026321411,
            6.439434051513672,
            13.624150276184082,
            6.137897729873657,
            6.4663097858428955,
            12.28718900680542,
            6.039259433746338,
            6.477337598800659,
            12.257610321044922,
            5.974459886550903,
            6.512209415435791,
            12.260311841964722,
            6.117359399795532,
            6.566747665405273,
            12.353275060653687,
            6.193372964859009,
            6.555781364440918,
            13.023801326751709,
            6.195633888244629,
            6.492511749267578,
            12.925485134124756,
            6.081328630447388,
            6.50989031791687,
            12.361145973205566,
            6.012345552444458,
            6.482959032058716,
            12.642455101013184,
            5.775042772293091,
            6.539457559585571,
            11.912506103515625,
            5.920945167541504,
            6.663416624069214,
            12.715429544448853,
            5.834278106689453,
            6.4425623416900635,
            9.915778875350952,
            5.94713020324707,
            6.785078763961792,
            12.810410976409912,
            5.929612874984741,
            6.728007793426514,
            12.20889139175415,
            5.936391830444336,
            6.369646310806274,
            12.097549438476562,
            5.9477880001068115,
            6.908794641494751,
            12.312336683273315,
            6.036482572555542,
            6.4260454177856445,
            11.902280807495117,
            6.111675262451172,
            6.382526159286499,
            11.55647587776184,
            5.847628116607666,
            6.4594197273254395,
            11.78612232208252,
            6.060174226760864,
            6.535236835479736,
            12.849512815475464,
            5.971607685089111,
            6.400560617446899,
            12.248603820800781,
            6.095585823059082,
            6.870655536651611,
            12.272378921508789,
            6.2161009311676025,
            6.869967460632324,
            12.44526481628418,
            5.965067625045776,
            6.811444044113159,
            11.919104099273682,
            5.90636944770813,
            6.523471117019653,
            10.099000692367554,
            5.8495049476623535,
            6.589543104171753,
            12.396250486373901,
            5.839150905609131,
            6.960785388946533,
            11.784823894500732,
            5.8697285652160645
        ],
        "fit_computation_times": [
            17.849276304244995,
            16.613676071166992,
            17.158928871154785,
            17.60572075843811,
            17.150983333587646,
            17.853153944015503,
            17.15406584739685,
            17.776473999023438
        ]
    },
    "elapsed": 1170.18700838089
}