{
    "tensor_name": "amazon-reviews",
    "sampler": "larsen_kolda_hybrid",
    "R": 25,
    "J": 196608,
    "trial": 2,
    "preprocessing": null,
    "initialization": null,
    "max_iterations": 40,
    "stop_tolerance": 0.0001,
    "tensor_order": 3,
    "trace": {
        "iterations": [
            0,
            5,
            10,
            15,
            20,
            25,
            30,
            35,
            40
        ],
        "fits": [
            -161552.04052563745,
            0.3379924697617608,
            0.3389825001154211,
            0.3391776939226757,
            0.3392873512425296,
            0.3393721022037023,
            0.33941863559658103,
            0.3394652455299987,
            0.339543123662606
        ],
        "update_times": [
            0.8784840106964111,
            0.24601078033447266,
            0.8065555095672607,
            0.6286437511444092,
            20.203775644302368,
            0.9628350734710693,
            0.699732780456543,
            11.21376371383667,
            1.294590711593628,
            0.7137832641601562,
            19.478525161743164,
            0.9788682460784912,
            0.7008764743804932,
            9.724091529846191,
            0.9601147174835205,
            0.7333405017852783,
            11.970402717590332,
            1.0089304447174072,
            0.7035048007965088,
            16.05968999862671,
            1.2656350135803223,
            0.7069108486175537,
            14.0471510887146,
            0.9201090335845947,
            0.7193059921264648,
            12.277239799499512,
            1.3405838012695312,
            0.7631945610046387,
            18.446752786636353,
            1.1507923603057861,
            0.896327018737793,
            14.854281187057495,
            1.0144672393798828,
            0.7001557350158691,
            16.470979690551758,
            0.9904627799987793,
            0.7583577632904053,
            21.164587259292603,
            0.8960831165313721,
            0.695075511932373,
            21.15379309654236,
            0.8980288505554199,
            0.7179651260375977,
            18.394777059555054,
            1.0153887271881104,
            0.6924090385437012,
            14.489832162857056,
            0.7780611515045166,
            0.6768476963043213,
            8.585341691970825,
            1.0534725189208984,
            0.6845099925994873,
            11.496723413467407,
            0.9999933242797852,
            1.0092153549194336,
            15.30460500717163,
            1.067854881286621,
            0.725999116897583,
            9.96592664718628,
            1.0016045570373535,
            0.7316300868988037,
            8.947471857070923,
            0.7998199462890625,
            0.7738373279571533,
            13.400245904922485,
            0.833519458770752,
            0.7064018249511719,
            15.37161660194397,
            0.8590631484985352,
            0.7079751491546631,
            15.158877849578857,
            0.8381118774414062,
            0.7160313129425049,
            14.998561382293701,
            1.3506791591644287,
            0.7007684707641602,
            15.21264362335205,
            1.20064115524292,
            0.7156739234924316,
            10.04002594947815,
            0.7779090404510498,
            0.6894986629486084,
            8.732943296432495,
            0.9493906497955322,
            0.679725170135498,
            15.479611873626709,
            0.7172307968139648,
            0.6739087104797363,
            15.164206981658936,
            0.9415438175201416,
            0.6619863510131836,
            14.659324407577515,
            0.8288109302520752,
            0.6517536640167236,
            14.00539231300354,
            1.1389119625091553,
            0.6420400142669678,
            14.997748374938965,
            1.303436279296875,
            0.643176794052124,
            14.583903074264526,
            1.2073798179626465,
            0.6943888664245605,
            13.934244871139526,
            1.1060199737548828,
            0.6724977493286133,
            10.213151216506958,
            1.0668036937713623,
            0.6567039489746094,
            14.71455192565918,
            1.0741186141967773,
            0.6839244365692139,
            14.167946815490723,
            0.8324892520904541,
            0.6440408229827881,
            12.211066484451294,
            1.2164206504821777,
            0.6790120601654053,
            18.12082529067993,
            1.2135295867919922
        ],
        "fit_computation_times": [
            6.780211687088013,
            6.85100531578064,
            7.008652448654175,
            6.961805582046509,
            7.272855520248413,
            6.959503889083862,
            6.613630771636963,
            6.5609846115112305
        ]
    },
    "elapsed": 691.5907986164093
}