{
    "tensor_name": "amazon-reviews",
    "sampler": "efficient",
    "R": 75,
    "J": 163840,
    "trial": 2,
    "preprocessing": null,
    "initialization": null,
    "max_iterations": 40,
    "stop_tolerance": 0.0001,
    "tensor_order": 3,
    "trace": {
        "iterations": [
            0,
            5,
            10,
            15,
            20,
            25,
            30,
            35,
            40
        ],
        "fits": [
            -279837.1959862181,
            0.3792494879420236,
            0.380371116589603,
            0.38091942044303495,
            0.3811094670938846,
            0.38123611390789414,
            0.38136595325231337,
            0.38139753777108754,
            0.3816468807365957
        ],
        "update_times": [
            2.9995102882385254,
            1.5334711074829102,
            1.8652536869049072,
            2.085891008377075,
            11.717488288879395,
            2.803070306777954,
            2.171447515487671,
            9.037186861038208,
            2.2717478275299072,
            2.1857802867889404,
            8.074519634246826,
            2.264385938644409,
            2.165891170501709,
            8.413281440734863,
            2.1395561695098877,
            2.2439939975738525,
            7.959175109863281,
            2.052706241607666,
            2.098405122756958,
            7.479738712310791,
            2.0685503482818604,
            2.230827808380127,
            7.817472457885742,
            1.9889123439788818,
            2.0462265014648438,
            7.8356218338012695,
            2.2672975063323975,
            2.15285587310791,
            7.779661417007446,
            2.2010374069213867,
            2.183091878890991,
            8.503851413726807,
            2.230229377746582,
            2.1027729511260986,
            7.970151662826538,
            2.1279404163360596,
            2.070176839828491,
            7.295018196105957,
            2.117677688598633,
            2.1282267570495605,
            8.102985143661499,
            2.0429532527923584,
            2.09423828125,
            8.162214279174805,
            2.15708065032959,
            2.258547306060791,
            7.625581979751587,
            2.0662572383880615,
            2.233246326446533,
            7.738276481628418,
            2.1883230209350586,
            2.096831798553467,
            7.9067223072052,
            2.0478227138519287,
            2.268233060836792,
            8.089964151382446,
            2.1647558212280273,
            2.3199987411499023,
            7.631672620773315,
            2.1125950813293457,
            2.1741983890533447,
            7.839374303817749,
            2.1431310176849365,
            2.342419147491455,
            8.113544225692749,
            2.039440393447876,
            2.1131412982940674,
            7.935075044631958,
            2.1078739166259766,
            2.1439318656921387,
            8.161817073822021,
            2.1229610443115234,
            2.1264779567718506,
            7.820745944976807,
            2.049065589904785,
            2.3079893589019775,
            8.211910009384155,
            2.10888409614563,
            2.119823455810547,
            7.8978564739227295,
            2.0186874866485596,
            2.1450581550598145,
            6.323331117630005,
            2.1003830432891846,
            2.1486988067626953,
            7.23236083984375,
            2.1141011714935303,
            2.10005784034729,
            8.5891854763031,
            2.1331589221954346,
            2.1384801864624023,
            8.117223262786865,
            2.1335439682006836,
            2.06640362739563,
            6.633739233016968,
            2.048247814178467,
            2.127464771270752,
            7.88858962059021,
            2.142204523086548,
            2.105250358581543,
            8.110386371612549,
            2.1734631061553955,
            2.078242063522339,
            8.096295595169067,
            2.0826163291931152,
            2.142650842666626,
            7.735891342163086,
            1.9982295036315918,
            2.1282386779785156,
            8.057307720184326,
            2.140594244003296,
            2.105733633041382,
            8.491244554519653,
            2.1425318717956543,
            2.125312566757202,
            8.084893465042114,
            2.118682622909546,
            2.168954849243164,
            8.146836757659912,
            2.1522886753082275
        ],
        "fit_computation_times": [
            15.724093675613403,
            16.34474205970764,
            15.929785251617432,
            15.716383457183838,
            15.161332368850708,
            16.48048424720764,
            15.09029507637024,
            14.80722713470459
        ]
    },
    "elapsed": 627.3754715919495
}