{
    "tensor_name": "amazon-reviews",
    "sampler": "larsen_kolda_hybrid",
    "R": 50,
    "J": 131072,
    "trial": 0,
    "preprocessing": null,
    "initialization": null,
    "max_iterations": 40,
    "stop_tolerance": 0.0001,
    "tensor_order": 3,
    "trace": {
        "iterations": [
            0,
            5,
            10,
            15,
            20,
            25,
            30
        ],
        "fits": [
            -228470.20143417292,
            0.3598855099396785,
            0.36271887587754237,
            0.36335997374290374,
            0.36313187667985414,
            0.3634424779391634,
            0.3629741133189742
        ],
        "update_times": [
            1.375671148300171,
            0.5287749767303467,
            0.8923635482788086,
            1.3192362785339355,
            16.539111375808716,
            1.4877872467041016,
            1.3854198455810547,
            16.605427026748657,
            1.2620441913604736,
            1.4063363075256348,
            13.004097938537598,
            1.28466796875,
            1.4057631492614746,
            18.739655017852783,
            1.2915189266204834,
            1.3859617710113525,
            20.73953890800476,
            1.1554410457611084,
            1.381124496459961,
            19.089534997940063,
            1.23976469039917,
            1.3867363929748535,
            12.812341213226318,
            1.435220718383789,
            1.3823747634887695,
            20.10464859008789,
            1.3174841403961182,
            1.3452208042144775,
            9.540286779403687,
            1.2062108516693115,
            1.437074899673462,
            10.09662413597107,
            1.2006809711456299,
            1.5259997844696045,
            22.329788208007812,
            1.5529093742370605,
            1.4591634273529053,
            10.206039667129517,
            1.6761839389801025,
            1.3847699165344238,
            18.50613760948181,
            1.5221478939056396,
            1.373096227645874,
            13.189964056015015,
            1.3242077827453613,
            1.3466277122497559,
            22.548644304275513,
            1.2274444103240967,
            1.338456392288208,
            23.301374673843384,
            1.5283231735229492,
            1.375213861465454,
            13.06904125213623,
            1.3978087902069092,
            1.4059686660766602,
            18.474071502685547,
            1.1617999076843262,
            1.3874101638793945,
            17.523398637771606,
            1.2593598365783691,
            1.5321991443634033,
            15.563730478286743,
            1.2380731105804443,
            1.3763549327850342,
            11.11085057258606,
            1.200049638748169,
            1.3713445663452148,
            10.100012302398682,
            1.2873070240020752,
            1.4024405479431152,
            11.15368914604187,
            1.1634762287139893,
            1.4257442951202393,
            11.01445460319519,
            1.2100250720977783,
            1.4424521923065186,
            15.923243284225464,
            1.4424355030059814,
            1.5304477214813232,
            22.176173448562622,
            1.4168152809143066,
            1.412675142288208,
            16.0891273021698,
            1.4740304946899414,
            1.3556876182556152,
            23.767662048339844,
            1.0801215171813965,
            1.5268135070800781,
            13.47760009765625,
            1.0832102298736572
        ],
        "fit_computation_times": [
            13.629003763198853,
            12.462381362915039,
            12.046156167984009,
            12.18895936012268,
            12.809601306915283,
            12.150401592254639
        ]
    },
    "elapsed": 636.8291850090027
}