{
    "tensor_name": "amazon-reviews",
    "sampler": "larsen_kolda_hybrid",
    "R": 25,
    "J": 32768,
    "trial": 0,
    "preprocessing": null,
    "initialization": null,
    "max_iterations": 40,
    "stop_tolerance": 0.0001,
    "tensor_order": 3,
    "trace": {
        "iterations": [
            0,
            5,
            10,
            15,
            20,
            25,
            30,
            35,
            40
        ],
        "fits": [
            -161594.9645963236,
            0.33470546428170544,
            0.33630755132038426,
            0.3364922526795877,
            0.33681220747021223,
            0.3370172398176081,
            0.33723892207678796,
            0.337116581403315,
            0.33692577009014324
        ],
        "update_times": [
            0.5853760242462158,
            0.18503022193908691,
            0.22414159774780273,
            0.5326151847839355,
            6.442071199417114,
            0.4015171527862549,
            0.5567834377288818,
            6.1020872592926025,
            0.4356117248535156,
            0.5561814308166504,
            5.867677688598633,
            0.3655107021331787,
            0.5836396217346191,
            6.06558084487915,
            0.49082064628601074,
            0.5782439708709717,
            6.026946544647217,
            0.4346449375152588,
            0.5824036598205566,
            5.9098570346832275,
            0.5685474872589111,
            0.572117805480957,
            6.54252815246582,
            0.4081127643585205,
            0.5844094753265381,
            6.019827604293823,
            0.4832947254180908,
            0.590583086013794,
            5.980163335800171,
            0.4752790927886963,
            0.6490130424499512,
            5.2478249073028564,
            0.38322997093200684,
            0.5753839015960693,
            5.100635766983032,
            0.4704396724700928,
            0.5896456241607666,
            4.477085590362549,
            0.35609936714172363,
            0.5854053497314453,
            4.50477147102356,
            0.35918688774108887,
            0.578904390335083,
            3.9586563110351562,
            0.35034775733947754,
            0.6477525234222412,
            6.492518663406372,
            0.4829905033111572,
            0.6163043975830078,
            5.695356607437134,
            0.47151923179626465,
            0.593097448348999,
            5.418561935424805,
            0.4350285530090332,
            0.6181447505950928,
            5.482675313949585,
            0.5119593143463135,
            0.6109871864318848,
            4.700342416763306,
            0.406360387802124,
            0.5949773788452148,
            4.585552453994751,
            0.40249204635620117,
            0.6053194999694824,
            4.400175094604492,
            0.3820819854736328,
            0.5944540500640869,
            4.051563262939453,
            0.44369029998779297,
            0.5868163108825684,
            5.866187810897827,
            0.4443526268005371,
            0.5701904296875,
            4.769129276275635,
            0.4281618595123291,
            0.5768556594848633,
            5.507325649261475,
            0.4116344451904297,
            0.5745542049407959,
            4.60204553604126,
            0.45531368255615234,
            0.5852789878845215,
            4.939426898956299,
            0.35193324089050293,
            0.563849687576294,
            5.147061109542847,
            0.34305572509765625,
            0.5545048713684082,
            4.813732147216797,
            0.34404659271240234,
            0.5759079456329346,
            4.256336688995361,
            0.38232874870300293,
            0.5858361721038818,
            4.989799737930298,
            0.4687321186065674,
            0.5843522548675537,
            5.365121603012085,
            0.4080665111541748,
            0.5988354682922363,
            7.354799747467041,
            0.4047987461090088,
            0.5946738719940186,
            5.712889909744263,
            0.3855140209197998,
            0.5573103427886963,
            4.961309194564819,
            0.4035501480102539,
            0.568706750869751,
            5.498846054077148,
            0.5274877548217773,
            0.5677413940429688,
            5.612701177597046,
            0.37271571159362793,
            0.5548186302185059,
            7.031948566436768,
            0.45241498947143555,
            0.5552406311035156,
            7.237117767333984,
            0.46384334564208984
        ],
        "fit_computation_times": [
            6.85439658164978,
            7.0136518478393555,
            7.0582826137542725,
            7.066189527511597,
            7.039264440536499,
            7.089390993118286,
            6.8375983238220215,
            7.052691698074341
        ]
    },
    "elapsed": 316.58083057403564
}