{
    "tensor_name": "amazon-reviews",
    "sampler": "larsen_kolda_hybrid",
    "R": 100,
    "J": 229376,
    "trial": 2,
    "preprocessing": null,
    "initialization": null,
    "max_iterations": 40,
    "stop_tolerance": 0.0001,
    "tensor_order": 3,
    "trace": {
        "iterations": [
            0,
            5,
            10,
            15,
            20,
            25,
            30,
            35,
            40
        ],
        "fits": [
            -323061.8530628553,
            0.384468288746875,
            0.3863534412101717,
            0.38690433217458564,
            0.38762090460539245,
            0.38763200103636153,
            0.387837678316754,
            0.3875502101598832,
            0.3878856224093443
        ],
        "update_times": [
            2.1763694286346436,
            0.9053759574890137,
            1.637718915939331,
            2.136890411376953,
            29.329022645950317,
            2.4099745750427246,
            2.4207193851470947,
            26.768264055252075,
            2.2661733627319336,
            2.3872857093811035,
            14.959853172302246,
            2.6377875804901123,
            2.722811460494995,
            22.9063880443573,
            2.4789397716522217,
            2.533853530883789,
            24.31578826904297,
            2.2733168601989746,
            2.4054741859436035,
            17.45763850212097,
            2.330355167388916,
            2.285449981689453,
            25.200747966766357,
            2.2399134635925293,
            2.4353649616241455,
            25.880027532577515,
            2.3754963874816895,
            2.370859146118164,
            23.08557939529419,
            2.3051373958587646,
            2.4340786933898926,
            14.3047513961792,
            2.6629059314727783,
            2.3757081031799316,
            13.202782392501831,
            2.5159411430358887,
            2.395606279373169,
            23.075929164886475,
            2.5647528171539307,
            2.4298346042633057,
            24.640108585357666,
            3.0285751819610596,
            2.3731820583343506,
            14.52974009513855,
            2.991558074951172,
            2.3912339210510254,
            20.216650009155273,
            2.463944911956787,
            2.418123483657837,
            17.07174777984619,
            3.0852339267730713,
            2.3996825218200684,
            14.462238073348999,
            2.489593505859375,
            2.394132137298584,
            24.14948034286499,
            2.609231472015381,
            2.371521472930908,
            24.881776571273804,
            2.8620665073394775,
            2.3272788524627686,
            23.98442792892456,
            2.4945716857910156,
            2.3955917358398438,
            25.58457088470459,
            2.4419169425964355,
            2.378777265548706,
            22.62151837348938,
            2.633657932281494,
            2.4053635597229004,
            27.807918787002563,
            2.2045888900756836,
            2.448073625564575,
            19.97753119468689,
            2.259697437286377,
            2.335381031036377,
            15.805365324020386,
            2.3331055641174316,
            2.381122589111328,
            19.33706259727478,
            2.4453041553497314,
            2.423245668411255,
            19.46358036994934,
            2.7983739376068115,
            2.3852579593658447,
            19.39347815513611,
            2.7399184703826904,
            2.3796439170837402,
            22.422527551651,
            2.8510239124298096,
            2.708317279815674,
            17.308117866516113,
            3.203561782836914,
            2.3336308002471924,
            14.626212358474731,
            3.0839157104492188,
            2.352086067199707,
            18.42217779159546,
            2.7440004348754883,
            2.352980613708496,
            24.204181671142578,
            2.667001962661743,
            2.333956003189087,
            18.8453106880188,
            2.4187545776367188,
            2.706439971923828,
            21.990023136138916,
            2.6788737773895264,
            2.374222993850708,
            19.19791078567505,
            2.543036460876465,
            2.4117441177368164,
            24.389184713363647,
            2.1993250846862793,
            2.2888686656951904,
            19.64560866355896,
            2.4503893852233887,
            2.340287446975708,
            26.13209366798401,
            1.9626657962799072
        ],
        "fit_computation_times": [
            16.564566135406494,
            17.46888518333435,
            15.953520774841309,
            16.21032428741455,
            16.818657398223877,
            15.913949012756348,
            16.764142751693726,
            16.104554653167725
        ]
    },
    "elapsed": 1169.5160446166992
}