{
    "tensor_name": "amazon-reviews",
    "sampler": "larsen_kolda_hybrid",
    "R": 125,
    "J": 131072,
    "trial": 3,
    "preprocessing": null,
    "initialization": null,
    "max_iterations": 40,
    "stop_tolerance": 0.0001,
    "tensor_order": 3,
    "trace": {
        "iterations": [
            0,
            5,
            10,
            15,
            20,
            25,
            30,
            35
        ],
        "fits": [
            -361216.731719648,
            0.38190189567086685,
            0.3849570272956798,
            0.38547259070730466,
            0.38621248323598323,
            0.3851305975869842,
            0.38565067220777216,
            0.3846554840594608
        ],
        "update_times": [
            3.051060438156128,
            1.376464605331421,
            1.9281795024871826,
            2.676412343978882,
            13.586098670959473,
            1.9199154376983643,
            2.7467968463897705,
            15.198512315750122,
            1.730579137802124,
            2.8028130531311035,
            15.91564130783081,
            2.2906394004821777,
            2.7358016967773438,
            12.96299433708191,
            2.06916880607605,
            2.7788493633270264,
            21.92027711868286,
            2.112642288208008,
            3.219496011734009,
            15.118659257888794,
            2.2029759883880615,
            2.7641687393188477,
            16.462440967559814,
            2.281439781188965,
            2.877037763595581,
            16.362130641937256,
            2.0491631031036377,
            2.7127339839935303,
            11.690370798110962,
            2.002200126647949,
            3.227639675140381,
            15.013909578323364,
            2.437122344970703,
            2.86374831199646,
            15.30850601196289,
            2.4305946826934814,
            2.8275933265686035,
            16.003368377685547,
            2.2116150856018066,
            2.7821266651153564,
            19.02184510231018,
            2.1124653816223145,
            2.7950379848480225,
            10.855835199356079,
            2.255882501602173,
            3.305936098098755,
            11.820854663848877,
            2.356262445449829,
            2.814389705657959,
            16.350597858428955,
            1.8870875835418701,
            2.7699568271636963,
            12.506016254425049,
            2.2450551986694336,
            2.7585718631744385,
            12.39735722541809,
            2.391653060913086,
            2.7639856338500977,
            11.285191535949707,
            2.238910675048828,
            2.7043113708496094,
            13.20093059539795,
            2.0923123359680176,
            2.839367151260376,
            17.399856328964233,
            2.1932194232940674,
            2.7464206218719482,
            17.596596479415894,
            1.895982027053833,
            2.8413116931915283,
            15.438353300094604,
            2.160372734069824,
            2.7676289081573486,
            15.077453374862671,
            1.8891081809997559,
            2.766062021255493,
            17.69133687019348,
            1.8718602657318115,
            2.723438262939453,
            11.189697027206421,
            2.2087595462799072,
            2.7568368911743164,
            18.09763264656067,
            2.0863099098205566,
            2.7254581451416016,
            16.18891406059265,
            2.2141125202178955,
            2.755387783050537,
            13.11650037765503,
            2.213406562805176,
            2.7259817123413086,
            11.256287336349487,
            1.9913086891174316,
            2.7940635681152344,
            15.876791000366211,
            2.0242538452148438,
            2.7606210708618164,
            16.619329690933228,
            2.2941296100616455,
            2.829996109008789,
            16.01472020149231,
            2.2883028984069824,
            2.716228485107422,
            17.141884088516235,
            2.053337574005127
        ],
        "fit_computation_times": [
            16.963175296783447,
            17.29056668281555,
            17.11932396888733,
            17.775404691696167,
            16.790971279144287,
            16.675837755203247,
            17.041049242019653
        ]
    },
    "elapsed": 824.8764727115631
}