{
    "tensor_name": "amazon-reviews",
    "sampler": "efficient",
    "R": 100,
    "J": 98304,
    "trial": 2,
    "preprocessing": null,
    "initialization": null,
    "max_iterations": 40,
    "stop_tolerance": 0.0001,
    "tensor_order": 3,
    "trace": {
        "iterations": [
            0,
            5,
            10,
            15,
            20,
            25,
            30,
            35,
            40
        ],
        "fits": [
            -323114.1254254469,
            0.3899067975015429,
            0.3911100044834033,
            0.39144308197148237,
            0.39161640338064996,
            0.3916317728183659,
            0.3918580460548955,
            0.39205730577841846,
            0.3922061900889233
        ],
        "update_times": [
            3.5094854831695557,
            1.937579870223999,
            2.331937789916992,
            2.640458583831787,
            12.028806447982788,
            2.865596055984497,
            2.8220973014831543,
            9.052700519561768,
            2.6486785411834717,
            2.8292315006256104,
            8.063587188720703,
            2.677018642425537,
            2.826565742492676,
            8.82520318031311,
            2.7796316146850586,
            2.756547689437866,
            8.31861424446106,
            2.7667014598846436,
            3.0978689193725586,
            8.3478684425354,
            2.6611697673797607,
            2.8515403270721436,
            8.747436046600342,
            2.649785280227661,
            2.830652952194214,
            8.65587306022644,
            2.683112859725952,
            2.823972225189209,
            8.298189401626587,
            2.6249232292175293,
            2.7813992500305176,
            8.359961986541748,
            2.5924699306488037,
            2.8563880920410156,
            8.791469812393188,
            2.683643341064453,
            2.8075640201568604,
            8.374416828155518,
            2.509734869003296,
            2.842897653579712,
            7.544018507003784,
            2.555664300918579,
            2.8180344104766846,
            6.767191171646118,
            2.5154073238372803,
            2.84012508392334,
            8.608407497406006,
            2.5354199409484863,
            2.8173139095306396,
            6.543123006820679,
            2.488475799560547,
            2.813767671585083,
            6.561856269836426,
            2.5131382942199707,
            2.7957725524902344,
            6.786481618881226,
            2.4602861404418945,
            3.105191230773926,
            8.547068119049072,
            2.618222951889038,
            2.8244457244873047,
            8.4746675491333,
            2.6195645332336426,
            2.923496961593628,
            8.068544387817383,
            2.5585641860961914,
            2.8784825801849365,
            8.521803140640259,
            2.6285998821258545,
            2.867036819458008,
            8.827456951141357,
            2.6262764930725098,
            2.900383234024048,
            8.877794742584229,
            2.678208351135254,
            2.864380359649658,
            8.135040998458862,
            2.558645248413086,
            2.8270623683929443,
            8.686378240585327,
            2.605266571044922,
            2.9318864345550537,
            8.961244106292725,
            2.67730975151062,
            3.2666256427764893,
            8.6389319896698,
            2.725778341293335,
            3.1571662425994873,
            8.321670532226562,
            2.58424711227417,
            2.846376419067383,
            8.643554210662842,
            2.4677937030792236,
            2.8174147605895996,
            8.230287551879883,
            2.548818588256836,
            2.850945472717285,
            6.435309886932373,
            2.5808322429656982,
            2.8048880100250244,
            8.816316843032837,
            2.5619137287139893,
            2.907456159591675,
            8.626948356628418,
            2.583205223083496,
            3.202840805053711,
            8.815975427627563,
            2.7310242652893066,
            3.1521224975585938,
            8.625868797302246,
            2.47920298576355,
            2.8717126846313477,
            8.380059242248535,
            2.551689386367798,
            2.8829071521759033,
            9.097658634185791,
            2.5705599784851074,
            2.8097338676452637,
            8.692135572433472,
            2.741790294647217
        ],
        "fit_computation_times": [
            16.462684392929077,
            16.308295726776123,
            17.18856716156006,
            14.771118402481079,
            16.35933542251587,
            16.445797443389893,
            16.212571144104004,
            17.013402700424194
        ]
    },
    "elapsed": 697.6366908550262
}