{
    "tensor_name": "amazon-reviews",
    "sampler": "efficient",
    "R": 25,
    "J": 163840,
    "trial": 2,
    "preprocessing": null,
    "initialization": null,
    "max_iterations": 40,
    "stop_tolerance": 0.0001,
    "tensor_order": 3,
    "trace": {
        "iterations": [
            0,
            5,
            10,
            15,
            20,
            25,
            30,
            35,
            40
        ],
        "fits": [
            -161561.12362677424,
            0.33863738888314554,
            0.33959080795711705,
            0.3397589063670753,
            0.3398134520831033,
            0.33988704201927256,
            0.33992259687023896,
            0.33997907935015215,
            0.34002659516362455
        ],
        "update_times": [
            0.7011451721191406,
            0.3585546016693115,
            0.5003538131713867,
            0.593268632888794,
            4.287423610687256,
            0.712385892868042,
            0.6332435607910156,
            3.104597568511963,
            0.6291337013244629,
            0.6257455348968506,
            2.8348100185394287,
            0.6101577281951904,
            0.629084587097168,
            2.8147242069244385,
            0.646812915802002,
            0.6025583744049072,
            2.8968985080718994,
            0.6793994903564453,
            0.6090338230133057,
            2.9461774826049805,
            0.671818733215332,
            0.6115190982818604,
            2.8893933296203613,
            0.6545841693878174,
            0.6150031089782715,
            2.8635878562927246,
            0.6415848731994629,
            0.6085684299468994,
            2.793210029602051,
            0.6526763439178467,
            0.603607177734375,
            3.0209431648254395,
            0.643272876739502,
            0.6234323978424072,
            2.890568971633911,
            0.6060199737548828,
            0.6175012588500977,
            2.7702572345733643,
            0.5984435081481934,
            0.6126773357391357,
            2.9296350479125977,
            0.6078574657440186,
            0.6391441822052002,
            2.845468282699585,
            0.6530320644378662,
            0.6000921726226807,
            2.743967294692993,
            0.631929874420166,
            0.6905050277709961,
            2.925138235092163,
            0.6397087574005127,
            0.5952398777008057,
            2.67812180519104,
            0.6052751541137695,
            0.603461503982544,
            2.902736186981201,
            0.6070613861083984,
            0.635082483291626,
            2.7694203853607178,
            0.6113443374633789,
            0.6187398433685303,
            2.953709363937378,
            0.6287069320678711,
            0.6094660758972168,
            2.8729214668273926,
            0.5864932537078857,
            0.5988056659698486,
            2.953524589538574,
            0.6206486225128174,
            0.6200108528137207,
            2.7972679138183594,
            0.6238124370574951,
            0.6326892375946045,
            3.1586649417877197,
            0.6146562099456787,
            0.617971658706665,
            3.3240182399749756,
            0.6085922718048096,
            0.6023333072662354,
            2.8875675201416016,
            0.5850214958190918,
            0.6378250122070312,
            2.8978211879730225,
            0.6616270542144775,
            0.6300826072692871,
            2.888327121734619,
            0.6406056880950928,
            0.641059398651123,
            3.0725646018981934,
            0.5948827266693115,
            0.5972058773040771,
            2.8708088397979736,
            0.6224138736724854,
            0.6057724952697754,
            2.891798496246338,
            0.6050434112548828,
            0.6079363822937012,
            3.0234129428863525,
            0.6481592655181885,
            0.6488513946533203,
            3.0271105766296387,
            0.6112499237060547,
            0.5940628051757812,
            2.7871434688568115,
            0.6200466156005859,
            0.619225263595581,
            2.746633768081665,
            0.6244287490844727,
            0.5888304710388184,
            2.560595750808716,
            0.6600971221923828,
            0.6138861179351807,
            3.0412094593048096,
            0.5925261974334717,
            0.6268813610076904,
            3.1376631259918213,
            0.6590428352355957,
            0.5863492488861084,
            2.8934550285339355,
            0.6059479713439941
        ],
        "fit_computation_times": [
            7.04915189743042,
            7.1434855461120605,
            6.86175537109375,
            6.963552236557007,
            6.988454341888428,
            7.211292028427124,
            7.1956257820129395,
            7.79417872428894
        ]
    },
    "elapsed": 229.60845351219177
}