{
    "tensor_name": "amazon-reviews",
    "sampler": "efficient",
    "R": 100,
    "J": 163840,
    "trial": 0,
    "preprocessing": null,
    "initialization": null,
    "max_iterations": 40,
    "stop_tolerance": 0.0001,
    "tensor_order": 3,
    "trace": {
        "iterations": [
            0,
            5,
            10,
            15,
            20,
            25,
            30,
            35,
            40
        ],
        "fits": [
            -323103.8945895079,
            0.3899373969391038,
            0.3914015668430344,
            0.39191629397646877,
            0.39227423206643697,
            0.3924692744372106,
            0.39255966796306685,
            0.39272736984151946,
            0.3927463809679308
        ],
        "update_times": [
            4.847279071807861,
            3.020876169204712,
            3.392784357070923,
            3.5287137031555176,
            12.497954368591309,
            3.50832462310791,
            3.678773880004883,
            10.967244863510132,
            3.341198682785034,
            3.4920661449432373,
            9.314611673355103,
            3.8004934787750244,
            4.476090669631958,
            9.981958389282227,
            3.6876823902130127,
            3.4736616611480713,
            9.132521867752075,
            3.4484353065490723,
            3.4966025352478027,
            9.339557409286499,
            3.4255869388580322,
            3.5032496452331543,
            9.495111227035522,
            3.41066312789917,
            3.540203094482422,
            9.51084303855896,
            3.2247276306152344,
            3.4669620990753174,
            9.703861951828003,
            3.4229111671447754,
            3.5870773792266846,
            8.73063039779663,
            3.309260845184326,
            3.4237892627716064,
            8.80053162574768,
            3.204249143600464,
            3.4149749279022217,
            9.009366512298584,
            3.2049968242645264,
            3.443964958190918,
            8.937007904052734,
            3.200295925140381,
            3.4408040046691895,
            9.082127571105957,
            3.144770383834839,
            3.4474823474884033,
            8.823649883270264,
            3.1815617084503174,
            3.4739949703216553,
            10.42759108543396,
            3.2388274669647217,
            3.44956111907959,
            9.09869122505188,
            3.4190285205841064,
            3.827615737915039,
            8.990514039993286,
            3.3353421688079834,
            3.4241325855255127,
            8.673367977142334,
            3.153718948364258,
            3.7697417736053467,
            8.810388326644897,
            3.269443988800049,
            3.456517219543457,
            9.041072368621826,
            3.1510848999023438,
            3.4461212158203125,
            10.39989185333252,
            3.325777530670166,
            3.514758586883545,
            8.612083673477173,
            3.4779205322265625,
            3.505890369415283,
            9.21153450012207,
            3.256718158721924,
            3.452885150909424,
            9.251495599746704,
            3.2390992641448975,
            3.4592673778533936,
            8.983291864395142,
            3.21972918510437,
            3.540541410446167,
            9.191456317901611,
            3.389039993286133,
            3.590174674987793,
            9.395411968231201,
            3.3184409141540527,
            3.519064426422119,
            9.544304609298706,
            3.3178396224975586,
            3.539832353591919,
            8.738735437393188,
            3.2999777793884277,
            3.4643702507019043,
            7.501513481140137,
            3.285890817642212,
            3.831240653991699,
            9.360997200012207,
            3.3323466777801514,
            3.503018617630005,
            9.429460525512695,
            3.254481554031372,
            3.489025354385376,
            9.176281452178955,
            3.1719958782196045,
            3.8476173877716064,
            9.363427639007568,
            3.17484450340271,
            3.528052568435669,
            9.261980056762695,
            3.2096316814422607,
            3.5590784549713135,
            10.142094373703003,
            3.309403419494629,
            3.5247931480407715,
            9.570468664169312,
            3.180441379547119,
            3.5251739025115967,
            9.423146486282349,
            3.221081018447876
        ],
        "fit_computation_times": [
            17.952136993408203,
            16.90138268470764,
            16.208980798721313,
            16.67490315437317,
            15.74307632446289,
            16.749764442443848,
            16.59919285774231,
            17.049870252609253
        ]
    },
    "elapsed": 795.1952157020569
}