{
    "tensor_name": "amazon-reviews",
    "sampler": "larsen_kolda_hybrid",
    "R": 25,
    "J": 131072,
    "trial": 0,
    "preprocessing": null,
    "initialization": null,
    "max_iterations": 40,
    "stop_tolerance": 0.0001,
    "tensor_order": 3,
    "trace": {
        "iterations": [
            0,
            5,
            10,
            15,
            20,
            25,
            30,
            35,
            40
        ],
        "fits": [
            -161579.7323431838,
            0.33706573867995215,
            0.3388646517257171,
            0.3389821684339144,
            0.33904850533914055,
            0.33920444327864674,
            0.3392832596702322,
            0.3393622798730296,
            0.33944779176962325
        ],
        "update_times": [
            0.5641109943389893,
            0.2660939693450928,
            0.5213432312011719,
            0.5958890914916992,
            16.764475107192993,
            0.8193659782409668,
            0.6257796287536621,
            10.483490943908691,
            0.9691486358642578,
            0.6742897033691406,
            16.60687279701233,
            0.8716447353363037,
            0.6508727073669434,
            10.108538627624512,
            0.6868560314178467,
            0.6701185703277588,
            13.648014545440674,
            1.1060447692871094,
            0.7013955116271973,
            18.309119939804077,
            1.0686755180358887,
            0.6636412143707275,
            13.514027833938599,
            0.8775014877319336,
            0.6637301445007324,
            9.782715797424316,
            0.8299877643585205,
            0.6419374942779541,
            9.799306631088257,
            0.8804879188537598,
            0.6503758430480957,
            13.451963186264038,
            0.897686243057251,
            0.6346943378448486,
            13.395677328109741,
            0.7940084934234619,
            0.6491177082061768,
            11.181718111038208,
            0.6434800624847412,
            0.6490342617034912,
            8.482365846633911,
            0.6661198139190674,
            0.6530635356903076,
            9.639758825302124,
            0.674227237701416,
            0.6596362590789795,
            10.448601722717285,
            0.631493330001831,
            0.6559724807739258,
            10.943902015686035,
            0.9098973274230957,
            0.6464300155639648,
            18.412644147872925,
            0.989736795425415,
            0.6518535614013672,
            12.72678279876709,
            0.8529858589172363,
            0.6755058765411377,
            8.430982112884521,
            1.0083973407745361,
            0.6439907550811768,
            13.327559232711792,
            0.6130905151367188,
            0.6746463775634766,
            6.753857612609863,
            0.560985803604126,
            0.6512830257415771,
            8.524497032165527,
            0.6001143455505371,
            0.6568849086761475,
            10.720597505569458,
            0.7502841949462891,
            0.6478517055511475,
            11.473688840866089,
            0.7707858085632324,
            0.6497581005096436,
            13.328038454055786,
            0.9556562900543213,
            0.673018217086792,
            17.449737787246704,
            0.8039193153381348,
            0.6915342807769775,
            13.281620740890503,
            0.7614359855651855,
            0.7842612266540527,
            11.355745077133179,
            0.8813788890838623,
            0.9069459438323975,
            16.275096893310547,
            1.1295897960662842,
            0.6850056648254395,
            12.056440591812134,
            0.6112594604492188,
            0.6547021865844727,
            8.529481649398804,
            0.9624595642089844,
            0.6363329887390137,
            10.363357305526733,
            1.0387330055236816,
            0.656400203704834,
            19.243013381958008,
            0.9461474418640137,
            0.6303203105926514,
            8.737310886383057,
            1.0431153774261475,
            0.6930794715881348,
            16.10511302947998,
            0.935112476348877,
            0.645850658416748,
            18.017003297805786,
            1.1827001571655273,
            0.8968784809112549,
            13.0216224193573,
            1.0415270328521729,
            0.9323465824127197,
            13.367496490478516,
            0.9142274856567383,
            0.9173073768615723,
            10.000636100769043,
            1.1804699897766113
        ],
        "fit_computation_times": [
            6.8318116664886475,
            6.959354877471924,
            7.046627998352051,
            6.764800071716309,
            7.230210781097412,
            7.210914850234985,
            7.17145562171936,
            6.807412385940552
        ]
    },
    "elapsed": 613.8947772979736
}