{
    "tensor_name": "amazon-reviews",
    "sampler": "efficient",
    "R": 100,
    "J": 32768,
    "trial": 2,
    "preprocessing": null,
    "initialization": null,
    "max_iterations": 40,
    "stop_tolerance": 0.0001,
    "tensor_order": 3,
    "trace": {
        "iterations": [
            0,
            5,
            10,
            15,
            20,
            25,
            30,
            35,
            40
        ],
        "fits": [
            -323109.161592763,
            0.3876698835081863,
            0.39068976770355557,
            0.39070089610722436,
            0.39098370264315985,
            0.39111378028374655,
            0.3911989852171853,
            0.39127342536736465,
            0.39143386948521286
        ],
        "update_times": [
            2.1905603408813477,
            0.9411137104034424,
            1.1098880767822266,
            1.9016013145446777,
            9.23861026763916,
            1.8316638469696045,
            2.0430281162261963,
            7.136134624481201,
            1.6954631805419922,
            2.0555520057678223,
            7.28916335105896,
            1.636113166809082,
            2.0409679412841797,
            7.375061273574829,
            1.7276098728179932,
            2.074643611907959,
            5.580734491348267,
            1.6222031116485596,
            1.9956486225128174,
            7.416555881500244,
            1.6897671222686768,
            2.3576438426971436,
            6.568747043609619,
            1.7311937808990479,
            2.3711447715759277,
            7.0016467571258545,
            1.685509443283081,
            2.0876595973968506,
            7.268416404724121,
            1.688420295715332,
            1.9780769348144531,
            6.75403094291687,
            1.5673229694366455,
            2.0371954441070557,
            7.138994216918945,
            1.632577657699585,
            2.078007936477661,
            6.909302234649658,
            1.7289094924926758,
            2.079740047454834,
            7.063179969787598,
            1.678826093673706,
            2.083813428878784,
            7.277949333190918,
            1.6541311740875244,
            2.0637264251708984,
            7.171001195907593,
            1.5921034812927246,
            2.3508670330047607,
            7.04177188873291,
            1.749004602432251,
            2.3696906566619873,
            7.200857162475586,
            1.7406456470489502,
            2.039393663406372,
            6.992894649505615,
            1.6244845390319824,
            2.052657127380371,
            6.939023971557617,
            1.5975549221038818,
            2.003065824508667,
            5.426370620727539,
            1.5084819793701172,
            2.375061511993408,
            6.801496267318726,
            1.64924955368042,
            2.3209145069122314,
            5.137213706970215,
            1.495697021484375,
            2.007732629776001,
            6.838273525238037,
            1.5759057998657227,
            2.030062675476074,
            6.688814640045166,
            1.5161752700805664,
            2.3975863456726074,
            6.801545143127441,
            1.7228515148162842,
            2.364866018295288,
            7.084461450576782,
            1.7569749355316162,
            2.051669120788574,
            6.811459064483643,
            1.5994384288787842,
            2.373269557952881,
            7.328219175338745,
            1.740215539932251,
            2.045689582824707,
            7.18438720703125,
            1.694648027420044,
            2.054039478302002,
            7.300955533981323,
            1.651872158050537,
            2.080761671066284,
            6.9655702114105225,
            1.594031810760498,
            2.035808563232422,
            6.892953872680664,
            1.6264431476593018,
            2.0576438903808594,
            7.155419588088989,
            1.6559348106384277,
            2.0585949420928955,
            6.94988751411438,
            1.7412188053131104,
            2.42488956451416,
            6.671964883804321,
            1.8125324249267578,
            2.0699045658111572,
            6.795172214508057,
            1.6026394367218018,
            2.0679547786712646,
            6.9037864208221436,
            1.645390510559082,
            2.083220958709717,
            5.92526650428772,
            1.733212947845459,
            2.0630526542663574,
            5.575448513031006,
            1.5607571601867676
        ],
        "fit_computation_times": [
            16.220502853393555,
            16.400379419326782,
            16.213486194610596,
            16.187562704086304,
            16.183923721313477,
            16.992727518081665,
            15.447263717651367,
            15.783360481262207
        ]
    },
    "elapsed": 566.8317031860352
}