{
    "tensor_name": "amazon-reviews",
    "sampler": "efficient",
    "R": 25,
    "J": 229376,
    "trial": 1,
    "preprocessing": null,
    "initialization": null,
    "max_iterations": 40,
    "stop_tolerance": 0.0001,
    "tensor_order": 3,
    "trace": {
        "iterations": [
            0,
            5,
            10,
            15,
            20,
            25,
            30,
            35,
            40
        ],
        "fits": [
            -161568.57992482383,
            0.3385882826234613,
            0.3393131899348393,
            0.3394399871164894,
            0.33950274307921424,
            0.33961209198551434,
            0.3394930041560914,
            0.33982290330634213,
            0.34002157121290233
        ],
        "update_times": [
            0.817755937576294,
            0.7576937675476074,
            0.8336544036865234,
            0.6642515659332275,
            3.3323004245758057,
            0.7195591926574707,
            0.6606264114379883,
            2.8562259674072266,
            0.7323429584503174,
            0.6937975883483887,
            3.068739175796509,
            0.7106013298034668,
            0.6853058338165283,
            2.9247398376464844,
            0.6925475597381592,
            0.6515898704528809,
            2.9089183807373047,
            0.7042758464813232,
            0.7139370441436768,
            2.9095137119293213,
            0.6837131977081299,
            0.6607208251953125,
            2.9931833744049072,
            0.705425500869751,
            0.8325412273406982,
            3.111410617828369,
            0.7033250331878662,
            0.6672155857086182,
            3.0500667095184326,
            0.7154786586761475,
            0.6665093898773193,
            3.0236854553222656,
            0.720689058303833,
            0.6918215751647949,
            2.9041457176208496,
            0.710371732711792,
            0.6958372592926025,
            2.95266056060791,
            0.7349412441253662,
            0.6498668193817139,
            2.957794666290283,
            0.7505896091461182,
            0.682060956954956,
            2.8715415000915527,
            0.723813533782959,
            0.7068593502044678,
            2.87284517288208,
            0.6987514495849609,
            0.6589226722717285,
            2.7853317260742188,
            0.7172544002532959,
            0.670712947845459,
            3.147752285003662,
            0.7342045307159424,
            0.6715738773345947,
            3.0065934658050537,
            0.7119085788726807,
            0.6627695560455322,
            3.0454418659210205,
            0.7126133441925049,
            0.7568504810333252,
            2.9935693740844727,
            0.7398104667663574,
            0.6548588275909424,
            3.288701295852661,
            0.743779182434082,
            0.6753807067871094,
            3.086857318878174,
            0.7201688289642334,
            0.6816868782043457,
            2.9414217472076416,
            0.7440776824951172,
            0.6808454990386963,
            2.642554998397827,
            0.7107751369476318,
            0.6606869697570801,
            2.77433443069458,
            0.7302286624908447,
            0.6629307270050049,
            2.9999279975891113,
            0.7352936267852783,
            0.6565461158752441,
            3.0113654136657715,
            0.7411224842071533,
            0.6783366203308105,
            3.0199649333953857,
            0.6996660232543945,
            0.652113676071167,
            2.896420955657959,
            0.7261087894439697,
            0.6708037853240967,
            2.881622076034546,
            0.6560635566711426,
            0.6579771041870117,
            2.795497179031372,
            0.6799361705780029,
            0.7184731960296631,
            2.8363287448883057,
            0.6927120685577393,
            0.6638906002044678,
            2.945854425430298,
            0.6916062831878662,
            0.6945736408233643,
            2.8144240379333496,
            0.7048592567443848,
            0.7157313823699951,
            2.8967807292938232,
            0.7206223011016846,
            0.6728777885437012,
            3.1078734397888184,
            0.7166633605957031,
            0.6538033485412598,
            2.7008135318756104,
            0.6679668426513672,
            0.6899607181549072,
            2.8902835845947266,
            0.7063605785369873,
            0.6966352462768555,
            2.8854429721832275,
            0.6934559345245361
        ],
        "fit_computation_times": [
            6.748900651931763,
            6.604690313339233,
            7.013564586639404,
            6.72620153427124,
            6.883971691131592,
            6.831364870071411,
            6.816710472106934,
            6.539439916610718
        ]
    },
    "elapsed": 232.97108697891235
}