{
    "tensor_name": "amazon-reviews",
    "sampler": "efficient",
    "R": 125,
    "J": 98304,
    "trial": 3,
    "preprocessing": null,
    "initialization": null,
    "max_iterations": 40,
    "stop_tolerance": 0.0001,
    "tensor_order": 3,
    "trace": {
        "iterations": [
            0,
            5,
            10,
            15,
            20,
            25,
            30,
            35,
            40
        ],
        "fits": [
            -361266.80645184364,
            0.3977372922580773,
            0.3994911940847017,
            0.39997227134087,
            0.400116394783948,
            0.40042995955414673,
            0.4005139874173044,
            0.4006468967105121,
            0.4005889232248071
        ],
        "update_times": [
            4.8960182666778564,
            2.3627688884735107,
            2.6336050033569336,
            4.119239807128906,
            11.601962327957153,
            4.155321359634399,
            3.9462993144989014,
            12.351652383804321,
            3.747802972793579,
            3.9159371852874756,
            10.909348249435425,
            3.820338726043701,
            3.965526819229126,
            10.6052086353302,
            3.698629379272461,
            3.905489921569824,
            9.887062311172485,
            3.7822206020355225,
            3.888979434967041,
            9.57342004776001,
            3.4154515266418457,
            3.9018821716308594,
            9.946385383605957,
            3.51882004737854,
            3.9552547931671143,
            8.456140041351318,
            3.57716965675354,
            3.8614375591278076,
            11.180636644363403,
            3.626155376434326,
            4.287659645080566,
            10.87255311012268,
            3.6537039279937744,
            3.9789834022521973,
            11.103956460952759,
            3.4862773418426514,
            4.0089874267578125,
            9.769471883773804,
            3.6235873699188232,
            3.8665292263031006,
            10.060882329940796,
            3.699796438217163,
            4.353002071380615,
            10.066689729690552,
            3.4410414695739746,
            3.8708348274230957,
            10.17929720878601,
            3.4717071056365967,
            3.859877109527588,
            9.370690107345581,
            3.7625479698181152,
            3.9402499198913574,
            9.363691568374634,
            3.7207345962524414,
            3.965911626815796,
            10.019040822982788,
            3.6369404792785645,
            3.9400975704193115,
            9.784941673278809,
            3.6683084964752197,
            4.338329792022705,
            10.775318145751953,
            3.6239066123962402,
            3.9837660789489746,
            9.976726531982422,
            3.6481058597564697,
            3.9294309616088867,
            10.25070309638977,
            3.4691507816314697,
            3.928807258605957,
            9.43147897720337,
            3.6580913066864014,
            4.28553318977356,
            10.153986930847168,
            3.5797715187072754,
            4.165357828140259,
            9.36037564277649,
            3.20807147026062,
            3.885242223739624,
            9.815416812896729,
            3.861793279647827,
            3.9956071376800537,
            9.73728895187378,
            3.7847068309783936,
            3.960348606109619,
            10.815601110458374,
            3.723684072494507,
            3.995410680770874,
            9.798122644424438,
            3.6467771530151367,
            4.0454206466674805,
            9.431502342224121,
            3.5450751781463623,
            4.3003175258636475,
            9.974209070205688,
            3.4507205486297607,
            3.9588425159454346,
            9.307729244232178,
            3.532231569290161,
            4.005861520767212,
            9.356637239456177,
            3.53398060798645,
            3.9861979484558105,
            10.036981105804443,
            3.5352838039398193,
            3.9909913539886475,
            10.956780195236206,
            3.619067907333374,
            3.993863344192505,
            9.705005407333374,
            3.6471047401428223,
            3.9191927909851074,
            9.687171936035156,
            3.667337417602539,
            3.9662423133850098,
            10.561623573303223,
            3.6395585536956787,
            4.294317960739136,
            9.70099425315857,
            3.5514204502105713
        ],
        "fit_computation_times": [
            17.258577823638916,
            18.03643774986267,
            16.786303997039795,
            17.71448850631714,
            17.75496768951416,
            16.780241012573242,
            17.639569759368896,
            16.512041091918945
        ]
    },
    "elapsed": 858.4062449932098
}