{
    "tensor_name": "amazon-reviews",
    "sampler": "larsen_kolda_hybrid",
    "R": 50,
    "J": 98304,
    "trial": 2,
    "preprocessing": null,
    "initialization": null,
    "max_iterations": 40,
    "stop_tolerance": 0.0001,
    "tensor_order": 3,
    "trace": {
        "iterations": [
            0,
            5,
            10,
            15,
            20,
            25
        ],
        "fits": [
            -228478.25583999165,
            0.36018647238971324,
            0.36219181086251084,
            0.3622358345159311,
            0.36222832088977763,
            0.36185558895005665
        ],
        "update_times": [
            1.2177174091339111,
            0.4185457229614258,
            0.8041114807128906,
            1.251244068145752,
            16.1904296875,
            1.090574026107788,
            1.3687777519226074,
            13.900066375732422,
            1.1286125183105469,
            1.3951454162597656,
            13.87910532951355,
            1.107886791229248,
            1.34525465965271,
            10.0449059009552,
            0.9885931015014648,
            1.39363694190979,
            9.421771764755249,
            0.9556560516357422,
            1.3542265892028809,
            9.667687892913818,
            1.1752374172210693,
            1.31577467918396,
            12.523627519607544,
            1.236426830291748,
            1.314666748046875,
            12.814246416091919,
            1.0972192287445068,
            1.4324147701263428,
            13.195351123809814,
            1.2467269897460938,
            1.3308663368225098,
            21.352049350738525,
            1.0704317092895508,
            1.2988896369934082,
            21.475035190582275,
            1.4391942024230957,
            1.4340200424194336,
            22.39233088493347,
            1.0154974460601807,
            1.4510972499847412,
            9.427168607711792,
            1.0337870121002197,
            1.3316385746002197,
            15.924379110336304,
            1.073028564453125,
            1.3244001865386963,
            12.49483847618103,
            1.2884635925292969,
            1.419506549835205,
            11.887086629867554,
            1.0803303718566895,
            1.3498609066009521,
            17.85062074661255,
            1.1503055095672607,
            1.356250286102295,
            14.37140965461731,
            1.0689678192138672,
            1.3270506858825684,
            10.806758880615234,
            1.1488707065582275,
            1.3216140270233154,
            15.487650156021118,
            1.0016765594482422,
            1.3490383625030518,
            13.816943645477295,
            1.0459580421447754,
            1.3328285217285156,
            9.937052011489868,
            1.2335333824157715,
            1.3145010471343994,
            12.142911911010742,
            0.9749345779418945,
            1.3034965991973877,
            17.599077939987183,
            1.3446288108825684
        ],
        "fit_computation_times": [
            11.778150796890259,
            11.990331888198853,
            11.959168672561646,
            13.167362451553345,
            12.407545328140259
        ]
    },
    "elapsed": 474.45323967933655
}