{
    "tensor_name": "amazon-reviews",
    "sampler": "larsen_kolda_hybrid",
    "R": 100,
    "J": 98304,
    "trial": 0,
    "preprocessing": null,
    "initialization": null,
    "max_iterations": 40,
    "stop_tolerance": 0.0001,
    "tensor_order": 3,
    "trace": {
        "iterations": [
            0,
            5,
            10,
            15,
            20,
            25
        ],
        "fits": [
            -323126.52490791836,
            0.3762569146589617,
            0.37975531548048735,
            0.3780571552264972,
            0.37926986462795276,
            0.37843881568817206
        ],
        "update_times": [
            2.0075747966766357,
            0.8002679347991943,
            1.4359498023986816,
            2.4373996257781982,
            19.671639919281006,
            1.717721939086914,
            2.174872875213623,
            9.644002676010132,
            1.6743085384368896,
            2.116351366043091,
            12.59092664718628,
            1.6730942726135254,
            2.085282325744629,
            10.177594184875488,
            2.1008520126342773,
            2.460474967956543,
            10.467036962509155,
            1.6806607246398926,
            2.1456058025360107,
            8.910889863967896,
            1.680448055267334,
            2.1988704204559326,
            12.921066045761108,
            1.4119296073913574,
            2.1202871799468994,
            8.734501361846924,
            1.6353046894073486,
            2.1074678897857666,
            11.15748929977417,
            1.791107177734375,
            2.1770858764648438,
            12.668816328048706,
            1.8952219486236572,
            2.1353697776794434,
            11.231544494628906,
            1.5941731929779053,
            2.0535991191864014,
            15.33538031578064,
            1.6065311431884766,
            2.101491928100586,
            16.376639366149902,
            1.7430787086486816,
            2.1327714920043945,
            11.530917406082153,
            1.5669608116149902,
            2.1732640266418457,
            10.971467018127441,
            1.649655818939209,
            2.15443754196167,
            9.628721952438354,
            1.564234733581543,
            2.1458709239959717,
            11.272162914276123,
            1.63706636428833,
            2.1918344497680664,
            12.574939727783203,
            1.7004587650299072,
            2.148343086242676,
            13.764697551727295,
            1.9482550621032715,
            2.551048755645752,
            15.594656944274902,
            1.5994327068328857,
            2.1558260917663574,
            16.45978808403015,
            1.622870683670044,
            2.1365175247192383,
            15.639883756637573,
            1.9549627304077148,
            2.11718487739563,
            12.978745222091675,
            1.7587666511535645,
            2.0962252616882324,
            17.046899557113647,
            1.7790400981903076
        ],
        "fit_computation_times": [
            16.13419818878174,
            16.22923994064331,
            15.770049095153809,
            16.245781660079956,
            16.74865412712097
        ]
    },
    "elapsed": 504.23933458328247
}