{
    "tensor_name": "amazon-reviews",
    "sampler": "efficient",
    "R": 75,
    "J": 229376,
    "trial": 0,
    "preprocessing": null,
    "initialization": null,
    "max_iterations": 40,
    "stop_tolerance": 0.0001,
    "tensor_order": 3,
    "trace": {
        "iterations": [
            0,
            5,
            10,
            15,
            20,
            25,
            30,
            35,
            40
        ],
        "fits": [
            -279892.7196441257,
            0.379632100383837,
            0.3810191347229285,
            0.3813698146203913,
            0.38154967671082984,
            0.38164135860959014,
            0.38174917400926056,
            0.3819092321284546,
            0.3819768452915595
        ],
        "update_times": [
            3.549508571624756,
            2.11622953414917,
            2.61503005027771,
            2.671046733856201,
            12.030354022979736,
            2.9545350074768066,
            2.5941739082336426,
            10.000156879425049,
            2.689694404602051,
            2.5941390991210938,
            9.102514505386353,
            2.6025543212890625,
            2.5284934043884277,
            8.571217060089111,
            2.556443691253662,
            2.5072593688964844,
            8.598578691482544,
            2.4397616386413574,
            2.4747231006622314,
            8.867891311645508,
            2.503244638442993,
            2.713042974472046,
            7.8073410987854,
            2.512502908706665,
            2.5194597244262695,
            7.4570677280426025,
            2.418658971786499,
            2.4704627990722656,
            7.39592170715332,
            2.5700223445892334,
            2.715219259262085,
            6.883524417877197,
            2.5588736534118652,
            2.5031445026397705,
            6.604734182357788,
            2.3218512535095215,
            2.3365471363067627,
            7.138169765472412,
            2.2455828189849854,
            2.4345991611480713,
            8.47191858291626,
            2.3320794105529785,
            2.453141927719116,
            9.173682689666748,
            2.5831480026245117,
            2.501652240753174,
            8.406509637832642,
            2.4862608909606934,
            2.775590658187866,
            7.236831426620483,
            2.4421746730804443,
            2.4695611000061035,
            8.247706651687622,
            2.4749763011932373,
            2.527150869369507,
            9.02545976638794,
            2.5238730907440186,
            2.7701263427734375,
            7.272138833999634,
            2.57857346534729,
            2.6758670806884766,
            7.006108045578003,
            2.4996142387390137,
            2.7620487213134766,
            6.60685920715332,
            2.513455867767334,
            2.4921061992645264,
            6.858820676803589,
            2.432096242904663,
            2.5095715522766113,
            8.694419622421265,
            2.4595398902893066,
            2.637413501739502,
            7.220877170562744,
            2.511784076690674,
            2.553788423538208,
            7.671696901321411,
            2.394927740097046,
            2.699268102645874,
            8.118741750717163,
            2.483682870864868,
            2.481456995010376,
            8.485415935516357,
            2.506304979324341,
            2.512741804122925,
            7.662216424942017,
            2.523221254348755,
            2.715771436691284,
            7.51923131942749,
            2.4351978302001953,
            2.7058005332946777,
            7.697969913482666,
            2.3504438400268555,
            2.487954616546631,
            8.387620210647583,
            2.484520435333252,
            2.5303828716278076,
            8.709143877029419,
            2.4784646034240723,
            2.5049402713775635,
            8.556793451309204,
            2.4822442531585693,
            2.544001340866089,
            8.6019606590271,
            2.4504547119140625,
            2.512979030609131,
            8.404868364334106,
            2.423698902130127,
            2.5215351581573486,
            8.162806987762451,
            2.4303557872772217,
            2.50329852104187,
            7.884657144546509,
            2.3738341331481934,
            2.537109613418579,
            8.389872789382935,
            2.5372185707092285,
            2.754066228866577,
            7.417005777359009,
            2.4231348037719727
        ],
        "fit_computation_times": [
            15.329884052276611,
            13.722282648086548,
            13.829180479049683,
            14.56408429145813,
            14.214167833328247,
            14.281569480895996,
            15.757926940917969,
            13.67034101486206
        ]
    },
    "elapsed": 650.882321357727
}