{
    "tensor_name": "amazon-reviews",
    "sampler": "larsen_kolda_hybrid",
    "R": 100,
    "J": 32768,
    "trial": 2,
    "preprocessing": null,
    "initialization": null,
    "max_iterations": 40,
    "stop_tolerance": 0.0001,
    "tensor_order": 3,
    "trace": {
        "iterations": [
            0,
            5,
            10,
            15,
            20,
            25,
            30,
            35
        ],
        "fits": [
            -323160.0604271722,
            0.3170543276528054,
            0.3136338729896394,
            0.3157013361232074,
            0.33562434453747325,
            0.283179297043185,
            0.3255326207751218,
            0.3298849939684201
        ],
        "update_times": [
            1.8888564109802246,
            0.7877945899963379,
            1.4491124153137207,
            1.938683271408081,
            5.628143787384033,
            0.9161310195922852,
            1.907074213027954,
            6.144692420959473,
            0.928053617477417,
            1.9238884449005127,
            7.055118799209595,
            1.0329444408416748,
            1.9273531436920166,
            5.341001987457275,
            1.0021429061889648,
            1.9493227005004883,
            4.614677667617798,
            1.0140228271484375,
            1.9417943954467773,
            5.50555682182312,
            0.9735679626464844,
            1.9408409595489502,
            9.709232091903687,
            1.0918292999267578,
            1.9187426567077637,
            4.575550556182861,
            1.1312158107757568,
            1.9056859016418457,
            10.829256057739258,
            1.01786208152771,
            1.942777156829834,
            8.02293848991394,
            1.0586366653442383,
            1.9809443950653076,
            6.677253246307373,
            1.1036312580108643,
            2.2183406352996826,
            6.6067705154418945,
            1.0683441162109375,
            1.9049005508422852,
            4.7862138748168945,
            1.0713987350463867,
            1.9629809856414795,
            6.5851969718933105,
            1.1436102390289307,
            1.9177501201629639,
            5.988210439682007,
            1.1643731594085693,
            1.9270071983337402,
            8.07991623878479,
            0.9290082454681396,
            1.8989243507385254,
            7.7723493576049805,
            1.0250091552734375,
            1.9140281677246094,
            7.5566394329071045,
            1.084017276763916,
            1.9174857139587402,
            6.905620813369751,
            1.1334011554718018,
            1.988518238067627,
            6.858019113540649,
            1.0247602462768555,
            1.9332799911499023,
            7.608419895172119,
            1.0601789951324463,
            1.9272253513336182,
            7.0423033237457275,
            0.9999732971191406,
            2.1867496967315674,
            6.00902247428894,
            1.0260727405548096,
            2.2171404361724854,
            7.0649378299713135,
            1.0930681228637695,
            1.9196226596832275,
            7.11403226852417,
            1.0817909240722656,
            1.9414238929748535,
            5.22773003578186,
            1.0182147026062012,
            1.9297163486480713,
            8.472034215927124,
            1.0292446613311768,
            1.8851006031036377,
            6.808542490005493,
            1.0894060134887695,
            1.8911433219909668,
            7.388742923736572,
            1.0196726322174072,
            1.955855131149292,
            7.516922235488892,
            1.0838265419006348,
            1.9283149242401123,
            7.132404327392578,
            1.0507819652557373,
            1.9147028923034668,
            5.828653573989868,
            0.9717326164245605,
            1.9002790451049805,
            5.301701784133911,
            0.9978344440460205,
            1.9296133518218994,
            6.132787704467773,
            1.1184518337249756
        ],
        "fit_computation_times": [
            15.718712091445923,
            16.060924291610718,
            15.608274936676025,
            16.179965257644653,
            16.38232660293579,
            17.085068702697754,
            15.640613317489624
        ]
    },
    "elapsed": 467.33137679100037
}