{
    "tensor_name": "amazon-reviews",
    "sampler": "larsen_kolda_hybrid",
    "R": 25,
    "J": 32768,
    "trial": 2,
    "preprocessing": null,
    "initialization": null,
    "max_iterations": 40,
    "stop_tolerance": 0.0001,
    "tensor_order": 3,
    "trace": {
        "iterations": [
            0,
            5,
            10,
            15,
            20,
            25,
            30,
            35,
            40
        ],
        "fits": [
            -161546.44526357876,
            0.33271437466934395,
            0.3359990267214008,
            0.3359293845045537,
            0.3361431539489794,
            0.3366529830627344,
            0.3363897585661295,
            0.3363592370828796,
            0.3365623181197437
        ],
        "update_times": [
            0.7655580043792725,
            0.2629427909851074,
            0.3494420051574707,
            0.7886459827423096,
            3.764923095703125,
            0.2940647602081299,
            0.5824847221374512,
            4.577970504760742,
            0.3330659866333008,
            0.5804221630096436,
            4.509610652923584,
            0.35144472122192383,
            0.8512179851531982,
            4.546187400817871,
            0.449084997177124,
            0.5777068138122559,
            4.797574520111084,
            0.328174352645874,
            0.5904848575592041,
            4.924697637557983,
            0.44889140129089355,
            0.573007345199585,
            6.375512599945068,
            0.5275328159332275,
            0.593590259552002,
            4.517773389816284,
            0.3211240768432617,
            0.6465122699737549,
            5.22740912437439,
            0.5337603092193604,
            0.856109619140625,
            4.874696493148804,
            0.4297366142272949,
            0.8251767158508301,
            4.767586708068848,
            0.511009693145752,
            0.8651418685913086,
            4.910637617111206,
            0.4192965030670166,
            0.8296475410461426,
            5.09552788734436,
            0.4874122142791748,
            0.8444464206695557,
            5.9782023429870605,
            0.506711483001709,
            0.5686209201812744,
            5.9017014503479,
            0.41161608695983887,
            0.5601463317871094,
            5.135410308837891,
            0.46502065658569336,
            0.5860726833343506,
            4.838119983673096,
            0.35102295875549316,
            0.5785403251647949,
            4.710026025772095,
            0.35321569442749023,
            0.577831506729126,
            4.715301036834717,
            0.3179333209991455,
            0.5549585819244385,
            4.579220294952393,
            0.35729002952575684,
            0.5648720264434814,
            4.3627769947052,
            0.3550536632537842,
            0.5782005786895752,
            4.813351392745972,
            0.3270401954650879,
            0.5491626262664795,
            4.216181516647339,
            0.44069790840148926,
            0.5370728969573975,
            4.704804420471191,
            0.39826059341430664,
            0.5916290283203125,
            4.883590221405029,
            0.35898804664611816,
            0.5707406997680664,
            6.40404486656189,
            0.44029712677001953,
            0.5718479156494141,
            5.628323316574097,
            0.46213269233703613,
            0.5787575244903564,
            6.291146993637085,
            0.5049140453338623,
            0.5800344944000244,
            5.077819585800171,
            0.4669344425201416,
            0.5511946678161621,
            4.869175672531128,
            0.4708888530731201,
            0.5617003440856934,
            5.600035190582275,
            0.36612772941589355,
            0.5684492588043213,
            5.033488512039185,
            0.4416971206665039,
            0.5662240982055664,
            6.7949395179748535,
            0.4459574222564697,
            0.538679838180542,
            7.45542049407959,
            0.3740684986114502,
            0.5921180248260498,
            6.163197994232178,
            0.5092804431915283,
            0.792165994644165,
            6.577280759811401,
            0.4934558868408203,
            0.8066873550415039,
            6.815835952758789,
            0.5389053821563721,
            0.8251733779907227,
            6.446445465087891,
            0.5515842437744141,
            0.8763985633850098,
            6.602798938751221,
            0.5213110446929932
        ],
        "fit_computation_times": [
            7.00671911239624,
            6.926663160324097,
            7.227937936782837,
            7.1088340282440186,
            6.814546346664429,
            6.87567663192749,
            7.27455997467041,
            7.153162479400635
        ]
    },
    "elapsed": 314.976678609848
}