{
    "tensor_name": "amazon-reviews",
    "sampler": "larsen_kolda_hybrid",
    "R": 100,
    "J": 229376,
    "trial": 1,
    "preprocessing": null,
    "initialization": null,
    "max_iterations": 40,
    "stop_tolerance": 0.0001,
    "tensor_order": 3,
    "trace": {
        "iterations": [
            0,
            5,
            10,
            15,
            20,
            25,
            30,
            35
        ],
        "fits": [
            -323112.5224290892,
            0.38534484478510167,
            0.3871189970636104,
            0.38759534260519823,
            0.38790631656941166,
            0.3877697576190028,
            0.3876136336495426,
            0.38789244757344077
        ],
        "update_times": [
            2.3687100410461426,
            0.8817963600158691,
            1.7698636054992676,
            2.0480949878692627,
            21.45794129371643,
            1.8153517246246338,
            2.2137291431427,
            20.108170986175537,
            1.9908111095428467,
            2.251342296600342,
            21.3895742893219,
            2.0853943824768066,
            2.5430362224578857,
            12.968648433685303,
            2.392143964767456,
            2.2779781818389893,
            19.505034923553467,
            1.887134313583374,
            2.235647678375244,
            21.45600128173828,
            2.21223521232605,
            2.331786632537842,
            22.153656005859375,
            2.5262739658355713,
            2.2702836990356445,
            21.188546419143677,
            2.027789831161499,
            2.2173140048980713,
            20.75399947166443,
            2.6982333660125732,
            2.2974579334259033,
            21.122868299484253,
            2.579394578933716,
            2.345623731613159,
            20.343032360076904,
            2.6120917797088623,
            2.276772975921631,
            19.841753721237183,
            2.1797471046447754,
            2.2574689388275146,
            19.768656969070435,
            2.3912529945373535,
            2.2737464904785156,
            19.485365629196167,
            2.1058366298675537,
            2.602972984313965,
            18.241536617279053,
            2.1658475399017334,
            2.2800707817077637,
            20.788856983184814,
            2.000711679458618,
            2.3057332038879395,
            19.592495441436768,
            2.0229640007019043,
            2.2946395874023438,
            20.38018774986267,
            2.5676207542419434,
            2.326685905456543,
            17.675163984298706,
            2.430856704711914,
            2.2329468727111816,
            25.742888689041138,
            2.1903650760650635,
            2.310231924057007,
            21.081775426864624,
            2.6340086460113525,
            2.2360363006591797,
            12.899698734283447,
            2.3832480907440186,
            2.3587844371795654,
            14.557642698287964,
            2.4204769134521484,
            2.3464207649230957,
            19.498119115829468,
            2.6750032901763916,
            2.3010199069976807,
            17.145519018173218,
            2.426421642303467,
            2.3592684268951416,
            14.305843830108643,
            2.377228021621704,
            2.2386960983276367,
            22.257013082504272,
            2.7126717567443848,
            2.2705445289611816,
            24.44779872894287,
            2.697746753692627,
            2.253680467605591,
            17.857102632522583,
            2.4234256744384766,
            2.255918264389038,
            22.24386954307556,
            2.286702871322632,
            2.1973941326141357,
            20.825875997543335,
            2.589876174926758,
            2.1903412342071533,
            25.4516384601593,
            2.494457244873047,
            2.210888385772705,
            16.35621190071106,
            2.199556589126587,
            2.2707245349884033,
            24.881380081176758,
            2.4604709148406982
        ],
        "fit_computation_times": [
            16.808184385299683,
            16.216997861862183,
            16.37565326690674,
            16.324729442596436,
            16.05249571800232,
            16.21808099746704,
            16.694833517074585
        ]
    },
    "elapsed": 973.1290166378021
}