{
    "tensor_name": "amazon-reviews",
    "sampler": "efficient",
    "R": 50,
    "J": 98304,
    "trial": 2,
    "preprocessing": null,
    "initialization": null,
    "max_iterations": 40,
    "stop_tolerance": 0.0001,
    "tensor_order": 3,
    "trace": {
        "iterations": [
            0,
            5,
            10,
            15,
            20,
            25,
            30,
            35,
            40
        ],
        "fits": [
            -228482.34367251757,
            0.36391468353719225,
            0.3649143030068639,
            0.3651087727880069,
            0.36523660441504857,
            0.36530232875029645,
            0.36535037036490714,
            0.36539435307945267,
            0.3652922702176843
        ],
        "update_times": [
            1.3977687358856201,
            0.6492712497711182,
            0.8178825378417969,
            1.0880203247070312,
            8.097934484481812,
            1.1900300979614258,
            1.1397416591644287,
            5.765157222747803,
            1.1067266464233398,
            1.0887463092803955,
            5.260356426239014,
            1.063854694366455,
            1.1213314533233643,
            5.3232481479644775,
            1.0599572658538818,
            1.1060104370117188,
            4.940948724746704,
            1.050858497619629,
            1.0696547031402588,
            5.300199270248413,
            1.0232973098754883,
            1.0789332389831543,
            4.810319185256958,
            1.0978634357452393,
            1.190654993057251,
            4.1110546588897705,
            1.0319080352783203,
            1.220350742340088,
            4.056006908416748,
            1.0317456722259521,
            1.0678274631500244,
            5.076962471008301,
            1.085416316986084,
            1.0805926322937012,
            5.0279457569122314,
            1.0626249313354492,
            1.0809204578399658,
            4.915829658508301,
            1.1078824996948242,
            1.119016408920288,
            5.115159273147583,
            1.0387492179870605,
            1.0788064002990723,
            4.867090463638306,
            0.9939706325531006,
            1.0785751342773438,
            5.030160903930664,
            1.0703392028808594,
            1.073664665222168,
            4.123085260391235,
            1.052643060684204,
            1.2024803161621094,
            4.167026042938232,
            1.091606855392456,
            1.261305809020996,
            5.095541954040527,
            1.0284044742584229,
            1.1053760051727295,
            5.307072639465332,
            1.119368314743042,
            1.120069980621338,
            5.172201156616211,
            1.1353404521942139,
            1.1004703044891357,
            5.360339879989624,
            0.9980809688568115,
            1.1269583702087402,
            4.567917108535767,
            1.1023423671722412,
            1.2608485221862793,
            4.479768991470337,
            1.1198580265045166,
            1.2251203060150146,
            4.5229811668396,
            1.0714020729064941,
            1.0842456817626953,
            5.129270076751709,
            0.9989790916442871,
            1.0662167072296143,
            5.143262624740601,
            1.035168170928955,
            1.0794894695281982,
            5.554486036300659,
            1.0417602062225342,
            1.104442834854126,
            5.267113208770752,
            0.9829587936401367,
            1.2325851917266846,
            4.527666807174683,
            1.1202354431152344,
            1.092991828918457,
            4.986736536026001,
            1.1060187816619873,
            1.2077727317810059,
            5.22505784034729,
            1.0339603424072266,
            1.0814273357391357,
            5.165926694869995,
            1.0625410079956055,
            1.0958874225616455,
            5.53320574760437,
            1.053020715713501,
            1.1314928531646729,
            5.047046899795532,
            1.0983436107635498,
            1.1346478462219238,
            5.147308349609375,
            1.0101196765899658,
            1.1235229969024658,
            5.097982883453369,
            1.1534836292266846,
            1.244678258895874,
            5.017908573150635,
            1.0584359169006348,
            1.1312577724456787,
            5.192661762237549,
            1.1211612224578857,
            1.101914405822754,
            4.320619344711304,
            1.0155072212219238
        ],
        "fit_computation_times": [
            12.046261072158813,
            11.863202571868896,
            12.209863424301147,
            12.16269850730896,
            12.856882333755493,
            12.2280113697052,
            13.846395254135132,
            12.684646129608154
        ]
    },
    "elapsed": 398.1971163749695
}