{
    "tensor_name": "amazon-reviews",
    "sampler": "efficient",
    "R": 25,
    "J": 196608,
    "trial": 3,
    "preprocessing": null,
    "initialization": null,
    "max_iterations": 40,
    "stop_tolerance": 0.0001,
    "tensor_order": 3,
    "trace": {
        "iterations": [
            0,
            5,
            10,
            15,
            20,
            25,
            30,
            35,
            40
        ],
        "fits": [
            -161546.4313030723,
            0.3378004697183886,
            0.3393565515772693,
            0.33952234611994603,
            0.33965002052043447,
            0.3396883032465263,
            0.3397759265605321,
            0.33984527956483157,
            0.3399035385638969
        ],
        "update_times": [
            0.7625975608825684,
            0.5446913242340088,
            0.6611309051513672,
            0.6172301769256592,
            6.6235010623931885,
            0.6721155643463135,
            0.6533472537994385,
            3.6183841228485107,
            0.7212481498718262,
            0.6438992023468018,
            3.285454511642456,
            0.6982684135437012,
            0.6341879367828369,
            3.1906981468200684,
            0.7006864547729492,
            0.6334471702575684,
            3.024052858352661,
            0.6500105857849121,
            0.6365249156951904,
            3.145047903060913,
            0.6658573150634766,
            0.6282129287719727,
            2.9263551235198975,
            0.6815567016601562,
            0.6254653930664062,
            2.8652937412261963,
            0.671661376953125,
            0.6143112182617188,
            2.7931454181671143,
            0.674903392791748,
            0.646075963973999,
            2.7306840419769287,
            0.659083366394043,
            0.6263353824615479,
            2.696012496948242,
            0.6522243022918701,
            0.6117446422576904,
            3.1447198390960693,
            0.6596724987030029,
            0.6291036605834961,
            3.086406707763672,
            0.7051293849945068,
            0.6259377002716064,
            2.7750144004821777,
            0.6902768611907959,
            0.629692792892456,
            3.1822454929351807,
            0.680671215057373,
            0.6241049766540527,
            2.7287847995758057,
            0.6843461990356445,
            0.6262180805206299,
            3.2599048614501953,
            0.6681010723114014,
            0.622797966003418,
            2.9844818115234375,
            0.6924231052398682,
            0.6285486221313477,
            3.0085434913635254,
            0.625816822052002,
            0.6188855171203613,
            3.2288753986358643,
            0.6834702491760254,
            0.6050450801849365,
            2.659372091293335,
            0.6780266761779785,
            0.6785681247711182,
            3.2129287719726562,
            0.647315263748169,
            0.606489896774292,
            3.3303990364074707,
            0.6746206283569336,
            0.6159510612487793,
            2.6557443141937256,
            0.7150046825408936,
            0.6221239566802979,
            2.7880144119262695,
            0.711559534072876,
            0.6231322288513184,
            2.767709255218506,
            0.6647894382476807,
            0.6176879405975342,
            2.779900312423706,
            0.6692838668823242,
            0.6262211799621582,
            2.6821606159210205,
            0.6251590251922607,
            0.654822826385498,
            3.2251198291778564,
            0.6232450008392334,
            0.6038033962249756,
            2.636099338531494,
            0.7051165103912354,
            0.6505141258239746,
            2.752305269241333,
            0.6907126903533936,
            0.64322829246521,
            3.2669169902801514,
            0.692570686340332,
            0.6421334743499756,
            2.758368968963623,
            0.677689790725708,
            0.6233806610107422,
            2.8891873359680176,
            0.6665427684783936,
            0.6932358741760254,
            2.951103925704956,
            0.6712431907653809,
            0.6351404190063477,
            2.990210771560669,
            0.7176039218902588,
            0.6276578903198242,
            3.1679770946502686,
            0.6728208065032959,
            0.6442086696624756,
            3.3107492923736572,
            0.6587414741516113,
            0.636155366897583,
            2.9019668102264404,
            0.6387619972229004
        ],
        "fit_computation_times": [
            6.842044830322266,
            7.095062494277954,
            6.910250902175903,
            7.0548694133758545,
            7.309255599975586,
            7.005377769470215,
            7.118608713150024,
            6.783052921295166
        ]
    },
    "elapsed": 236.42470264434814
}