{
    "tensor_name": "amazon-reviews",
    "sampler": "larsen_kolda_hybrid",
    "R": 100,
    "J": 196608,
    "trial": 1,
    "preprocessing": null,
    "initialization": null,
    "max_iterations": 40,
    "stop_tolerance": 0.0001,
    "tensor_order": 3,
    "trace": {
        "iterations": [
            0,
            5,
            10,
            15,
            20,
            25,
            30
        ],
        "fits": [
            -323095.3840009582,
            0.3840399140663501,
            0.3867093238961137,
            0.38687187004668067,
            0.38667163453743336,
            0.38650692885156757,
            0.38633168123678274
        ],
        "update_times": [
            2.5343334674835205,
            1.0180699825286865,
            1.7206172943115234,
            2.225687265396118,
            19.036656618118286,
            2.4159350395202637,
            2.3687102794647217,
            18.79158854484558,
            1.9304862022399902,
            2.455203056335449,
            18.584921836853027,
            2.261239528656006,
            2.4205129146575928,
            17.955538749694824,
            2.217951536178589,
            2.3520917892456055,
            11.762836933135986,
            2.3338425159454346,
            2.3485183715820312,
            20.497750759124756,
            2.2999908924102783,
            2.3882944583892822,
            26.160741806030273,
            2.593466281890869,
            2.315899133682251,
            17.837100744247437,
            2.2575879096984863,
            2.6769180297851562,
            21.839534521102905,
            2.2482662200927734,
            2.370330810546875,
            24.02789068222046,
            2.063431978225708,
            2.351426362991333,
            15.17121434211731,
            2.486989736557007,
            2.720217227935791,
            12.548965454101562,
            2.445352077484131,
            2.3446474075317383,
            15.702292203903198,
            2.3807713985443115,
            2.856198787689209,
            18.04111957550049,
            2.143386125564575,
            2.3508496284484863,
            10.959522724151611,
            2.0647172927856445,
            2.314607620239258,
            19.294594526290894,
            1.9658136367797852,
            2.322293519973755,
            21.179352045059204,
            2.36582612991333,
            2.305812120437622,
            22.427326440811157,
            1.9509766101837158,
            2.3806467056274414,
            19.904637098312378,
            2.381819486618042,
            2.5156548023223877,
            19.42371964454651,
            1.9802138805389404,
            2.41827654838562,
            15.10402250289917,
            1.9213132858276367,
            2.4142112731933594,
            15.805037498474121,
            2.3927831649780273,
            2.355583906173706,
            19.826316833496094,
            2.3593835830688477,
            2.3132448196411133,
            22.8856041431427,
            2.0639045238494873,
            2.356539249420166,
            25.74031639099121,
            2.19997501373291,
            2.311250925064087,
            21.96677279472351,
            2.4079935550689697,
            2.329881191253662,
            19.90111231803894,
            2.122431993484497,
            2.708303689956665,
            21.203408241271973,
            1.8619985580444336,
            2.353396415710449,
            14.163110971450806,
            2.4726014137268066
        ],
        "fit_computation_times": [
            15.889540910720825,
            16.204237699508667,
            15.919666767120361,
            16.7713623046875,
            16.726671934127808,
            16.045055866241455
        ]
    },
    "elapsed": 803.167641878128
}