{
    "tensor_name": "amazon-reviews",
    "sampler": "larsen_kolda_hybrid",
    "R": 50,
    "J": 131072,
    "trial": 3,
    "preprocessing": null,
    "initialization": null,
    "max_iterations": 40,
    "stop_tolerance": 0.0001,
    "tensor_order": 3,
    "trace": {
        "iterations": [
            0,
            5,
            10,
            15,
            20,
            25,
            30,
            35,
            40
        ],
        "fits": [
            -228457.02438077106,
            0.3606827658991808,
            0.3627349877688457,
            0.3626853837930626,
            0.3630477913446829,
            0.36324301575682616,
            0.3630096390246036,
            0.3632067640375759,
            0.3634841464782379
        ],
        "update_times": [
            1.121821403503418,
            0.44350266456604004,
            0.8986003398895264,
            1.282358169555664,
            14.21984076499939,
            1.2020657062530518,
            1.3127176761627197,
            14.236732721328735,
            1.2881548404693604,
            1.3400442600250244,
            18.03017783164978,
            1.2503643035888672,
            1.3195273876190186,
            18.466670989990234,
            1.312891960144043,
            1.2942864894866943,
            12.517312049865723,
            1.2232365608215332,
            1.41969633102417,
            10.598331451416016,
            1.1050400733947754,
            1.3041858673095703,
            9.515121698379517,
            1.1092846393585205,
            1.3039398193359375,
            9.296919822692871,
            1.0532279014587402,
            1.3026959896087646,
            9.050335884094238,
            1.2440288066864014,
            1.3430545330047607,
            13.893255472183228,
            1.3510463237762451,
            1.3239469528198242,
            9.225287675857544,
            1.2096450328826904,
            1.3369395732879639,
            10.010870456695557,
            1.213822364807129,
            1.2964997291564941,
            11.658745050430298,
            1.1547789573669434,
            1.3003482818603516,
            15.220865726470947,
            1.6498758792877197,
            1.3272485733032227,
            19.268476247787476,
            1.4464094638824463,
            1.2887372970581055,
            10.55514407157898,
            1.5917644500732422,
            1.2747423648834229,
            12.18878173828125,
            1.3167579174041748,
            1.2557456493377686,
            14.221897602081299,
            1.2028284072875977,
            1.4250636100769043,
            10.974328517913818,
            1.1169395446777344,
            1.3133916854858398,
            19.288047552108765,
            1.1538496017456055,
            1.224449634552002,
            13.8607497215271,
            1.1411230564117432,
            1.242403507232666,
            8.473966836929321,
            1.1112372875213623,
            1.2530009746551514,
            9.041625261306763,
            1.1654906272888184,
            1.2645182609558105,
            10.267245769500732,
            1.1947393417358398,
            1.27467679977417,
            11.115010499954224,
            1.083691120147705,
            1.2356007099151611,
            11.141395568847656,
            1.1217608451843262,
            1.2473042011260986,
            8.220259666442871,
            1.1605114936828613,
            1.3053920269012451,
            11.675468444824219,
            0.9846501350402832,
            1.2808032035827637,
            10.392075300216675,
            1.1693058013916016,
            1.336423635482788,
            11.503424644470215,
            1.3451924324035645,
            1.3115317821502686,
            13.948503494262695,
            1.0465035438537598,
            1.2586572170257568,
            12.491218566894531,
            1.0899248123168945,
            1.3044562339782715,
            12.812678098678589,
            1.10990309715271,
            1.3186662197113037,
            14.684155702590942,
            1.0791254043579102,
            1.4161415100097656,
            9.629360914230347,
            1.2960851192474365,
            1.2884294986724854,
            9.37496042251587,
            1.2307863235473633,
            1.3070495128631592,
            13.715966939926147,
            1.1597645282745361,
            1.2879369258880615,
            13.196682691574097,
            1.2054224014282227,
            1.2795116901397705,
            9.434216260910034,
            1.075476884841919
        ],
        "fit_computation_times": [
            13.094279527664185,
            12.525120973587036,
            12.38452959060669,
            13.240034103393555,
            13.196131944656372,
            12.89785885810852,
            13.074270009994507,
            14.085245132446289
        ]
    },
    "elapsed": 696.0949821472168
}