{
    "tensor_name": "amazon-reviews",
    "sampler": "larsen_kolda_hybrid",
    "R": 100,
    "J": 131072,
    "trial": 2,
    "preprocessing": null,
    "initialization": null,
    "max_iterations": 40,
    "stop_tolerance": 0.0001,
    "tensor_order": 3,
    "trace": {
        "iterations": [
            0,
            5,
            10,
            15,
            20,
            25,
            30,
            35,
            40
        ],
        "fits": [
            -323161.82767738134,
            0.3804204579716908,
            0.38178269481139127,
            0.3824443197062939,
            0.382702029298,
            0.3833263722211495,
            0.3830925744536826,
            0.38294497067744626,
            0.3827395627518627
        ],
        "update_times": [
            2.1681113243103027,
            0.9537456035614014,
            1.563436508178711,
            1.9764199256896973,
            15.432068824768066,
            1.6646077632904053,
            2.114614963531494,
            16.436716318130493,
            1.872654676437378,
            2.2142081260681152,
            18.95036506652832,
            1.9515724182128906,
            2.1010053157806396,
            13.859906911849976,
            1.7893168926239014,
            2.1925108432769775,
            19.229804277420044,
            1.8312745094299316,
            2.1003313064575195,
            19.6169695854187,
            1.6501388549804688,
            2.0954341888427734,
            11.442365169525146,
            1.9249236583709717,
            2.097576379776001,
            17.997605085372925,
            1.9755525588989258,
            2.4755213260650635,
            13.447532892227173,
            2.292915105819702,
            2.1618893146514893,
            18.987868309020996,
            1.75408935546875,
            2.1632885932922363,
            18.54842209815979,
            1.6268281936645508,
            2.1170709133148193,
            19.268946647644043,
            2.0273447036743164,
            2.1353707313537598,
            12.535691499710083,
            1.8821847438812256,
            2.461449146270752,
            15.775635719299316,
            2.1151952743530273,
            2.0935893058776855,
            15.653494596481323,
            2.0436995029449463,
            2.0754787921905518,
            11.608120679855347,
            2.5157086849212646,
            2.0792665481567383,
            13.797269821166992,
            2.380513906478882,
            2.130645275115967,
            19.54581618309021,
            2.2086851596832275,
            2.087245464324951,
            26.18382239341736,
            1.7853443622589111,
            2.1175780296325684,
            19.564590454101562,
            1.6912221908569336,
            2.158231496810913,
            20.38822650909424,
            1.9648685455322266,
            2.1033780574798584,
            17.415339708328247,
            1.870750904083252,
            2.09914231300354,
            19.967621326446533,
            1.890648603439331,
            2.1483588218688965,
            13.450363397598267,
            1.9542913436889648,
            2.12756085395813,
            16.32183575630188,
            1.9891188144683838,
            2.128629446029663,
            15.67324948310852,
            1.827362298965454,
            2.107147216796875,
            16.140822649002075,
            1.6964423656463623,
            2.1228299140930176,
            17.31492829322815,
            2.003788948059082,
            2.0812151432037354,
            15.532507181167603,
            2.065382957458496,
            2.0917913913726807,
            15.717972993850708,
            2.36427903175354,
            2.1020843982696533,
            18.45052695274353,
            1.7328529357910156,
            2.1551225185394287,
            12.744298458099365,
            1.9399642944335938,
            2.15436053276062,
            14.114208459854126,
            1.961522102355957,
            2.1675052642822266,
            18.125622272491455,
            2.4047396183013916,
            2.130077838897705,
            10.313682317733765,
            2.196779489517212,
            2.1725449562072754,
            14.51918339729309,
            1.9599981307983398,
            2.1501035690307617,
            12.58879828453064,
            1.81085205078125,
            2.1549315452575684,
            13.889743328094482,
            2.0037670135498047,
            2.0903878211975098,
            14.41383957862854,
            1.8859455585479736
        ],
        "fit_computation_times": [
            16.516823053359985,
            16.155877590179443,
            16.45556950569153,
            17.660586833953857,
            16.6602303981781,
            16.605031728744507,
            17.00983953475952,
            17.392654418945312
        ]
    },
    "elapsed": 952.3645143508911
}