{
    "tensor_name": "amazon-reviews",
    "sampler": "larsen_kolda_hybrid",
    "R": 75,
    "J": 32768,
    "trial": 2,
    "preprocessing": null,
    "initialization": null,
    "max_iterations": 40,
    "stop_tolerance": 0.0001,
    "tensor_order": 3,
    "trace": {
        "iterations": [
            0,
            5,
            10,
            15,
            20,
            25,
            30,
            35,
            40
        ],
        "fits": [
            -279853.5973415213,
            0.34663671561093046,
            0.3505954946778854,
            0.35010342689823915,
            0.35230946699155763,
            0.3518396772643019,
            0.34881233586444593,
            0.35459875409204156,
            0.34603047992291003
        ],
        "update_times": [
            1.6848526000976562,
            0.638129472732544,
            0.913013219833374,
            1.913701057434082,
            10.007188558578491,
            0.9882166385650635,
            1.9625167846679688,
            6.880825519561768,
            1.027477741241455,
            1.9599714279174805,
            6.270795106887817,
            1.0659682750701904,
            1.919104814529419,
            9.850023984909058,
            0.964397668838501,
            1.7205486297607422,
            6.72525429725647,
            0.9112780094146729,
            1.7675824165344238,
            6.623765468597412,
            1.0825717449188232,
            1.7252631187438965,
            8.23251485824585,
            1.0162198543548584,
            1.7275035381317139,
            7.858996868133545,
            0.9957258701324463,
            1.8373796939849854,
            9.303986072540283,
            0.9081428050994873,
            1.7797412872314453,
            10.309314966201782,
            0.9798300266265869,
            1.7630352973937988,
            9.659023523330688,
            0.906489372253418,
            1.7416002750396729,
            9.007018327713013,
            0.9600389003753662,
            1.7516663074493408,
            8.322844505310059,
            0.933748722076416,
            1.768639087677002,
            8.134524583816528,
            0.9612143039703369,
            1.9277551174163818,
            8.394067525863647,
            1.0586578845977783,
            1.7487444877624512,
            6.067050218582153,
            1.0020530223846436,
            1.953965425491333,
            8.752923250198364,
            1.0305094718933105,
            1.9749908447265625,
            8.416784286499023,
            1.065624475479126,
            1.740128517150879,
            8.925283193588257,
            1.1100225448608398,
            1.7421953678131104,
            6.1132378578186035,
            1.0669548511505127,
            1.7118580341339111,
            9.109891176223755,
            0.9286613464355469,
            1.720552682876587,
            7.684859037399292,
            0.8837122917175293,
            1.7640695571899414,
            7.726182699203491,
            0.9589705467224121,
            1.7398097515106201,
            9.317217588424683,
            1.0484790802001953,
            1.7617735862731934,
            8.606605768203735,
            0.9463067054748535,
            1.75538969039917,
            6.219064712524414,
            0.9566969871520996,
            1.7200908660888672,
            5.95012903213501,
            0.9929282665252686,
            1.7581984996795654,
            4.7220213413238525,
            0.8578798770904541,
            1.7666847705841064,
            7.280562400817871,
            0.916942834854126,
            1.7079250812530518,
            6.6036646366119385,
            0.9218547344207764,
            1.6971218585968018,
            6.129667520523071,
            1.0001766681671143,
            1.708423137664795,
            5.696834325790405,
            0.9326634407043457,
            1.6951162815093994,
            8.020875453948975,
            0.8976807594299316,
            1.688981056213379,
            5.934023857116699,
            1.0315306186676025,
            1.9320852756500244,
            6.690439462661743,
            1.023878574371338,
            1.9778680801391602,
            7.682565212249756,
            0.9992761611938477,
            1.9898743629455566,
            9.796787023544312,
            0.877342939376831,
            1.7846965789794922,
            6.806020736694336,
            0.9308924674987793,
            1.7381138801574707,
            7.407186269760132,
            0.9839870929718018
        ],
        "fit_computation_times": [
            15.235252857208252,
            15.346006870269775,
            15.240355253219604,
            16.01382279396057,
            15.33211612701416,
            17.144537448883057,
            15.939128160476685,
            16.508845806121826
        ]
    },
    "elapsed": 557.539847612381
}