{
    "tensor_name": "reddit-2015",
    "sampler": "larsen_kolda_hybrid",
    "R": 75,
    "J": 163840,
    "trial": 2,
    "preprocessing": "log_count",
    "initialization": null,
    "max_iterations": 80,
    "stop_tolerance": 0.0001,
    "tensor_order": 3,
    "trace": {
        "iterations": [
            0,
            5,
            10,
            15,
            20,
            25,
            30,
            35,
            40,
            45,
            50,
            55,
            60,
            65,
            70,
            75,
            80
        ],
        "fits": [
            -419783.77722848783,
            0.07634397986789576,
            0.08028545252943231,
            0.0813856851230107,
            0.08192307640928398,
            0.08211198997400926,
            0.0725252791643991,
            0.0847554034359278,
            0.0858836067781813,
            0.0865750552900173,
            0.08652897315900498,
            0.08633101009446875,
            0.08714194953020482,
            0.08847097072565746,
            0.08878666284278292,
            0.08887994687870437,
            0.08924956007923612
        ],
        "update_times": [
            3.8353867530822754,
            0.14399123191833496,
            3.216798782348633,
            78.93393468856812,
            0.23965692520141602,
            3.6535375118255615,
            61.865838289260864,
            0.20739102363586426,
            3.8323886394500732,
            75.98731803894043,
            0.1993861198425293,
            3.570371150970459,
            71.2947416305542,
            0.20857000350952148,
            4.528692007064819,
            85.91753458976746,
            0.17560768127441406,
            4.579435586929321,
            91.42502403259277,
            0.19859957695007324,
            4.274932861328125,
            106.97227931022644,
            0.20162534713745117,
            3.707476854324341,
            93.19298052787781,
            0.18781781196594238,
            4.517054557800293,
            74.4577407836914,
            0.21588683128356934,
            3.6372807025909424,
            96.32464146614075,
            0.16833734512329102,
            3.666109085083008,
            78.23775267601013,
            0.1890850067138672,
            3.691479444503784,
            96.74786138534546,
            0.17347121238708496,
            4.0100133419036865,
            88.4041588306427,
            0.24320125579833984,
            4.084513425827026,
            77.10282564163208,
            0.24433064460754395,
            3.744046449661255,
            75.90704369544983,
            0.18662238121032715,
            3.6692872047424316,
            81.17155456542969,
            0.15218806266784668,
            3.520801544189453,
            62.623250246047974,
            0.1693580150604248,
            3.566199541091919,
            71.56477570533752,
            0.2057356834411621,
            4.105721473693848,
            70.96507906913757,
            0.1822967529296875,
            3.6155879497528076,
            63.86336898803711,
            0.2483363151550293,
            3.588545322418213,
            80.66438627243042,
            0.283221960067749,
            4.012131214141846,
            63.10723805427551,
            0.24657511711120605,
            3.728787660598755,
            98.06577229499817,
            0.36261916160583496,
            3.826367139816284,
            97.42792558670044,
            0.1874856948852539,
            3.6832072734832764,
            67.4482433795929,
            0.26302409172058105,
            3.7499125003814697,
            96.68344235420227,
            0.34981822967529297,
            4.136147975921631,
            62.313679218292236,
            0.17810654640197754,
            3.688601016998291,
            83.77350616455078,
            0.14828276634216309,
            5.20600700378418,
            93.69550251960754,
            0.19521331787109375,
            4.459181547164917,
            84.05402612686157,
            0.15651965141296387,
            3.72663950920105,
            79.51771712303162,
            0.2158961296081543,
            4.552660226821899,
            101.00954699516296,
            0.18259835243225098,
            3.642486572265625,
            92.17908120155334,
            0.2770578861236572,
            3.7146060466766357,
            99.04873847961426,
            0.31813573837280273,
            3.7497339248657227,
            63.81050634384155,
            0.2646293640136719,
            3.6023709774017334,
            68.83855319023132,
            0.2599828243255615,
            3.5339512825012207,
            69.93644905090332,
            0.17171812057495117,
            4.602689743041992,
            75.31663274765015,
            0.24812006950378418,
            4.383941888809204,
            94.18381714820862,
            0.22938942909240723,
            4.581896543502808,
            70.86854481697083,
            0.17117905616760254,
            4.544638395309448,
            83.51936841011047,
            0.17440152168273926,
            3.5340957641601562,
            98.51995706558228,
            0.17735624313354492,
            4.838726997375488,
            75.91569519042969,
            0.2969784736633301,
            3.6306610107421875,
            76.04537177085876,
            0.16063976287841797,
            3.7294015884399414,
            87.30598497390747,
            0.30751538276672363,
            3.6031439304351807,
            99.44650864601135,
            0.2021193504333496,
            3.582902431488037,
            82.38117265701294,
            0.15970301628112793,
            3.5499179363250732,
            89.52558541297913,
            0.15148496627807617,
            4.746168375015259,
            88.4603841304779,
            0.3503251075744629,
            3.850928783416748,
            94.73251700401306,
            0.15880918502807617,
            3.515761137008667,
            84.16200852394104,
            0.15557026863098145,
            3.602526903152466,
            78.09526419639587,
            0.17873501777648926,
            3.539926290512085,
            78.75073528289795,
            0.17565059661865234,
            4.53244423866272,
            84.19904398918152,
            0.25044727325439453,
            3.5341739654541016,
            66.96385908126831,
            0.17139577865600586,
            3.608457326889038,
            96.00616025924683,
            0.34665465354919434,
            3.7701666355133057,
            71.97945022583008,
            0.18340086936950684,
            3.642789363861084,
            83.47731900215149,
            0.2763640880584717,
            3.7024853229522705,
            69.65631222724915,
            0.20457839965820312,
            3.5700042247772217,
            88.07030630111694,
            0.15207409858703613,
            3.67999529838562,
            73.44308137893677,
            0.23740196228027344,
            3.678826093673706,
            68.13185381889343,
            0.33719778060913086,
            3.6133620738983154,
            84.19785594940186,
            0.15598583221435547,
            3.632963180541992,
            69.15468263626099,
            0.15703845024108887,
            3.5890865325927734,
            95.98451542854309,
            0.2122635841369629,
            3.5117883682250977,
            86.42832326889038,
            0.14241313934326172,
            5.133155584335327,
            70.82536125183105,
            0.15549230575561523,
            3.522509813308716,
            77.20571732521057,
            0.35195112228393555,
            4.846858263015747,
            88.76960301399231,
            0.35395359992980957,
            3.619309663772583,
            85.93522214889526,
            0.24426674842834473,
            3.6378798484802246,
            90.40392065048218,
