{
    "tensor_name": "reddit-2015",
    "sampler": "efficient",
    "R": 100,
    "J": 98304,
    "trial": 1,
    "preprocessing": "log_count",
    "initialization": null,
    "max_iterations": 80,
    "stop_tolerance": 0.0001,
    "tensor_order": 3,
    "trace": {
        "iterations": [
            0,
            5,
            10,
            15,
            20,
            25,
            30,
            35,
            40,
            45,
            50,
            55,
            60,
            65,
            70,
            75,
            80
        ],
        "fits": [
            -484760.6023119557,
            0.08580896605171096,
            0.09041256543146903,
            0.0917254316741748,
            0.09243854003736052,
            0.09314771319617443,
            0.09443869721736853,
            0.0957047467743759,
            0.09716118759395209,
            0.09845033765127054,
            0.09683502999601645,
            0.09953701675457727,
            0.09988102373982188,
            0.10051873940396983,
            0.1008143015038363,
            0.10101426303670114,
            0.10131209237341743
        ],
        "update_times": [
            4.314116954803467,
            2.0450599193573,
            3.3982393741607666,
            62.92241811752319,
            2.251638889312744,
            7.060276031494141,
            64.37688374519348,
            2.209003210067749,
            7.045056581497192,
            80.57907605171204,
            2.080202341079712,
            6.728954553604126,
            79.97030210494995,
            1.9934132099151611,
            6.247950077056885,
            72.45901417732239,
            2.1492512226104736,
            5.404338121414185,
            85.16443037986755,
            1.9342763423919678,
            5.322042226791382,
            83.8847165107727,
            1.940713882446289,
            5.2927467823028564,
            81.18243455886841,
            1.94777512550354,
            5.592235088348389,
            86.2488796710968,
            1.9442248344421387,
            5.340564966201782,
            80.9761905670166,
            1.9700045585632324,
            5.549460411071777,
            85.82182025909424,
            1.9777252674102783,
            5.4695892333984375,
            81.82818269729614,
            1.9837725162506104,
            5.905954837799072,
            83.14423751831055,
            2.026602029800415,
            7.821756601333618,
            78.82120990753174,
            1.9479286670684814,
            6.221719741821289,
            83.40259552001953,
            2.005631685256958,
            5.644150495529175,
            81.64996981620789,
            2.0362045764923096,
            5.676653146743774,
            71.96079874038696,
            2.089517831802368,
            6.190473556518555,
            84.29319643974304,
            1.9748470783233643,
            5.826717853546143,
            72.35371470451355,
            1.971590518951416,
            6.137678384780884,
            65.88457322120667,
            2.0086381435394287,
            6.059367895126343,
            81.60410618782043,
            1.9318187236785889,
            6.660649538040161,
            80.6940233707428,
            1.9422152042388916,
            8.51326298713684,
            81.74701833724976,
            2.015552520751953,
            7.666398763656616,
            69.64599752426147,
            1.9782395362854004,
            6.215130805969238,
            82.06297540664673,
            1.9944148063659668,
            6.143198251724243,
            67.99180006980896,
            1.99464750289917,
            6.087884187698364,
            80.03151321411133,
            1.9648475646972656,
            7.581966161727905,
            81.85936546325684,
            1.9629123210906982,
            7.201226234436035,
            86.46146440505981,
            1.9566564559936523,
            6.987325429916382,
            67.27538299560547,
            1.9768397808074951,
            7.064743995666504,
            74.94932103157043,
            1.978365421295166,
            7.160285472869873,
            74.95378756523132,
            1.9876577854156494,
            8.2812020778656,
            68.03019666671753,
            1.9596705436706543,
            7.222285032272339,
            71.879469871521,
            1.976792335510254,
            7.194869756698608,
            68.58648705482483,
            2.0093674659729004,
            6.779907703399658,
            68.48743867874146,
            1.9850108623504639,
            7.964740514755249,
            81.9633002281189,
            1.9697825908660889,
            8.873032808303833,
            77.09388017654419,
            1.9832887649536133,
            8.14723253250122,
            75.01626753807068,
            1.9596171379089355,
            7.461292743682861,
            83.0809874534607,
            1.9687364101409912,
            7.206520080566406,
            90.52326393127441,
            2.01517915725708,
            7.211550951004028,
            77.7556266784668,
            1.9657766819000244,
            9.02240777015686,
            72.45421099662781,
            1.9867494106292725,
            7.652747392654419,
            68.78160786628723,
            1.9969842433929443,
            9.277101755142212,
            67.66174006462097,
            1.9876155853271484,
            9.37259316444397,
            74.54591178894043,
            1.9307880401611328,
            10.12392544746399,
            93.53784441947937,
            1.998326301574707,
            8.723801136016846,
            86.13604950904846,
            2.016486167907715,
            8.773504495620728,
            84.56482672691345,
            2.014819860458374,
            8.010951042175293,
            74.61768674850464,
            1.998164176940918,
            7.7698915004730225,
            82.41831231117249,
            1.930121660232544,
            8.974884271621704,
            86.30396723747253,
            1.9756522178649902,
            9.045661211013794,
            81.26698207855225,
            1.976531744003296,
            9.784185886383057,
            81.57197213172913,
            2.0110156536102295,
            9.623705863952637,
            68.9303867816925,
            1.998957872390747,
            9.274129152297974,
            74.19446873664856,
            1.9913878440856934,
            10.249943017959595,
            77.91100215911865,
            2.0285537242889404,
            9.871270895004272,
            73.14138507843018,
            2.033958673477173,
            10.320144414901733,
            80.5928566455841,
            1.9857022762298584,
            8.705984592437744,
            73.28639149665833,
            1.9783694744110107,
            8.593021154403687,
            83.78459048271179,
            2.10861873626709,
            10.115921020507812,
            72.62234425544739,
            2.006653070449829,
            8.88222050666809,
            64.96683859825134,
            2.014120101928711,
            10.713757753372192,
            88.38456535339355,
            2.0465331077575684,
            8.608712911605835,
            72.87590384483337,
            2.0367136001586914,
            10.499353647232056,
            82.67293572425842,
            1.9592955112457275,
            9.766331434249878,
            78.9213924407959,
            1.958751916885376,
            9.824328184127808,
            69.21223211288452,
            2.0176210403442383,
            10.756162881851196,
            84.60998249053955,
            2.008730411529541,
            11.403188705444336,
            71.0328996181488,
            1.978689432144165,
            10.351900577545166,
            92.13025546073914,
            1.9876317977905273,
            9.89202094078064,
            76.99671125411987,
            2.0336997509002686,
            9.954807996749878,
