{
    "tensor_name": "reddit-2015",
    "sampler": "efficient",
    "R": 100,
    "J": 163840,
    "trial": 0,
    "preprocessing": "log_count",
    "initialization": null,
    "max_iterations": 80,
    "stop_tolerance": 0.0001,
    "tensor_order": 3,
    "trace": {
        "iterations": [
            0,
            5,
            10,
            15,
            20,
            25,
            30,
            35,
            40,
            45,
            50,
            55,
            60,
            65,
            70,
            75,
            80
        ],
        "fits": [
            -484616.05257132533,
            0.08656497658086504,
            0.09173954470620804,
            0.09356998742890632,
            0.09562381386962127,
            0.09692320261305543,
            0.09780275285021156,
            0.09882130187419247,
            0.09937955929210907,
            0.10004884821803506,
            0.10072160123850782,
            0.10107852061090017,
            0.09900822209158688,
            0.10150370983178114,
            0.10169893281752085,
            0.10179439049498595,
            0.1017119016440099
        ],
        "update_times": [
            5.483386754989624,
            2.4656665325164795,
            3.1197350025177,
            68.80608248710632,
            3.9192864894866943,
            6.479475498199463,
            69.38932943344116,
            3.6328234672546387,
            7.152926206588745,
            98.55179452896118,
            3.527766227722168,
            7.387635231018066,
            83.12281847000122,
            3.2143821716308594,
            6.92783784866333,
            63.302825927734375,
            3.7807681560516357,
            7.899211883544922,
            93.81805682182312,
            3.2517898082733154,
            7.458564519882202,
            106.08339285850525,
            3.168278932571411,
            7.271416902542114,
            80.52813339233398,
            3.1548426151275635,
            7.290013074874878,
            67.47671055793762,
            3.350449562072754,
            8.417116165161133,
            82.27440667152405,
            3.7776541709899902,
            7.616352796554565,
            82.05184388160706,
            3.150019884109497,
            7.837219476699829,
            90.46619820594788,
            3.1719112396240234,
            8.293705701828003,
            97.05181765556335,
            3.2736613750457764,
            8.559906721115112,
            83.22662663459778,
            3.2027764320373535,
            8.471632480621338,
            68.16059470176697,
            3.215637683868408,
            9.466818809509277,
            93.93739032745361,
            3.342878818511963,
            9.46490216255188,
            100.89822936058044,
            3.2141213417053223,
            9.330315113067627,
            95.23242402076721,
            3.2697060108184814,
            8.431286096572876,
            67.34733629226685,
            3.2240121364593506,
            8.223571538925171,
            100.2290518283844,
            3.2191553115844727,
            10.100066900253296,
            93.559326171875,
            3.460782766342163,
            10.030411958694458,
            96.78774881362915,
            3.2512362003326416,
            10.367619752883911,
            91.82597136497498,
            3.3551626205444336,
            10.355237483978271,
            67.97036790847778,
            3.7540202140808105,
            8.875097513198853,
            80.67292428016663,
            3.2612788677215576,
            9.252477169036865,
            85.85688519477844,
            3.1900131702423096,
            11.777643918991089,
            74.67929482460022,
            3.216559886932373,
            11.250882148742676,
            99.47325444221497,
            3.630993366241455,
            9.396779537200928,
            65.78079652786255,
            3.2116072177886963,
            9.16775131225586,
            75.5349977016449,
            3.194948673248291,
            9.16657829284668,
            67.88723945617676,
            3.2417237758636475,
            11.96756625175476,
            93.77379703521729,
            3.287336826324463,
            11.638193368911743,
            88.00778841972351,
            3.295821189880371,
            9.136878490447998,
            75.74041557312012,
            3.2511932849884033,
            12.779009580612183,
            60.89960861206055,
            3.223583459854126,
            9.271203517913818,
            95.19568967819214,
            3.3335320949554443,
            9.514749765396118,
            92.47391700744629,
            3.214280843734741,
            12.98805832862854,
            96.51269197463989,
            3.327019214630127,
            9.545701265335083,
            78.04863500595093,
            3.3549656867980957,
            11.569442749023438,
            89.95824575424194,
            3.2917325496673584,
            13.79775071144104,
            95.24049878120422,
            3.351635217666626,
            12.580728769302368,
            77.87721252441406,
            3.3142175674438477,
            12.918175458908081,
            100.10170102119446,
            3.390495777130127,
            13.187302112579346,
            92.4937973022461,
            3.370422601699829,
            10.538920879364014,
            68.59131121635437,
            3.2531521320343018,
            10.084045648574829,
            89.78532600402832,
            3.4194867610931396,
            10.430603742599487,
            78.56246542930603,
            3.244236707687378,
            9.485180139541626,
            76.27114796638489,
            3.2315075397491455,
            12.531171798706055,
            95.32119703292847,
            3.3278205394744873,
            13.282200336456299,
            76.9215841293335,
            3.298184871673584,
            9.95331621170044,
            79.75380778312683,
            3.2714006900787354,
            12.6457679271698,
            98.7921769618988,
            3.2867448329925537,
            15.34721040725708,
            92.25010776519775,
            3.4089298248291016,
            13.20151162147522,
            75.80593156814575,
            3.2769644260406494,
            10.145750761032104,
            84.81636142730713,
            3.3379018306732178,
            12.294957876205444,
            87.5838553905487,
            3.234931230545044,
            12.90476655960083,
            65.62493085861206,
            3.23885440826416,
            10.564119815826416,
            97.92345547676086,
            3.2226696014404297,
            14.644049644470215,
            95.74663996696472,
            3.406550884246826,
            11.225589752197266,
            80.0331072807312,
            3.240935802459717,
            10.427717685699463,
            82.03389406204224,
            3.2375645637512207,
            12.83951735496521,
            85.3692798614502,
            3.2832565307617188,
            10.306851387023926,
            95.98597168922424,
            3.3648409843444824,
            13.254675149917603,
            93.28470158576965,
            3.357647657394409,
            13.753963470458984,
            105.1588499546051,
            3.3127102851867676,
            10.73781156539917,
            79.38731598854065,
            3.253129482269287,
            10.457588195800781,
            73.19569540023804,
            3.2582242488861084,
            10.343902349472046,
            79.20079445838928,
            3.248563289642334,
            10.351794719696045,
            90.55374073982239,
            3.3054068088531494,
            14.188539505004883,
            81.04976558685303,
            3.4438397884368896,
            10.78823733329773,
            82.56262683868408,
            3.2709579467773438,
            10.67464017868042,
            100.50544381141663,
