{
    "tensor_name": "reddit-2015",
    "sampler": "larsen_kolda_hybrid",
    "R": 75,
    "J": 98304,
    "trial": 0,
    "preprocessing": "log_count",
    "initialization": null,
    "max_iterations": 80,
    "stop_tolerance": 0.0001,
    "tensor_order": 3,
    "trace": {
        "iterations": [
            0,
            5,
            10,
            15,
            20,
            25,
            30,
            35,
            40,
            45,
            50,
            55,
            60,
            65,
            70,
            75,
            80
        ],
        "fits": [
            -419807.5306052987,
            0.07395066918015203,
            0.08002406966761955,
            0.08138789313418371,
            0.08211890001884592,
            0.0829913044630447,
            0.08404449540212411,
            0.08505028448971907,
            0.08561988136468413,
            0.08615676281537277,
            0.08633780183252959,
            0.08624854921826619,
            0.08679550487774323,
            0.08660346943289576,
            0.0865401331873542,
            0.0869691290044472,
            0.08668648890974395
        ],
        "update_times": [
            4.442487716674805,
            0.1379537582397461,
            3.2015082836151123,
            57.71538758277893,
            0.22285795211791992,
            3.4792768955230713,
            66.76938009262085,
            0.20522379875183105,
            3.543855905532837,
            78.13493132591248,
            0.265148401260376,
            3.611692428588867,
            61.90466046333313,
            0.20821309089660645,
            3.4480814933776855,
            55.79880213737488,
            0.1871480941772461,
            5.107077598571777,
            74.47243237495422,
            0.20624208450317383,
            3.733290433883667,
            64.94720792770386,
            0.1896805763244629,
            3.4609901905059814,
            71.62684535980225,
            0.17386627197265625,
            4.968367099761963,
            64.93299388885498,
            0.17575645446777344,
            3.643838882446289,
            71.3541407585144,
            0.17738986015319824,
            4.912608623504639,
            63.60014748573303,
            0.15333294868469238,
            3.432706356048584,
            71.82376050949097,
            0.20861458778381348,
            3.608553647994995,
            64.25501084327698,
            0.17203450202941895,
            3.827054738998413,
            56.229294538497925,
            0.13593411445617676,
            3.5745513439178467,
            66.67775630950928,
            0.2207791805267334,
            3.5291411876678467,
            69.50329279899597,
            0.22039198875427246,
            3.504085063934326,
            63.20009231567383,
            0.2195878028869629,
            3.496962308883667,
            67.3116934299469,
            0.22128057479858398,
            3.643541097640991,
            57.235530376434326,
            0.14325737953186035,
            3.859149932861328,
            54.11475968360901,
            0.13179326057434082,
            3.45532488822937,
            66.61912155151367,
            0.21727538108825684,
            3.5343446731567383,
            57.989893436431885,
            0.19029593467712402,
            3.573317050933838,
            67.75234484672546,
            0.22274422645568848,
            3.6203482151031494,
            64.03115463256836,
            0.22627663612365723,
            3.5260212421417236,
            65.77934265136719,
            0.1495962142944336,
            3.544682264328003,
            67.7261860370636,
            0.16422271728515625,
            3.588048219680786,
            63.93401598930359,
            0.21805047988891602,
            3.459286689758301,
            65.76824569702148,
            0.2677035331726074,
            3.499483585357666,
            56.68228363990784,
            0.13597655296325684,
            3.4278135299682617,
            56.57878565788269,
            0.1687304973602295,
            3.4935433864593506,
            63.339365005493164,
            0.24300503730773926,
            3.478304624557495,
            60.10002946853638,
            0.21747612953186035,
            3.569972276687622,
            64.87952828407288,
            0.17619585990905762,
            4.329200506210327,
            57.508389472961426,
            0.17598247528076172,
            4.223816156387329,
            65.82584142684937,
            0.11213254928588867,
            4.45006799697876,
            60.86239218711853,
            0.136793851852417,
            3.426814317703247,
            53.1120810508728,
            0.23116350173950195,
            4.136350154876709,
            60.70967745780945,
            0.13602185249328613,
            3.878227710723877,
            55.44033622741699,
            0.12562847137451172,
            3.5494871139526367,
            49.33786606788635,
            0.15865278244018555,
            3.5066628456115723,
            52.51947808265686,
            0.20985817909240723,
            5.0524232387542725,
            55.847851514816284,
            0.18364572525024414,
            3.5670173168182373,
            49.32599687576294,
            0.1796865463256836,
            5.252715826034546,
            56.40480279922485,
            0.1941075325012207,
            4.038461685180664,
            50.65837860107422,
            0.11308002471923828,
            3.549431562423706,
            62.568031549453735,
            0.21770668029785156,
            3.8405418395996094,
            52.583446741104126,
            0.18056917190551758,
            3.55422043800354,
            49.39021277427673,
            0.16384434700012207,
            5.089087724685669,
            51.66704201698303,
            0.13599848747253418,
            3.4992496967315674,
            52.624746799468994,
            0.2178502082824707,
            3.740417957305908,
            54.887426137924194,
            0.1406400203704834,
            3.540832042694092,
            60.60027098655701,
            0.22182464599609375,
            3.744694471359253,
            58.325196981430054,
            0.29790449142456055,
            3.462702989578247,
            59.26866888999939,
            0.258864164352417,
            3.478374719619751,
            53.47154474258423,
            0.1734447479248047,
            3.4411444664001465,
            64.76398611068726,
            0.13395333290100098,
            4.5978615283966064,
            61.48211741447449,
            0.2085707187652588,
            3.574854850769043,
            60.3318235874176,
            0.13501358032226562,
            3.578605890274048,
            51.88597512245178,
            0.1879723072052002,
            3.551034450531006,
            54.413503885269165,
            0.22310304641723633,
            3.6549932956695557,
            59.15632891654968,
            0.14104199409484863,
            3.6251025199890137,
            60.57712173461914,
            0.1289992332458496,
            3.554476499557495,
            63.62748646736145,
            0.23004746437072754,
            3.552121162414551,
            53.704530477523804,
            0.7321610450744629,
            3.531020164489746,
            56.95053052902222,
            0.22975778579711914,
            3.6863200664520264,
            52.54050922393799,
            0.15440940856933594,
            3.478583812713623,
            62.73687553405762,
            0.2428441047668457,
            3.5231106281280518,
            60.29287910461426,
            0.18904876708984375,
            3.5722122192382812,
            54.057717084884644,
            0.19677376747131348,
            3.652575969696045,
            62.071436643600464,
            0.15381431579589844,
            3.392388343811035,
            52.71036076545715,
