{
    "tensor_name": "reddit-2015",
    "sampler": "larsen_kolda_hybrid",
    "R": 50,
    "J": 65536,
    "trial": 2,
    "preprocessing": "log_count",
    "initialization": null,
    "max_iterations": 80,
    "stop_tolerance": 0.0001,
    "tensor_order": 3,
    "trace": {
        "iterations": [
            0,
            5,
            10,
            15,
            20,
            25,
            30,
            35,
            40,
            45,
            50,
            55,
            60,
            65,
            70,
            75,
            80
        ],
        "fits": [
            -342806.9192300821,
            0.06445251280145714,
            0.0678610399057008,
            0.06958963310868083,
            0.07064673640993824,
            0.07171264980034953,
            0.07238491015566761,
            0.07349866001081151,
            0.07266855241053993,
            0.07384035234145003,
            0.07387275742281274,
            0.07316613287805274,
            0.07461599059933377,
            0.07481803567196554,
            0.0747387399895405,
            0.07311948395711232,
            0.07319368794395531
        ],
        "update_times": [
            2.259728193283081,
            0.04205513000488281,
            1.984938144683838,
            31.197182178497314,
            0.10409903526306152,
            2.122802495956421,
            42.0154185295105,
            0.11780071258544922,
            2.11892032623291,
            42.27965188026428,
            0.11353015899658203,
            2.0907230377197266,
            39.53802967071533,
            0.09152030944824219,
            2.108717203140259,
            41.18086791038513,
            0.08895683288574219,
            2.344083786010742,
            41.98152279853821,
            0.10826992988586426,
            2.171011447906494,
            39.52695441246033,
            0.11265039443969727,
            2.3101351261138916,
            47.50605297088623,
            0.1254727840423584,
            2.5896964073181152,
            43.55138182640076,
            0.09310483932495117,
            2.2573862075805664,
            44.0972056388855,
            0.09792709350585938,
            2.1140551567077637,
            37.58473992347717,
            0.09720134735107422,
            2.103017807006836,
            45.58976173400879,
            0.07056069374084473,
            2.1081862449645996,
            37.36121344566345,
            0.06046128273010254,
            2.1567955017089844,
            44.45043706893921,
            0.0675804615020752,
            2.160599946975708,
            38.295164346694946,
            0.1075899600982666,
            2.13692307472229,
            35.30251145362854,
            0.10164809226989746,
            2.075448751449585,
            39.351364850997925,
            0.09035181999206543,
            2.0923011302948,
            34.67620873451233,
            0.07735490798950195,
            2.133268356323242,
            39.738274574279785,
            0.09894251823425293,
            2.181452512741089,
            37.251307010650635,
            0.09378290176391602,
            2.0912346839904785,
            46.6774001121521,
            0.09309554100036621,
            2.150733470916748,
            36.7674126625061,
            0.12133979797363281,
            2.0712809562683105,
            32.12833857536316,
            0.06315875053405762,
            2.1077322959899902,
            32.62356233596802,
            0.06823921203613281,
            2.092481851577759,
            37.982240438461304,
            0.08828902244567871,
            2.109924077987671,
            41.636242389678955,
            0.0835106372833252,
            2.1129655838012695,
            36.74713850021362,
            0.08930730819702148,
            2.1597630977630615,
            38.5712993144989,
            0.1031956672668457,
            2.512280225753784,
            30.205581426620483,
            0.06606769561767578,
            2.0956625938415527,
            33.57006359100342,
            0.09966135025024414,
            2.32751202583313,
            37.32333445549011,
            0.09930753707885742,
            2.71043062210083,
            39.183021783828735,
            0.09392571449279785,
            2.6115076541900635,
            41.769474506378174,
            0.0891408920288086,
            2.1661972999572754,
            30.919763565063477,
            0.09048676490783691,
            2.2356269359588623,
            41.65042281150818,
            0.09696030616760254,
            2.2482404708862305,
            43.91355323791504,
            0.07784271240234375,
            2.621954917907715,
            37.95998787879944,
            0.10387635231018066,
            2.1204400062561035,
            31.120959043502808,
            0.07048821449279785,
            2.129997491836548,
            30.38713240623474,
            0.07136750221252441,
            2.141932725906372,
            32.50639486312866,
            0.07391643524169922,
            2.1556005477905273,
            31.653125047683716,
            0.09468245506286621,
            2.1153860092163086,
            37.69834113121033,
            0.08848428726196289,
            2.1270720958709717,
            36.486345291137695,
            0.08337521553039551,
            2.0981714725494385,
            36.5136284828186,
            0.09567785263061523,
            2.1117959022521973,
            37.77200365066528,
            0.09423470497131348,
            2.0322561264038086,
            35.19587683677673,
            0.09358763694763184,
            2.109499931335449,
            35.825605630874634,
            0.06849265098571777,
            2.538726568222046,
            37.27224540710449,
            0.07041501998901367,
            2.120192766189575,
            40.316330909729004,
            0.09622859954833984,
            2.1750824451446533,
            35.461907386779785,
            0.07472944259643555,
            2.158764600753784,
            34.16027021408081,
            0.0957803726196289,
            2.397913932800293,
            36.665196657180786,
            0.11786556243896484,
            2.1307170391082764,
            34.12555408477783,
            0.08053779602050781,
            2.0802693367004395,
            33.879305362701416,
            0.07979631423950195,
            2.131708860397339,
            39.16956329345703,
            0.11386942863464355,
            2.0880250930786133,
            32.28646373748779,
            0.07227802276611328,
            2.125528335571289,
            35.171905279159546,
            0.09698891639709473,
            2.552703380584717,
            32.58495569229126,
            0.07423973083496094,
            2.130859375,
            34.67396807670593,
            0.12075018882751465,
            2.144237995147705,
            40.83359909057617,
            0.08451724052429199,
            2.218672037124634,
            38.69925141334534,
            0.07030010223388672,
            2.7449631690979004,
            32.003705978393555,
            0.06930947303771973,
            2.1183950901031494,
            33.576732873916626,
            0.10573077201843262,
            2.1200621128082275,
            34.530247926712036,
            0.08318758010864258,
            2.3089582920074463,
            33.67024898529053,
            0.07685279846191406,
            2.899351119995117,
            37.37955069541931,
            0.092193603515625,
            2.3390469551086426,
            35.85334634780884,
            0.09328031539916992,
            2.1991186141967773,
            37.877779483795166,
            0.08387541770935059,
            2.152923822402954,
            33.896432638168335,
            0.11037421226501465,
            2.170287847518921,
            32.015403270721436,
            0.0929560661315918,
            2.0669655799865723,
            35.33195495605469,
