{
    "tensor_name": "reddit-2015",
    "sampler": "larsen_kolda_hybrid",
    "R": 100,
    "J": 98304,
    "trial": 0,
    "preprocessing": "log_count",
    "initialization": null,
    "max_iterations": 80,
    "stop_tolerance": 0.0001,
    "tensor_order": 3,
    "trace": {
        "iterations": [
            0,
            5,
            10,
            15,
            20,
            25,
            30,
            35,
            40,
            45,
            50,
            55,
            60,
            65,
            70,
            75
        ],
        "fits": [
            -484621.03751554457,
            0.08237822433373809,
            0.08777420257990809,
            0.08916091116083746,
            0.08984031484883892,
            0.09106179905649825,
            0.09173229779587622,
            0.09252962924700092,
            0.09253938493084746,
            0.09310593646617416,
            0.09322707625232018,
            0.09341783602077292,
            0.09378565060240995,
            0.09341794697096062,
            0.09245150388977297,
            0.09268327067932358
        ],
        "update_times": [
            3.355034112930298,
            0.10311269760131836,
            3.8093373775482178,
            44.739553928375244,
            0.15181922912597656,
            3.566302537918091,
            66.29933452606201,
            0.17879986763000488,
            3.60361909866333,
            69.82563138008118,
            0.18360447883605957,
            3.608461856842041,
            58.00430154800415,
            0.23202013969421387,
            3.584437131881714,
            64.3208532333374,
            0.1903393268585205,
            5.079450607299805,
            55.5749626159668,
            0.22821569442749023,
            3.6466386318206787,
            72.06757688522339,
            0.154343843460083,
            3.9820053577423096,
            77.51689839363098,
            0.23244309425354004,
            3.5932717323303223,
            61.3589653968811,
            0.22610998153686523,
            3.6817233562469482,
            69.1641993522644,
            0.1945483684539795,
            3.6772282123565674,
            49.755741119384766,
            0.1946241855621338,
            5.175409317016602,
            64.13003301620483,
            0.18667149543762207,
            3.7113068103790283,
            41.28564429283142,
            0.1661531925201416,
            3.721008062362671,
            68.45770359039307,
            0.13912487030029297,
            3.697965383529663,
            65.89815926551819,
            0.20717525482177734,
            3.665012836456299,
            56.28697681427002,
            0.21094727516174316,
            5.172285318374634,
            70.88395094871521,
            0.21969246864318848,
            3.6518874168395996,
            51.622978925704956,
            0.22067618370056152,
            3.7022387981414795,
            65.79996514320374,
            0.19951176643371582,
            3.605658531188965,
            52.878315687179565,
            0.23150181770324707,
            5.062499523162842,
            60.330209732055664,
            0.22498178482055664,
            4.03022313117981,
            54.665300369262695,
            0.1493546962738037,
            3.594675302505493,
            48.72399353981018,
            0.20804738998413086,
            3.6510369777679443,
            52.90627574920654,
            0.1521589756011963,
            4.65300726890564,
            40.6929407119751,
            0.18396687507629395,
            3.6134557723999023,
            57.033658504486084,
            0.1603713035583496,
            3.7563529014587402,
            60.01017642021179,
            0.20143985748291016,
            3.6521873474121094,
            45.00211548805237,
            0.22551393508911133,
            3.6470391750335693,
            61.891557693481445,
            0.18944478034973145,
            3.600663900375366,
            66.8078100681305,
            0.17925429344177246,
            3.5560946464538574,
            53.60928559303284,
            0.21357440948486328,
            3.5770833492279053,
            63.80772376060486,
            0.22669625282287598,
            3.6015470027923584,
            70.22399282455444,
            0.17554879188537598,
            4.904736757278442,
            38.909939765930176,
            0.1475355625152588,
            4.9578351974487305,
            43.782799243927,
            0.20186448097229004,
            3.6271660327911377,
            40.75572896003723,
            0.1588280200958252,
            4.271285533905029,
            54.62605166435242,
            0.3284752368927002,
            4.3502068519592285,
            45.01743698120117,
            0.15815520286560059,
            3.6392483711242676,
            51.535741329193115,
            0.179762601852417,
            3.7264034748077393,
            43.879470109939575,
            0.21177339553833008,
            3.5977914333343506,
            56.06071996688843,
            0.16360783576965332,
            4.879773378372192,
            40.15005946159363,
            0.1642770767211914,
            3.5986783504486084,
            68.05056834220886,
            0.24671387672424316,
            3.734384536743164,
            68.80776953697205,
            0.25043678283691406,
            3.5324552059173584,
            58.622379779815674,
            0.20768523216247559,
            3.690483808517456,
            49.84889483451843,
            0.12424230575561523,
            3.711481809616089,
            45.63549876213074,
            0.20515966415405273,
            4.921577215194702,
            41.147345304489136,
            0.21254682540893555,
            3.624793529510498,
            55.12637519836426,
            0.14902257919311523,
            3.610943078994751,
            57.61283016204834,
            0.1742103099822998,
            3.52238130569458,
            61.76886439323425,
            0.18492698669433594,
            3.605494976043701,
            48.32977032661438,
            0.13105082511901855,
            3.561030864715576,
            40.823896646499634,
            0.20167970657348633,
            3.574315071105957,
            61.445178747177124,
            0.15849542617797852,
            3.5943074226379395,
            66.16731429100037,
            0.21033024787902832,
            3.6070146560668945,
            63.14315223693848,
            0.1513969898223877,
            5.335440158843994,
            44.192373275756836,
            0.17217731475830078,
            3.6585752964019775,
            57.04504680633545,
            0.1621241569519043,
            3.606478452682495,
            60.42305278778076,
            0.1445927619934082,
            3.725202798843384,
            67.63007926940918,
            0.2493431568145752,
            3.5399720668792725,
            64.67102098464966,
            0.16236281394958496,
            4.183943510055542,
            54.879558801651,
            0.1653883457183838,
            3.623262643814087,
            61.637112855911255,
            0.1576223373413086,
            3.6527912616729736,
            53.71010494232178,
            0.1524796485900879,
            3.7089731693267822,
            64.13693618774414,
            0.16006803512573242,
            3.776108980178833,
            50.71636891365051,
            0.3338644504547119,
            3.569378137588501,
            47.120988845825195,
            0.20486235618591309,
            4.9837586879730225,
            53.01033329963684,
            0.1390087604522705,
            3.6508185863494873,
            57.68342661857605,
            0.2114276885986328,
            3.577191114425659,
            46.4907591342926,
            0.18162870407104492,
            3.713621139526367,
            48.294127464294434,
            0.12722373008728027,
            3.590672016143799,
