{
    "tensor_name": "reddit-2015",
    "sampler": "larsen_kolda_hybrid",
    "R": 75,
    "J": 32768,
    "trial": 1,
    "preprocessing": "log_count",
    "initialization": null,
    "max_iterations": 80,
    "stop_tolerance": 0.0001,
    "tensor_order": 3,
    "trace": {
        "iterations": [
            0,
            5,
            10,
            15,
            20,
            25,
            30,
            35,
            40,
            45,
            50
        ],
        "fits": [
            -419849.3009422467,
            0.07180000625657912,
            0.07573531784475174,
            0.07710932897328893,
            0.07761467169815128,
            0.07869225148458725,
            0.07865501157073285,
            0.07925662333910855,
            0.07857407346718315,
            0.07678731976565589,
            0.07871561369483149
        ],
        "update_times": [
            3.787778615951538,
            0.05200076103210449,
            3.9868533611297607,
            16.182986736297607,
            0.09740543365478516,
            3.1255698204040527,
            26.979698419570923,
            0.08632040023803711,
            3.1354098320007324,
            34.81092309951782,
            0.07583856582641602,
            3.110780954360962,
            32.660008668899536,
            0.06894159317016602,
            3.4211466312408447,
            30.58300495147705,
            0.0731806755065918,
            4.145597457885742,
            26.204371213912964,
            0.07372736930847168,
            4.029223918914795,
            31.415180683135986,
            0.10423898696899414,
            3.0698845386505127,
            24.859638452529907,
            0.06453585624694824,
            3.400933265686035,
            25.475597858428955,
            0.0882117748260498,
            3.035675287246704,
            28.40288734436035,
            0.07042503356933594,
            2.990722417831421,
            25.999369144439697,
            0.06869721412658691,
            3.0785176753997803,
            35.46392822265625,
            0.07777881622314453,
            3.076488733291626,
            26.41336178779602,
            0.0617060661315918,
            3.088456630706787,
            28.31515383720398,
            0.05905890464782715,
            4.058590650558472,
            24.94039511680603,
            0.08244824409484863,
            3.1049630641937256,
            29.379549264907837,
            0.06981563568115234,
            3.058185338973999,
            27.2147855758667,
            0.0894174575805664,
            3.447530746459961,
            26.127292156219482,
            0.06619048118591309,
            3.0567872524261475,
            27.03507685661316,
            0.12356901168823242,
            3.033484935760498,
            22.797321319580078,
            0.0745079517364502,
            3.508981466293335,
            22.805115222930908,
            0.0790400505065918,
            3.5508341789245605,
            22.54305624961853,
            0.07711505889892578,
            3.4622507095336914,
            25.01720356941223,
            0.07163524627685547,
            4.115337133407593,
            26.426398277282715,
            0.0720677375793457,
            3.1156463623046875,
            24.382440090179443,
            0.06490373611450195,
            3.4127113819122314,
            23.349085092544556,
            0.08086013793945312,
            3.403947353363037,
            26.27018404006958,
            0.06982660293579102,
            3.961000442504883,
            28.94303846359253,
            0.06722497940063477,
            4.185829162597656,
            29.206218957901,
            0.06816411018371582,
            4.263753175735474,
            22.546420097351074,
            0.0693051815032959,
            3.6589558124542236,
            26.993738412857056,
            0.05881476402282715,
            3.676809072494507,
            26.130223989486694,
            0.06878161430358887,
            3.5148491859436035,
            24.986125230789185,
            0.08339977264404297,
            4.220270872116089,
            25.81876039505005,
            0.07816863059997559,
            3.973985195159912,
            27.419797658920288,
            0.06526613235473633,
            3.0096263885498047,
            28.710936307907104,
            0.06111717224121094,
            3.055206537246704,
            24.48598599433899,
            0.09486746788024902,
            3.0674972534179688,
            29.652544736862183,
            0.06914401054382324,
            3.9605154991149902,
            27.15394926071167,
            0.06585502624511719,
            3.3867664337158203,
            22.713547706604004,
            0.06292605400085449,
            4.084276437759399,
            28.280857801437378,
            0.06988859176635742,
            3.0042972564697266,
            23.311922550201416,
            0.07897257804870605,
            3.0350124835968018,
            24.053739070892334,
            0.06713700294494629,
            3.112760066986084,
            26.812320232391357,
            0.06928634643554688,
            3.1122384071350098,
            27.00714087486267,
            0.11562800407409668,
            3.055495262145996,
            23.74056887626648,
            0.08828306198120117,
            3.1323108673095703,
            26.728131771087646,
            0.07058453559875488,
            3.5034852027893066,
            27.29146409034729,
            0.06267738342285156,
            3.1334495544433594,
            29.464581966400146,
            0.06193900108337402,
            3.045927047729492
        ],
        "fit_computation_times": [
            89.09361600875854,
            86.28209733963013,
            87.90421915054321,
            88.47119402885437,
            87.53201031684875,
            86.1920166015625,
            86.36903476715088,
            85.79359793663025,
            88.05375027656555,
            85.27051401138306
        ]
    },
    "elapsed": 2444.9680774211884
}