{
    "tensor_name": "reddit-2015",
    "sampler": "efficient",
    "R": 25,
    "J": 98304,
    "trial": 2,
    "preprocessing": "log_count",
    "initialization": null,
    "max_iterations": 80,
    "stop_tolerance": 0.0001,
    "tensor_order": 3,
    "trace": {
        "iterations": [
            0,
            5,
            10,
            15,
            20,
            25,
            30,
            35,
            40,
            45,
            50,
            55,
            60,
            65,
            70
        ],
        "fits": [
            -242274.8455347154,
            0.049127245979516565,
            0.05376046288242664,
            0.054909976726950416,
            0.05626956366203306,
            0.05700055130789261,
            0.05753264404200875,
            0.058300568922839524,
            0.058313278075321495,
            0.058720295504030684,
            0.05879046951193334,
            0.058912291999174804,
            0.058968290934217626,
            0.058974174846397553,
            0.0590045635612505
        ],
        "update_times": [
            0.8701982498168945,
            0.14900994300842285,
            0.7514281272888184,
            20.836968183517456,
            0.21157217025756836,
            1.3047676086425781,
            22.551119804382324,
            0.20021796226501465,
            1.4750182628631592,
            25.020479440689087,
            0.21513652801513672,
            1.547518014907837,
            28.511028051376343,
            0.20595049858093262,
            1.8201327323913574,
            25.93265652656555,
            0.2209336757659912,
            2.3096063137054443,
            27.29718852043152,
            0.20842909812927246,
            1.9719789028167725,
            25.80982804298401,
            0.1936168670654297,
            1.7435758113861084,
            29.51812744140625,
            0.20260405540466309,
            1.7257378101348877,
            26.696836948394775,
            0.20380210876464844,
            1.9807672500610352,
            25.34080672264099,
            0.19824004173278809,
            2.0178723335266113,
            25.744526624679565,
            0.20327138900756836,
            2.1469178199768066,
            27.94204330444336,
            0.18886971473693848,
            1.7894115447998047,
            23.22519063949585,
            0.20366525650024414,
            1.6904752254486084,
            30.167943954467773,
            0.21411490440368652,
            1.7922089099884033,
            27.78290319442749,
            0.2231128215789795,
            1.9822816848754883,
            28.408841133117676,
            0.20824289321899414,
            1.9156155586242676,
            26.20526623725891,
            0.1950242519378662,
            1.8506298065185547,
            25.179211616516113,
            0.18967986106872559,
            2.1021363735198975,
            27.893398761749268,
            0.2086188793182373,
            2.101083993911743,
            26.776670932769775,
            0.1881718635559082,
            2.2470405101776123,
            29.470524549484253,
            0.20958495140075684,
            2.1927409172058105,
            26.88059425354004,
            0.20993804931640625,
            2.0456018447875977,
            26.91808843612671,
            0.19736552238464355,
            2.1745808124542236,
            24.95813798904419,
            0.19651317596435547,
            2.1566507816314697,
            30.75516653060913,
            0.19499421119689941,
            2.265742063522339,
            27.315112590789795,
            0.20150184631347656,
            2.183450222015381,
            26.541738748550415,
            0.19471526145935059,
            2.578334331512451,
            30.300551414489746,
            0.19474148750305176,
            2.371236801147461,
            27.530165910720825,
            0.1912689208984375,
            2.1562907695770264,
            26.19508194923401,
            0.19852519035339355,
            2.549190044403076,
            28.13842749595642,
            0.20498061180114746,
            2.3848378658294678,
            28.152437686920166,
            0.20458221435546875,
            2.405097484588623,
            27.881961822509766,
            0.2044064998626709,
            2.273979663848877,
            28.45750904083252,
            0.1993727684020996,
            2.5313844680786133,
            25.481850624084473,
            0.1922314167022705,
            2.131681203842163,
            25.34112024307251,
            0.22470688819885254,
            2.666759967803955,
            26.952760696411133,
            0.2040412425994873,
            2.6259703636169434,
            28.70896315574646,
            0.18671417236328125,
            2.5707809925079346,
            26.646555185317993,
            0.19300174713134766,
            2.62066650390625,
            26.5250403881073,
            0.20781946182250977,
            2.380558490753174,
            27.602108001708984,
            0.20491242408752441,
            2.1758291721343994,
            26.995666027069092,
            0.19377517700195312,
            2.7939541339874268,
            23.989788055419922,
            0.1897897720336914,
            2.632554292678833,
            27.106889247894287,
            0.21167755126953125,
            2.4669861793518066,
            25.88597011566162,
            0.19287657737731934,
            2.9303982257843018,
            29.10449528694153,
            0.20536160469055176,
            2.67055344581604,
            26.247519731521606,
            0.6552331447601318,
            2.477187156677246,
            24.1058087348938,
            0.19297170639038086,
            2.464252471923828,
            28.67855215072632,
            0.1893613338470459,
            2.678077220916748,
            28.755202054977417,
            0.19003796577453613,
            2.571427583694458,
            28.87023401260376,
            0.19105315208435059,
            2.3791873455047607,
            27.359596252441406,
            0.19266295433044434,
            2.8537888526916504,
            28.217318773269653,
            0.20574641227722168,
            2.687300205230713,
            25.99454951286316,
            0.20830154418945312,
            2.639845609664917,
            26.808050394058228,
            0.20296335220336914,
            2.3483080863952637,
            24.897733688354492,
            0.21001243591308594,
            2.856323719024658,
            30.677613973617554,
            0.20955467224121094,
            2.6186227798461914,
            25.811649322509766,
            0.2014307975769043,
            2.7280471324920654,
            28.309515476226807,
            0.18951916694641113,
            2.3584890365600586,
            28.04872989654541,
            0.1964738368988037,
            2.6822922229766846,
            23.625733137130737,
            0.19185161590576172,
            2.8095908164978027,
            27.924009799957275,
            0.18792271614074707,
            2.6144402027130127,
            27.24571442604065,
            0.18296313285827637,
            2.5709831714630127,
            26.815019369125366,
            0.19879889488220215,
            2.7559666633605957,
            27.94913935661316,
            0.1874091625213623,
            2.603351593017578,
            26.65007448196411,
            0.18219971656799316,
            2.8060598373413086,
            27.25806498527527,
            0.20751118659973145,
            2.516221046447754,
            26.236656188964844,
            0.21025419235229492,
            2.4493672847747803,
            28.46067714691162,
            0.1894524097442627,
            2.630915880203247
        ],