{
    "tensor_name": "reddit-2015",
    "sampler": "larsen_kolda_hybrid",
    "R": 25,
    "J": 98304,
    "trial": 1,
    "preprocessing": "log_count",
    "initialization": null,
    "max_iterations": 80,
    "stop_tolerance": 0.0001,
    "tensor_order": 3,
    "trace": {
        "iterations": [
            0,
            5,
            10,
            15,
            20,
            25,
            30,
            35,
            40,
            45,
            50,
            55,
            60,
            65
        ],
        "fits": [
            -242240.30677520036,
            0.04920839671063326,
            0.05258011683003583,
            0.053591779231199066,
            0.054680067030852486,
            0.05568783190741311,
            0.056262682749895876,
            0.056634664604747975,
            0.057427258024140504,
            0.05754061493716789,
            0.05773068366029954,
            0.05777319147080118,
            0.05781635731522261,
            0.0576826571021859
        ],
        "update_times": [
            1.8462059497833252,
            0.051317691802978516,
            2.1456997394561768,
            3.059434652328491,
            0.08066225051879883,
            2.070668935775757,
            29.254600048065186,
            0.06751060485839844,
            1.9805197715759277,
            38.26305890083313,
            0.07702112197875977,
            3.106877088546753,
            34.54371452331543,
            0.0715794563293457,
            1.223527431488037,
            33.212106704711914,
            0.08034992218017578,
            2.087895154953003,
            33.28527235984802,
            0.06361675262451172,
            2.139723539352417,
            33.35108947753906,
            0.07381296157836914,
            1.218855619430542,
            33.674976110458374,
            0.0460202693939209,
            1.1648507118225098,
            32.8799147605896,
            0.08094239234924316,
            1.2045238018035889,
            30.562087059020996,
            0.07930278778076172,
            1.8243396282196045,
            30.984246492385864,
            0.06328153610229492,
            1.7370424270629883,
            36.4963116645813,
            0.06106758117675781,
            1.2086586952209473,
            31.709272384643555,
            0.04630470275878906,
            1.2209417819976807,
            33.08029890060425,
            0.0618128776550293,
            1.9339392185211182,
            28.122066497802734,
            0.05596518516540527,
            2.1391427516937256,
            29.79135513305664,
            0.08614945411682129,
            2.0351364612579346,
            34.5485475063324,
            0.07851815223693848,
            1.30385422706604,
            33.312803745269775,
            0.07328104972839355,
            1.94571852684021,
            33.594955921173096,
            0.06949114799499512,
            1.9751434326171875,
            31.262744188308716,
            0.0507969856262207,
            1.9770257472991943,
            31.049131393432617,
            0.09857058525085449,
            1.9444694519042969,
            32.91438603401184,
            0.054007530212402344,
            1.228611946105957,
            35.12891697883606,
            0.07062697410583496,
            1.2216625213623047,
            32.44529747962952,
            0.09180021286010742,
            1.2670257091522217,
            31.653926849365234,
            0.07637190818786621,
            1.2594518661499023,
            32.44985318183899,
            0.05956530570983887,
            1.272460699081421,
            34.34308075904846,
            0.0606684684753418,
            1.2251641750335693,
            30.68979573249817,
            0.07489013671875,
            1.277439832687378,
            33.7143132686615,
            0.0522160530090332,
            1.3002996444702148,
            33.86077880859375,
            0.05777597427368164,
            1.1873691082000732,
            30.13110375404358,
            0.04484391212463379,
            1.9864845275878906,
            33.07580089569092,
            0.060546159744262695,
            1.2416250705718994,
            32.53799295425415,
            0.0569758415222168,
            1.3346941471099854,
            32.73781633377075,
            0.06360030174255371,
            1.2331571578979492,
            29.95616865158081,
            0.0718240737915039,
            1.205564022064209,
            30.958247423171997,
            0.08211803436279297,
            1.2113313674926758,
            31.22395157814026,
            0.10544753074645996,
            1.3057584762573242,
            32.89101576805115,
            0.0726006031036377,
            1.217796802520752,
            31.048856258392334,
            0.07646965980529785,
            1.290257453918457,
            30.169134616851807,
            0.07165026664733887,
            2.047555446624756,
            31.680508375167847,
            0.05839228630065918,
            1.2265923023223877,
            28.3984591960907,
            0.05715823173522949,
            1.2175571918487549,
            30.25121831893921,
            0.08331084251403809,
            1.2395520210266113,
            30.856078624725342,
            0.07862687110900879,
            1.2428767681121826,
            34.624571800231934,
            0.07164382934570312,
            1.3531928062438965,
            31.82565474510193,
            0.05088210105895996,
            1.1897339820861816,
            30.611828088760376,
            0.05534100532531738,
            2.027841567993164,
            30.78015398979187,
            0.0659019947052002,
            2.0013368129730225,
            31.99145746231079,
            0.056040048599243164,
            1.352992057800293,
            31.367742776870728,
            0.08816909790039062,
            1.3667302131652832,
            31.79140615463257,
            0.07766175270080566,
            1.2392144203186035,
            28.322842359542847,
            0.0692605972290039,
            1.9834775924682617,
            33.78998565673828,
            0.045302629470825195,
            2.049685478210449,
            31.588659048080444,
            0.0654597282409668,
            1.2330124378204346,
            33.553229570388794,
            0.058832645416259766,
            1.2285411357879639,
            32.518991470336914,
            0.044580698013305664,
            2.1915042400360107,
            30.620680332183838,
            0.07093143463134766,
            1.2694706916809082,
            31.72188377380371,
            0.0718386173248291,
            1.2457373142242432,
            30.55091404914856,
            0.07609868049621582,
            1.2345192432403564,
            29.41773819923401,
            0.055448293685913086,
            1.2275841236114502,
            30.29591965675354,
            0.0503687858581543,
            2.121476650238037,
            30.537060737609863,
            0.05104660987854004,
            2.037017583847046,
            34.54501414299011,
            0.06690120697021484,
            2.023632526397705,
            31.434598922729492,
            0.07276773452758789,
            1.3674805164337158
        ],
        "fit_computation_times": [
            46.16165781021118,
            46.58664011955261,
            46.490089893341064,
            44.66605043411255,
            45.73803234100342,
            46.12711262702942,
            45.15081572532654,
            45.92473101615906,
            47.27957606315613,
            45.02157807350159,
            44.706839084625244,
            46.59246778488159,
            44.41521859169006
        ]
    },
    "elapsed": 2770.6516501903534
}