{
    "tensor_name": "reddit-2015",
    "sampler": "efficient",
    "R": 125,
    "J": 163840,
    "trial": 3,
    "preprocessing": "log_count",
    "initialization": null,
    "max_iterations": 80,
    "stop_tolerance": 0.0001,
    "tensor_order": 3,
    "trace": {
        "iterations": [
            0,
            5,
            10,
            15,
            20,
            25,
            30,
            35,
            40,
            45,
            50,
            55,
            60,
            65,
            70,
            75,
            80
        ],
        "fits": [
            -541932.3767455957,
            0.09303250216458003,
            0.0974730939926105,
            0.09959896725386519,
            0.10170388528281471,
            0.10331717566524101,
            0.1048655975857864,
            0.10579692341505087,
            0.1066397354160914,
            0.10756848430315413,
            0.10817369703156043,
            0.10885876708789999,
            0.10927497332246705,
            0.10957403287391176,
            0.10973323372442267,
            0.11009065716225874,
            0.11012766102573812
        ],
        "update_times": [
            8.036894083023071,
            3.363724946975708,
            4.7743308544158936,
            101.04851198196411,
            6.551086187362671,
            9.360832452774048,
            104.60403323173523,
            5.7919394969940186,
            10.348612546920776,
            118.8632025718689,
            5.9805006980896,
            10.69358229637146,
            108.11541771888733,
            6.087294101715088,
            9.773290634155273,
            114.52933382987976,
            5.399203300476074,
            9.32019591331482,
            110.96538949012756,
            5.31966233253479,
            9.95356035232544,
            86.85554504394531,
            5.985666751861572,
            11.845645904541016,
            124.12380647659302,
            5.60716986656189,
            10.301143646240234,
            105.46241354942322,
            5.575299024581909,
            10.22445821762085,
            103.59503555297852,
            5.747021198272705,
            10.464043378829956,
            96.23362231254578,
            5.305830240249634,
            12.111806392669678,
            97.10933327674866,
            5.6663806438446045,
            11.968140363693237,
            106.23179292678833,
            5.340696334838867,
            10.398125171661377,
            98.37487959861755,
            5.26842999458313,
            12.80487060546875,
            109.416499376297,
            5.382975101470947,
            11.30265998840332,
            95.37821960449219,
            5.405340671539307,
            11.409289360046387,
            108.45182061195374,
            5.312894821166992,
            11.790632486343384,
            101.70090460777283,
            5.444974660873413,
            11.132292032241821,
            110.89022278785706,
            5.197693824768066,
            11.138444185256958,
            86.07118105888367,
            5.331663608551025,
            11.208033084869385,
            116.04475116729736,
            5.945546627044678,
            12.32576584815979,
            108.5707139968872,
            5.488101482391357,
            12.087624788284302,
            102.8596704006195,
            5.29030966758728,
            13.036015033721924,
            95.6497106552124,
            5.345082759857178,
            13.391657590866089,
            102.87346076965332,
            5.399456739425659,
            12.496839761734009,
            105.76649737358093,
            5.194587469100952,
            11.733473539352417,
            112.2238039970398,
            5.712151527404785,
            13.671340465545654,
            97.71493077278137,
            5.5554986000061035,
            12.481490850448608,
            97.01442956924438,
            5.242255926132202,
            13.114450216293335,
            107.97052669525146,
            5.195594310760498,
            15.579224586486816,
            114.43662977218628,
            5.286865711212158,
            14.14017105102539,
            109.53820443153381,
            5.170613050460815,
            13.043752193450928,
            104.08156561851501,
            5.279909372329712,
            13.340760707855225,
            107.19515299797058,
            5.816104412078857,
            12.43811821937561,
            96.44487929344177,
            5.294590711593628,
            12.34443712234497,
            112.12233877182007,
            5.371065855026245,
            12.729024171829224,
            95.49243640899658,
            5.437971353530884,
            14.229185104370117,
            115.17590570449829,
            5.222766160964966,
            15.015128374099731,
            96.90234780311584,
            5.76628851890564,
            14.871286153793335,
            106.96806335449219,
            5.2636237144470215,
            16.67007303237915,
            113.2024245262146,
            5.174341201782227,
            14.556413412094116,
            103.79524636268616,
            5.4644248485565186,
            15.16386103630066,
            87.42532920837402,
            5.342613697052002,
            13.792972326278687,
            99.86579751968384,
            5.209218263626099,
            15.442902088165283,
            108.8191704750061,
            5.311262369155884,
            15.04152798652649,
            124.14631175994873,
            5.47806191444397,
            14.356649398803711,
            125.71753525733948,
            5.28971004486084,
            15.508272647857666,
            110.67286348342896,
            5.406404495239258,
            14.182085990905762,
            108.6440076828003,
            5.639653444290161,
            14.553728103637695,
            108.20705103874207,
            5.401540994644165,
            15.243425130844116,
            116.52707624435425,
            5.337607145309448,
            14.415339231491089,
            99.97600150108337,
            5.4047627449035645,
            15.926034688949585,
            85.6263256072998,
            5.259052991867065,
            17.960309982299805,
            101.37007164955139,
            5.544560670852661,
            16.36471152305603,
            107.19668745994568,
            5.303656578063965,
            15.735337495803833,
            117.62999081611633,
            5.470003843307495,
            14.70579218864441,
            106.7486777305603,
            5.322558879852295,
            19.211657524108887,
            97.37907457351685,
            5.51419997215271,
            17.216378927230835,
            110.10797500610352,
            5.329087972640991,
            16.924928188323975,
            108.66426467895508,
            5.433786630630493,
            19.278494358062744,
            108.30477213859558,
            5.4396162033081055,
            17.316577196121216,
            107.16300225257874,
            5.943853855133057,
            16.774945974349976,
            95.14275646209717,
            5.281018495559692,
            15.290672302246094,
            96.5660891532898,
            5.264953851699829,
            19.886483192443848,
            105.29753923416138,
            5.415614604949951,
            17.920251846313477,
            89.8483362197876,
            5.209083080291748,
            19.238532066345215,
            98.36220979690552,
            5.834778070449829,
            16.712164640426636,
            114.81859517097473,
            5.441461801528931,
            17.894376754760742,
            101.07328295707703,
            5.770537614822388,
            18.63662552833557,
            112.3233232498169,
            5.413224935531616,
            17.69858145713806,
            109.89825820922852,
            5.341670751571655,
            18.8418550491333,
            101.51209330558777,
