{
    "tensor_name": "reddit-2015",
    "sampler": "larsen_kolda_hybrid",
    "R": 100,
    "J": 229376,
    "trial": 3,
    "preprocessing": "log_count",
    "initialization": null,
    "max_iterations": 80,
    "stop_tolerance": 0.0001,
    "tensor_order": 3,
    "trace": {
        "iterations": [
            0,
            5,
            10,
            15,
            20,
            25,
            30,
            35,
            40,
            45,
            50,
            55,
            60,
            65,
            70
        ],
        "fits": [
            -484742.39973096165,
            0.08512070962783225,
            0.09010652674583308,
            0.0916309690317707,
            0.09303808386680168,
            0.09410129859293026,
            0.09498501885070387,
            0.09417931514042,
            0.09668629280174834,
            0.09691818418775966,
            0.0982354346811547,
            0.09851918070036814,
            0.09843616819343504,
            0.09828751095784061,
            0.0982997449052464
        ],
        "update_times": [
            3.5595319271087646,
            0.1429915428161621,
            3.2898199558258057,
            87.0913987159729,
            0.34261059761047363,
            4.2618513107299805,
            123.53362441062927,
            0.4486880302429199,
            3.904205560684204,
            120.37641668319702,
            0.3407766819000244,
            3.9253125190734863,
            126.50909042358398,
            0.40737175941467285,
            3.8177988529205322,
            133.4775788784027,
            0.24425959587097168,
            3.9137635231018066,
            124.98290944099426,
            0.24748969078063965,
            3.9520041942596436,
            126.89654970169067,
            0.6137821674346924,
            3.8364641666412354,
            117.96145820617676,
            0.41546130180358887,
            3.799217939376831,
            100.87108945846558,
            0.40337109565734863,
            4.082841634750366,
            111.13887643814087,
            0.22817301750183105,
            4.189581394195557,
            130.26676607131958,
            0.39482712745666504,
            4.249270677566528,
            92.67939734458923,
            0.5777902603149414,
            4.639065265655518,
            143.8419554233551,
            0.25656986236572266,
            3.970625877380371,
            128.58483123779297,
            0.5985398292541504,
            4.266229867935181,
            125.06845426559448,
            0.25563764572143555,
            3.9975647926330566,
            114.3783586025238,
            0.37471461296081543,
            3.713454008102417,
            125.18569660186768,
            0.22085857391357422,
            3.80552339553833,
            99.49511003494263,
            0.4969758987426758,
            3.817441463470459,
            122.01968622207642,
            0.24044203758239746,
            3.861379623413086,
            112.83778429031372,
            0.2746407985687256,
            4.600038051605225,
            111.39395999908447,
            0.4768803119659424,
            4.252743244171143,
            100.41347527503967,
            0.2922341823577881,
            3.9952456951141357,
            112.9615626335144,
            0.48966121673583984,
            4.221616744995117,
            100.21622776985168,
            0.41575169563293457,
            3.8466386795043945,
            118.80231142044067,
            0.2328038215637207,
            3.6859230995178223,
            119.17952871322632,
            0.42358994483947754,
            4.097801685333252,
            112.65519285202026,
            0.3071463108062744,
            4.4153852462768555,
            122.53947401046753,
            0.3925015926361084,
            3.941195249557495,
            139.67866849899292,
            0.24872994422912598,
            3.827744960784912,
            107.48547673225403,
            0.3624608516693115,
            3.824138641357422,
            92.16270184516907,
            0.3724377155303955,
            3.8745365142822266,
            111.41828560829163,
            0.6095578670501709,
            4.058647394180298,
            118.4955186843872,
            0.22140026092529297,
            3.7442445755004883,
            122.96262073516846,
            0.2885096073150635,
            4.213855266571045,
            125.73291277885437,
            0.25668883323669434,
            3.9205503463745117,
            93.34370064735413,
            0.555732011795044,
            4.872786045074463,
            130.40525078773499,
            0.27484583854675293,
            3.9672346115112305,
            102.18116927146912,
            0.23326349258422852,
            3.8998663425445557,
            123.65443181991577,
            0.46140384674072266,
            3.7773563861846924,
            128.119380235672,
            0.3898932933807373,
            4.128537178039551,
            98.54476237297058,
            0.33574390411376953,
            3.666228771209717,
            118.37694358825684,
            0.285308837890625,
            4.161707878112793,
            125.36057090759277,
            0.37184572219848633,
            4.340965270996094,
            94.08017301559448,
            0.5962350368499756,
            3.695068836212158,
            113.63970613479614,
            0.36067700386047363,
            4.181077241897583,
            116.50539016723633,
            0.5678820610046387,
            4.1445441246032715,
            120.59959983825684,
            0.3645622730255127,
            3.8896074295043945,
            113.17950582504272,
            0.3921091556549072,
            3.9828100204467773,
            110.0674102306366,
            0.34857845306396484,
            4.3769683837890625,
            111.99450969696045,
            0.2307415008544922,
            3.9525601863861084,
            124.1533260345459,
            0.5781435966491699,
            4.167616128921509,
            127.22916412353516,
            0.617285966873169,
            4.194237232208252,
            113.49909687042236,
            0.564927339553833,
            4.471010684967041,
            118.28429961204529,
            0.3369407653808594,
            4.003626346588135,
            102.14309120178223,
            0.48735666275024414,
            4.444587469100952,
            122.58521151542664,
            0.5007965564727783,
            4.256278038024902,
            112.98651123046875,
            0.5132932662963867,
            4.613820314407349,
            113.02280282974243,
            0.4596283435821533,
            3.7405893802642822,
            112.0065815448761,
            0.23937463760375977,
            3.681673288345337,
            113.07724142074585,
            0.38535284996032715,
            3.9272706508636475,
            115.12645888328552,
            0.35184335708618164,
            4.186520338058472,
            118.9477527141571,
            0.5162408351898193,
            4.22163200378418,
            97.58572459220886,
            0.5121331214904785,
            4.0913074016571045,
            121.8827223777771,
            0.43793702125549316,
            4.0676109790802,
            132.05982041358948,
            0.390378475189209,
            4.174215793609619,
            97.49687552452087,
            0.21506619453430176,
            4.137880086898804,
            112.0228054523468,
            0.20354342460632324,
            4.162978410720825,
            113.29506015777588,
            0.753986120223999,
            3.931859016418457,
            101.15128898620605,
            0.3561229705810547,
            3.9859015941619873
        ],