{
    "tensor_name": "reddit-2015",
    "sampler": "larsen_kolda_hybrid",
    "R": 75,
    "J": 163840,
    "trial": 3,
    "preprocessing": "log_count",
    "initialization": null,
    "max_iterations": 80,
    "stop_tolerance": 0.0001,
    "tensor_order": 3,
    "trace": {
        "iterations": [
            0,
            5,
            10,
            15,
            20,
            25,
            30,
            35,
            40,
            45,
            50,
            55,
            60,
            65,
            70,
            75,
            80
        ],
        "fits": [
            -419768.94620475575,
            0.07776578138612655,
            0.08155045635998415,
            0.08305869209536898,
            0.08429480090376384,
            0.08420851648921368,
            0.08593775521770708,
            0.08659407806256281,
            0.08759761254359266,
            0.08816956413156629,
            0.08797197655420108,
            0.08862587260397414,
            0.08887972946362588,
            0.08898233429605229,
            0.08907570949349475,
            0.08789410365139172,
            0.08891856849173319
        ],
        "update_times": [
            4.022313594818115,
            0.13320684432983398,
            2.443605422973633,
            74.23719239234924,
            0.1915593147277832,
            2.9830126762390137,
            82.1824676990509,
            0.35375165939331055,
            3.0204787254333496,
            97.23803544044495,
            0.37973880767822266,
            3.1036012172698975,
            91.88492679595947,
            0.27758145332336426,
            3.223796844482422,
            106.06900691986084,
            0.15751409530639648,
            3.9255130290985107,
            64.69239377975464,
            0.19965314865112305,
            2.9068076610565186,
            74.01522874832153,
            0.21275782585144043,
            2.97646427154541,
            90.76164436340332,
            0.2362971305847168,
            3.6225080490112305,
            78.82785058021545,
            0.18110156059265137,
            3.945037364959717,
            96.31809067726135,
            0.17451047897338867,
            3.189408540725708,
            100.06050181388855,
            0.271045446395874,
            3.1215200424194336,
            84.67633032798767,
            0.2446746826171875,
            2.931414842605591,
            96.09064269065857,
            0.3117668628692627,
            3.3772737979888916,
            68.74230575561523,
            0.15251708030700684,
            3.1688268184661865,
            87.65881204605103,
            0.18300247192382812,
            4.004544019699097,
            76.71070146560669,
            0.24994301795959473,
            3.35044002532959,
            68.5065279006958,
            0.17763280868530273,
            2.969514846801758,
            93.53568434715271,
            0.35466814041137695,
            3.7399141788482666,
            76.1621208190918,
            0.23234939575195312,
            3.5543127059936523,
            69.56258869171143,
            0.21886086463928223,
            3.128000020980835,
            81.67371082305908,
            0.28848934173583984,
            3.372457265853882,
            90.48159575462341,
            0.35912537574768066,
            3.224550724029541,
            86.62340474128723,
            0.19577860832214355,
            4.037708759307861,
            91.92660355567932,
            0.19428563117980957,
            3.0322506427764893,
            71.91092491149902,
            0.16583514213562012,
            2.989112377166748,
            69.86418747901917,
            0.2514760494232178,
            3.142143964767456,
            100.34855484962463,
            0.3612244129180908,
            2.9228713512420654,
            83.86511850357056,
            0.27732348442077637,
            3.6173083782196045,
            81.61244869232178,
            0.16314458847045898,
            2.9710330963134766,
            63.424164056777954,
            0.3681187629699707,
            4.007335662841797,
            85.54125952720642,
            0.2000589370727539,
            3.3181264400482178,
            57.05556607246399,
            0.1596693992614746,
            3.5397300720214844,
            89.99688458442688,
            0.25980710983276367,
            3.162996292114258,
            76.90085768699646,
            0.26566457748413086,
            3.1955997943878174,
            76.62459683418274,
            0.2332172393798828,
            3.3916001319885254,
            64.60279893875122,
            0.20186758041381836,
            3.043201208114624,
            87.82916498184204,
            0.17159271240234375,
            3.6004886627197266,
            59.27962684631348,
            0.2011277675628662,
            3.0323336124420166,
            58.335594177246094,
            0.1617743968963623,
            2.9482219219207764,
            60.87014031410217,
            0.16564345359802246,
            4.25533390045166,
            86.75768828392029,
            0.3453359603881836,
            3.187328577041626,
            86.34851431846619,
            0.1688220500946045,
            3.760537624359131,
            64.2726662158966,
            0.19712090492248535,
            2.8740594387054443,
            82.00691652297974,
            0.35657596588134766,
            3.009644031524658,
            67.2639102935791,
            0.14957976341247559,
            3.0564627647399902,
            75.18956971168518,
            0.17778420448303223,
            3.1013927459716797,
            59.88424825668335,
            0.18915557861328125,
            3.0863864421844482,
            86.30880331993103,
            0.17674016952514648,
            3.344231367111206,
            68.26321363449097,
            0.1498701572418213,
            3.0527470111846924,
            65.2950541973114,
            0.16124439239501953,
            3.8112144470214844,
            60.279922008514404,
            0.16813945770263672,
            3.690340280532837,
            61.951300859451294,
            0.16574430465698242,
            3.3849453926086426,
            87.77484703063965,
            0.8999335765838623,
            2.9609062671661377,
            84.92096090316772,
            0.18908262252807617,
            4.01787543296814,
            64.53100800514221,
            0.1505289077758789,
            3.116389274597168,
            81.7950131893158,
            0.3678920269012451,
            3.196378707885742,
            81.15766787528992,
            0.20262503623962402,
            4.62314510345459,
            66.84182620048523,
            0.17722749710083008,
            2.9742560386657715,
            67.13987421989441,
            0.1787409782409668,
            3.8898730278015137,
            76.06631779670715,
            0.23612236976623535,
            3.3209550380706787,
            90.73791885375977,
            0.15473341941833496,
            3.1087989807128906,
            82.59341406822205,
            0.16657662391662598,
            3.1526055335998535,
            66.63616919517517,
            0.16727757453918457,
            3.374255657196045,
            63.35355281829834,
            0.1650235652923584,
            4.0013508796691895,
            87.06216931343079,
            0.18530631065368652,
            3.324706792831421,
            60.65418267250061,
            0.17867636680603027,
            3.9132673740386963,
            66.94283986091614,
            0.24968862533569336,
            3.054517984390259,
            87.49160385131836,
            0.21387481689453125,
            3.073657274246216,
            67.49948954582214,
            0.1699843406677246,
            3.0770983695983887,
            64.78426861763,
            0.23003721237182617,
            3.4112048149108887,
            65.05777311325073,
