{
    "tensor_name": "reddit-2015",
    "sampler": "efficient",
    "R": 50,
    "J": 65536,
    "trial": 3,
    "preprocessing": "log_count",
    "initialization": null,
    "max_iterations": 80,
    "stop_tolerance": 0.0001,
    "tensor_order": 3,
    "trace": {
        "iterations": [
            0,
            5,
            10,
            15,
            20,
            25,
            30,
            35,
            40,
            45,
            50,
            55,
            60,
            65,
            70,
            75,
            80
        ],
        "fits": [
            -342754.3505347823,
            0.06618005842692665,
            0.07065759938749594,
            0.0722055449733695,
            0.07319980562049244,
            0.07393778032730625,
            0.07476795076030085,
            0.07561159903148185,
            0.07627504294516241,
            0.076654460248191,
            0.07699443451740384,
            0.0772899095421613,
            0.07741356076453698,
            0.07726185116346473,
            0.07755253385132488,
            0.07760994675521427,
            0.07744995215618611
        ],
        "update_times": [
            3.7366421222686768,
            0.2986302375793457,
            2.5858967304229736,
            24.231955766677856,
            0.4076073169708252,
            3.4557886123657227,
            36.26777625083923,
            0.4512186050415039,
            3.71012020111084,
            38.51884579658508,
            0.9409914016723633,
            2.56994891166687,
            40.2676146030426,
            0.400775671005249,
            3.460967779159546,
            37.094799280166626,
            0.36751699447631836,
            2.2205615043640137,
            34.6838002204895,
            0.39127635955810547,
            3.428191900253296,
            39.843997955322266,
            0.37041687965393066,
            2.703742265701294,
            37.2118034362793,
            0.3532116413116455,
            2.597768545150757,
            42.394837379455566,
            0.39043140411376953,
            2.560596227645874,
            41.52240061759949,
            0.34941911697387695,
            2.372340202331543,
            38.71805739402771,
            0.35865139961242676,
            2.7305140495300293,
            39.28222703933716,
            0.3870575428009033,
            2.597240447998047,
            35.5037682056427,
            0.39489030838012695,
            2.8339614868164062,
            38.42092227935791,
            0.40030384063720703,
            2.836805820465088,
            40.49938178062439,
            0.3524637222290039,
            2.6792736053466797,
            39.872915744781494,
            0.35735130310058594,
            2.914916515350342,
            40.25314402580261,
            0.3649306297302246,
            2.810702323913574,
            36.01901626586914,
            0.3617441654205322,
            2.763124942779541,
            32.14046907424927,
            0.3922100067138672,
            3.0627150535583496,
            38.37274932861328,
            0.36819028854370117,
            2.9894657135009766,
            43.22365045547485,
            0.3617258071899414,
            2.870215892791748,
            38.87374997138977,
            0.38776683807373047,
            3.3570425510406494,
            40.676018476486206,
            0.39169859886169434,
            3.163503885269165,
            39.501004695892334,
            0.40340232849121094,
            3.2847366333007812,
            40.83642077445984,
            0.38800978660583496,
            2.970597743988037,
            34.9931857585907,
            0.4161844253540039,
            3.2849748134613037,
            41.24778366088867,
            0.3643224239349365,
            3.0376574993133545,
            40.79839873313904,
            0.34664344787597656,
            3.5188663005828857,
            39.902164459228516,
            0.40027785301208496,
            3.4483730792999268,
            33.36705660820007,
            0.3794591426849365,
            3.4650065898895264,
            33.4705593585968,
            0.3927764892578125,
            3.5985631942749023,
            37.24360513687134,
            0.35823607444763184,
            3.3841917514801025,
            39.63889455795288,
            0.3776538372039795,
            3.628704071044922,
            40.44403314590454,
            0.40973639488220215,
            3.6958553791046143,
            39.868958711624146,
            0.3563046455383301,
            3.3033738136291504,
            40.582799196243286,
            0.35697436332702637,
            3.569997549057007,
            38.926555156707764,
            0.36715054512023926,
            3.882115125656128,
            34.64177107810974,
            0.3938782215118408,
            3.7122042179107666,
            32.74547362327576,
            0.41193461418151855,
            3.9512434005737305,
            35.3266065120697,
            0.3562800884246826,
            3.5327908992767334,
            38.72292470932007,
            0.36252355575561523,
            3.946784734725952,
            38.270294427871704,
            0.36221981048583984,
            3.6845877170562744,
            26.916407346725464,
            0.39363932609558105,
            3.907768964767456,
            38.24319291114807,
            0.3972337245941162,
            3.9504499435424805,
            41.6779510974884,
            0.3581249713897705,
            3.4426157474517822,
            39.01440167427063,
            0.34673523902893066,
            3.721569776535034,
            38.99643135070801,
            0.33893656730651855,
            4.190387010574341,
            37.73373007774353,
            0.3616199493408203,
            3.8908300399780273,
            32.33805775642395,
            0.39432358741760254,
            4.251583099365234,
            39.525174379348755,
            0.35266947746276855,
            3.6382899284362793,
            32.85185194015503,
            0.37957763671875,
            4.392934322357178,
            35.221195697784424,
            0.4015369415283203,
            4.227391958236694,
            44.00003385543823,
            0.4012176990509033,
            4.174769639968872,
            37.11981749534607,
            0.4234771728515625,
            3.945800304412842,
            37.271565198898315,
            0.3910651206970215,
            4.0107738971710205,
            33.35157299041748,
            0.4147508144378662,
            3.4585368633270264,
            42.81501650810242,
            0.4258992671966553,
            4.318103790283203,
            36.00634765625,
            0.528876543045044,
            4.158173084259033,
            33.0384795665741,
            0.39804840087890625,
            3.517937421798706,
            32.971585750579834,
            0.34477949142456055,
            3.7346928119659424,
            33.49767851829529,
            0.36066198348999023,
            4.625010013580322,
            43.67597246170044,
            0.40628886222839355,
            4.251495361328125,
            40.498130798339844,
            0.4224989414215088,
            3.5579562187194824,
            32.16924071311951,
            0.4013991355895996,
            3.567147731781006,
            36.6398503780365,
            0.37017130851745605,
            4.017248630523682,
            35.90210556983948,
            0.3589770793914795,
            4.117863416671753,
            39.52805233001709,
            0.3492550849914551,
            4.0239105224609375,
            39.54627084732056,
            0.3493032455444336,
            3.9935288429260254,
            40.65586280822754,
            0.3744335174560547,
            4.565689563751221,
            43.53834629058838,
            0.38925719261169434,
            4.41419792175293,
            40.46184730529785,
            0.4145526885986328,
