{
    "tensor_name": "reddit-2015",
    "sampler": "efficient",
    "R": 125,
    "J": 131072,
    "trial": 1,
    "preprocessing": "log_count",
    "initialization": null,
    "max_iterations": 80,
    "stop_tolerance": 0.0001,
    "tensor_order": 3,
    "trace": {
        "iterations": [
            0,
            5,
            10,
            15,
            20,
            25,
            30,
            35,
            40,
            45,
            50,
            55,
            60,
            65,
            70,
            75,
            80
        ],
        "fits": [
            -541899.2898181648,
            0.0931854307941351,
            0.09816241024108985,
            0.1005986289413745,
            0.10246458115323853,
            0.10380009416406821,
            0.10489626938885666,
            0.10550297860874602,
            0.1066693917102185,
            0.10769249223821709,
            0.10855134801675148,
            0.10921352063034928,
            0.10955487184374546,
            0.10940626588963709,
            0.1098781363125384,
            0.1100760386674724,
            0.11022276837066403
        ],
        "update_times": [
            7.0773024559021,
            2.930654764175415,
            3.691580295562744,
            74.26101541519165,
            5.321752309799194,
            7.9777069091796875,
            99.19007992744446,
            4.715498447418213,
            10.065131425857544,
            99.38876414299011,
            4.608558177947998,
            8.305383205413818,
            110.07555627822876,
            4.534415245056152,
            8.350519180297852,
            108.72471857070923,
            4.440971374511719,
            8.471333026885986,
            102.99575757980347,
            4.360954523086548,
            9.847636699676514,
            109.45302891731262,
            4.365991115570068,
            8.438713788986206,
            108.88278985023499,
            4.362057447433472,
            10.839314460754395,
            110.40988183021545,
            4.332603693008423,
            9.573194026947021,
            101.05799055099487,
            4.347928762435913,
            9.492587327957153,
            109.3462381362915,
            4.491780519485474,
            9.32889699935913,
            109.4489119052887,
            4.401691675186157,
            11.611627340316772,
            114.53347826004028,
            4.379882335662842,
            11.489754676818848,
            107.76986289024353,
            4.606066703796387,
            9.99061894416809,
            106.35751271247864,
            4.403923511505127,
            10.381628036499023,
            99.59762954711914,
            4.321770906448364,
            11.756747722625732,
            94.00663542747498,
            4.3449602127075195,
            10.546664476394653,
            110.58836245536804,
            4.499475002288818,
            10.783256530761719,
            104.93002080917358,
            4.533488988876343,
            12.919671535491943,
            116.99575138092041,
            4.376408338546753,
            10.201292037963867,
            90.31558442115784,
            4.397988557815552,
            11.203649997711182,
            105.90708136558533,
            4.48043155670166,
            13.09387469291687,
            99.03519439697266,
            4.4158384799957275,
            12.057451009750366,
            109.1416163444519,
            4.3704915046691895,
            11.498744010925293,
            113.26335597038269,
            4.580539226531982,
            13.448804378509521,
            113.19147610664368,
            4.493151664733887,
            11.383295774459839,
            110.90867042541504,
            4.345244407653809,
            12.18065357208252,
            107.09026718139648,
            4.459197521209717,
            11.9354407787323,
            107.20628190040588,
            4.5624542236328125,
            12.100769519805908,
            105.0484619140625,
            4.39206862449646,
            12.540264368057251,
            105.64879775047302,
            4.558886289596558,
            13.528681516647339,
            89.26536655426025,
            5.080729007720947,
            13.098544120788574,
            92.40168690681458,
            4.40192723274231,
            12.701677560806274,
            96.03968000411987,
            4.389861345291138,
            13.976965427398682,
            105.6560697555542,
            4.534735918045044,
            12.563305377960205,
            94.53744864463806,
            4.508312463760376,
            14.132030248641968,
            104.3747570514679,
            4.332381248474121,
            11.626930236816406,
            98.17926836013794,
            4.825942754745483,
            14.287383556365967,
            109.9278666973114,
            4.412019729614258,
            13.31454086303711,
            98.51003503799438,
            4.395772695541382,
            14.167249917984009,
            114.21695065498352,
            4.507243871688843,
            13.147903203964233,
            95.73838353157043,
            4.569212436676025,
            13.976910829544067,
            102.42131876945496,
            4.478233337402344,
            13.556755542755127,
            99.48381447792053,
            4.633622407913208,
            13.90621042251587,
            107.93482208251953,
            4.93189811706543,
            14.487436771392822,
            113.15911555290222,
            4.4239373207092285,
            13.380235433578491,
            99.02117967605591,
            4.604509592056274,
            15.795034646987915,
            95.89876985549927,
            4.433455467224121,
            14.237941026687622,
            113.24564123153687,
            4.4346935749053955,
            14.84922480583191,
            110.67034912109375,
            4.437212705612183,
            14.82687520980835,
            113.6694540977478,
            4.487192630767822,
            15.980990648269653,
            97.21936058998108,
            4.457226276397705,
            14.76413369178772,
            106.13086247444153,
            4.502590894699097,
            16.19753932952881,
            93.97238039970398,
            4.455583810806274,
            13.57575535774231,
            93.61973428726196,
            4.483974456787109,
            16.037378311157227,
            107.38657402992249,
            4.410255193710327,
            15.32940149307251,
            96.15606451034546,
            4.436519622802734,
            14.981090784072876,
            114.85979580879211,
            4.537994623184204,
            14.446350574493408,
            104.65363383293152,
            4.420921087265015,
            16.264750719070435,
            97.4873719215393,
            4.501440048217773,
            15.72628927230835,
            107.97394180297852,
            4.542921543121338,
            16.488584756851196,
            92.43459630012512,
            4.405961513519287,
            15.197649002075195,
            111.20065689086914,
            4.677143096923828,
            16.694815158843994,
            109.0472662448883,
            4.466109752655029,
            16.152653455734253,
            93.59734892845154,
            4.453292608261108,
            15.987502813339233,
            100.39611077308655,
            4.481523513793945,
            16.60680913925171,
            91.11956739425659,
            4.478202819824219,
            15.509651184082031,
            91.81699705123901,
            4.648010969161987,
            14.323620796203613,
            98.14010071754456,
            4.456567287445068,
            14.675249576568604,
            90.6803708076477,
            4.491890907287598,
            14.219939708709717,
            109.44279193878174,
            4.4323015213012695,
            15.896195650100708,
            115.89011931419373,
