{
    "tensor_name": "reddit-2015",
    "sampler": "larsen_kolda_hybrid",
    "R": 25,
    "J": 131072,
    "trial": 3,
    "preprocessing": "log_count",
    "initialization": null,
    "max_iterations": 80,
    "stop_tolerance": 0.0001,
    "tensor_order": 3,
    "trace": {
        "iterations": [
            0,
            5,
            10,
            15,
            20,
            25,
            30,
            35,
            40,
            45,
            50,
            55
        ],
        "fits": [
            -242491.56723813742,
            0.049533365780776606,
            0.05369536415869902,
            0.05515762294554394,
            0.05601793232739327,
            0.05687784598760526,
            0.057867429502760914,
            0.05852668120553661,
            0.058705004806936634,
            0.05859101908812214,
            0.05880425948156309,
            0.058628204037839526
        ],
        "update_times": [
            1.1421802043914795,
            0.08698773384094238,
            0.9941215515136719,
            35.805588483810425,
            0.10615372657775879,
            1.589228868484497,
            39.004695415496826,
            0.13306832313537598,
            1.2845778465270996,
            44.19008731842041,
            0.10438871383666992,
            1.2554073333740234,
            41.56134295463562,
            0.5742716789245605,
            1.2882156372070312,
            43.15180683135986,
            0.07218170166015625,
            1.3198957443237305,
            42.81968355178833,
            0.10310220718383789,
            1.3278958797454834,
            39.1764121055603,
            0.12116694450378418,
            1.3153727054595947,
            41.41464948654175,
            0.0800635814666748,
            1.633791208267212,
            39.27397704124451,
            0.08391952514648438,
            1.3125100135803223,
            38.76541042327881,
            0.11217069625854492,
            1.3673062324523926,
            32.75525164604187,
            0.08633613586425781,
            1.6088018417358398,
            29.129945039749146,
            0.09122586250305176,
            1.7094454765319824,
            39.20066237449646,
            0.08542871475219727,
            1.310899257659912,
            40.12364053726196,
            0.09095001220703125,
            1.3416056632995605,
            41.707414865493774,
            0.09635758399963379,
            1.305217981338501,
            38.80908799171448,
            0.09335565567016602,
            1.34330415725708,
            36.99564504623413,
            0.6630618572235107,
            1.2865235805511475,
            36.98781776428223,
            0.11082935333251953,
            1.7851436138153076,
            29.91857075691223,
            0.089263916015625,
            1.3441941738128662,
            37.19821071624756,
            0.10371518135070801,
            1.3264868259429932,
            38.63707113265991,
            0.07173681259155273,
            1.3303227424621582,
            29.970641374588013,
            0.08064627647399902,
            1.324251651763916,
            39.180320024490356,
            0.0817561149597168,
            1.3377482891082764,
            30.89182734489441,
            0.058440208435058594,
            1.810520887374878,
            36.244837522506714,
            0.09436368942260742,
            1.355391263961792,
            37.91042685508728,
            0.08378958702087402,
            1.2679009437561035,
            28.62581968307495,
            0.12292957305908203,
            1.284224271774292,
            34.17622256278992,
            0.08650469779968262,
            1.2490026950836182,
            37.326271533966064,
            0.12136507034301758,
            1.434790849685669,
            33.791706800460815,
            0.10935664176940918,
            1.3053491115570068,
            38.067068576812744,
            0.08196377754211426,
            1.2878270149230957,
            39.826613664627075,
            0.08379936218261719,
            1.3063993453979492,
            40.23276710510254,
            0.1271984577178955,
            1.3318684101104736,
            38.35351514816284,
            0.11196637153625488,
            1.394057035446167,
            34.54613971710205,
            0.08666062355041504,
            1.3743038177490234,
            36.99750733375549,
            0.09412002563476562,
            1.3147737979888916,
            35.54995632171631,
            0.1125936508178711,
            1.2989580631256104,
            29.19134521484375,
            0.11322736740112305,
            1.3347101211547852,
            38.08021068572998,
            0.07527422904968262,
            1.359398365020752,
            41.5397744178772,
            0.08525872230529785,
            1.3242087364196777,
            35.08484625816345,
            0.10763096809387207,
            1.3136160373687744,
            35.91052484512329,
            0.08598804473876953,
            1.2843704223632812,
            40.591559648513794,
            0.10629034042358398,
            1.270585298538208,
            39.68445801734924,
            0.08416891098022461,
            1.2924425601959229,
            35.51805377006531,
            0.09499478340148926,
            1.3140010833740234,
            37.25247359275818,
            0.08435416221618652,
            1.3142287731170654,
            37.97080159187317,
            0.10930109024047852,
            1.3300282955169678,
            38.25911021232605,
            0.06232595443725586,
            1.2791688442230225,
            39.197981119155884,
            0.08497977256774902,
            1.3364973068237305,
            35.279033184051514,
            0.1185159683227539,
            1.2697505950927734,
            38.59219670295715,
            0.08842062950134277,
            1.3174786567687988,
            30.93492889404297,
            0.07634758949279785,
            1.2787067890167236,
            36.89221453666687,
            0.08649468421936035,
            1.3646957874298096,
            36.23226714134216,
            0.09933328628540039,
            1.310135841369629
        ],
        "fit_computation_times": [
            46.101386308670044,
            46.22540235519409,
            44.466042280197144,
            45.008185625076294,
            45.826215982437134,
            45.84608459472656,
            46.07595229148865,
            45.937304735183716,
            45.491390228271484,
            45.73790907859802,
            46.5434947013855
        ]
    },
    "elapsed": 2636.0319135189056
}