{
    "tensor_name": "reddit-2015",
    "sampler": "efficient",
    "R": 125,
    "J": 163840,
    "trial": 2,
    "preprocessing": "log_count",
    "initialization": null,
    "max_iterations": 80,
    "stop_tolerance": 0.0001,
    "tensor_order": 3,
    "trace": {
        "iterations": [
            0,
            5,
            10,
            15,
            20,
            25,
            30,
            35,
            40,
            45,
            50,
            55,
            60,
            65,
            70,
            75,
            80
        ],
        "fits": [
            -541887.6216544167,
            0.09334608276494549,
            0.09836514017289144,
            0.10018260774187326,
            0.1020940360223973,
            0.10330983488256107,
            0.10419752224042911,
            0.09898267637063074,
            0.10645183276930492,
            0.10744252852484726,
            0.10802840693701976,
            0.10865450094683393,
            0.10907609823067932,
            0.10948667148220415,
            0.10944885726707632,
            0.1098271247002578,
            0.11017798116989308
        ],
        "update_times": [
            10.234492778778076,
            3.8504106998443604,
            4.377939224243164,
            71.83523511886597,
            7.0795674324035645,
            10.222005367279053,
            98.85061120986938,
            6.30033802986145,
            12.712292432785034,
            117.41463041305542,
            6.043163537979126,
            10.413502216339111,
            110.21009564399719,
            6.8002400398254395,
            10.643285989761353,
            108.3735420703888,
            6.384859085083008,
            10.937176942825317,
            98.24694895744324,
            6.525909423828125,
            10.793700695037842,
            121.96349811553955,
            5.766026735305786,
            11.608665227890015,
            110.71010255813599,
            5.919539451599121,
            11.242745399475098,
            105.04162383079529,
            6.37148642539978,
            11.271223545074463,
            122.14170718193054,
            5.946819305419922,
            13.771233797073364,
            119.67311358451843,
            5.989042282104492,
            11.762141704559326,
            98.12544131278992,
            5.7986369132995605,
            11.70919156074524,
            110.70416021347046,
            6.107009410858154,
            15.123060464859009,
            104.84695434570312,
            5.826078653335571,
            12.36121392250061,
            108.6159405708313,
            6.562498092651367,
            13.471720933914185,
            97.1773910522461,
            5.941253185272217,
            12.569517850875854,
            98.78580594062805,
            5.925683498382568,
            12.519147872924805,
            109.98510456085205,
            5.993221282958984,
            15.846403121948242,
            117.61215424537659,
            5.815857410430908,
            16.391035556793213,
            118.41785001754761,
            5.806216478347778,
            13.583886861801147,
            106.01198196411133,
            6.026928663253784,
            13.222591638565063,
            100.54595255851746,
            6.0945093631744385,
            16.105048418045044,
            108.10278654098511,
            5.669924020767212,
            15.7298743724823,
            121.068528175354,
            5.780297517776489,
            14.513648271560669,
            117.52134275436401,
            5.778176784515381,
            14.383769989013672,
            94.74085307121277,
            5.748640537261963,
            13.746294021606445,
            109.11260914802551,
            5.972397565841675,
            13.822266817092896,
            105.12564325332642,
            6.016885995864868,
            17.360322952270508,
            106.60951900482178,
            6.184866905212402,
            17.914708137512207,
            118.20657205581665,
            5.815975904464722,
            15.06505298614502,
            104.79916906356812,
            6.267812252044678,
            14.417965173721313,
            110.44652032852173,
            5.934083938598633,
            15.014872074127197,
            114.3259859085083,
            5.786018133163452,
            14.855461120605469,
            111.20288705825806,
            5.977212429046631,
            14.867448568344116,
            110.90720176696777,
            6.3080713748931885,
            18.554376125335693,
            103.21341252326965,
            5.823835372924805,
            14.895015716552734,
            106.38259530067444,
            6.054920434951782,
            15.04243779182434,
            101.6111319065094,
            5.953600883483887,
            15.57986855506897,
            96.95703768730164,
            6.189301490783691,
            17.43160057067871,
            101.68852400779724,
            5.883561611175537,
            16.24426794052124,
            110.96762156486511,
            6.112963914871216,
            18.173295736312866,
            115.0700032711029,
            5.900800943374634,
            16.37191939353943,
            121.33496522903442,
            5.749019622802734,
            15.975756406784058,
            110.4144983291626,
            6.013706684112549,
            15.943906545639038,
            103.08488345146179,
            5.881006240844727,
            18.810526132583618,
            100.49315595626831,
            5.7980875968933105,
            19.39538836479187,
            126.25905871391296,
            6.056827545166016,
            17.265267610549927,
            120.8869469165802,
            5.993068218231201,
            19.382240772247314,
            102.8088002204895,
            6.268993377685547,
            16.635753631591797,
            115.41251301765442,
            6.102985858917236,
            17.957491874694824,
            104.84184980392456,
            5.98583722114563,
            17.222803354263306,
            114.54288291931152,
            6.039493560791016,
            16.64274835586548,
            114.29136991500854,
            5.997990846633911,
            20.178467750549316,
            101.57765245437622,
            5.9717652797698975,
            17.274465084075928,
            117.96234583854675,
            6.012527704238892,
            16.9165997505188,
            125.8426902294159,
            5.869729518890381,
            17.63852047920227,
            108.35501790046692,
            6.195398330688477,
            17.212627172470093,
            111.5620789527893,
            6.0135579109191895,
            18.771065950393677,
            99.44346928596497,
            5.78614068031311,
            17.878875017166138,
            124.67583680152893,
            5.8624107837677,
            17.683973789215088,
            114.42505979537964,
            6.1086108684539795,
            20.696239233016968,
            99.59144759178162,
            5.80669093132019,
            19.88345170021057,
            115.65340566635132,
            6.09733510017395,
            20.35375714302063,
            108.57175493240356,
            6.2687599658966064,
            17.95901322364807,
            116.36814975738525,
            6.175292491912842,
            17.642012119293213,
            98.37742280960083,
            5.756444454193115,
            19.86653971672058,
            101.7148950099945,
            6.259517431259155,
            18.04721760749817,
            124.66124868392944,
            6.27881383895874,
            18.613317489624023,
            98.13572216033936,
            5.9491541385650635,
            18.132299423217773,
            99.19188952445984,
            5.872098922729492,
            20.6686007976532,
            104.32675647735596,
            6.045052528381348,
            20.318904161453247,
