{
    "tensor_name": "reddit-2015",
    "sampler": "larsen_kolda_hybrid",
    "R": 125,
    "J": 229376,
    "trial": 1,
    "preprocessing": "log_count",
    "initialization": null,
    "max_iterations": 80,
    "stop_tolerance": 0.0001,
    "tensor_order": 3,
    "trace": {
        "iterations": [
            0,
            5,
            10,
            15,
            20,
            25,
            30,
            35,
            40,
            45,
            50,
            55,
            60,
            65,
            70,
            75,
            80
        ],
        "fits": [
            -542029.5360560707,
            0.09155499797367017,
            0.09730897448166564,
            0.0988416131678429,
            0.10035739136026745,
            0.10120000968582443,
            0.10226369590024764,
            0.10281690978522307,
            0.10350702375215592,
            0.10263375199109559,
            0.10352014083039518,
            0.1038498904159979,
            0.10348926794256852,
            0.10261735205221045,
            0.10416461637814822,
            0.10481611618939213,
            0.10413091250259854
        ],
        "update_times": [
            4.301782131195068,
            0.17730998992919922,
            4.485754728317261,
            77.40735030174255,
            0.5505738258361816,
            5.535515069961548,
            118.7515058517456,
            0.5881845951080322,
            6.618755578994751,
            111.24355030059814,
            0.4930737018585205,
            5.176970958709717,
            141.52972602844238,
            0.5825300216674805,
            5.725735187530518,
            128.7611026763916,
            0.37311792373657227,
            5.599893569946289,
            138.67381381988525,
            0.5085101127624512,
            5.402432441711426,
            132.3690686225891,
            0.3565802574157715,
            4.968382835388184,
            131.51449251174927,
            0.5348162651062012,
            5.429243087768555,
            118.1884822845459,
            0.3118009567260742,
            5.2569897174835205,
            122.54790687561035,
            0.3286254405975342,
            5.096245050430298,
            117.28760194778442,
            0.3500642776489258,
            6.830024003982544,
            135.9033224582672,
            0.3172633647918701,
            4.891232013702393,
            93.29040312767029,
            0.35265350341796875,
            4.919255971908569,
            143.80776977539062,
            0.35723137855529785,
            5.086319208145142,
            97.6474859714508,
            0.35751962661743164,
            4.885569334030151,
            112.80188417434692,
            0.36862707138061523,
            5.103801012039185,
            98.58004307746887,
            0.33094215393066406,
            6.6894121170043945,
            115.31536221504211,
            0.301577091217041,
            4.861250162124634,
            113.82897782325745,
            0.3773529529571533,
            5.5841734409332275,
            160.81819415092468,
            0.4235403537750244,
            5.020873546600342,
            129.53926801681519,
            0.3213024139404297,
            5.045201539993286,
            108.9795732498169,
            0.3412349224090576,
            5.348109006881714,
            132.36067843437195,
            0.3209357261657715,
            5.760798215866089,
            112.85555982589722,
            0.45500707626342773,
            4.933910608291626,
            106.81405568122864,
            0.3078484535217285,
            5.488863945007324,
            120.90607190132141,
            0.3234598636627197,
            5.058314085006714,
            112.81941199302673,
            0.29755640029907227,
            4.933965444564819,
            95.35891485214233,
            0.32857322692871094,
            5.044471979141235,
            122.21595120429993,
            0.3194389343261719,
            4.859190225601196,
            89.51093435287476,
            0.3419315814971924,
            6.264278173446655,
            98.00160074234009,
            0.3196394443511963,
            5.6493589878082275,
            75.4773051738739,
            0.4762880802154541,
            4.819993734359741,
            129.31167936325073,
            0.5588178634643555,
            6.5894646644592285,
            138.60869717597961,
            0.49867796897888184,
            5.16411566734314,
            88.05037689208984,
            0.31902217864990234,
            6.461583137512207,
            101.62771081924438,
            0.3287167549133301,
            5.125813007354736,
            99.88573980331421,
            0.46677350997924805,
            5.493237018585205,
            102.20359539985657,
            0.4446437358856201,
            5.176355838775635,
            98.80748057365417,
            0.5960357189178467,
            5.169414043426514,
            102.7294921875,
            0.3243696689605713,
            4.975714445114136,
            100.33623623847961,
            0.29250431060791016,
            6.544483661651611,
            93.57040190696716,
            0.6019587516784668,
            5.003827333450317,
            90.55971336364746,
            0.31575894355773926,
            5.661662340164185,
            80.36136436462402,
            0.3886117935180664,
            4.929671287536621,
            71.78139138221741,
            0.47385382652282715,
            5.6679675579071045,
            116.17882633209229,
            0.3050229549407959,
            6.425220966339111,
            117.9971981048584,
            0.43594956398010254,
            4.9938294887542725,
            134.8153474330902,
            0.2840864658355713,
            4.857851266860962,
            111.06236624717712,
            0.4349863529205322,
            5.043758869171143,
            107.82859778404236,
            0.6177279949188232,
            6.466773509979248,
            92.13163328170776,
            0.3565657138824463,
            6.337223291397095,
            111.8136785030365,
            0.33664917945861816,
            4.963710784912109,
            112.85365390777588,
            0.309795618057251,
            5.196571588516235,
            102.74922299385071,
            0.3770790100097656,
            6.567824840545654,
            123.98847246170044,
            0.3271193504333496,
            5.067541599273682,
            107.26530313491821,
            0.47342419624328613,
            5.152655839920044,
            88.11508631706238,
            0.30585145950317383,
            5.610547065734863,
            102.69069695472717,
            0.28214430809020996,
            5.4200828075408936,
            89.77933669090271,
            0.516099214553833,
            5.348459005355835,
            115.21736574172974,
            0.31168341636657715,
            5.003953456878662,
            98.79820585250854,
            0.3256230354309082,
            5.6225621700286865,
            96.39246249198914,
            0.3179512023925781,
            5.486685037612915,
            143.39642214775085,
            0.30020809173583984,
            5.087765455245972,
            97.38684463500977,
            0.2925403118133545,
            5.103921413421631,
            114.94994640350342,
            0.26806044578552246,
            4.874462604522705,
            132.61518502235413,
            0.45926785469055176,
            5.863353490829468,
            106.92247676849365,
            0.41791677474975586,
            5.049041271209717,
            90.30405592918396,
            0.31093645095825195,
            5.068806171417236,
            108.48468255996704,
            0.35075902938842773,
            5.107203960418701,
            95.23839068412781,
            0.4726691246032715,
            5.160555601119995,
            101.7282087802887,
            0.29587650299072266,
