{
    "tensor_name": "reddit-2015",
    "sampler": "efficient",
    "R": 125,
    "J": 163840,
    "trial": 1,
    "preprocessing": "log_count",
    "initialization": null,
    "max_iterations": 80,
    "stop_tolerance": 0.0001,
    "tensor_order": 3,
    "trace": {
        "iterations": [
            0,
            5,
            10,
            15,
            20,
            25,
            30,
            35,
            40,
            45,
            50,
            55,
            60,
            65,
            70,
            75,
            80
        ],
        "fits": [
            -541897.723194648,
            0.09420949125037115,
            0.09881393682390516,
            0.10048598999492575,
            0.10160551859452227,
            0.10296338761191848,
            0.10393392339956908,
            0.10509326493443227,
            0.10597155057900942,
            0.10671776845118708,
            0.10736856272594841,
            0.10815754641397546,
            0.108842428422388,
            0.1093474766315845,
            0.10987858731406042,
            0.11006205095111488,
            0.11040743096871208
        ],
        "update_times": [
            11.747677326202393,
            3.5018908977508545,
            4.324434995651245,
            79.15796685218811,
            6.593566417694092,
            9.654412984848022,
            73.97219204902649,
            5.917027711868286,
            9.999106168746948,
            89.62689280509949,
            5.583569049835205,
            10.262609481811523,
            95.94031190872192,
            5.716285228729248,
            10.329429864883423,
            112.86426448822021,
            5.837680816650391,
            9.909861326217651,
            87.61051607131958,
            5.3968071937561035,
            10.565705299377441,
            125.38612246513367,
            5.659183502197266,
            10.729089736938477,
            110.77654433250427,
            5.658440113067627,
            10.216063976287842,
            106.15061593055725,
            5.4862401485443115,
            10.059547424316406,
            112.41813564300537,
            5.8408308029174805,
            11.66130781173706,
            118.96331143379211,
            5.672264575958252,
            10.653829574584961,
            73.06158471107483,
            5.511176586151123,
            11.815727472305298,
            73.27783036231995,
            5.443862438201904,
            11.746430397033691,
            78.03246450424194,
            5.446760416030884,
            12.00643539428711,
            94.53193140029907,
            5.3973588943481445,
            10.804665565490723,
            93.53770160675049,
            5.424659967422485,
            11.267532110214233,
            112.9222514629364,
            5.836617469787598,
            12.43593692779541,
            105.89772582054138,
            5.952011346817017,
            11.256734132766724,
            112.6675775051117,
            5.614217281341553,
            10.690480470657349,
            79.44027304649353,
            5.439349889755249,
            12.669173955917358,
            121.20388412475586,
            5.763273239135742,
            12.744289875030518,
            110.65205717086792,
            5.75490140914917,
            11.325513362884521,
            100.29539155960083,
            5.810188293457031,
            10.745913743972778,
            79.26447176933289,
            5.511573553085327,
            13.349366188049316,
            118.76897025108337,
            5.741369009017944,
            13.446897745132446,
            114.32934904098511,
            5.533019781112671,
            10.896846532821655,
            94.82776260375977,
            5.387496471405029,
            11.308501482009888,
            109.80486702919006,
            5.448410749435425,
            11.13412857055664,
            78.7279281616211,
            5.5304505825042725,
            11.653754949569702,
            80.2205901145935,
            5.406172037124634,
            11.672821044921875,
            77.03055787086487,
            5.4708030223846436,
            11.561853170394897,
            123.32039093971252,
            5.666167259216309,
            14.212967872619629,
            91.40439748764038,
            5.415951490402222,
            14.420818328857422,
            77.35786819458008,
            5.48290753364563,
            12.3772132396698,
            121.70633816719055,
            5.762292385101318,
            12.263249158859253,
            77.54976105690002,
            5.501780271530151,
            12.047096014022827,
            74.15381288528442,
            5.4495134353637695,
            11.731426000595093,
            104.54900741577148,
            5.384612083435059,
            12.010400772094727,
            108.51738214492798,
            5.5615949630737305,
            15.2459397315979,
            109.32142281532288,
            5.838712930679321,
            15.1778244972229,
            111.12997388839722,
            5.492281198501587,
            12.064687013626099,
            94.85198521614075,
            5.760081768035889,
            13.055630207061768,
            108.85759830474854,
            5.736039638519287,
            11.800409317016602,
            90.69170069694519,
            5.5410308837890625,
            15.890547275543213,
            112.27551889419556,
            5.54237961769104,
            12.509773015975952,
            111.08789896965027,
            5.838571786880493,
            15.681269645690918,
            95.81141996383667,
            5.476135492324829,
            13.043846130371094,
            87.46195101737976,
            5.493976831436157,
            12.320853233337402,
            79.73445081710815,
            5.427143096923828,
            12.507922172546387,
            112.44821763038635,
            5.558801889419556,
            12.175572872161865,
            97.33943009376526,
            5.5080602169036865,
            16.262203216552734,
            122.1362714767456,
            5.794787645339966,
            12.75336503982544,
            89.97442245483398,
            5.588956117630005,
            12.82396411895752,
            107.56019878387451,
            5.709565877914429,
            13.742490291595459,
            113.06492018699646,
            5.7713165283203125,
            17.701043128967285,
            74.79521226882935,
            5.507604598999023,
            13.0891695022583,
            74.4337329864502,
            5.480686664581299,
            12.774001598358154,
            76.60967946052551,
            5.448935270309448,
            12.873416662216187,
            77.27075934410095,
            5.514219284057617,
            17.78534507751465,
            115.97479677200317,
            5.648273944854736,
            18.02526617050171,
            76.93142580986023,
            5.631810665130615,
            12.827826023101807,
            83.38454961776733,
            5.484596490859985,
            12.965664148330688,
            76.67249584197998,
            5.529501914978027,
            12.969151496887207,
            103.29732465744019,
            5.588712215423584,
            17.795804977416992,
            116.45156240463257,
            5.6528472900390625,
            17.85208773612976,
            94.64793801307678,
            5.593745708465576,
            13.588343858718872,
            97.08980298042297,
            5.465333461761475,
            12.878900289535522,
            109.7256829738617,
            5.878631353378296,
            19.652636766433716,
            119.17441487312317,
            6.036884307861328,
            13.289894104003906,
            79.86812472343445,
            5.540695667266846,
            18.94813895225525,
            115.29926657676697,
            5.849156618118286,
            19.097759246826172,
            130.10913133621216,
