{
    "tensor_name": "reddit-2015",
    "sampler": "larsen_kolda_hybrid",
    "R": 125,
    "J": 98304,
    "trial": 2,
    "preprocessing": "log_count",
    "initialization": null,
    "max_iterations": 80,
    "stop_tolerance": 0.0001,
    "tensor_order": 3,
    "trace": {
        "iterations": [
            0,
            5,
            10,
            15,
            20,
            25,
            30,
            35,
            40,
            45,
            50,
            55
        ],
        "fits": [
            -541801.5264466476,
            0.08976508117671178,
            0.09373198318793219,
            0.09404272438621253,
            0.09523279583865929,
            0.09605603291452569,
            0.095817397491058,
            0.08479350650265749,
            0.09742271748825626,
            0.09717586735095374,
            0.09663831402763645,
            0.09694747369200829
        ],
        "update_times": [
            4.315667629241943,
            0.12519145011901855,
            3.2648653984069824,
            79.56339621543884,
            0.1973731517791748,
            5.9469969272613525,
            49.002790689468384,
            0.22503137588500977,
            3.7329843044281006,
            62.9023814201355,
            0.3425607681274414,
            4.440183639526367,
            55.97950506210327,
            0.24124693870544434,
            4.702457666397095,
            65.29121804237366,
            0.4054734706878662,
            5.522481203079224,
            69.89185118675232,
            0.37789344787597656,
            3.8527283668518066,
            78.04780006408691,
            0.28140854835510254,
            3.864563465118408,
            73.42722535133362,
            0.24095726013183594,
            5.439327716827393,
            62.98915648460388,
            0.22336316108703613,
            5.6613874435424805,
            56.84213185310364,
            0.2136237621307373,
            3.6973299980163574,
            74.50647592544556,
            0.23389863967895508,
            4.594532489776611,
            52.430558919906616,
            0.19379520416259766,
            5.4834394454956055,
            47.188477516174316,
            0.30141472816467285,
            5.44306492805481,
            55.84552001953125,
            0.20053601264953613,
            3.6883466243743896,
            67.37536478042603,
            0.269702672958374,
            3.701690912246704,
            58.414178133010864,
            0.3284916877746582,
            3.6644768714904785,
            44.50516676902771,
            0.20388555526733398,
            3.5823071002960205,
            51.34966564178467,
            0.20722746849060059,
            3.7456350326538086,
            51.77087712287903,
            0.21906638145446777,
            4.595540523529053,
            76.64400506019592,
            0.25014519691467285,
            3.690851926803589,
            59.14992713928223,
            0.23965835571289062,
            5.375654458999634,
            52.121214628219604,
            0.23731637001037598,
            3.8447601795196533,
            57.27783536911011,
            0.19129300117492676,
            4.880208730697632,
            65.11445927619934,
            0.24815964698791504,
            5.546885967254639,
            73.75476479530334,
            0.18177342414855957,
            4.560990571975708,
            46.504648208618164,
            0.17693209648132324,
            4.536545276641846,
            56.74956226348877,
            0.22063779830932617,
            5.3023481369018555,
            63.28196907043457,
            0.2766580581665039,
            5.5632805824279785,
            76.01186442375183,
            0.26215195655822754,
            5.268272638320923,
            47.65957999229431,
            0.2746391296386719,
            5.4295032024383545,
            52.28560400009155,
            0.19162917137145996,
            3.928835868835449,
            47.077637672424316,
            0.24832558631896973,
            3.861952066421509,
            52.45145320892334,
            0.23633432388305664,
            5.441714525222778,
            47.537925481796265,
            0.19465947151184082,
            3.5148375034332275,
            54.62526226043701,
            0.2546980381011963,
            4.669347047805786,
            52.826228618621826,
            0.2762317657470703,
            5.403240442276001,
            56.827184438705444,
            0.2691371440887451,
            5.2783331871032715,
            66.74790740013123,
            0.20292353630065918,
            4.823076009750366,
            59.490578174591064,
            0.2206411361694336,
            5.437010288238525,
            53.570635080337524,
            0.32466697692871094,
            4.875797986984253,
            44.78085803985596,
            0.24172496795654297,
            5.3083412647247314,
            40.153576612472534,
            0.36478376388549805,
            3.8797171115875244,
            60.145270586013794,
            0.3585524559020996,
            3.6979565620422363,
            54.225720167160034,
            0.2867908477783203,
            3.6765401363372803,
            42.036561250686646,
            0.24901485443115234,
            3.727707862854004,
            63.97730088233948,
            0.3478994369506836,
            4.817497730255127,
            41.90805244445801,
            0.22924304008483887,
            3.856491804122925,
            80.1389274597168,
            0.26236581802368164,
            5.42428183555603,
            38.79584717750549,
            0.18650388717651367,
            3.6401026248931885,
            53.53512644767761,
            0.4218783378601074,
            3.892714023590088,
            60.31826901435852,
            0.24469232559204102,
            5.277536153793335,
            42.659952878952026,
            0.3694627285003662,
            3.693131923675537,
            69.78106689453125,
            0.20706892013549805,
            5.3519511222839355,
            52.875293016433716,
            0.2196342945098877,
            5.425305604934692
        ],
        "fit_computation_times": [
            120.26290512084961,
            119.8618049621582,
            118.66774082183838,
            120.95644927024841,
            121.93782067298889,
            119.69038844108582,
            119.54658627510071,
            122.64927339553833,
            120.92753958702087,
            119.17652225494385,
            120.78194236755371
        ]
    },
    "elapsed": 4837.555712223053
}