{
    "tensor_name": "reddit-2015",
    "sampler": "larsen_kolda_hybrid",
    "R": 125,
    "J": 131072,
    "trial": 2,
    "preprocessing": "log_count",
    "initialization": null,
    "max_iterations": 80,
    "stop_tolerance": 0.0001,
    "tensor_order": 3,
    "trace": {
        "iterations": [
            0,
            5,
            10,
            15,
            20,
            25,
            30,
            35,
            40,
            45,
            50,
            55,
            60,
            65,
            70,
            75
        ],
        "fits": [
            -541918.3288698511,
            0.0916774781845141,
            0.09517651820514184,
            0.09640980648477226,
            0.09711076289282716,
            0.09835226231671479,
            0.09929388728085597,
            0.09907008365836834,
            0.09955551864059975,
            0.09049974194210164,
            0.10066758530637898,
            0.0993289584680811,
            0.10099353994855853,
            0.10088431276410681,
            0.09669724414871306,
            0.0973209087407717
        ],
        "update_times": [
            5.376703500747681,
            0.14745187759399414,
            4.339876174926758,
            75.13907170295715,
            0.6406123638153076,
            5.203593015670776,
            108.8569929599762,
            0.4848618507385254,
            6.005651473999023,
            62.30798888206482,
            0.61385178565979,
            4.282188415527344,
            110.87664556503296,
            0.48405981063842773,
            4.2163050174713135,
            90.27826404571533,
            0.3500552177429199,
            4.414789199829102,
            72.3726863861084,
            0.275982141494751,
            6.066472291946411,
            73.07849764823914,
            0.341616153717041,
            4.23645544052124,
            106.07298970222473,
            0.22835540771484375,
            4.709865570068359,
            107.56195020675659,
            0.387143611907959,
            5.693511486053467,
            57.11704444885254,
            0.4662942886352539,
            5.81804347038269,
            74.01556515693665,
            0.264528751373291,
            4.220339298248291,
            65.864173412323,
            0.2920510768890381,
            5.3493030071258545,
            50.68299579620361,
            0.23845291137695312,
            4.2290198802948,
            64.94134259223938,
            0.22637271881103516,
            5.1544177532196045,
            75.70375037193298,
            0.29006147384643555,
            4.6545326709747314,
            72.6748731136322,
            0.23418831825256348,
            5.273533582687378,
            86.17439031600952,
            0.24479937553405762,
            5.172543287277222,
            91.07007789611816,
            0.23720192909240723,
            4.187147617340088,
            71.74943470954895,
            0.32117748260498047,
            4.295513868331909,
            106.08015465736389,
            0.5039200782775879,
            5.4138712882995605,
            61.14824986457825,
            0.4765331745147705,
            5.9740564823150635,
            93.0376763343811,
            0.4224283695220947,
            5.129699230194092,
            75.93633365631104,
            0.3316483497619629,
            4.090712785720825,
            93.02992963790894,
            0.48540377616882324,
            4.181275367736816,
            48.88210654258728,
            0.47762322425842285,
            5.188616752624512,
            101.98005628585815,
            0.29291701316833496,
            4.166624069213867,
            100.59656429290771,
            0.21362042427062988,
            4.357029676437378,
            64.7133150100708,
            0.523859977722168,
            4.228148460388184,
            72.1546778678894,
            0.3230106830596924,
            4.1142048835754395,
            69.40074586868286,
            0.2221219539642334,
            4.212831020355225,
            80.47392249107361,
            0.21698379516601562,
            4.3708508014678955,
            62.626781940460205,
            0.4700734615325928,
            4.2208075523376465,
            73.00120043754578,
            0.21915793418884277,
            5.225504636764526,
            50.9021258354187,
            0.23857998847961426,
            5.110156059265137,
            62.507428884506226,
            0.7485156059265137,
            4.341052770614624,
            70.79722547531128,
            0.3197453022003174,
            5.259742021560669,
            63.93498969078064,
            0.21735548973083496,
            5.618285655975342,
            57.16186332702637,
            0.3052043914794922,
            5.281808614730835,
            72.35732698440552,
            0.4345967769622803,
            5.809334993362427,
            76.44819664955139,
            0.2930002212524414,
            4.206327676773071,
            46.13649845123291,
            0.4492161273956299,
            4.06636381149292,
            80.73609185218811,
            0.2149372100830078,
            5.508667707443237,
            77.76286220550537,
            0.23675966262817383,
            5.4416375160217285,
            75.43349504470825,
            0.34360265731811523,
            4.361281394958496,
            70.30249404907227,
            0.5797889232635498,
            4.9027886390686035,
            102.99163436889648,
            0.22563409805297852,
            4.235726833343506,
            83.55195021629333,
            0.19550681114196777,
            4.344796180725098,
            85.04175996780396,
            0.22416448593139648,
            5.717313051223755,
            87.36292481422424,
            0.5101637840270996,
            5.421090364456177,
            62.98539352416992,
            0.2128751277923584,
            4.084294080734253,
            96.71126103401184,
            0.2319176197052002,
            4.086934328079224,
            81.141761302948,
            0.2332754135131836,
            5.492617607116699,
            59.05306816101074,
            0.2549445629119873,
            5.510486602783203,
            67.44887351989746,
            0.244767427444458,
            4.7392377853393555,
            75.56871485710144,
            0.38343238830566406,
            5.218512058258057,
            64.96534538269043,
            0.19186663627624512,
            4.2611143589019775,
            64.07681941986084,
            0.2870960235595703,
            4.32892918586731,
            83.44163584709167,
            0.4534924030303955,
            5.687143802642822,
            66.40998077392578,
            0.26207804679870605,
            5.306617975234985,
            76.58593702316284,
            0.2339186668395996,
            4.086604118347168,
            75.85534262657166,
            0.3306586742401123,
            4.156733751296997,
            61.83776783943176,
            0.19779086112976074,
            5.568884611129761,
            74.30878043174744,
            0.3149600028991699,
            4.274599313735962,
            58.76509499549866,
            0.2242288589477539,
            4.084758520126343,
            67.69571661949158,
            0.44834041595458984,
            4.172825574874878,
            86.0192334651947,
            0.31107044219970703,
            5.469754934310913,
            43.494561195373535,
            0.2320098876953125,
            5.355619668960571,
            88.71413493156433,
            0.4250454902648926,
            4.16501259803772,
            67.83156156539917,
            0.49202775955200195,
            5.324927806854248,
            84.60334205627441,
            0.21989154815673828,
            4.236829996109009,
            55.42640280723572,
            0.2499070167541504,
            4.220842123031616,
            62.739161014556885,
