{
    "tensor_name": "reddit-2015",
    "sampler": "larsen_kolda_hybrid",
    "R": 125,
    "J": 393216,
    "trial": 1,
    "preprocessing": "log_count",
    "initialization": null,
    "max_iterations": 80,
    "stop_tolerance": 0.0001,
    "tensor_order": 3,
    "trace": {
        "iterations": [
            0,
            5,
            10,
            15,
            20,
            25,
            30,
            35,
            40,
            45,
            50,
            55,
            60,
            65,
            70
        ],
        "fits": [
            -541937.4209137612,
            0.09313814048182123,
            0.0980369437822266,
            0.10006730163588673,
            0.10180865869906963,
            0.1029257158425333,
            0.10366285173131062,
            0.10454862774465712,
            0.10525903999895325,
            0.10565954351112827,
            0.10581187149470317,
            0.10614042309971927,
            0.10358616381491659,
            0.08278430269982984,
            0.10554730157779124
        ],
        "update_times": [
            4.571887731552124,
            0.25070977210998535,
            4.937788724899292,
            136.08294343948364,
            0.8450672626495361,
            5.9149110317230225,
            119.02311635017395,
            0.6532707214355469,
            5.892343521118164,
            165.4048101902008,
            0.5269932746887207,
            5.691974639892578,
            141.24809050559998,
            0.5192573070526123,
            5.559149980545044,
            170.21786975860596,
            1.1327335834503174,
            5.954681396484375,
            173.50145196914673,
            0.575516939163208,
            5.736194372177124,
            161.6228232383728,
            0.7510747909545898,
            6.209528207778931,
            168.1770157814026,
            1.274472951889038,
            6.35856819152832,
            161.7710304260254,
            1.6690895557403564,
            6.460293292999268,
            174.35852003097534,
            0.457930326461792,
            5.761723518371582,
            191.61343097686768,
            0.7472155094146729,
            5.540125846862793,
            179.4668629169464,
            0.7385632991790771,
            5.734002351760864,
            170.51700448989868,
            0.7927515506744385,
            6.613981485366821,
            178.520733833313,
            1.192162036895752,
            6.669552564620972,
            175.7019703388214,
            0.6514520645141602,
            5.917462110519409,
            166.4945695400238,
            0.44023823738098145,
            5.641803979873657,
            134.4004557132721,
            0.5286731719970703,
            7.441675424575806,
            140.2414848804474,
            0.7315418720245361,
            5.799181699752808,
            185.73194098472595,
            0.43927478790283203,
            5.647951602935791,
            158.78998184204102,
            0.780583381652832,
            5.665812015533447,
            183.64382696151733,
            0.43440961837768555,
            7.7397620677948,
            158.6068239212036,
            0.4566645622253418,
            5.781776666641235,
            154.14138674736023,
            0.7281715869903564,
            5.922263145446777,
            155.55977511405945,
            0.7171497344970703,
            5.796475648880005,
            144.16587233543396,
            1.0257682800292969,
            5.5365941524505615,
            132.139493227005,
            0.42003560066223145,
            5.934909343719482,
            146.74410796165466,
            0.6183578968048096,
            5.422175884246826,
            143.2717888355255,
            0.6964633464813232,
            5.891648054122925,
            182.1982204914093,
            0.6827290058135986,
            5.740184783935547,
            126.4721691608429,
            0.6429040431976318,
            5.91644287109375,
            142.58407521247864,
            0.8022234439849854,
            5.8401947021484375,
            154.3255136013031,
            0.5115532875061035,
            5.609435558319092,
            152.57545804977417,
            0.7934587001800537,
            5.505103588104248,
            176.0696189403534,
            0.6493251323699951,
            6.0967652797698975,
            145.92686104774475,
            0.7548387050628662,
            5.256732940673828,
            166.74765729904175,
            0.9584798812866211,
            5.692206144332886,
            154.49670362472534,
            0.8774638175964355,
            6.701655149459839,
            157.45616936683655,
            0.675987958908081,
            5.549632787704468,
            139.46527695655823,
            0.7044205665588379,
            5.653213739395142,
            134.83801364898682,
            1.0194690227508545,
            5.884503126144409,
            142.7142322063446,
            0.9126303195953369,
            6.457273244857788,
            155.85856652259827,
            0.7009222507476807,
            7.706532001495361,
            136.79129481315613,
            0.4618847370147705,
            7.711399793624878,
            125.66948413848877,
            0.683262825012207,
            5.737828016281128,
            157.3631443977356,
            0.436953067779541,
            5.560519218444824,
            128.58306503295898,
            0.6557052135467529,
            6.1601881980896,
            148.077308177948,
            0.39331483840942383,
            5.7091064453125,
            158.3541169166565,
            0.4242112636566162,
            5.776128768920898,
            139.12599515914917,
            0.42945384979248047,
            5.658362865447998,
            151.71548318862915,
            0.703467607498169,
            6.545175075531006,
            133.724693775177,
            0.7252869606018066,
            6.613020896911621,
            137.40502882003784,
            0.41887974739074707,
            6.3247339725494385,
            148.8566014766693,
            1.2600517272949219,
            6.354668378829956,
            139.12418341636658,
            0.7462389469146729,
            7.636334180831909,
            148.8050982952118,
            0.6570212841033936,
            6.084126234054565,
            125.7759485244751,
            0.4802844524383545,
            7.661105394363403,
            126.32511711120605,
            0.46979546546936035,
            5.6755051612854,
            161.2817199230194,
            0.395294189453125,
            5.714340925216675,
            170.23383831977844,
            0.38250207901000977,
            5.280126571655273,
            138.2655544281006,
            0.4160594940185547,
            5.878803253173828,
            146.91896414756775,
            0.8553626537322998,
            5.774095058441162,
            117.27047228813171,
            0.3923146724700928,
            6.432245254516602,
            132.71458101272583,
            0.4280111789703369,
            5.9560840129852295,
            136.93980240821838,
            0.6907069683074951,
            6.885533809661865,
            128.49266910552979,
            0.7058768272399902,
            5.732323884963989,
            148.09602856636047,
            0.4282846450805664,
            5.878455877304077,
            127.36356687545776,
            0.9866104125976562,
            7.700180768966675,
            126.1315529346466,
            0.5106115341186523,
            6.49938178062439,
            129.99293398857117,
            0.4554765224456787,
            5.694918870925903
        ],