{
    "tensor_name": "reddit-2015",
    "sampler": "efficient",
    "R": 75,
    "J": 131072,
    "trial": 1,
    "preprocessing": "log_count",
    "initialization": null,
    "max_iterations": 80,
    "stop_tolerance": 0.0001,
    "tensor_order": 3,
    "trace": {
        "iterations": [
            0,
            5,
            10,
            15,
            20,
            25,
            30,
            35,
            40,
            45,
            50,
            55,
            60,
            65,
            70,
            75,
            80
        ],
        "fits": [
            -419620.2000703325,
            0.07726833810548217,
            0.08068666359923982,
            0.08410117662770689,
            0.08546059863612676,
            0.08675811834136482,
            0.08804819431837407,
            0.08895630958866851,
            0.08953192591914427,
            0.08988618092073575,
            0.09032438584090752,
            0.09078975925381383,
            0.09123660430962155,
            0.09132878997480742,
            0.09148306206225609,
            0.08966260194590958,
            0.09167212370196587
        ],
        "update_times": [
            3.113361120223999,
            1.0173885822296143,
            2.054837703704834,
            18.000112056732178,
            1.5676686763763428,
            3.885298490524292,
            57.464900493621826,
            1.4259696006774902,
            4.4802467823028564,
            83.18171763420105,
            1.3220834732055664,
            4.556242942810059,
            61.2747745513916,
            1.3703107833862305,
            4.610395431518555,
            70.12240624427795,
            1.4366326332092285,
            4.88313364982605,
            82.8628740310669,
            1.8253602981567383,
            5.871538400650024,
            79.96662092208862,
            1.285768985748291,
            4.79229736328125,
            70.84848880767822,
            1.3130674362182617,
            4.601526260375977,
            70.1737608909607,
            1.6621510982513428,
            6.195195198059082,
            68.93140649795532,
            1.2649941444396973,
            5.024552345275879,
            72.24204063415527,
            1.3209965229034424,
            5.155586004257202,
            75.3572359085083,
            1.2989253997802734,
            4.790248155593872,
            75.27199125289917,
            1.3409137725830078,
            5.076803207397461,
            74.0590193271637,
            1.319354772567749,
            5.505429983139038,
            78.71090817451477,
            1.3190264701843262,
            5.699558973312378,
            72.38470077514648,
            1.3465838432312012,
            5.291488409042358,
            72.70989871025085,
            1.3152520656585693,
            5.3170390129089355,
            71.66571593284607,
            1.3118071556091309,
            5.491648197174072,
            63.11608529090881,
            1.2884101867675781,
            5.889019966125488,
            74.61201786994934,
            1.305192232131958,
            5.603852033615112,
            69.21298670768738,
            1.3929147720336914,
            6.506248712539673,
            76.15796971321106,
            1.3140645027160645,
            5.8894805908203125,
            65.94374656677246,
            1.3523831367492676,
            6.932394981384277,
            63.82874417304993,
            1.324805498123169,
            7.131613492965698,
            69.18667364120483,
            1.2882304191589355,
            7.7483837604522705,
            67.43249583244324,
            1.6967313289642334,
            6.643231153488159,
            68.070796251297,
            1.3405706882476807,
            6.384654760360718,
            72.31949758529663,
            1.3462443351745605,
            8.311083316802979,
            63.114710092544556,
            1.3259928226470947,
            7.231300115585327,
            78.42042064666748,
            1.284754991531372,
            7.182771921157837,
            76.47504448890686,
            1.342240571975708,
            6.852613925933838,
            64.9355206489563,
            1.3068926334381104,
            7.4637181758880615,
            73.56039905548096,
            1.3104584217071533,
            7.492065668106079,
            83.77537798881531,
            1.3048181533813477,
            8.026525497436523,
            75.41558384895325,
            1.3756093978881836,
            8.212523460388184,
            84.40594577789307,
            1.325223445892334,
            7.6459877490997314,
            72.73730993270874,
            1.6735172271728516,
            7.957758665084839,
            62.27852964401245,
            1.3748278617858887,
            8.439794540405273,
            77.48098826408386,
            1.336153507232666,
            8.624096393585205,
            67.81490063667297,
            1.3604488372802734,
            7.8188605308532715,
            73.56780695915222,
            1.3308186531066895,
            7.084137439727783,
            69.30714440345764,
            1.3594624996185303,
            9.085002183914185,
            63.41753387451172,
            1.3606219291687012,
            8.578638553619385,
            65.90636992454529,
            1.3580281734466553,
            8.242661714553833,
            71.76231455802917,
            1.3478634357452393,
            7.607325315475464,
            71.95859503746033,
            1.348604440689087,
            8.757261037826538,
            77.30180406570435,
            1.330711841583252,
            7.859685659408569,
            64.53289318084717,
            1.3494012355804443,
            8.861714363098145,
            77.27387261390686,
            1.352299690246582,
            7.5970823764801025,
            73.81395220756531,
            1.3479351997375488,
            7.772830009460449,
            70.46645855903625,
            1.427107810974121,
            8.098939657211304,
            72.12948060035706,
            1.348944902420044,
            8.178765296936035,
            74.68778896331787,
            1.3335962295532227,
            9.575014352798462,
            65.0005030632019,
            1.3258275985717773,
            8.788127660751343,
            68.11495304107666,
            1.3563885688781738,
            7.8430047035217285,
            70.81020832061768,
            1.344318151473999,
            7.8981773853302,
            74.35614085197449,
            1.3219234943389893,
            8.912241458892822,
            82.99586844444275,
            1.3357765674591064,
            8.762032747268677,
            70.13382887840271,
            1.3444163799285889,
            8.431299448013306,
            70.11871719360352,
            1.3362410068511963,
            8.101478338241577,
            70.08437991142273,
            1.3115036487579346,
            10.664336919784546,
            63.015380859375,
            1.3148963451385498,
            9.013060092926025,
            72.75380492210388,
            1.352975606918335,
            9.403605699539185,
            72.47376990318298,
            1.332106590270996,
            8.85153841972351,
            70.74838471412659,
            1.3631234169006348,
            8.048961639404297,
            66.50203251838684,
            1.3633177280426025,
            11.48362135887146,
            79.08307528495789,
            1.4364020824432373,
            9.683933019638062,
            74.78663897514343,
            1.366081953048706,
            10.318851232528687,
            61.47344470024109,
            1.347604751586914,
            9.184340476989746,
            71.32836580276489,
            1.3153843879699707,
            9.646012306213379,
            64.90642952919006,
            1.3185009956359863,
            8.878356456756592,
            60.046486616134644,
            1.2745192050933838,
