{
    "tensor_name": "reddit-2015",
    "sampler": "larsen_kolda_hybrid",
    "R": 50,
    "J": 65536,
    "trial": 3,
    "preprocessing": "log_count",
    "initialization": null,
    "max_iterations": 80,
    "stop_tolerance": 0.0001,
    "tensor_order": 3,
    "trace": {
        "iterations": [
            0,
            5,
            10,
            15,
            20,
            25,
            30,
            35,
            40,
            45,
            50,
            55,
            60,
            65,
            70,
            75,
            80
        ],
        "fits": [
            -342852.50046251784,
            0.06553027797878119,
            0.06960052900852542,
            0.07132188276637053,
            0.07246137648041162,
            0.07271497592775322,
            0.07336962608278275,
            0.07375412396041181,
            0.07374850298112245,
            0.07391746596240112,
            0.07441200500308054,
            0.07411700736388205,
            0.07396440119836112,
            0.07468590877383885,
            0.0750025961173385,
            0.07507792028228688,
            0.07513778616461719
        ],
        "update_times": [
            1.7852740287780762,
            0.042227745056152344,
            1.8526837825775146,
            31.29525113105774,
            0.1445460319519043,
            1.9987232685089111,
            44.646629095077515,
            0.11173772811889648,
            1.9991788864135742,
            35.409485816955566,
            0.16080999374389648,
            2.005014419555664,
            33.59710741043091,
            0.0910806655883789,
            2.044438600540161,
            38.82071256637573,
            0.11406636238098145,
            2.667806386947632,
            44.53809833526611,
            0.09952902793884277,
            1.961472749710083,
            42.388789892196655,
            0.08104872703552246,
            1.976247787475586,
            40.93511915206909,
            0.08825564384460449,
            2.004099130630493,
            40.62202572822571,
            0.11845827102661133,
            1.9775326251983643,
            44.15521574020386,
            0.09801411628723145,
            2.196948766708374,
            36.21679472923279,
            0.09582948684692383,
            1.9840543270111084,
            44.3688850402832,
            0.08577942848205566,
            2.0164034366607666,
            43.65784740447998,
            0.09407472610473633,
            2.187419891357422,
            45.10167646408081,
            0.09884238243103027,
            1.9348742961883545,
            43.11327934265137,
            0.12931609153747559,
            1.9757015705108643,
            42.12727189064026,
            0.06376934051513672,
            1.8727099895477295,
            38.06506681442261,
            0.0785362720489502,
            1.9792749881744385,
            41.28283095359802,
            0.08190488815307617,
            1.9501397609710693,
            32.339261293411255,
            0.12792515754699707,
            1.8972454071044922,
            36.56725859642029,
            0.06055474281311035,
            1.9680507183074951,
            37.907591581344604,
            0.0689544677734375,
            1.9657466411590576,
            38.34922480583191,
            0.07499504089355469,
            1.9870264530181885,
            36.23351073265076,
            0.11372661590576172,
            1.9872663021087646,
            32.80317234992981,
            0.0937342643737793,
            2.0019748210906982,
            34.123126745224,
            0.07680916786193848,
            1.9832971096038818,
            29.796469688415527,
            0.11037063598632812,
            2.0111191272735596,
            30.793490171432495,
            0.09572196006774902,
            1.99064302444458,
            39.43565773963928,
            0.05939221382141113,
            1.9990346431732178,
            37.215967893600464,
            0.09029221534729004,
            2.009321689605713,
            36.64419150352478,
            0.08934783935546875,
            1.9358594417572021,
            35.50981569290161,
            0.09202933311462402,
            2.0225601196289062,
            39.227495431900024,
            0.07927131652832031,
            2.007972240447998,
            36.09870100021362,
            0.07444357872009277,
            2.443819284439087,
            42.7258574962616,
            0.10430717468261719,
            2.115490674972534,
            38.44130229949951,
            0.06146979331970215,
            1.94221830368042,
            36.865944385528564,
            0.09842896461486816,
            1.9730751514434814,
            37.495686054229736,
            0.0908193588256836,
            2.0707714557647705,
            35.722434997558594,
            0.07795310020446777,
            2.622852087020874,
            35.44426465034485,
            0.08817076683044434,
            2.041929006576538,
            36.469380140304565,
            0.11743497848510742,
            1.929023265838623,
            36.517481327056885,
            0.7135047912597656,
            1.9978551864624023,
            38.34265613555908,
            0.10879206657409668,
            2.0913074016571045,
            37.04343819618225,
            0.07909035682678223,
            1.9853177070617676,
            37.45418572425842,
            0.07566070556640625,
            2.0062828063964844,
            37.36321687698364,
            0.09466791152954102,
            1.9962828159332275,
            35.12497806549072,
            0.1070559024810791,
            1.9935662746429443,
            34.39786887168884,
            0.09894514083862305,
            2.546379327774048,
            39.0397732257843,
            0.11585330963134766,
            2.131622076034546,
            37.41307711601257,
            0.08933210372924805,
            2.1407079696655273,
            34.44853401184082,
            0.07983255386352539,
            1.8821487426757812,
            28.12459087371826,
            0.08789253234863281,
            1.9886729717254639,
            29.548335075378418,
            0.08595061302185059,
            2.0417470932006836,
            34.258073806762695,
            0.0769038200378418,
            1.9744973182678223,
            38.5798978805542,
            0.08597230911254883,
            2.0064501762390137,
            34.89293360710144,
            0.10417771339416504,
            1.9769492149353027,
            35.88257169723511,
            0.08384060859680176,
            2.0136075019836426,
            35.765735149383545,
            0.11048007011413574,
            2.062587022781372,
            38.14236497879028,
            0.08421206474304199,
            1.948756456375122,
            40.66555333137512,
            0.08355569839477539,
            1.9718337059020996,
            39.4042444229126,
            0.06490778923034668,
            2.061326742172241,
            34.88539171218872,
            0.05531597137451172,
            1.9748764038085938,
            36.37173509597778,
            0.08576321601867676,
            1.9739184379577637,
            34.572338581085205,
            0.0816798210144043,
            1.972238302230835,
            31.666237592697144,
            0.07584619522094727,
            2.368790626525879,
            38.00713777542114,
            0.07933497428894043,
            1.979886770248413,
            33.1114387512207,
            0.0947868824005127,
            1.9392588138580322,
            36.97398090362549,
            0.06076836585998535,
            2.470721960067749,
            35.01749134063721,
            0.08604979515075684,
            2.0586087703704834,
            39.57447004318237,
            0.11223411560058594,
            2.103161096572876,
            36.12877655029297,
            0.09922957420349121,
            1.9567477703094482,
