{
    "tensor_name": "reddit-2015",
    "sampler": "efficient",
    "R": 50,
    "J": 32768,
    "trial": 0,
    "preprocessing": "log_count",
    "initialization": null,
    "max_iterations": 80,
    "stop_tolerance": 0.0001,
    "tensor_order": 3,
    "trace": {
        "iterations": [
            0,
            5,
            10,
            15,
            20,
            25,
            30,
            35,
            40,
            45,
            50,
            55,
            60,
            65,
            70,
            75,
            80
        ],
        "fits": [
            -342540.4673701201,
            0.06389697650850235,
            0.06897679590186057,
            0.07032480376590933,
            0.0718031219526597,
            0.07365226465504227,
            0.07465993452930553,
            0.07549644645724207,
            0.07594989361860105,
            0.07635922276126283,
            0.07620991511391284,
            0.07647342791117517,
            0.07349813596955168,
            0.07679697635573413,
            0.07677128391286614,
            0.07683997397256737,
            0.07662179531092073
        ],
        "update_times": [
            2.3063178062438965,
            0.17590594291687012,
            2.1324286460876465,
            16.741827249526978,
            0.2482309341430664,
            2.4769949913024902,
            21.367281675338745,
            0.24597549438476562,
            1.7521660327911377,
            34.39834451675415,
            0.2518129348754883,
            1.8171544075012207,
            33.49611139297485,
            0.24321460723876953,
            2.5304033756256104,
            30.143038988113403,
            0.2195136547088623,
            2.5139050483703613,
            31.58198595046997,
            0.2547433376312256,
            1.8368141651153564,
            30.961190223693848,
            0.24525904655456543,
            2.568654775619507,
            33.89566135406494,
            0.24885916709899902,
            2.5226175785064697,
            33.33533191680908,
            0.2721223831176758,
            2.611159086227417,
            27.634154558181763,
            0.21605229377746582,
            1.7740180492401123,
            27.18309760093689,
            0.23869729042053223,
            1.8302395343780518,
            29.223474502563477,
            0.2170395851135254,
            1.8546547889709473,
            25.04355001449585,
            0.22323393821716309,
            2.4082531929016113,
            28.287001132965088,
            0.23581862449645996,
            1.9734063148498535,
            28.716463804244995,
            0.23880600929260254,
            2.659754514694214,
            29.93645739555359,
            0.22648215293884277,
            2.0438265800476074,
            35.20695376396179,
            0.22625088691711426,
            2.085476875305176,
            34.70875644683838,
            0.2353043556213379,
            2.077018976211548,
            32.97296094894409,
            0.23234891891479492,
            2.847776412963867,
            27.274413108825684,
            0.2089681625366211,
            1.9954071044921875,
            28.208910942077637,
            0.21992993354797363,
            2.2791645526885986,
            28.92857575416565,
            0.23465847969055176,
            2.282787322998047,
            32.71170973777771,
            0.24092555046081543,
            2.844683885574341,
            31.751325130462646,
            0.25418591499328613,
            2.9873206615448,
            28.21352529525757,
            0.22260308265686035,
            2.238611936569214,
            30.77303957939148,
            0.21238017082214355,
            3.186293840408325,
            32.88572096824646,
            0.24037575721740723,
            3.1905317306518555,
            34.77828884124756,
            0.24294638633728027,
            2.539487600326538,
            29.68759298324585,
            0.2594156265258789,
            2.5192947387695312,
            31.0480055809021,
            0.2207355499267578,
            2.3530631065368652,
            30.101723432540894,
            0.22370672225952148,
            2.316758871078491,
            34.07108688354492,
            0.23688769340515137,
            3.266817092895508,
            34.13605880737305,
            0.24627971649169922,
            2.7171287536621094,
            25.694588661193848,
            0.24627685546875,
            2.642773151397705,
            30.623080492019653,
            0.24105048179626465,
            3.4860236644744873,
            33.2727108001709,
            0.24492979049682617,
            3.4996609687805176,
            33.04891872406006,
            0.510101318359375,
            3.3792641162872314,
            28.182912826538086,
            0.22746992111206055,
            2.624863386154175,
            29.757472038269043,
            0.2475142478942871,
            3.4998254776000977,
            31.565577030181885,
            0.2331840991973877,
            3.281740188598633,
            27.726303339004517,
            0.25034022331237793,
            3.512777805328369,
            33.31062722206116,
            0.228837251663208,
            3.5677807331085205,
            30.443279504776,
            0.2250518798828125,
            3.555406093597412,
            33.76713228225708,
            0.23211884498596191,
            3.5892815589904785,
            30.40853524208069,
            0.21652722358703613,
            2.582592487335205,
            31.310096979141235,
            0.21303081512451172,
            2.9099483489990234,
            27.96231460571289,
            0.21829915046691895,
            2.74762225151062,
            33.242825508117676,
            0.22862982749938965,
            2.7911767959594727,
            31.87041926383972,
            0.2337815761566162,
            3.6323249340057373,
            27.87233591079712,
            0.24425268173217773,
            3.331629991531372,
            32.818676233291626,
            0.2443840503692627,
            2.8931996822357178,
            30.302841663360596,
            0.23968839645385742,
            3.5819671154022217,
            28.260579347610474,
            0.24137353897094727,
            3.513087511062622,
            26.758378982543945,
            0.2400205135345459,
            3.6449286937713623,
            29.617257118225098,
            0.22606134414672852,
            3.892350435256958,
            32.21194624900818,
            0.239699125289917,
            3.672288656234741,
            27.4438636302948,
            0.23853206634521484,
            3.9474294185638428,
            32.40349316596985,
            0.23513364791870117,
            2.833101511001587,
            31.34627676010132,
            0.23833537101745605,
            2.8795254230499268,
            30.068918704986572,
            0.22340035438537598,
            2.7743279933929443,
            28.125627279281616,
            0.22080016136169434,
            2.8031387329101562,
            30.11164617538452,
            0.23038125038146973,
            2.94979190826416,
            31.356525659561157,
            0.24174952507019043,
            3.5558321475982666,
            31.948673009872437,
            0.2279195785522461,
            3.816673517227173,
            34.032689332962036,
            0.2231459617614746,
            3.7678966522216797,
            32.40902900695801,
            0.23063206672668457,
            3.1620919704437256,
            31.26671528816223,
            0.2371976375579834,
            2.956705331802368,
            30.052231550216675,
            0.22181987762451172,
            3.111429452896118,
            30.66871738433838,
            0.22713851928710938,
            3.0038962364196777,
            31.020617246627808,
            0.21421003341674805,
            3.149146318435669,
            32.686511754989624,
