{
    "tensor_name": "reddit-2015",
    "sampler": "larsen_kolda_hybrid",
    "R": 100,
    "J": 32768,
    "trial": 1,
    "preprocessing": "log_count",
    "initialization": null,
    "max_iterations": 80,
    "stop_tolerance": 0.0001,
    "tensor_order": 3,
    "trace": {
        "iterations": [
            0,
            5,
            10,
            15,
            20,
            25,
            30
        ],
        "fits": [
            -484689.84647619247,
            0.07968846001349816,
            0.08055422910628385,
            0.08363382432876132,
            0.07957060380346392,
            0.08299474079363012,
            0.08341985872778435
        ],
        "update_times": [
            3.451920747756958,
            0.09675908088684082,
            3.5699245929718018,
            6.767631530761719,
            0.12703824043273926,
            6.399259567260742,
            24.120850086212158,
            0.12624144554138184,
            3.732064962387085,
            26.230284929275513,
            0.1483471393585205,
            3.3487331867218018,
            29.1150381565094,
            0.09449958801269531,
            4.431448936462402,
            28.106593370437622,
            0.12269926071166992,
            4.874469757080078,
            27.804828643798828,
            0.1141808032989502,
            3.8601913452148438,
            31.92806053161621,
            0.13824677467346191,
            3.358429193496704,
            29.421773672103882,
            0.10807490348815918,
            4.371283292770386,
            28.507473707199097,
            0.10043478012084961,
            4.724032640457153,
            24.849637746810913,
            0.13044953346252441,
            3.9951846599578857,
            27.89277958869934,
            0.12605047225952148,
            5.053625106811523,
            32.18052864074707,
            0.13286495208740234,
            3.9668545722961426,
            25.95655059814453,
            0.08672285079956055,
            3.3171417713165283,
            31.625234365463257,
            0.10133194923400879,
            4.942898273468018,
            29.231132745742798,
            0.08112597465515137,
            3.2930586338043213,
            29.947452783584595,
            0.13288116455078125,
            3.2696373462677,
            26.924418926239014,
            0.10964274406433105,
            3.51664400100708,
            28.271695375442505,
            0.08280467987060547,
            3.2920689582824707,
            23.656904935836792,
            0.12076210975646973,
            4.408734321594238,
            27.916122913360596,
            0.10498857498168945,
            3.356741189956665,
            27.658148527145386,
            0.11517500877380371,
            3.300442695617676,
            30.903138637542725,
            0.0968937873840332,
            3.367530584335327,
            25.14749312400818,
            0.07928943634033203,
            3.3158020973205566,
            26.535724639892578,
            0.13231992721557617,
            3.3580713272094727,
            28.518702507019043,
            0.08313417434692383,
            4.228103160858154,
            18.400993824005127,
            0.09607481956481934,
            3.426854133605957,
            21.744595050811768,
            0.1114966869354248,
            3.8646154403686523,
            28.678221464157104,
            0.1294081211090088,
            4.707287549972534,
            27.23981547355652,
            0.13617730140686035,
            3.404744863510132
        ],
        "fit_computation_times": [
            97.46360921859741,
            98.24274730682373,
            98.66824555397034,
            99.3981409072876,
            97.47861170768738,
            97.77589988708496
        ]
    },
    "elapsed": 1590.8490860462189
}