{
    "tensor_name": "reddit-2015",
    "sampler": "efficient",
    "R": 25,
    "J": 32768,
    "trial": 2,
    "preprocessing": "log_count",
    "initialization": null,
    "max_iterations": 80,
    "stop_tolerance": 0.0001,
    "tensor_order": 3,
    "trace": {
        "iterations": [
            0,
            5,
            10,
            15,
            20,
            25,
            30,
            35,
            40,
            45,
            50,
            55,
            60,
            65
        ],
        "fits": [
            -242254.43575650651,
            0.049324045889276746,
            0.053819602889765505,
            0.05444630224086133,
            0.05558070674349547,
            0.056294258878335945,
            0.05705999349266955,
            0.05789527245915693,
            0.058285891690633806,
            0.05772665038607061,
            0.05862031202191065,
            0.0577710031135239,
            0.058568185761936786,
            0.05848475511879192
        ],
        "update_times": [
            1.9838359355926514,
            0.09322452545166016,
            1.1868207454681396,
            10.178608655929565,
            0.1128683090209961,
            0.9902245998382568,
            17.081828355789185,
            0.11817407608032227,
            1.4115886688232422,
            18.47891640663147,
            0.10349059104919434,
            1.0092341899871826,
            20.347792148590088,
            0.10636281967163086,
            1.0286550521850586,
            19.0094153881073,
            0.12045693397521973,
            1.0575473308563232,
            18.484326362609863,
            0.10307621955871582,
            1.0644078254699707,
            19.415616035461426,
            0.10602235794067383,
            1.0821726322174072,
            18.107547760009766,
            0.12646937370300293,
            1.0740785598754883,
            19.116689443588257,
            0.10826492309570312,
            1.5034477710723877,
            20.010996341705322,
            0.10404801368713379,
            1.1044280529022217,
            20.096365690231323,
            0.1020960807800293,
            1.1160125732421875,
            20.626680850982666,
            0.11345148086547852,
            1.1008737087249756,
            19.205904722213745,
            0.12069225311279297,
            1.1266939640045166,
            19.422663927078247,
            0.1068732738494873,
            1.5576715469360352,
            17.407531023025513,
            0.10103869438171387,
            1.5342333316802979,
            19.602140426635742,
            0.10262942314147949,
            1.1715655326843262,
            18.90492272377014,
            0.10289430618286133,
            1.2116878032684326,
            16.370762825012207,
            0.10221290588378906,
            1.5436255931854248,
            19.62758469581604,
            0.10720324516296387,
            1.2187309265136719,
            18.661059379577637,
            0.10334444046020508,
            1.606184720993042,
            17.558559894561768,
            0.10796713829040527,
            1.6710319519042969,
            18.157140970230103,
            0.11248326301574707,
            1.7059988975524902,
            20.23046636581421,
            0.10547065734863281,
            1.2991838455200195,
            20.108840227127075,
            0.12052679061889648,
            1.6222879886627197,
            16.565450191497803,
            0.1001429557800293,
            1.3556253910064697,
            19.063724756240845,
            0.10675692558288574,
            1.7545359134674072,
            19.07592535018921,
            0.11069798469543457,
            1.7691757678985596,
            18.953559637069702,
            0.11216235160827637,
            1.7659907341003418,
            17.535491466522217,
            0.10810589790344238,
            1.4196913242340088,
            20.477582693099976,
            0.10898590087890625,
            1.8589401245117188,
            18.979968547821045,
            0.11275315284729004,
            1.8803074359893799,
            19.871334314346313,
            0.15934967994689941,
            1.8760886192321777,
            20.153645753860474,
            0.1179966926574707,
            1.8422467708587646,
            18.654703378677368,
            0.1075141429901123,
            1.8383800983428955,
            17.21422266960144,
            0.10374331474304199,
            1.8492231369018555,
            18.225521326065063,
            0.10910630226135254,
            1.8788323402404785,
            18.24075698852539,
            0.13373136520385742,
            2.015101432800293,
            20.91845703125,
            0.10511231422424316,
            1.8464765548706055,
            17.044825792312622,
            0.12369346618652344,
            1.6125562191009521,
            18.46402907371521,
            0.10796880722045898,
            1.9204392433166504,
            18.34017777442932,
            0.11205434799194336,
            1.6099097728729248,
            19.544668912887573,
            0.10584545135498047,
            2.0535926818847656,
            18.904819011688232,
            0.10505986213684082,
            1.5431537628173828,
            19.124486446380615,
            0.11467814445495605,
            1.639561414718628,
            19.196858406066895,
            0.10791683197021484,
            1.9360740184783936,
            18.81286907196045,
            0.10556745529174805,
            1.594935655593872,
            18.636144876480103,
            0.5942199230194092,
            1.5971457958221436,
            17.748944520950317,
            0.09761762619018555,
            1.6509969234466553,
            19.336597204208374,
            0.11136126518249512,
            1.9325714111328125,
            18.121891736984253,
            0.09764480590820312,
            1.8277316093444824,
            19.060876607894897,
            0.12384176254272461,
            2.0370686054229736,
            18.484790802001953,
            0.10730552673339844,
            1.7802903652191162,
            18.545161724090576,
            0.10896444320678711,
            1.9340400695800781,
            18.13459539413452,
            0.11986279487609863,
            1.6191473007202148,
            17.943491458892822,
            0.10886812210083008,
            1.7166454792022705,
            19.83263921737671,
            0.1075735092163086,
            1.5710117816925049,
            19.417604446411133,
            0.09978914260864258,
            1.7207083702087402,
            19.024470329284668,
            0.11884593963623047,
            1.6288394927978516,
            18.553574800491333,
            0.12543058395385742,
            1.6621603965759277,
            20.07094955444336,
            0.1104586124420166,
            1.9702796936035156,
            18.72710680961609,
            0.10262608528137207,
            1.5247936248779297,
            18.737117528915405,
            0.09959864616394043,
            1.6697509288787842,
            18.479270696640015,
            0.10439896583557129,
            1.4673409461975098,
            19.453855991363525,
            0.10891175270080566,
            1.6455483436584473
        ],
        "fit_computation_times": [
            47.72937798500061,
            49.02079129219055,
            46.89086651802063,
            46.07470917701721,
            46.8661744594574,
            47.421589612960815,
            46.81707215309143,
            45.78502869606018,
            47.23894143104553,
            46.87599277496338,
            46.81293034553528,
            47.502052783966064,
            46.12044835090637
        ]
    },
    "elapsed": 1970.7255432605743
}