{
    "tensor_name": "reddit-2015",
    "sampler": "larsen_kolda_hybrid",
    "R": 125,
    "J": 196608,
    "trial": 1,
    "preprocessing": "log_count",
    "initialization": null,
    "max_iterations": 80,
    "stop_tolerance": 0.0001,
    "tensor_order": 3,
    "trace": {
        "iterations": [
            0,
            5,
            10,
            15,
            20,
            25,
            30,
            35,
            40,
            45,
            50,
            55,
            60,
            65,
            70,
            75,
            80
        ],
        "fits": [
            -541871.42846747,
            0.09283346162889539,
            0.09615051690729737,
            0.09694958512354968,
            0.09790930498907802,
            0.09838190992333795,
            0.09978032778938006,
            0.09826071668767744,
            0.10130773504797508,
            0.10131954853174086,
            0.10179245691307437,
            0.10174631267146506,
            0.10188761206277086,
            0.10310886391341478,
            0.09988175547872513,
            0.10289739345585525,
            0.10379679699897959
        ],
        "update_times": [
            6.365346431732178,
            0.1952519416809082,
            4.599415063858032,
            49.99221324920654,
            0.5581629276275635,
            4.871328115463257,
            107.88802170753479,
            0.4779837131500244,
            5.7619853019714355,
            109.01245021820068,
            0.5244936943054199,
            6.238202095031738,
            105.33457970619202,
            0.36984968185424805,
            6.1472392082214355,
            121.73181629180908,
            0.7047903537750244,
            4.525873899459839,
            95.42074680328369,
            1.1209399700164795,
            6.073955297470093,
            94.60919165611267,
            0.48198843002319336,
            4.44306755065918,
            143.25156164169312,
            0.7112729549407959,
            4.744932413101196,
            146.63683581352234,
            0.3205134868621826,
            4.285486698150635,
            160.2980296611786,
            0.325563907623291,
            4.554572343826294,
            88.80924797058105,
            0.46634769439697266,
            4.622809410095215,
            122.28001093864441,
            0.4687538146972656,
            4.501004219055176,
            108.11696553230286,
            0.309891939163208,
            6.4288458824157715,
            86.9658555984497,
            0.34003639221191406,
            6.033863544464111,
            144.1783323287964,
            0.2966759204864502,
            5.599499940872192,
            80.11795663833618,
            0.3192625045776367,
            5.926239728927612,
            135.0073208808899,
            0.6598803997039795,
            4.725201606750488,
            100.35651278495789,
            0.5118181705474854,
            5.30030632019043,
            76.01492476463318,
            0.43718981742858887,
            4.564561128616333,
            92.73797821998596,
            0.32908010482788086,
            4.571144342422485,
            99.014639377594,
            0.5455060005187988,
            5.924510717391968,
            132.36056876182556,
            0.60491943359375,
            4.615639686584473,
            114.98625063896179,
            0.28052663803100586,
            4.550393581390381,
            122.1760482788086,
            0.28893041610717773,
            4.55117130279541,
            123.50099277496338,
            0.722315788269043,
            4.5192131996154785,
            113.83480978012085,
            0.4916877746582031,
            4.644991397857666,
            144.98382019996643,
            0.3361399173736572,
            4.595049619674683,
            110.75070571899414,
            0.5809710025787354,
            4.977956771850586,
            89.99725294113159,
            0.28673505783081055,
            4.649828195571899,
            125.16844272613525,
            0.44422364234924316,
            5.929565668106079,
            89.1029691696167,
            0.5695266723632812,
            4.45669412612915,
            90.76866269111633,
            0.6249330043792725,
            4.514507532119751,
            89.32520127296448,
            0.37369632720947266,
            6.90088415145874,
            98.67456936836243,
            0.4550933837890625,
            4.443202018737793,
            101.25616216659546,
            0.4369950294494629,
            4.326894998550415,
            84.88949346542358,
            0.29104185104370117,
            4.442347526550293,
            110.15314745903015,
            0.40096545219421387,
            4.9702839851379395,
            88.02032947540283,
            0.3106982707977295,
            4.487440824508667,
            89.16617393493652,
            0.28337550163269043,
            5.458157777786255,
            80.23106551170349,
            0.42254042625427246,
            4.900369644165039,
            120.88005471229553,
            0.40784358978271484,
            6.06540060043335,
            115.3449866771698,
            0.5654513835906982,
            6.041249752044678,
            96.8762264251709,
            0.47510194778442383,
            4.871189117431641,
            125.16450023651123,
            0.6025562286376953,
            5.7021918296813965,
            115.1188280582428,
            0.517117977142334,
            4.672467470169067,
            71.5810616016388,
            0.6509041786193848,
            4.256771802902222,
            102.97903943061829,
            0.28588247299194336,
            4.95637845993042,
            106.66395783424377,
            0.2791628837585449,
            5.4786927700042725,
            121.91761994361877,
            0.327228307723999,
            4.662908315658569,
            91.47835803031921,
            0.2941734790802002,
            4.6481122970581055,
            97.04548978805542,
            0.32088756561279297,
            5.202827215194702,
            85.50756359100342,
            0.3646125793457031,
            5.031339168548584,
            85.07188177108765,
            0.3120901584625244,
            5.94287109375,
            84.8688485622406,
            0.2865879535675049,
            4.738153696060181,
            93.20476961135864,
            0.30889248847961426,
            5.943959712982178,
            76.31751251220703,
            0.35448122024536133,
            6.011208772659302,
            91.25400114059448,
            0.2982213497161865,
            4.59136176109314,
            104.72954273223877,
            0.6942241191864014,
            4.784855604171753,
            101.23391556739807,
            0.45939040184020996,
            5.425027370452881,
            75.99316906929016,
            0.3907637596130371,
            4.242202281951904,
            90.10538816452026,
            0.29830121994018555,
            4.454678058624268,
            70.96585845947266,
            0.6167280673980713,
            4.71934175491333,
            77.61401987075806,
            0.28901052474975586,
            4.45694637298584,
            111.3731632232666,
            1.705751895904541,
            5.9312145709991455,
            94.7461884021759,
            0.42606639862060547,
            4.751524448394775,
            79.51531505584717,
            0.33914852142333984,
            6.000991344451904,
            121.81744575500488,
            0.6697337627410889,
            4.801438093185425,
            94.18388247489929,
            0.3022139072418213,
            4.525892496109009,
            77.61860823631287,
            0.4400336742401123,
            4.55150842666626,
            72.14128565788269,
            0.644916296005249,
            4.86205267906189,
            103.05076384544373,
            0.6847279071807861,
            4.90564227104187,
