{
    "tensor_name": "reddit-2015",
    "sampler": "larsen_kolda_hybrid",
    "R": 50,
    "J": 229376,
    "trial": 2,
    "preprocessing": "log_count",
    "initialization": null,
    "max_iterations": 80,
    "stop_tolerance": 0.0001,
    "tensor_order": 3,
    "trace": {
        "iterations": [
            0,
            5,
            10,
            15,
            20,
            25,
            30,
            35,
            40,
            45,
            50,
            55,
            60,
            65,
            70,
            75,
            80
        ],
        "fits": [
            -342588.3640617373,
            0.0650727107961373,
            0.06685445168341853,
            0.06935187418844735,
            0.07158505611990817,
            0.07240927050664014,
            0.0728817116459678,
            0.07359003079552695,
            0.07420746691107971,
            0.0746105991424465,
            0.0746162789658319,
            0.0752501791548974,
            0.07536652595343518,
            0.07543696413393464,
            0.07538510727609682,
            0.07561047808602606,
            0.0756099924376229
        ],
        "update_times": [
            2.2803192138671875,
            0.10157489776611328,
            2.191894292831421,
            58.88084673881531,
            0.27483463287353516,
            2.598841428756714,
            78.70403838157654,
            0.2789955139160156,
            2.6698660850524902,
            86.41691517829895,
            0.3410224914550781,
            2.7432188987731934,
            84.6984076499939,
            0.17582941055297852,
            2.645503044128418,
            82.80382370948792,
            0.313169002532959,
            2.5802769660949707,
            72.7882068157196,
            0.21930265426635742,
            3.1858575344085693,
            75.21023416519165,
            0.21271991729736328,
            2.928953170776367,
            67.8642942905426,
            0.30905818939208984,
            3.277134656906128,
            77.56610894203186,
            0.19385671615600586,
            2.5698609352111816,
            74.80126428604126,
            0.20751523971557617,
            2.62673282623291,
            78.9492027759552,
            0.1421205997467041,
            2.7250728607177734,
            71.89844465255737,
            0.14436817169189453,
            2.717283010482788,
            66.62463307380676,
            0.17935633659362793,
            2.656482219696045,
            77.30023503303528,
            0.22739648818969727,
            2.6363844871520996,
            81.35382866859436,
            0.3098585605621338,
            2.647045373916626,
            73.74432039260864,
            0.16759109497070312,
            2.6639561653137207,
            83.90151262283325,
            0.2111034393310547,
            2.6404428482055664,
            72.9292311668396,
            0.21493101119995117,
            2.5600969791412354,
            86.334139585495,
            0.12893009185791016,
            2.6619651317596436,
            81.31397700309753,
            0.28725266456604004,
            2.7333736419677734,
            60.96046495437622,
            0.13088703155517578,
            3.0313072204589844,
            70.78256416320801,
            0.2178483009338379,
            2.6125974655151367,
            73.36453700065613,
            0.21680140495300293,
            2.8650219440460205,
            62.379937171936035,
            0.3139684200286865,
            2.672172784805298,
            83.5036449432373,
            0.13896536827087402,
            3.00457501411438,
            72.64206218719482,
            0.1815638542175293,
            2.603977680206299,
            80.21607398986816,
            0.22439980506896973,
            2.640632390975952,
            75.83319664001465,
            0.31323766708374023,
            2.718998908996582,
            71.9160418510437,
            0.22721266746520996,
            2.680072546005249,
            81.43399786949158,
            0.3355438709259033,
            2.602576732635498,
            82.18930172920227,
            0.21747565269470215,
            2.846453905105591,
            76.14323425292969,
            0.2847309112548828,
            2.631035804748535,
            65.36587929725647,
            0.2888917922973633,
            2.6706511974334717,
            75.35738134384155,
            0.15731525421142578,
            3.6287240982055664,
            65.52417922019958,
            0.3357553482055664,
            2.6962637901306152,
            76.07553482055664,
            0.16619038581848145,
            2.6402199268341064,
            82.25237274169922,
            0.30054807662963867,
            2.6954870223999023,
            79.58002662658691,
            0.3105008602142334,
            2.598653793334961,
            80.17787408828735,
            0.13782358169555664,
            3.002751111984253,
            63.50987482070923,
            0.3107757568359375,
            2.731823205947876,
            77.27561473846436,
            0.27715015411376953,
            2.7624380588531494,
            71.53842878341675,
            0.12439918518066406,
            2.845365524291992,
            62.025126695632935,
            0.31485843658447266,
            3.650170087814331,
            62.43184947967529,
            0.14597558975219727,
            2.597381591796875,
            61.00932598114014,
            0.20569658279418945,
            2.662322759628296,
            86.6665461063385,
            0.18167471885681152,
            2.9495387077331543,
            77.50627732276917,
            0.20659446716308594,
            2.625175952911377,
            70.28969383239746,
            0.13831710815429688,
            2.598253011703491,
            80.37627172470093,
            0.28980517387390137,
            2.872382164001465,
            61.32505464553833,
            0.2958383560180664,
            2.7103707790374756,
            71.80967783927917,
            0.20344948768615723,
            2.6138627529144287,
            67.21244478225708,
            0.2299346923828125,
            3.7357821464538574,
            81.77274107933044,
            0.15912151336669922,
            3.0307936668395996,
            75.00591993331909,
            0.16557741165161133,
            2.5669655799865723,
            71.2146213054657,
            0.24730181694030762,
            2.6995656490325928,
            73.63672113418579,
            0.29192161560058594,
            2.6869890689849854,
            75.15244340896606,
            0.3089108467102051,
            2.6485559940338135,
            74.26877617835999,
            0.18247246742248535,
            2.6555545330047607,
            71.27723288536072,
            0.22623586654663086,
            2.9989206790924072,
            73.32681775093079,
            0.28309154510498047,
            2.842301845550537,
            67.4248902797699,
            0.31295132637023926,
            2.9130074977874756,
            79.59341645240784,
            0.28086209297180176,
            2.7619495391845703,
            68.39052510261536,
            0.2944154739379883,
            2.6762890815734863,
            78.87644648551941,
            0.18972301483154297,
            3.149500846862793,
            63.15344309806824,
            0.1283707618713379,
            2.608726739883423,
            66.2587480545044,
            0.3098602294921875,
            2.7099859714508057,
            78.14906096458435,
            0.11917638778686523,
            2.71280837059021,
            65.02067589759827,
            0.17200493812561035,
            2.674917459487915,
            79.42843580245972,
            0.15543627738952637,
            2.7963154315948486,
            66.59098052978516,
            0.29283761978149414,
            2.94130539894104,
            76.38900876045227,
            0.3052339553833008,
