{
    "tensor_name": "reddit-2015",
    "sampler": "larsen_kolda_hybrid",
    "R": 75,
    "J": 65536,
    "trial": 2,
    "preprocessing": "log_count",
    "initialization": null,
    "max_iterations": 80,
    "stop_tolerance": 0.0001,
    "tensor_order": 3,
    "trace": {
        "iterations": [
            0,
            5,
            10,
            15,
            20,
            25,
            30,
            35,
            40,
            45,
            50,
            55,
            60,
            65,
            70
        ],
        "fits": [
            -419851.22427389974,
            0.07326690986004503,
            0.07818912909082398,
            0.07933385037531826,
            0.08072839993173953,
            0.08184686219559378,
            0.08265662127608109,
            0.08286308153412314,
            0.08268982839930583,
            0.08354261065631485,
            0.07205181086766599,
            0.0843524257644932,
            0.08429472413439931,
            0.08396636330579477,
            0.08374453253775593
        ],
        "update_times": [
            5.3319315910339355,
            0.10242033004760742,
            2.998765230178833,
            34.63190221786499,
            0.21299242973327637,
            3.65925931930542,
            45.96188473701477,
            0.15451598167419434,
            3.2234745025634766,
            48.78416562080383,
            0.12386536598205566,
            3.39963436126709,
            48.57228875160217,
            0.1246798038482666,
            2.9334664344787598,
            61.189335107803345,
            0.12236309051513672,
            3.1717987060546875,
            58.02198147773743,
            0.12145423889160156,
            3.129424810409546,
            47.30896306037903,
            0.16513442993164062,
            3.023425340652466,
            42.277732372283936,
            0.13087844848632812,
            3.0501925945281982,
            42.13984990119934,
            0.09521150588989258,
            3.096039056777954,
            47.5592315196991,
            0.13425946235656738,
            3.387173891067505,
            49.778791189193726,
            0.13198518753051758,
            3.0016987323760986,
            55.50198936462402,
            0.15756559371948242,
            3.1204919815063477,
            47.388859272003174,
            0.11712789535522461,
            2.977226495742798,
            45.65273928642273,
            0.13094568252563477,
            3.1576993465423584,
            43.49921250343323,
            0.13738489151000977,
            3.038877248764038,
            42.791587591171265,
            0.0970759391784668,
            3.5936999320983887,
            43.21497821807861,
            0.08126473426818848,
            3.0575623512268066,
            40.92889976501465,
            0.09298276901245117,
            3.2843265533447266,
            54.99586009979248,
            0.10800743103027344,
            3.030644178390503,
            44.314059019088745,
            0.12217259407043457,
            3.087864875793457,
            52.633100509643555,
            0.10790061950683594,
            3.056065797805786,
            41.77838611602783,
            0.11149168014526367,
            3.0441715717315674,
            47.043689012527466,
            0.13848614692687988,
            2.998875379562378,
            47.71138787269592,
            0.1696324348449707,
            3.0926740169525146,
            44.6966872215271,
            0.1076500415802002,
            2.856128454208374,
            50.076154947280884,
            0.16437458992004395,
            3.2182116508483887,
            44.3644380569458,
            0.11349129676818848,
            3.429168462753296,
            47.85202145576477,
            0.10489010810852051,
            3.0947113037109375,
            42.72522449493408,
            1.0126707553863525,
            3.259554624557495,
            54.1233594417572,
            0.16387391090393066,
            3.020801067352295,
            38.22347640991211,
            0.14442729949951172,
            3.0152664184570312,
            40.365556478500366,
            0.15880656242370605,
            2.9888343811035156,
            45.33709120750427,
            0.1150975227355957,
            2.9934775829315186,
            45.78845548629761,
            0.11461043357849121,
            2.964773416519165,
            39.93477916717529,
            0.07452034950256348,
            3.0323851108551025,
            40.67355227470398,
            0.154693603515625,
            3.1503584384918213,
            50.80405640602112,
            0.18634581565856934,
            3.2198026180267334,
            45.84727954864502,
            0.10357046127319336,
            3.0128793716430664,
            38.96614408493042,
            0.11122918128967285,
            3.03991961479187,
            44.48695707321167,
            0.08283543586730957,
            2.858525514602661,
            46.552314043045044,
            0.12368059158325195,
            2.9499754905700684,
            44.826545000076294,
            0.12070155143737793,
            2.916487216949463,
            42.744935035705566,
            0.11576509475708008,
            3.0292022228240967,
            40.62742733955383,
            0.14531350135803223,
            3.1420156955718994,
            40.1159782409668,
            0.12895679473876953,
            2.9974889755249023,
            38.306183099746704,
            0.12505197525024414,
            3.005025625228882,
            35.99793100357056,
            0.10873866081237793,
            3.4724833965301514,
            44.363582611083984,
            0.12976336479187012,
            3.0853724479675293,
            48.765629529953,
            0.16577672958374023,
            3.023932456970215,
            45.74405550956726,
            0.16772699356079102,
            3.1669981479644775,
            52.56588363647461,
            0.1298995018005371,
            2.9665145874023438,
            36.69166350364685,
            0.17318320274353027,
            2.9852700233459473,
            41.47945237159729,
            0.16287517547607422,
            2.942561388015747,
            46.767444133758545,
            0.09457087516784668,
            3.0509958267211914,
            50.736217975616455,
            0.12984395027160645,
            3.0156054496765137,
            48.17774963378906,
            0.08578991889953613,
            2.919311285018921,
            38.4151177406311,
            0.11522626876831055,
            3.060117244720459,
            36.06389832496643,
            0.09913802146911621,
            3.081639289855957,
            44.08218812942505,
            0.11794853210449219,
            3.030864953994751,
            44.82241702079773,
            0.10134649276733398,
            2.9552395343780518,
            35.446163177490234,
            0.13782811164855957,
            3.0357871055603027,
            37.80643153190613,
            0.13564777374267578,
            3.0620601177215576,
            44.78122401237488,
            0.11104869842529297,
            2.949779748916626,
            37.269200801849365,
            0.13233304023742676,
            3.010040521621704,
            41.565805196762085,
            0.10007333755493164,
            3.056900978088379,
            38.28569793701172,
            0.1089625358581543,
            2.9515812397003174,
            35.80563044548035,
            0.15721535682678223,
            3.180652141571045,
            43.53199005126953,
            0.10878920555114746,
            2.868990182876587,
            37.980294942855835,
            0.19516777992248535,
            3.0099034309387207
        ],