{
    "tensor_name": "reddit-2015",
    "sampler": "larsen_kolda_hybrid",
    "R": 125,
    "J": 393216,
    "trial": 3,
    "preprocessing": "log_count",
    "initialization": null,
    "max_iterations": 80,
    "stop_tolerance": 0.0001,
    "tensor_order": 3,
    "trace": {
        "iterations": [
            0,
            5,
            10,
            15,
            20,
            25,
            30,
            35,
            40,
            45,
            50,
            55,
            60,
            65,
            70,
            75,
            80
        ],
        "fits": [
            -541977.49544612,
            0.09373634167413769,
            0.098220820419885,
            0.09959351159146301,
            0.10093672887545058,
            0.10173197891916586,
            0.10295828226814152,
            0.10405103663685633,
            0.10494770763983774,
            0.10550596921057465,
            0.10572602750274351,
            0.10632966155703782,
            0.10601681856047895,
            0.10686795008040118,
            0.10499467324050993,
            0.10428264900579087,
            0.10720645621692382
        ],
        "update_times": [
            4.938414096832275,
            0.3637065887451172,
            4.949609041213989,
            132.02739334106445,
            0.5337650775909424,
            6.351488828659058,
            198.49816060066223,
            0.8253545761108398,
            6.278365850448608,
            132.22443771362305,
            0.8890979290008545,
            6.7460126876831055,
            124.69109535217285,
            0.5513405799865723,
            6.163928508758545,
            216.44096422195435,
            0.6355645656585693,
            6.388385057449341,
            192.654714345932,
            0.9987215995788574,
            6.816253185272217,
            177.8657956123352,
            1.2632341384887695,
            7.187253713607788,
            148.9292435646057,
            1.0361673831939697,
            6.498107194900513,
            136.69327902793884,
            0.5661871433258057,
            6.329542875289917,
            159.08028316497803,
            0.6134300231933594,
            6.16140604019165,
            130.75106573104858,
            0.5641758441925049,
            6.301266431808472,
            150.75308752059937,
            0.7978181838989258,
            6.406718730926514,
            117.56919169425964,
            0.570460319519043,
            6.26718807220459,
            130.15162086486816,
            0.47315526008605957,
            7.055308818817139,
            163.24633169174194,
            0.47690606117248535,
            6.508026123046875,
            192.30234503746033,
            0.6676754951477051,
            6.43293309211731,
            166.42184495925903,
            0.4506552219390869,
            6.275664567947388,
            162.99639058113098,
            0.832155704498291,
            7.862064838409424,
            128.47190523147583,
            1.317749261856079,
            6.681356906890869,
            177.88340210914612,
            0.5997850894927979,
            6.194071292877197,
            227.51805186271667,
            0.4503483772277832,
            6.331744194030762,
            187.7902865409851,
            0.443387508392334,
            7.290831804275513,
            199.93243193626404,
            0.5300405025482178,
            6.053522348403931,
            205.06426358222961,
            0.48363709449768066,
            7.867960691452026,
            144.61434531211853,
            0.4798130989074707,
            6.325984239578247,
            154.98345732688904,
            1.2613122463226318,
            6.813642740249634,
            181.97011256217957,
            1.1784367561340332,
            7.341094017028809,
            203.76327347755432,
            0.560877799987793,
            6.14967942237854,
            184.0433521270752,
            0.43352293968200684,
            7.6251771450042725,
            188.18734574317932,
            1.0457711219787598,
            6.272199392318726,
            154.9198706150055,
            0.4527761936187744,
            6.110214710235596,
            141.0431933403015,
            0.47130632400512695,
            6.102734565734863,
            134.19153356552124,
            0.44321298599243164,
            6.9566264152526855,
            202.12063074111938,
            0.4863123893737793,
            7.732736825942993,
            181.84376096725464,
            0.4576747417449951,
            6.475545644760132,
            161.40874576568604,
            0.9766316413879395,
            7.166393280029297,
            127.87449550628662,
            1.1331312656402588,
            6.902304410934448,
            137.77371740341187,
            0.599376916885376,
            6.2973785400390625,
            164.99057388305664,
            0.5133655071258545,
            7.629658937454224,
            122.98590850830078,
            0.4648423194885254,
            6.185998439788818,
            166.16792035102844,
            0.48137950897216797,
            6.42250657081604,
            186.47477173805237,
            0.7241759300231934,
            6.479593992233276,
            187.07099509239197,
            0.6348774433135986,
            8.56189513206482,
            163.4928765296936,
            0.4378957748413086,
            6.3598504066467285,
            218.51112532615662,
            0.4733612537384033,
            7.987071752548218,
            162.48390793800354,
            0.44481897354125977,
            6.171523809432983,
            172.83400535583496,
            0.45784854888916016,
            7.847944259643555,
            133.8251633644104,
            0.43050050735473633,
            7.941272974014282,
            131.84689497947693,
            1.4120519161224365,
            6.844175100326538,
            161.7963945865631,
            0.4847426414489746,
            7.479762554168701,
            186.61142110824585,
            0.6586325168609619,
            7.5381433963775635,
            193.04730439186096,
            0.41086840629577637,
            6.188361644744873,
            152.0763566493988,
            0.4962306022644043,
            6.533774375915527,
            222.45579433441162,
            1.141404390335083,
            5.993789434432983,
            216.78971910476685,
            0.4403388500213623,
            6.026014089584351,
            126.87779641151428,
            0.5003092288970947,
            6.2033851146698,
            211.00186729431152,
            0.4058187007904053,
            6.0482635498046875,
            178.29003190994263,
            0.5991508960723877,
            6.7126405239105225,
            132.94796562194824,
            0.45206618309020996,
            6.074934959411621,
            157.62277030944824,
            0.5063877105712891,
            6.591548681259155,
            146.15222334861755,
            0.4211859703063965,
            6.248250961303711,
            135.13682055473328,
            0.9279816150665283,
            6.171813488006592,
            181.45253086090088,
            0.6145851612091064,
            6.229731321334839,
            145.43519186973572,
            0.9384856224060059,
            6.775259971618652,
            160.8301990032196,
            1.061044454574585,
            6.148232936859131,
            186.45513772964478,
            0.4530348777770996,
            7.149438381195068,
            139.73349738121033,
            0.4100971221923828,
            6.036293983459473,
            172.87209129333496,
            0.9398510456085205,
            7.78761100769043,
            134.85302996635437,
            0.8220179080963135,
            6.409261703491211,
            185.55331015586853,
            0.47696733474731445,
            6.270736217498779,
            143.52786898612976,
            0.720902681350708,
