{
    "tensor_name": "reddit-2015",
    "sampler": "larsen_kolda_hybrid",
    "R": 75,
    "J": 98304,
    "trial": 3,
    "preprocessing": "log_count",
    "initialization": null,
    "max_iterations": 80,
    "stop_tolerance": 0.0001,
    "tensor_order": 3,
    "trace": {
        "iterations": [
            0,
            5,
            10,
            15,
            20,
            25,
            30,
            35,
            40,
            45,
            50
        ],
        "fits": [
            -419692.0102782721,
            0.07587169791424586,
            0.08106360313210292,
            0.08296269409374057,
            0.08453161707776158,
            0.08511286120905259,
            0.08582073393989831,
            0.08634425750019248,
            0.0854407584949084,
            0.0863431361211855,
            0.08640962701078825
        ],
        "update_times": [
            4.2203333377838135,
            0.08347344398498535,
            3.3942832946777344,
            23.99013352394104,
            0.2733268737792969,
            3.5375726222991943,
            64.77251243591309,
            0.4588782787322998,
            3.5192410945892334,
            65.49569797515869,
            0.24343228340148926,
            3.492234706878662,
            63.4193160533905,
            0.3813362121582031,
            3.4036402702331543,
            58.47936224937439,
            0.23685860633850098,
            4.465400457382202,
            53.04065704345703,
            0.2217578887939453,
            3.2572500705718994,
            57.5048189163208,
            0.20552706718444824,
            3.362069606781006,
            58.46271467208862,
            0.17758893966674805,
            3.478646993637085,
            55.64948558807373,
            0.13821697235107422,
            3.192556619644165,
            59.18238043785095,
            0.1299738883972168,
            5.185277938842773,
            61.877891540527344,
            0.2468557357788086,
            3.2510039806365967,
            61.093668699264526,
            0.1545872688293457,
            3.6723649501800537,
            75.60886931419373,
            0.11891508102416992,
            3.317044496536255,
            61.408719301223755,
            0.22527170181274414,
            3.7123990058898926,
            55.56524133682251,
            0.12260937690734863,
            3.3403096199035645,
            68.1176586151123,
            0.18517303466796875,
            3.4183127880096436,
            70.8938045501709,
            0.12190008163452148,
            3.3296549320220947,
            61.31680250167847,
            0.25537610054016113,
            3.4246323108673096,
            66.47026705741882,
            0.1640481948852539,
            3.3789761066436768,
            71.11586689949036,
            0.13654851913452148,
            3.2722904682159424,
            67.17107939720154,
            0.15088438987731934,
            3.6689159870147705,
            57.34449601173401,
            0.27654528617858887,
            4.433501958847046,
            61.25855255126953,
            0.1603238582611084,
            3.3291015625,
            67.59619903564453,
            0.114166259765625,
            3.799109697341919,
            60.85258650779724,
            0.1200416088104248,
            3.30849289894104,
            58.95710587501526,
            0.21106696128845215,
            3.362915277481079,
            55.50064468383789,
            0.1236114501953125,
            3.241711378097534,
            51.822540283203125,
            0.17256927490234375,
            3.7683963775634766,
            57.90213704109192,
            0.1865224838256836,
            3.2840993404388428,
            48.34999656677246,
            0.19510221481323242,
            3.241372585296631,
            52.744383335113525,
            0.12717795372009277,
            3.2901477813720703,
            49.01849007606506,
            0.19493651390075684,
            3.3085920810699463,
            63.230905532836914,
            0.24231648445129395,
            3.6384880542755127,
            53.831478118896484,
            0.16913628578186035,
            3.295712471008301,
            59.334062814712524,
            0.11986446380615234,
            3.32920241355896,
            55.251347064971924,
            0.23945045471191406,
            3.3853139877319336,
            50.912192583084106,
            0.1423337459564209,
            3.240330219268799,
            47.44652605056763,
            0.11578154563903809,
            3.237931251525879,
            61.77369546890259,
            0.12100028991699219,
            3.320420503616333,
            58.836215019226074,
            0.12266397476196289,
            3.363579511642456,
            50.941073179244995,
            0.11619973182678223,
            3.918513059616089,
            51.160873889923096,
            0.16346526145935059,
            3.6381797790527344,
            58.16112494468689,
            0.10966014862060547,
            3.3623900413513184,
            53.61878776550293,
            0.11140012741088867,
            3.4765961170196533,
            51.23277711868286,
            0.11182069778442383,
            3.3082571029663086,
            51.233583211898804,
            0.17899537086486816,
            3.6863203048706055,
            55.49924898147583,
            0.1757981777191162,
            3.3704845905303955,
            56.79127550125122,
            0.10904216766357422,
            3.3364720344543457,
            57.05187177658081,
            0.17091131210327148,
            3.7515065670013428
        ],
        "fit_computation_times": [
            84.74760675430298,
            86.41425967216492,
            88.57208156585693,
            87.08488178253174,
            87.93018746376038,
            88.49085068702698,
            86.62977051734924,
            87.82393193244934,
            87.69478750228882,
            88.08365797996521
        ]
    },
    "elapsed": 3989.6307892799377
}