{
    "tensor_name": "reddit-2015",
    "sampler": "larsen_kolda_hybrid",
    "R": 125,
    "J": 131072,
    "trial": 0,
    "preprocessing": "log_count",
    "initialization": null,
    "max_iterations": 80,
    "stop_tolerance": 0.0001,
    "tensor_order": 3,
    "trace": {
        "iterations": [
            0,
            5,
            10,
            15,
            20,
            25,
            30,
            35,
            40,
            45,
            50,
            55,
            60,
            65,
            70,
            75,
            80
        ],
        "fits": [
            -541930.8754843343,
            0.09091233102110907,
            0.09457168080581435,
            0.09597010956751773,
            0.09662623847861873,
            0.09620572253508464,
            0.09834415193151014,
            0.09900254629343219,
            0.09945673517610543,
            0.09928052678868338,
            0.09998903686093219,
            0.10074832985611393,
            0.1010098767293226,
            0.10119875456240357,
            0.0987193099952447,
            0.09744233491920318,
            0.10186375402990433
        ],
        "update_times": [
            4.385268211364746,
            0.1776566505432129,
            4.329193592071533,
            73.86390089988708,
            0.35960912704467773,
            4.43588662147522,
            109.81444931030273,
            0.3333468437194824,
            4.546403646469116,
            85.94449520111084,
            0.3819561004638672,
            4.711684465408325,
            82.13204383850098,
            0.5742850303649902,
            6.349920272827148,
            80.25176644325256,
            0.2578768730163574,
            4.6241888999938965,
            95.7247245311737,
            0.31411242485046387,
            4.430990934371948,
            107.30532264709473,
            0.5161623954772949,
            6.005867004394531,
            87.97401213645935,
            0.2283461093902588,
            5.838605642318726,
            71.5871365070343,
            0.2562847137451172,
            5.927902460098267,
            63.86666297912598,
            0.23327040672302246,
            6.092152118682861,
            65.48008155822754,
            0.40581393241882324,
            4.457319498062134,
            81.75162363052368,
            0.33594441413879395,
            5.466878890991211,
            81.1517984867096,
            0.24328279495239258,
            4.187442779541016,
            96.76174283027649,
            0.4680914878845215,
            4.191648960113525,
            89.49300217628479,
            0.23833370208740234,
            6.112778186798096,
            112.11047148704529,
            0.4986002445220947,
            4.288490056991577,
            63.771997928619385,
            0.2273235321044922,
            5.907639980316162,
            75.69093370437622,
            0.22275662422180176,
            5.993417978286743,
            68.42416954040527,
            0.2760002613067627,
            6.328465938568115,
            77.5592589378357,
            0.23110437393188477,
            5.997361898422241,
            70.41099667549133,
            0.24514007568359375,
            4.210156679153442,
            99.6079568862915,
            0.30510401725769043,
            6.1061060428619385,
            51.164191246032715,
            0.27077269554138184,
            5.336852550506592,
            77.44792246818542,
            0.35400891304016113,
            6.07246470451355,
            78.04546475410461,
            0.24343323707580566,
            5.99666690826416,
            85.4583592414856,
            0.23047471046447754,
            4.471004486083984,
            107.34504127502441,
            0.3224678039550781,
            4.466367483139038,
            76.52758026123047,
            0.27622318267822266,
            4.333589792251587,
            100.56142044067383,
            0.5338406562805176,
            6.257440567016602,
            65.81072354316711,
            0.2261970043182373,
            6.030935764312744,
            56.07244300842285,
            0.23681426048278809,
            4.4019904136657715,
            51.54650521278381,
            0.33798813819885254,
            4.401386976242065,
            101.07541179656982,
            0.47149181365966797,
            5.670486927032471,
            80.92731308937073,
            0.21614408493041992,
            4.581735610961914,
            94.11247849464417,
            0.31123781204223633,
            6.072842359542847,
            70.26489615440369,
            0.3230900764465332,
            6.1734395027160645,
            70.5557472705841,
            0.48113536834716797,
            4.3631086349487305,
            89.63026142120361,
            0.2207019329071045,
            5.658792018890381,
            82.22252464294434,
            0.2830545902252197,
            4.353918790817261,
            82.4995985031128,
            0.20389318466186523,
            6.032214403152466,
            86.16674494743347,
            0.2862873077392578,
            4.368165731430054,
            92.84985065460205,
            0.23783421516418457,
            5.276940584182739,
            80.16597986221313,
            0.23259520530700684,
            4.423471689224243,
            78.57456398010254,
            0.32277679443359375,
            5.196801424026489,
            85.00473928451538,
            0.2774205207824707,
            4.295390605926514,
            93.70595264434814,
            0.23150849342346191,
            6.136552810668945,
            87.87100791931152,
            0.26830339431762695,
            6.457552909851074,
            57.16295909881592,
            0.6803262233734131,
            4.336205959320068,
            82.57447266578674,
            0.20863819122314453,
            4.553163051605225,
            85.84586715698242,
            0.18300962448120117,
            6.022306203842163,
            65.82339906692505,
            0.38264894485473633,
            4.243450880050659,
            86.56219553947449,
            0.21286845207214355,
            5.947962284088135,
            66.65958905220032,
            0.3121790885925293,
            4.249094724655151,
            67.89323401451111,
            0.42728161811828613,
            6.13632345199585,
            88.62143731117249,
            0.2429523468017578,
            4.299462080001831,
            79.76983857154846,
            0.25182604789733887,
            6.2190773487091064,
            75.79204940795898,
            0.19013404846191406,
            5.182330369949341,
            62.38649582862854,
            0.2253704071044922,
            4.2627904415130615,
            87.08767509460449,
            0.3557314872741699,
            6.325398921966553,
            93.02847599983215,
            0.526129961013794,
            5.4644248485565186,
            89.1316921710968,
            0.2700982093811035,
            4.3574159145355225,
            69.18433952331543,
            0.27481698989868164,
            6.458890199661255,
            66.54663276672363,
            0.2661893367767334,
            6.4672462940216064,
            61.29026937484741,
            0.2530040740966797,
            6.157325983047485,
            82.87687969207764,
            0.22732138633728027,
            6.2402684688568115,
            51.848790884017944,
            0.2243809700012207,
            4.3971569538116455,
            46.01741170883179,
            0.23619437217712402,
            5.952792167663574,
            76.37672233581543,
            0.2199718952178955,
            6.830239772796631,
            66.67309832572937,
            0.24522018432617188,
            6.224457025527954,
            74.15893197059631,
            0.33115696907043457,
            6.477040529251099,
            65.75693130493164,
            0.24825429916381836,
