{
    "tensor_name": "reddit-2015",
    "sampler": "efficient",
    "R": 125,
    "J": 65536,
    "trial": 0,
    "preprocessing": "log_count",
    "initialization": null,
    "max_iterations": 80,
    "stop_tolerance": 0.0001,
    "tensor_order": 3,
    "trace": {
        "iterations": [
            0,
            5,
            10,
            15,
            20,
            25,
            30,
            35,
            40,
            45,
            50,
            55,
            60,
            65,
            70,
            75,
            80
        ],
        "fits": [
            -541819.6459241982,
            0.09272770465031632,
            0.09565891537252247,
            0.09891808731664853,
            0.1003448854381006,
            0.10204080546528516,
            0.10310862098402263,
            0.10462274426323415,
            0.10555643143027105,
            0.10645437654068224,
            0.10704358223397115,
            0.1077513575673753,
            0.10829580826946872,
            0.10852278865538834,
            0.1089990613349584,
            0.10920833314137735,
            0.1078932930512092
        ],
        "update_times": [
            6.807849168777466,
            1.5779762268066406,
            3.6483943462371826,
            42.52641463279724,
            3.44279408454895,
            5.57882833480835,
            60.61375045776367,
            2.519808530807495,
            5.517816543579102,
            69.1032075881958,
            2.3629045486450195,
            5.701739549636841,
            65.75370240211487,
            2.3337225914001465,
            6.527996778488159,
            61.72133278846741,
            2.2876803874969482,
            7.085960865020752,
            63.50735139846802,
            3.118497610092163,
            5.748152017593384,
            74.93277955055237,
            2.3465685844421387,
            5.942569732666016,
            74.52112436294556,
            2.317365884780884,
            5.79155969619751,
            81.88752388954163,
            2.324850082397461,
            5.919558763504028,
            79.86019158363342,
            2.319465160369873,
            6.790878534317017,
            76.36121726036072,
            2.281773328781128,
            5.986429452896118,
            88.77872014045715,
            2.324176788330078,
            6.172466516494751,
            78.34217500686646,
            2.2980737686157227,
            6.337515354156494,
            83.14200687408447,
            2.2988851070404053,
            6.241374254226685,
            72.25074744224548,
            2.313852548599243,
            8.101831912994385,
            71.90267634391785,
            2.322925329208374,
            6.423107385635376,
            74.45424222946167,
            2.335184335708618,
            6.595100402832031,
            78.16934251785278,
            2.284952163696289,
            6.7917304039001465,
            86.95235180854797,
            2.321455240249634,
            7.015072584152222,
            77.75951480865479,
            2.327019691467285,
            8.270243167877197,
            78.41610741615295,
            2.320035696029663,
            7.040243864059448,
            80.83943605422974,
            2.3391687870025635,
            7.160933017730713,
            75.3051278591156,
            2.5330893993377686,
            8.35777759552002,
            81.22639894485474,
            2.284304141998291,
            7.071310520172119,
            74.78353786468506,
            2.36399507522583,
            6.9427735805511475,
            75.3709511756897,
            2.343822717666626,
            7.244073152542114,
            83.33863496780396,
            2.292973518371582,
            7.8991076946258545,
            77.30125403404236,
            2.3330438137054443,
            7.709270000457764,
            67.85918760299683,
            2.3359694480895996,
            8.760020971298218,
            81.11765813827515,
            2.3638718128204346,
            9.035529613494873,
            73.03222560882568,
            3.4515433311462402,
            7.880107879638672,
            69.22416424751282,
            2.2660202980041504,
            9.190068483352661,
            73.27046346664429,
            2.2820887565612793,
            9.326310396194458,
            74.92872524261475,
            2.347078800201416,
            8.241678476333618,
            79.7380940914154,
            2.360835552215576,
            8.083477973937988,
            73.71593689918518,
            2.3445205688476562,
            8.770920515060425,
            84.70669388771057,
            2.4115426540374756,
            9.559215545654297,
            78.0201690196991,
            2.3436825275421143,
            8.793642520904541,
            75.61999249458313,
            2.6285202503204346,
            8.572954177856445,
            68.7562518119812,
            2.3048102855682373,
            8.701151609420776,
            73.50965023040771,
            2.3333561420440674,
            8.823290348052979,
            72.75155210494995,
            2.339775562286377,
            8.828382730484009,
            88.21106123924255,
            2.3219892978668213,
            9.083467960357666,
            83.0250735282898,
            2.3586318492889404,
            9.601524591445923,
            68.42361688613892,
            2.318291425704956,
            8.66788125038147,
            69.0270574092865,
            2.3396286964416504,
            10.242159605026245,
            80.07805156707764,
            2.3506298065185547,
            9.896240711212158,
            69.38998198509216,
            2.319105863571167,
            8.877942562103271,
            83.13966655731201,
            2.3822574615478516,
            10.443345069885254,
            84.75870490074158,
            2.3432586193084717,
            9.922334909439087,
            83.53373003005981,
            2.4106576442718506,
            9.073639154434204,
            80.83026432991028,
            2.347306251525879,
            9.376495361328125,
            73.68375635147095,
            3.0410306453704834,
            9.49181580543518,
            77.20959258079529,
            2.980774402618408,
            10.532737255096436,
            73.27947354316711,
            2.3507394790649414,
            10.586121082305908,
            87.10260343551636,
            2.491347312927246,
            10.653949975967407,
            83.94328808784485,
            2.374337673187256,
            10.123902797698975,
            89.9046242237091,
            2.3362209796905518,
            9.915597677230835,
            82.17734575271606,
            2.366166353225708,
            9.637814998626709,
            72.31474351882935,
            2.3505048751831055,
            10.798354148864746,
            85.7877402305603,
            2.363835334777832,
            9.710455894470215,
            79.7518846988678,
            2.412598133087158,
            10.010600805282593,
            69.56716203689575,
            2.3796467781066895,
            10.570358753204346,
            78.58946490287781,
            2.3868730068206787,
            11.493082046508789,
            79.09013175964355,
            2.368494987487793,
            10.93126893043518,
            72.5865261554718,
            2.366508722305298,
            10.282166719436646,
            83.3788435459137,
            2.336538791656494,
            10.012804985046387,
            77.28374695777893,
            2.375325918197632,
            10.287471294403076,
            70.17908334732056,
            2.3375813961029053,
            10.15752363204956,
            75.43553066253662,
            2.446709632873535,
            9.668931245803833,
            70.9765796661377,
            2.516537666320801,
            10.328940153121948,
            77.92799615859985,
            2.425449848175049,
