{
    "tensor_name": "reddit-2015",
    "sampler": "larsen_kolda_hybrid",
    "R": 50,
    "J": 196608,
    "trial": 2,
    "preprocessing": "log_count",
    "initialization": null,
    "max_iterations": 80,
    "stop_tolerance": 0.0001,
    "tensor_order": 3,
    "trace": {
        "iterations": [
            0,
            5,
            10,
            15,
            20,
            25,
            30,
            35,
            40,
            45,
            50,
            55,
            60,
            65,
            70,
            75,
            80
        ],
        "fits": [
            -342641.3480063788,
            0.06563210392454166,
            0.06928283492607656,
            0.07015949918108333,
            0.07137513464121348,
            0.07214457071041247,
            0.07341705937345588,
            0.07427887376038478,
            0.07484488094948538,
            0.07528137074739272,
            0.0753226074901342,
            0.07528489282722628,
            0.07569033812650294,
            0.07588609676480629,
            0.07556722719003672,
            0.07546713404509164,
            0.0759843919411003
        ],
        "update_times": [
            2.0799808502197266,
            0.09667134284973145,
            2.237823724746704,
            66.58378982543945,
            0.30255746841430664,
            2.5526123046875,
            75.73057126998901,
            0.30901575088500977,
            4.098456382751465,
            77.8103597164154,
            0.29099106788635254,
            2.670837879180908,
            74.0497624874115,
            0.2867155075073242,
            2.5808584690093994,
            79.56623411178589,
            0.1810293197631836,
            2.653773307800293,
            80.20052289962769,
            0.2104341983795166,
            2.635010242462158,
            80.77713656425476,
            0.22069811820983887,
            2.539020538330078,
            75.12551021575928,
            0.2614710330963135,
            3.937558174133301,
            77.71832704544067,
            0.15584802627563477,
            5.033308744430542,
            71.00992751121521,
            0.19515514373779297,
            2.459745168685913,
            77.8881471157074,
            0.12890005111694336,
            2.438704013824463,
            80.69433856010437,
            0.16523957252502441,
            2.5270493030548096,
            78.90456175804138,
            0.22615671157836914,
            2.7032413482666016,
            72.68118095397949,
            0.16045832633972168,
            2.711174488067627,
            65.5129702091217,
            0.28933238983154297,
            2.8163137435913086,
            74.71994090080261,
            0.12054562568664551,
            2.4812967777252197,
            69.02423739433289,
            0.1379685401916504,
            2.443929433822632,
            72.17630410194397,
            0.1625216007232666,
            2.7138662338256836,
            72.84228134155273,
            0.20102405548095703,
            2.4440834522247314,
            84.67255997657776,
            0.21150851249694824,
            3.1967544555664062,
            63.23930382728577,
            0.2607088088989258,
            2.5812227725982666,
            71.30283832550049,
            0.19321537017822266,
            2.7627692222595215,
            71.70189833641052,
            0.2235431671142578,
            2.5427780151367188,
            78.66065430641174,
            0.21696186065673828,
            2.616245746612549,
            71.17998170852661,
            0.18258190155029297,
            2.9084486961364746,
            71.08383274078369,
            0.23158693313598633,
            2.8034825325012207,
            70.55363774299622,
            0.16490888595581055,
            3.4661409854888916,
            74.37772154808044,
            0.19155597686767578,
            2.8443076610565186,
            70.53329658508301,
            0.18661022186279297,
            2.6503918170928955,
            80.47927045822144,
            0.13195252418518066,
            2.4980525970458984,
            73.85806846618652,
            0.17754006385803223,
            2.5638716220855713,
            71.76556921005249,
            0.12321829795837402,
            2.538823366165161,
            69.39862942695618,
            0.16634535789489746,
            3.1541082859039307,
            80.73625183105469,
            0.27662086486816406,
            2.723980188369751,
            79.16397833824158,
            0.1681506633758545,
            2.5679614543914795,
            71.27840399742126,
            0.2138829231262207,
            2.600280284881592,
            77.7437355518341,
            0.18307185173034668,
            2.499725818634033,
            74.60717058181763,
            0.1557626724243164,
            2.744572162628174,
            71.9065043926239,
            0.21948552131652832,
            3.002723217010498,
            76.28928971290588,
            0.20595765113830566,
            2.5993704795837402,
            63.79305171966553,
            0.27498698234558105,
            2.7739737033843994,
            76.7644054889679,
            0.20458102226257324,
            2.61426043510437,
            62.4454882144928,
            0.17878270149230957,
            2.737229585647583,
            80.59542393684387,
            0.14111590385437012,
            2.6935031414031982,
            71.68439078330994,
            0.20234060287475586,
            2.6617538928985596,
            81.76728653907776,
            0.17074847221374512,
            2.878894090652466,
            74.44019746780396,
            0.23848915100097656,
            2.494351387023926,
            68.34565305709839,
            0.19823980331420898,
            2.6374309062957764,
            70.9848062992096,
            0.1755216121673584,
            2.65732741355896,
            71.27089667320251,
            0.20658159255981445,
            2.578439474105835,
            69.67599701881409,
            0.1787431240081787,
            2.4765498638153076,
            71.820485830307,
            0.18698859214782715,
            3.4844770431518555,
            60.13727784156799,
            0.18627643585205078,
            2.5651183128356934,
            76.17141008377075,
            0.2042391300201416,
            3.1271512508392334,
            72.29587435722351,
            0.1974797248840332,
            2.5972135066986084,
            71.20389866828918,
            0.1837306022644043,
            2.475616693496704,
            69.68889379501343,
            0.20065832138061523,
            2.549877405166626,
            62.764137983322144,
            0.2475278377532959,
            2.688389539718628,
            74.72153306007385,
            0.2056105136871338,
            2.5736584663391113,
            64.20582509040833,
            0.30806827545166016,
            2.5862925052642822,
            56.70088052749634,
            0.27483224868774414,
            2.798632860183716,
            64.10668921470642,
            0.2871675491333008,
            2.5571460723876953,
            59.944024324417114,
            0.2008225917816162,
            2.656552314758301,
            73.77487659454346,
            0.20678257942199707,
            2.5227339267730713,
            62.70950794219971,
            0.13424444198608398,
            2.9314792156219482,
            65.40952682495117,
            0.1305091381072998,
            2.5266239643096924,
            69.82238388061523,
            0.11651492118835449,
            3.2336134910583496,
            60.436389684677124,
            0.2707681655883789,
            2.8543601036071777,
            69.58401465415955,
            0.20274829864501953,
            2.6582891941070557,
            64.7149384021759,
            0.2634603977203369,
            2.5425937175750732,
            72.31378650665283,
