{"data": [200, 200, 200], "test_name": "randomized_tt-svd", "time": 0.09716472625732422, "fit": 0.0005585269270219406, "count": 2}