{"data": [200, 200, 200], "test_name": "tt-als", "time": 0.15627665519714357, "fit": 0.0004798372071246115, "count": 2}