{"data": [200, 200, 200], "test_name": "randomized_tt-als", "time": 1.705881667137146, "fit": 0.00032217285938402896, "count": 2}