{"data": [200, 200, 200], "test_name": "randomized_tt-svd", "time": 0.09699273109436035, "fit": 0.0005440084082164454, "count": 2}