{"data": [200, 200, 200], "test_name": "randomized_tt-als", "time": 1.8986427783966064, "fit": 0.00032456849456319325, "count": 2}