{"data": [100, 100, 100], "test_name": "randomized_tt-svd", "time": 0.014278650283813477, "fit": 0.0023345102321117306, "count": 1}