{"test_name": "randomized_tt-als", "time": 91.36550903320312, "fit": 0.3601139489882894}