{
    "tensor_name": "uber",
    "sampler": "efficient",
    "R": 100,
    "J": 98304,
    "trial": 2,
    "preprocessing": null,
    "initialization": null,
    "max_iterations": 40,
    "stop_tolerance": 0.0001,
    "tensor_order": 4,
    "trace": {
        "iterations": [
            0,
            5,
            10,
            15,
            20,
            25,
            30,
            35,
            40
        ],
        "fits": [
            -296.36093478076504,
            0.22628943539799806,
            0.2329212394026029,
            0.23548846563447512,
            0.23661058504526344,
            0.23732537892951788,
            0.23790719711368458,
            0.23826747326695186,
            0.2386096509898522
        ],
        "update_times": [
            0.33625364303588867,
            0.3261220455169678,
            0.2912423610687256,
            0.30146241188049316,
            0.39800238609313965,
            0.3375728130340576,
            0.3223128318786621,
            0.3161449432373047,
            0.4039750099182129,
            0.34105610847473145,
            0.3290677070617676,
            0.31508469581604004,
            0.4021790027618408,
            0.3358280658721924,
            0.3268415927886963,
            0.3003113269805908,
            0.3931436538696289,
            0.3430793285369873,
            0.3418881893157959,
            0.29844188690185547,
            0.386061429977417,
            0.33815431594848633,
            0.3261575698852539,
            0.29053521156311035,
            0.38336849212646484,
            0.33538269996643066,
            0.3144564628601074,
            0.29408764839172363,
            0.3966715335845947,
            0.3494303226470947,
            0.3434789180755615,
            0.3018984794616699,
            0.3954319953918457,
            0.32918357849121094,
            0.34757089614868164,
            0.3054354190826416,
            0.41241455078125,
            0.3324315547943115,
            0.33979344367980957,
            0.3133270740509033,
            0.3968799114227295,
            0.36659884452819824,
            0.3728196620941162,
            0.3066837787628174,
            0.41446828842163086,
            0.3225116729736328,
            0.3185131549835205,
            0.2984592914581299,
            0.4064040184020996,
            0.32198333740234375,
            0.3129093647003174,
            0.29617738723754883,
            0.3957798480987549,
            0.3364856243133545,
            0.32392263412475586,
            0.2983713150024414,
            0.3964376449584961,
            0.3378572463989258,
            0.3316047191619873,
            0.30952882766723633,
            0.4302346706390381,
            0.3722257614135742,
            0.33585143089294434,
            0.3155324459075928,
            0.3923759460449219,
            0.31809496879577637,
            0.33410215377807617,
            0.2839796543121338,
            0.3922274112701416,
            0.3283259868621826,
            0.3172950744628906,
            0.29211997985839844,
            0.3743400573730469,
            0.3410205841064453,
            0.32155346870422363,
            0.2879300117492676,
            0.36847710609436035,
            0.36768317222595215,
            0.3203113079071045,
            0.2938199043273926,
            0.38855528831481934,
            0.31949734687805176,
            0.3175828456878662,
            0.29877543449401855,
            0.41619086265563965,
            0.34375429153442383,
            0.32587647438049316,
            0.30115461349487305,
            0.3787517547607422,
            0.3332202434539795,
            0.3131561279296875,
            0.29208803176879883,
            0.3982374668121338,
            0.3993828296661377,
            0.32520055770874023,
            0.311877965927124,
            0.39844775199890137,
            0.34380102157592773,
            0.321941614151001,
            0.31369876861572266,
            0.4065418243408203,
            0.33616042137145996,
            0.3266315460205078,
            0.3246157169342041,
            0.39560747146606445,
            0.35889720916748047,
            0.3426523208618164,
            0.30594301223754883,
            0.40779566764831543,
            0.34322166442871094,
            0.3185844421386719,
            0.2900717258453369,
            0.4044835567474365,
            0.32965707778930664,
            0.3261423110961914,
            0.3080112934112549,
            0.4502079486846924,
            0.36277198791503906,
            0.3069181442260742,
            0.294374942779541,
            0.404233455657959,
            0.34538793563842773,
            0.3124556541442871,
            0.287128210067749,
            0.3905048370361328,
            0.3356201648712158,
            0.32437801361083984,
            0.3034193515777588,
            0.4023714065551758,
            0.3370497226715088,
            0.3277013301849365,
            0.3038160800933838,
            0.39625072479248047,
            0.34162211418151855,
            0.31088709831237793,
            0.2976558208465576,
            0.40671634674072266,
            0.3401675224304199,
            0.3358423709869385,
            0.31618690490722656,
            0.4546685218811035,
            0.3821237087249756,
            0.33278894424438477,
            0.29643821716308594,
            0.4025106430053711,
            0.3322939872741699,
            0.33586907386779785,
            0.31047987937927246,
            0.3804793357849121,
            0.3455839157104492,
            0.31719493865966797,
            0.3088064193725586,
            0.38400793075561523,
            0.34093618392944336,
            0.3170888423919678,
            0.29492783546447754,
            0.39681196212768555,
            0.34415411949157715,
            0.32790398597717285,
            0.2964780330657959
        ],
        "fit_computation_times": [
            0.01031637191772461,
            0.008797168731689453,
            0.008231163024902344,
            0.008559942245483398,
            0.008864879608154297,
            0.00858163833618164,
            0.008768081665039062,
            0.008559703826904297
        ]
    },
    "elapsed": 54.83868217468262
}