{
    "tensor_name": "uber",
    "sampler": "larsen_kolda_hybrid",
    "R": 125,
    "J": 262144,
    "trial": 3,
    "preprocessing": null,
    "initialization": null,
    "max_iterations": 40,
    "stop_tolerance": 0.0001,
    "tensor_order": 4,
    "trace": {
        "iterations": [
            0,
            5,
            10,
            15,
            20,
            25,
            30,
            35,
            40
        ],
        "fits": [
            -329.3320970842869,
            0.22477104210614096,
            0.22924465856687792,
            0.23152533017201482,
            0.22831063603762858,
            0.23149183131878404,
            0.2324037851095203,
            0.23245499796091595,
            0.23387018859812236
        ],
        "update_times": [
            0.18078279495239258,
            0.13191676139831543,
            0.14488792419433594,
            0.27266955375671387,
            0.2967700958251953,
            0.17533349990844727,
            0.2767057418823242,
            0.2630879878997803,
            0.31555986404418945,
            0.19128942489624023,
            0.30218005180358887,
            0.2575867176055908,
            0.2827003002166748,
            0.1613621711730957,
            0.2587306499481201,
            0.25652527809143066,
            0.30289721488952637,
            0.19661927223205566,
            0.2568650245666504,
            0.2656528949737549,
            0.3132033348083496,
            0.16912460327148438,
            0.2722604274749756,
            0.247086763381958,
            0.29480600357055664,
            0.1695704460144043,
            0.2681293487548828,
            0.2507338523864746,
            0.27868199348449707,
            0.17204499244689941,
            0.25941896438598633,
            0.2552168369293213,
            0.3088998794555664,
            0.16562652587890625,
            0.26782989501953125,
            0.26526379585266113,
            0.30248570442199707,
            0.16600418090820312,
            0.27278828620910645,
            0.24760007858276367,
            0.27339649200439453,
            0.15614104270935059,
            0.2770264148712158,
            0.25462841987609863,
            0.3159356117248535,
            0.17096972465515137,
            0.25467491149902344,
            0.26243162155151367,
            0.27394723892211914,
            0.1721336841583252,
            0.29538393020629883,
            0.2530708312988281,
            0.2840583324432373,
            0.16910171508789062,
            0.2658731937408447,
            0.25360679626464844,
            0.31153178215026855,
            0.16353106498718262,
            0.2662820816040039,
            0.2512025833129883,
            0.27553677558898926,
            0.16228151321411133,
            0.2749290466308594,
            0.26010751724243164,
            0.2917623519897461,
            0.16377902030944824,
            0.26717329025268555,
            0.25085997581481934,
            0.2817502021789551,
            0.19093608856201172,
            0.27136683464050293,
            0.24451684951782227,
            0.29912328720092773,
            0.18162107467651367,
            0.25502729415893555,
            0.24113893508911133,
            0.3058750629425049,
            0.17301607131958008,
            0.2843356132507324,
            0.28484344482421875,
            0.2671380043029785,
            0.16300582885742188,
            0.2632918357849121,
            0.2518134117126465,
            0.3094310760498047,
            0.17974257469177246,
            0.28244590759277344,
            0.2756791114807129,
            0.3018054962158203,
            0.18041372299194336,
            0.27519845962524414,
            0.23883366584777832,
            0.2775993347167969,
            0.15893292427062988,
            0.24210000038146973,
            0.25432395935058594,
            0.28707003593444824,
            0.16434693336486816,
            0.2678987979888916,
            0.27152228355407715,
            0.2642385959625244,
            0.1834397315979004,
            0.26821351051330566,
            0.26714086532592773,
            0.29578185081481934,
            0.18705463409423828,
            0.28182530403137207,
            0.2439882755279541,
            0.28830862045288086,
            0.17279458045959473,
            0.2813236713409424,
            0.2563164234161377,
            0.3124973773956299,
            0.1580638885498047,
            0.24982380867004395,
            0.26397013664245605,
            0.26390933990478516,
            0.15118694305419922,
            0.23587489128112793,
            0.2560725212097168,
            0.26370716094970703,
            0.1654653549194336,
            0.2615318298339844,
            0.2428112030029297,
            0.2893404960632324,
            0.1775681972503662,
            0.28497958183288574,
            0.2504444122314453,
            0.27895402908325195,
            0.1685950756072998,
            0.2595491409301758,
            0.2683281898498535,
            0.30850744247436523,
            0.18858814239501953,
            0.28374552726745605,
            0.2377920150756836,
            0.2923777103424072,
            0.18334007263183594,
            0.2803776264190674,
            0.29160237312316895,
            0.26624584197998047,
            0.16109585762023926,
            0.26538586616516113,
            0.2660818099975586,
            0.27709412574768066,
            0.16240572929382324,
            0.278073787689209,
            0.25951147079467773,
            0.3201301097869873,
            0.18259477615356445,
            0.2834169864654541,
            0.2798745632171631,
            0.30863022804260254,
            0.1855313777923584,
            0.2765486240386963,
            0.26906538009643555,
            0.31116414070129395,
            0.1864314079284668,
            0.2747948169708252,
            0.26801037788391113
        ],
        "fit_computation_times": [
            0.011073827743530273,
            0.010755777359008789,
            0.011259317398071289,
            0.010457992553710938,
            0.010170221328735352,
            0.010714054107666016,
            0.009006977081298828,
            0.010598182678222656
        ]
    },
    "elapsed": 39.618284463882446
}