{
    "tensor_name": "uber",
    "sampler": "larsen_kolda_hybrid",
    "R": 50,
    "J": 262144,
    "trial": 2,
    "preprocessing": null,
    "initialization": null,
    "max_iterations": 40,
    "stop_tolerance": 0.0001,
    "tensor_order": 4,
    "trace": {
        "iterations": [
            0,
            5,
            10,
            15,
            20,
            25,
            30,
            35,
            40
        ],
        "fits": [
            -215.2912021565777,
            0.20556145967343953,
            0.21166690182595205,
            0.21418828226668674,
            0.21570424671597233,
            0.2162741115190019,
            0.21670167984389554,
            0.21727389308448097,
            0.21742221349770297
        ],
        "update_times": [
            0.05597329139709473,
            0.06537818908691406,
            0.07723450660705566,
            0.15723800659179688,
            0.22253680229187012,
            0.10282588005065918,
            0.20540881156921387,
            0.1735093593597412,
            0.2405412197113037,
            0.10511636734008789,
            0.19101810455322266,
            0.17879748344421387,
            0.2255234718322754,
            0.11890244483947754,
            0.23502063751220703,
            0.24991512298583984,
            0.25873804092407227,
            0.1107029914855957,
            0.20716404914855957,
            0.16896581649780273,
            0.20319342613220215,
            0.09769415855407715,
            0.21077251434326172,
            0.18822169303894043,
            0.20679187774658203,
            0.0975341796875,
            0.18970870971679688,
            0.1873767375946045,
            0.20465731620788574,
            0.11069679260253906,
            0.19120526313781738,
            0.16437792778015137,
            0.20489883422851562,
            0.10738825798034668,
            0.2014636993408203,
            0.17175960540771484,
            0.20588016510009766,
            0.09903478622436523,
            0.18763089179992676,
            0.17076730728149414,
            0.22869873046875,
            0.10109877586364746,
            0.19176840782165527,
            0.16642403602600098,
            0.22985148429870605,
            0.10011768341064453,
            0.18904352188110352,
            0.16753935813903809,
            0.21321582794189453,
            0.10240030288696289,
            0.18923473358154297,
            0.1701352596282959,
            0.2098832130432129,
            0.10009431838989258,
            0.1879587173461914,
            0.16816401481628418,
            0.2102518081665039,
            0.09863877296447754,
            0.18900418281555176,
            0.16837477684020996,
            0.20706677436828613,
            0.10601234436035156,
            0.19022512435913086,
            0.1675245761871338,
            0.2105693817138672,
            0.09921884536743164,
            0.18710875511169434,
            0.1699047088623047,
            0.2102952003479004,
            0.10759520530700684,
            0.19797062873840332,
            0.16779422760009766,
            0.21142339706420898,
            0.10499811172485352,
            0.1971571445465088,
            0.16599822044372559,
            0.2148134708404541,
            0.10452890396118164,
            0.19010519981384277,
            0.17006731033325195,
            0.20434951782226562,
            0.10785460472106934,
            0.21198439598083496,
            0.17346477508544922,
            0.2119433879852295,
            0.10294270515441895,
            0.18618083000183105,
            0.16328024864196777,
            0.21738910675048828,
            0.09852480888366699,
            0.1865098476409912,
            0.16729021072387695,
            0.21197271347045898,
            0.11154651641845703,
            0.19441556930541992,
            0.182938814163208,
            0.24491643905639648,
            0.13637089729309082,
            0.19558072090148926,
            0.16489148139953613,
            0.19607019424438477,
            0.10400128364562988,
            0.18587112426757812,
            0.17065930366516113,
            0.224501371383667,
            0.11682486534118652,
            0.18245720863342285,
            0.18868327140808105,
            0.2439591884613037,
            0.27863621711730957,
            0.3228764533996582,
            0.17478156089782715,
            0.21665692329406738,
            0.10874748229980469,
            0.18834996223449707,
            0.1684401035308838,
            0.2051680088043213,
            0.10753154754638672,
            0.17943501472473145,
            0.1551527976989746,
            0.17905592918395996,
            0.10159111022949219,
            0.16927480697631836,
            0.14931082725524902,
            0.210554838180542,
            0.18883895874023438,
            0.1949923038482666,
            0.17425274848937988,
            0.25824761390686035,
            0.1277461051940918,
            0.16689658164978027,
            0.15611982345581055,
            0.18824529647827148,
            0.09931659698486328,
            0.16518068313598633,
            0.14675569534301758,
            0.18863773345947266,
            0.1014547348022461,
            0.1643986701965332,
            0.16503238677978516,
            0.20123791694641113,
            0.1259016990661621,
            0.17649626731872559,
            0.16206908226013184,
            0.19377684593200684,
            0.1036832332611084,
            0.1612088680267334,
            0.15146088600158691,
            0.19706249237060547,
            0.14426136016845703,
            0.18091487884521484,
            0.15326213836669922,
            0.19097280502319336,
            0.09818506240844727,
            0.16429543495178223,
            0.1519153118133545,
            0.19884729385375977,
            0.09507107734680176,
            0.17583203315734863,
            0.16732025146484375
        ],
        "fit_computation_times": [
            0.00830698013305664,
            0.010469198226928711,
            0.009830713272094727,
            0.009969234466552734,
            0.009668350219726562,
            0.009561777114868164,
            0.00942683219909668,
            0.008822202682495117
        ]
    },
    "elapsed": 27.302648067474365
}