{
    "tensor_name": "uber",
    "sampler": "larsen_kolda_hybrid",
    "R": 25,
    "J": 65536,
    "trial": 3,
    "preprocessing": null,
    "initialization": null,
    "max_iterations": 40,
    "stop_tolerance": 0.0001,
    "tensor_order": 4,
    "trace": {
        "iterations": [
            0,
            5,
            10,
            15,
            20,
            25,
            30,
            35,
            40
        ],
        "fits": [
            -149.16348002107213,
            0.1791819531210881,
            0.18396072725574397,
            0.18581854173439805,
            0.18668042105458083,
            0.18726349451384028,
            0.1876515179675573,
            0.1878411834200704,
            0.18784771102333153
        ],
        "update_times": [
            0.01659369468688965,
            0.01926565170288086,
            0.01719832420349121,
            0.03204607963562012,
            0.03797411918640137,
            0.018297195434570312,
            0.029027462005615234,
            0.024416685104370117,
            0.04132485389709473,
            0.018360137939453125,
            0.027553796768188477,
            0.02445530891418457,
            0.040747880935668945,
            0.019256591796875,
            0.027591705322265625,
            0.02576899528503418,
            0.04286026954650879,
            0.02043008804321289,
            0.02836775779724121,
            0.02635931968688965,
            0.03831219673156738,
            0.018636465072631836,
            0.02835226058959961,
            0.02339792251586914,
            0.040671348571777344,
            0.020377635955810547,
            0.026237010955810547,
            0.02481985092163086,
            0.040091514587402344,
            0.01850414276123047,
            0.02633833885192871,
            0.023668766021728516,
            0.04093217849731445,
            0.01951003074645996,
            0.03154730796813965,
            0.026523113250732422,
            0.03806757926940918,
            0.0178682804107666,
            0.02846693992614746,
            0.023819446563720703,
            0.04019522666931152,
            0.02104043960571289,
            0.03008580207824707,
            0.02492356300354004,
            0.03874468803405762,
            0.018344879150390625,
            0.02557086944580078,
            0.02193450927734375,
            0.035494089126586914,
            0.017518997192382812,
            0.025577545166015625,
            0.02203512191772461,
            0.03855538368225098,
            0.01775503158569336,
            0.02545332908630371,
            0.022725582122802734,
            0.038414955139160156,
            0.017570972442626953,
            0.025233030319213867,
            0.0220794677734375,
            0.03798103332519531,
            0.01845693588256836,
            0.0266263484954834,
            0.023046016693115234,
            0.03951907157897949,
            0.017035722732543945,
            0.024327993392944336,
            0.024552583694458008,
            0.03978276252746582,
            0.02438068389892578,
            0.027843713760375977,
            0.025417804718017578,
            0.04259634017944336,
            0.019268512725830078,
            0.028729677200317383,
            0.02490520477294922,
            0.04222679138183594,
            0.019668102264404297,
            0.029206037521362305,
            0.03692150115966797,
            0.03811955451965332,
            0.019630908966064453,
            0.027577638626098633,
            0.02945256233215332,
            0.0390775203704834,
            0.01958179473876953,
            0.0311429500579834,
            0.024456024169921875,
            0.046169281005859375,
            0.02202463150024414,
            0.03330636024475098,
            0.025600433349609375,
            0.04129171371459961,
            0.01884007453918457,
            0.02852034568786621,
            0.024990558624267578,
            0.0391542911529541,
            0.01924610137939453,
            0.02900552749633789,
            0.026590347290039062,
            0.03790640830993652,
            0.01749873161315918,
            0.027045726776123047,
            0.022506237030029297,
            0.0355832576751709,
            0.017590045928955078,
            0.025982379913330078,
            0.022415876388549805,
            0.03529214859008789,
            0.019745826721191406,
            0.026578903198242188,
            0.023360490798950195,
            0.036116600036621094,
            0.017616987228393555,
            0.025757312774658203,
            0.023552656173706055,
            0.03810262680053711,
            0.0170748233795166,
            0.025687456130981445,
            0.022336483001708984,
            0.03690791130065918,
            0.017532825469970703,
            0.02538013458251953,
            0.024123430252075195,
            0.03829240798950195,
            0.019147872924804688,
            0.027093887329101562,
            0.024260997772216797,
            0.03963041305541992,
            0.019641637802124023,
            0.027333498001098633,
            0.02426004409790039,
            0.03811025619506836,
            0.019062519073486328,
            0.02852177619934082,
            0.024909019470214844,
            0.037561655044555664,
            0.01922130584716797,
            0.02738809585571289,
            0.024695396423339844,
            0.03800821304321289,
            0.019020557403564453,
            0.02783346176147461,
            0.02507328987121582,
            0.03865313529968262,
            0.020224332809448242,
            0.0275726318359375,
            0.025034666061401367,
            0.04477119445800781,
            0.020254135131835938,
            0.028916597366333008,
            0.027743101119995117,
            0.037323951721191406,
            0.0195620059967041,
            0.02785801887512207,
            0.024049997329711914,
            0.03886866569519043,
            0.018192291259765625,
            0.02650904655456543,
            0.02444624900817871
        ],
        "fit_computation_times": [
            0.007597446441650391,
            0.006807804107666016,
            0.0064089298248291016,
            0.00799870491027832,
            0.008001327514648438,
            0.006464242935180664,
            0.006649971008300781,
            0.0060808658599853516
        ]
    },
    "elapsed": 4.462984085083008
}