{
    "tensor_name": "uber",
    "sampler": "larsen_kolda_hybrid",
    "R": 25,
    "J": 131072,
    "trial": 0,
    "preprocessing": null,
    "initialization": null,
    "max_iterations": 40,
    "stop_tolerance": 0.0001,
    "tensor_order": 4,
    "trace": {
        "iterations": [
            0,
            5,
            10,
            15,
            20,
            25,
            30,
            35,
            40
        ],
        "fits": [
            -144.68372832614966,
            0.17957230107316335,
            0.18465868978422462,
            0.18668910626022228,
            0.18792708034828265,
            0.18864201604079434,
            0.18903901998265904,
            0.18921764523035778,
            0.18935181734984918
        ],
        "update_times": [
            0.0189816951751709,
            0.034436702728271484,
            0.02501392364501953,
            0.04436993598937988,
            0.07508420944213867,
            0.03543591499328613,
            0.05051422119140625,
            0.0458676815032959,
            0.0736382007598877,
            0.03359866142272949,
            0.050019264221191406,
            0.04343914985656738,
            0.07352161407470703,
            0.035045623779296875,
            0.055283546447753906,
            0.045572519302368164,
            0.08326363563537598,
            0.0357205867767334,
            0.049578189849853516,
            0.044445037841796875,
            0.07535076141357422,
            0.03673887252807617,
            0.04944729804992676,
            0.04593825340270996,
            0.07813668251037598,
            0.03602743148803711,
            0.05630826950073242,
            0.04595589637756348,
            0.08187150955200195,
            0.04545283317565918,
            0.06638908386230469,
            0.04704618453979492,
            0.07921051979064941,
            0.11365675926208496,
            0.07402563095092773,
            0.049636125564575195,
            0.07690954208374023,
            0.07425832748413086,
            0.07224512100219727,
            0.051226139068603516,
            0.08307886123657227,
            0.03581595420837402,
            0.04967498779296875,
            0.04788470268249512,
            0.07585740089416504,
            0.035611867904663086,
            0.05248260498046875,
            0.04722285270690918,
            0.07517266273498535,
            0.03671836853027344,
            0.05412173271179199,
            0.04780912399291992,
            0.0794222354888916,
            0.04350590705871582,
            0.052840232849121094,
            0.043205976486206055,
            0.07938218116760254,
            0.036475181579589844,
            0.048885345458984375,
            0.04615354537963867,
            0.07490420341491699,
            0.03616046905517578,
            0.050520896911621094,
            0.04361391067504883,
            0.07284784317016602,
            0.03287959098815918,
            0.053050994873046875,
            0.04482460021972656,
            0.07944416999816895,
            0.05205202102661133,
            0.05261111259460449,
            0.04609346389770508,
            0.07494187355041504,
            0.033939361572265625,
            0.05584001541137695,
            0.044327497482299805,
            0.08051586151123047,
            0.0365293025970459,
            0.05093812942504883,
            0.04665732383728027,
            0.07486796379089355,
            0.03545999526977539,
            0.05350303649902344,
            0.04646611213684082,
            0.07539248466491699,
            0.0369410514831543,
            0.07523632049560547,
            0.046140432357788086,
            0.07700300216674805,
            0.03451681137084961,
            0.05530357360839844,
            0.047640323638916016,
            0.07696199417114258,
            0.037158966064453125,
            0.05136418342590332,
            0.048540353775024414,
            0.07452630996704102,
            0.03462386131286621,
            0.05378270149230957,
            0.04468870162963867,
            0.07538747787475586,
            0.03590989112854004,
            0.05882740020751953,
            0.047832489013671875,
            0.07427525520324707,
            0.03494620323181152,
            0.0549931526184082,
            0.04515552520751953,
            0.07686495780944824,
            0.03885817527770996,
            0.050855398178100586,
            0.04657697677612305,
            0.0732426643371582,
            0.033745765686035156,
            0.049844980239868164,
            0.042021751403808594,
            0.07489728927612305,
            0.0406644344329834,
            0.04933977127075195,
            0.04544377326965332,
            0.07084298133850098,
            0.03486895561218262,
            0.05108475685119629,
            0.043233394622802734,
            0.07212376594543457,
            0.035744667053222656,
            0.05184483528137207,
            0.04497504234313965,
            0.07751584053039551,
            0.03702688217163086,
            0.05028867721557617,
            0.05109548568725586,
            0.09676194190979004,
            0.035529375076293945,
            0.051239728927612305,
            0.04913043975830078,
            0.08540010452270508,
            0.038944244384765625,
            0.05098533630371094,
            0.04903101921081543,
            0.07328391075134277,
            0.036994218826293945,
            0.052008628845214844,
            0.04569506645202637,
            0.07670187950134277,
            0.03458356857299805,
            0.05109596252441406,
            0.04575681686401367,
            0.07141566276550293,
            0.034169673919677734,
            0.05563998222351074,
            0.04912114143371582,
            0.07576894760131836,
            0.03565216064453125,
            0.04860639572143555,
            0.04608273506164551,
            0.0715646743774414,
            0.03377270698547363,
            0.050202369689941406,
            0.04488325119018555
        ],
        "fit_computation_times": [
            0.0081787109375,
            0.007056713104248047,
            0.007734060287475586,
            0.00837254524230957,
            0.006556510925292969,
            0.007807016372680664,
            0.008411407470703125,
            0.006886482238769531
        ]
    },
    "elapsed": 8.649986982345581
}