{
    "tensor_name": "uber",
    "sampler": "larsen_kolda_hybrid",
    "R": 100,
    "J": 262144,
    "trial": 0,
    "preprocessing": null,
    "initialization": null,
    "max_iterations": 40,
    "stop_tolerance": 0.0001,
    "tensor_order": 4,
    "trace": {
        "iterations": [
            0,
            5,
            10,
            15,
            20,
            25,
            30,
            35,
            40
        ],
        "fits": [
            -302.20131331923596,
            0.22475711838587487,
            0.23103970317702704,
            0.2325905352888521,
            0.23339653978141317,
            0.23445747095494984,
            0.23428167948431067,
            0.23515044236020521,
            0.23566915252226972
        ],
        "update_times": [
            0.08794999122619629,
            0.111236572265625,
            0.12221670150756836,
            0.2193152904510498,
            0.27072668075561523,
            0.1458137035369873,
            0.23128724098205566,
            0.2224292755126953,
            0.3013160228729248,
            0.1519920825958252,
            0.2442305088043213,
            0.239274263381958,
            0.29725193977355957,
            0.1443488597869873,
            0.23963665962219238,
            0.22059941291809082,
            0.3502964973449707,
            0.16481328010559082,
            0.22475099563598633,
            0.2036900520324707,
            0.3051459789276123,
            0.1387491226196289,
            0.22085094451904297,
            0.21107840538024902,
            0.32042717933654785,
            0.14083623886108398,
            0.22341108322143555,
            0.23091506958007812,
            0.3069124221801758,
            0.1455094814300537,
            0.22964835166931152,
            0.22205519676208496,
            0.32239317893981934,
            0.14446568489074707,
            0.2315654754638672,
            0.21725821495056152,
            0.3294053077697754,
            0.15321779251098633,
            0.2560725212097168,
            0.2104358673095703,
            0.3035151958465576,
            0.1506822109222412,
            0.23166131973266602,
            0.24830889701843262,
            0.3087620735168457,
            0.14604735374450684,
            0.24572134017944336,
            0.23149514198303223,
            0.3182070255279541,
            0.15746760368347168,
            0.24803829193115234,
            0.23447227478027344,
            0.3256824016571045,
            0.19531488418579102,
            0.24361824989318848,
            0.21898698806762695,
            0.2984027862548828,
            0.1412503719329834,
            0.23528766632080078,
            0.22365999221801758,
            0.31547045707702637,
            0.14443707466125488,
            0.24000906944274902,
            0.22943902015686035,
            0.32184267044067383,
            0.15226483345031738,
            0.21966266632080078,
            0.24396848678588867,
            0.3300802707672119,
            0.15964818000793457,
            0.2426760196685791,
            0.23378610610961914,
            0.31450438499450684,
            0.15963172912597656,
            0.24841022491455078,
            0.2378530502319336,
            0.31040167808532715,
            0.16394329071044922,
            0.23912549018859863,
            0.23388004302978516,
            0.2798752784729004,
            0.15683960914611816,
            0.26079463958740234,
            0.23200511932373047,
            0.30904388427734375,
            0.14374113082885742,
            0.250485897064209,
            0.2378218173980713,
            0.30899953842163086,
            0.1547107696533203,
            0.2571864128112793,
            0.23107409477233887,
            0.30879902839660645,
            0.1418592929840088,
            0.24196934700012207,
            0.2308948040008545,
            0.29154372215270996,
            0.13905811309814453,
            0.23840546607971191,
            0.2249455451965332,
            0.2839944362640381,
            0.13909554481506348,
            0.2564737796783447,
            0.2565798759460449,
            0.3193020820617676,
            0.14783430099487305,
            0.24724936485290527,
            0.22727012634277344,
            0.31198549270629883,
            0.14653301239013672,
            0.22410035133361816,
            0.23267149925231934,
            0.3550858497619629,
            0.1463027000427246,
            0.24964165687561035,
            0.22606182098388672,
            0.36027002334594727,
            0.1737501621246338,
            0.2584049701690674,
            0.24444937705993652,
            0.33626246452331543,
            0.15713047981262207,
            0.2357616424560547,
            0.21640753746032715,
            0.3146505355834961,
            0.15726733207702637,
            0.23545312881469727,
            0.22108697891235352,
            0.31890010833740234,
            0.1403970718383789,
            0.23196649551391602,
            0.22159337997436523,
            0.34590673446655273,
            0.1677238941192627,
            0.2403395175933838,
            0.24003005027770996,
            0.3641316890716553,
            0.18303489685058594,
            0.2569758892059326,
            0.2334120273590088,
            0.33381128311157227,
            0.15024495124816895,
            0.21395444869995117,
            0.2018728256225586,
            0.29368114471435547,
            0.14609646797180176,
            0.22258639335632324,
            0.21998119354248047,
            0.31633830070495605,
            0.13951563835144043,
            0.21435761451721191,
            0.2040083408355713,
            0.29845142364501953,
            0.1458299160003662,
            0.2218334674835205,
            0.20184588432312012,
            0.31311678886413574,
            0.14703011512756348,
            0.21921586990356445,
            0.2058110237121582
        ],
        "fit_computation_times": [
            0.009840250015258789,
            0.010716438293457031,
            0.010102033615112305,
            0.00978708267211914,
            0.010862588882446289,
            0.010087728500366211,
            0.009251832962036133,
            0.00928807258605957
        ]
    },
    "elapsed": 37.00521945953369
}