{
    "tensor_name": "uber",
    "sampler": "larsen_kolda_hybrid",
    "R": 75,
    "J": 262144,
    "trial": 3,
    "preprocessing": null,
    "initialization": null,
    "max_iterations": 40,
    "stop_tolerance": 0.0001,
    "tensor_order": 4,
    "trace": {
        "iterations": [
            0,
            5,
            10,
            15,
            20,
            25,
            30,
            35,
            40
        ],
        "fits": [
            -252.19488618945002,
            0.21662057968323245,
            0.22290379762736956,
            0.2250943651340841,
            0.22682190341580455,
            0.22810952343242752,
            0.2287670517235787,
            0.22927246637176746,
            0.2294989180017617
        ],
        "update_times": [
            0.07689476013183594,
            0.09105205535888672,
            0.10004281997680664,
            0.17282438278198242,
            0.25393223762512207,
            0.12426161766052246,
            0.20827603340148926,
            0.18493032455444336,
            0.26650118827819824,
            0.12607860565185547,
            0.1990818977355957,
            0.18407869338989258,
            0.26569485664367676,
            0.12584686279296875,
            0.22181987762451172,
            0.18572711944580078,
            0.26941514015197754,
            0.13717126846313477,
            0.21202325820922852,
            0.1908888816833496,
            0.2515110969543457,
            0.13169503211975098,
            0.20801424980163574,
            0.1827852725982666,
            0.2539970874786377,
            0.14115691184997559,
            0.18917584419250488,
            0.1754467487335205,
            0.25837111473083496,
            0.13344383239746094,
            0.20116829872131348,
            0.18596816062927246,
            0.25980615615844727,
            0.13060212135314941,
            0.20516753196716309,
            0.1841130256652832,
            0.2605459690093994,
            0.13934779167175293,
            0.20894956588745117,
            0.18278098106384277,
            0.25615406036376953,
            0.13870763778686523,
            0.1943368911743164,
            0.17435193061828613,
            0.25998973846435547,
            0.18513131141662598,
            0.22812652587890625,
            0.17398762702941895,
            0.25443029403686523,
            0.2302265167236328,
            0.20886540412902832,
            0.19085049629211426,
            0.26812314987182617,
            0.1928722858428955,
            0.2148761749267578,
            0.19048857688903809,
            0.26288700103759766,
            0.13939523696899414,
            0.20372796058654785,
            0.2349562644958496,
            0.303206205368042,
            0.1602461338043213,
            0.19751453399658203,
            0.18065190315246582,
            0.2592732906341553,
            0.1567401885986328,
            0.19826889038085938,
            0.17905044555664062,
            0.26569461822509766,
            0.271176815032959,
            0.20415091514587402,
            0.18775367736816406,
            0.277402400970459,
            0.27230286598205566,
            0.22025823593139648,
            0.18248629570007324,
            0.26650118827819824,
            0.18271183967590332,
            0.19716286659240723,
            0.19354772567749023,
            0.26215457916259766,
            0.12340974807739258,
            0.20516705513000488,
            0.17814183235168457,
            0.25177717208862305,
            0.12015581130981445,
            0.19033455848693848,
            0.17645788192749023,
            0.2622640132904053,
            0.1266171932220459,
            0.20376920700073242,
            0.19499754905700684,
            0.26660823822021484,
            0.1266613006591797,
            0.20566606521606445,
            0.19430327415466309,
            0.27173280715942383,
            0.12380576133728027,
            0.20884180068969727,
            0.19047260284423828,
            0.2719273567199707,
            0.12824749946594238,
            0.20712637901306152,
            0.18862557411193848,
            0.2606773376464844,
            0.1368122100830078,
            0.20756101608276367,
            0.1876201629638672,
            0.2742116451263428,
            0.12823724746704102,
            0.201890230178833,
            0.18051981925964355,
            0.2668731212615967,
            0.1263108253479004,
            0.19426202774047852,
            0.18047451972961426,
            0.2653381824493408,
            0.12848329544067383,
            0.20479035377502441,
            0.18118548393249512,
            0.25490236282348633,
            0.12928223609924316,
            0.20097136497497559,
            0.18228816986083984,
            0.27780938148498535,
            0.12740826606750488,
            0.2054450511932373,
            0.18482398986816406,
            0.27962374687194824,
            0.13497090339660645,
            0.20981812477111816,
            0.18443918228149414,
            0.26371026039123535,
            0.1299731731414795,
            0.20586872100830078,
            0.1978604793548584,
            0.2634303569793701,
            0.1364281177520752,
            0.20272564888000488,
            0.18428325653076172,
            0.2621903419494629,
            0.15608525276184082,
            0.20539331436157227,
            0.18333745002746582,
            0.2614164352416992,
            0.1250600814819336,
            0.22265124320983887,
            0.1893758773803711,
            0.2629966735839844,
            0.13848590850830078,
            0.21086764335632324,
            0.19360136985778809,
            0.28035497665405273,
            0.14360761642456055,
            0.2031564712524414,
            0.1849820613861084,
            0.26319289207458496,
            0.12546634674072266,
            0.2030642032623291,
            0.18333745002746582
        ],
        "fit_computation_times": [
            0.009219646453857422,
            0.009145259857177734,
            0.00776362419128418,
            0.00909733772277832,
            0.007823705673217773,
            0.008308172225952148,
            0.008214473724365234,
            0.009209156036376953
        ]
    },
    "elapsed": 31.898406982421875
}