{
    "tensor_name": "uber",
    "sampler": "larsen_kolda_hybrid",
    "R": 25,
    "J": 262144,
    "trial": 0,
    "preprocessing": null,
    "initialization": null,
    "max_iterations": 40,
    "stop_tolerance": 0.0001,
    "tensor_order": 4,
    "trace": {
        "iterations": [
            0,
            5,
            10,
            15,
            20,
            25,
            30,
            35,
            40
        ],
        "fits": [
            -145.2866154096287,
            0.1806414382495274,
            0.1854449924690742,
            0.18723023476610334,
            0.18790411964005005,
            0.18836348081947807,
            0.18883860845565192,
            0.18930035818903723,
            0.18959261395954807
        ],
        "update_times": [
            0.05150938034057617,
            0.045072317123413086,
            0.05013918876647949,
            0.07770800590515137,
            0.10587692260742188,
            0.05954551696777344,
            0.08066987991333008,
            0.07209968566894531,
            0.09705233573913574,
            0.06618094444274902,
            0.08341026306152344,
            0.07520508766174316,
            0.10715675354003906,
            0.0651082992553711,
            0.0879967212677002,
            0.07622241973876953,
            0.09751749038696289,
            0.06505537033081055,
            0.10209012031555176,
            0.08519244194030762,
            0.10377192497253418,
            0.07027316093444824,
            0.08745288848876953,
            0.08507442474365234,
            0.10795402526855469,
            0.08807802200317383,
            0.09161591529846191,
            0.08689713478088379,
            0.10266637802124023,
            0.0732276439666748,
            0.0917978286743164,
            0.08857440948486328,
            0.1044154167175293,
            0.0744636058807373,
            0.09370183944702148,
            0.08761477470397949,
            0.10596418380737305,
            0.07599878311157227,
            0.09031939506530762,
            0.08574581146240234,
            0.09994935989379883,
            0.06902003288269043,
            0.08959102630615234,
            0.08558964729309082,
            0.10254788398742676,
            0.07702374458312988,
            0.09154582023620605,
            0.08823776245117188,
            0.10385751724243164,
            0.07573318481445312,
            0.08986067771911621,
            0.08612346649169922,
            0.1081991195678711,
            0.08150196075439453,
            0.09418225288391113,
            0.08782482147216797,
            0.10088920593261719,
            0.07561564445495605,
            0.08788919448852539,
            0.08469867706298828,
            0.1007993221282959,
            0.07723093032836914,
            0.09289693832397461,
            0.08949828147888184,
            0.10120964050292969,
            0.07541131973266602,
            0.09003686904907227,
            0.08585667610168457,
            0.10217595100402832,
            0.07541441917419434,
            0.08695578575134277,
            0.08832263946533203,
            0.10787177085876465,
            0.07039380073547363,
            0.1025230884552002,
            0.0995795726776123,
            0.10080146789550781,
            0.06933164596557617,
            0.09261775016784668,
            0.07775735855102539,
            0.09414935111999512,
            0.06967806816101074,
            0.09154534339904785,
            0.08548855781555176,
            0.09751248359680176,
            0.06890416145324707,
            0.08942389488220215,
            0.07833528518676758,
            0.10015416145324707,
            0.06801295280456543,
            0.09953832626342773,
            0.09409832954406738,
            0.10108017921447754,
            0.06766152381896973,
            0.13756489753723145,
            0.07619643211364746,
            0.09753227233886719,
            0.0688788890838623,
            0.09896516799926758,
            0.07850384712219238,
            0.09510922431945801,
            0.06911683082580566,
            0.09850907325744629,
            0.08233046531677246,
            0.09842634201049805,
            0.07331466674804688,
            0.08684778213500977,
            0.07930779457092285,
            0.09833788871765137,
            0.07089924812316895,
            0.08642339706420898,
            0.07901549339294434,
            0.09433507919311523,
            0.07208847999572754,
            0.08614516258239746,
            0.08178830146789551,
            0.09643745422363281,
            0.07253885269165039,
            0.09672355651855469,
            0.0915522575378418,
            0.10369229316711426,
            0.07991147041320801,
            0.09386110305786133,
            0.08874678611755371,
            0.11238884925842285,
            0.06716561317443848,
            0.09024262428283691,
            0.07724237442016602,
            0.09513258934020996,
            0.06829428672790527,
            0.08601498603820801,
            0.08975815773010254,
            0.0983896255493164,
            0.07518839836120605,
            0.09149432182312012,
            0.08924007415771484,
            0.10180354118347168,
            0.0779571533203125,
            0.09158682823181152,
            0.08539700508117676,
            0.0980217456817627,
            0.07120347023010254,
            0.0921018123626709,
            0.09048056602478027,
            0.10275936126708984,
            0.07540488243103027,
            0.09057092666625977,
            0.0879201889038086,
            0.10325741767883301,
            0.07486677169799805,
            0.09148216247558594,
            0.08964061737060547,
            0.10024309158325195,
            0.08211302757263184,
            0.09033513069152832,
            0.09004759788513184,
            0.10227417945861816,
            0.07445263862609863,
            0.09329009056091309,
            0.08741474151611328
        ],
        "fit_computation_times": [
            0.007064342498779297,
            0.006798267364501953,
            0.008533000946044922,
            0.006891965866088867,
            0.00667262077331543,
            0.007014751434326172,
            0.006769657135009766,
            0.006645679473876953
        ]
    },
    "elapsed": 14.116745233535767
}