{
    "tensor_name": "uber",
    "sampler": "larsen_kolda_hybrid",
    "R": 75,
    "J": 425984,
    "trial": 2,
    "preprocessing": null,
    "initialization": null,
    "max_iterations": 40,
    "stop_tolerance": 0.0001,
    "tensor_order": 4,
    "trace": {
        "iterations": [
            0,
            5,
            10,
            15,
            20,
            25,
            30,
            35,
            40
        ],
        "fits": [
            -258.21210270499967,
            0.21824438787710154,
            0.22506629269384715,
            0.22722677303169336,
            0.22879798567435616,
            0.22958544800174485,
            0.2299867982135908,
            0.23029009059092442,
            0.2306695120371257
        ],
        "update_times": [
            0.11625814437866211,
            0.13155388832092285,
            0.16066861152648926,
            0.30934882164001465,
            0.3488731384277344,
            0.20575332641601562,
            0.33284640312194824,
            0.33258962631225586,
            0.34011244773864746,
            0.19049644470214844,
            0.3320028781890869,
            0.3421313762664795,
            0.3380255699157715,
            0.1988363265991211,
            0.3472788333892822,
            0.33445167541503906,
            0.34134817123413086,
            0.19553399085998535,
            0.35961341857910156,
            0.3069608211517334,
            0.3256964683532715,
            0.1995387077331543,
            0.3386192321777344,
            0.32320404052734375,
            0.3378279209136963,
            0.19980430603027344,
            0.38361454010009766,
            0.32658982276916504,
            0.3337104320526123,
            0.1943972110748291,
            0.3599731922149658,
            0.32970213890075684,
            0.32323408126831055,
            0.19082117080688477,
            0.35620903968811035,
            0.3102996349334717,
            0.34181761741638184,
            0.21090960502624512,
            0.33518123626708984,
            0.33513593673706055,
            0.3380162715911865,
            0.19110417366027832,
            0.3577759265899658,
            0.3300333023071289,
            0.34186577796936035,
            0.18128275871276855,
            0.35434961318969727,
            0.3338654041290283,
            0.3517470359802246,
            0.20412683486938477,
            0.36486053466796875,
            0.3417246341705322,
            0.34076881408691406,
            0.18125486373901367,
            0.33881640434265137,
            0.34355711936950684,
            0.32199764251708984,
            0.19820523262023926,
            0.36867547035217285,
            0.34423232078552246,
            0.3239305019378662,
            0.19878721237182617,
            0.3502066135406494,
            0.33597397804260254,
            0.32214975357055664,
            0.21017003059387207,
            0.3647756576538086,
            0.3127138614654541,
            0.3344705104827881,
            0.20320868492126465,
            0.36112499237060547,
            0.30908799171447754,
            0.32966089248657227,
            0.20868372917175293,
            0.36076998710632324,
            0.317305326461792,
            0.34261298179626465,
            0.20338010787963867,
            0.3643646240234375,
            0.3446364402770996,
            0.32234859466552734,
            0.2031855583190918,
            0.381528377532959,
            0.3211944103240967,
            0.3546435832977295,
            0.20698094367980957,
            0.35187554359436035,
            0.342731237411499,
            0.357926607131958,
            0.2109670639038086,
            0.36917662620544434,
            0.35092616081237793,
            0.36435723304748535,
            0.2070908546447754,
            0.3497910499572754,
            0.3385140895843506,
            0.35419130325317383,
            0.20533514022827148,
            0.3763420581817627,
            0.3367800712585449,
            0.33504629135131836,
            0.1969437599182129,
            0.3546428680419922,
            0.32712578773498535,
            0.3380889892578125,
            0.19208192825317383,
            0.3290517330169678,
            0.30969715118408203,
            0.3227393627166748,
            0.18657755851745605,
            0.34492969512939453,
            0.31091904640197754,
            0.344249963760376,
            0.19453907012939453,
            0.3515172004699707,
            0.30838537216186523,
            0.33948802947998047,
            0.20642971992492676,
            0.35724377632141113,
            0.31679344177246094,
            0.3329041004180908,
            0.2138841152191162,
            0.3629415035247803,
            0.34381532669067383,
            0.3367271423339844,
            0.19652891159057617,
            0.35029053688049316,
            0.3279538154602051,
            0.34125518798828125,
            0.20425772666931152,
            0.3552968502044678,
            0.30422282218933105,
            0.32208728790283203,
            0.19825100898742676,
            0.35994815826416016,
            0.33539366722106934,
            0.3407621383666992,
            0.20805764198303223,
            0.3515501022338867,
            0.33374881744384766,
            0.3249814510345459,
            0.20520544052124023,
            0.3306856155395508,
            0.30907678604125977,
            0.35035228729248047,
            0.20080327987670898,
            0.3565671443939209,
            0.3377034664154053,
            0.3451364040374756,
            0.20568370819091797,
            0.33406543731689453,
            0.3168661594390869,
            0.3139770030975342,
            0.19098663330078125,
            0.3500533103942871,
            0.3214411735534668,
            0.32479190826416016,
            0.17854952812194824,
            0.347553014755249,
            0.32850146293640137
        ],
        "fit_computation_times": [
            0.007909297943115234,
            0.011628150939941406,
            0.009261369705200195,
            0.009502172470092773,
            0.008680582046508789,
            0.009347677230834961,
            0.00935673713684082,
            0.009158611297607422
        ]
    },
    "elapsed": 48.3142511844635
}