{
    "tensor_name": "uber",
    "sampler": "larsen_kolda_hybrid",
    "R": 75,
    "J": 163840,
    "trial": 0,
    "preprocessing": null,
    "initialization": null,
    "max_iterations": 40,
    "stop_tolerance": 0.0001,
    "tensor_order": 4,
    "trace": {
        "iterations": [
            0,
            5,
            10,
            15,
            20,
            25,
            30,
            35,
            40
        ],
        "fits": [
            -260.57000209493856,
            0.21717730287422776,
            0.2223892650915713,
            0.22466913182152703,
            0.22618092275230695,
            0.22728664008246147,
            0.22747682983145312,
            0.22768377546576157,
            0.22797809687407167
        ],
        "update_times": [
            0.05278468132019043,
            0.06594300270080566,
            0.07423186302185059,
            0.13006281852722168,
            0.15707898139953613,
            0.08194899559020996,
            0.13869357109069824,
            0.1344621181488037,
            0.18073225021362305,
            0.08571171760559082,
            0.1391432285308838,
            0.13376593589782715,
            0.18770146369934082,
            0.0873100757598877,
            0.1405503749847412,
            0.12665343284606934,
            0.18751168251037598,
            0.0890350341796875,
            0.1466841697692871,
            0.1287829875946045,
            0.18198728561401367,
            0.09039115905761719,
            0.14160776138305664,
            0.13103365898132324,
            0.18897199630737305,
            0.08890914916992188,
            0.14203286170959473,
            0.13482141494750977,
            0.18970489501953125,
            0.09431076049804688,
            0.13688349723815918,
            0.13195013999938965,
            0.19364166259765625,
            0.08711576461791992,
            0.1392366886138916,
            0.13013362884521484,
            0.19164133071899414,
            0.08527421951293945,
            0.15996289253234863,
            0.13349390029907227,
            0.17548012733459473,
            0.08203125,
            0.1334240436553955,
            0.12622427940368652,
            0.1798555850982666,
            0.08670806884765625,
            0.14243221282958984,
            0.13125276565551758,
            0.1909635066986084,
            0.09234499931335449,
            0.14113116264343262,
            0.13541221618652344,
            0.18793988227844238,
            0.08870124816894531,
            0.13825011253356934,
            0.13659405708312988,
            0.18481683731079102,
            0.08818531036376953,
            0.1340954303741455,
            0.12973451614379883,
            0.1769697666168213,
            0.0924525260925293,
            0.13692426681518555,
            0.13172006607055664,
            0.19182276725769043,
            0.08869457244873047,
            0.1374835968017578,
            0.13097906112670898,
            0.18625473976135254,
            0.088043212890625,
            0.14014220237731934,
            0.12542176246643066,
            0.18758821487426758,
            0.09611678123474121,
            0.14540529251098633,
            0.1322486400604248,
            0.18924689292907715,
            0.09472894668579102,
            0.1413726806640625,
            0.1293632984161377,
            0.17891144752502441,
            0.09204316139221191,
            0.13793683052062988,
            0.13575291633605957,
            0.18452668190002441,
            0.08569526672363281,
            0.14357829093933105,
            0.12829208374023438,
            0.18544316291809082,
            0.09047460556030273,
            0.1345527172088623,
            0.12854790687561035,
            0.18459749221801758,
            0.08098268508911133,
            0.1316986083984375,
            0.12313318252563477,
            0.19113779067993164,
            0.08985424041748047,
            0.13590192794799805,
            0.1335752010345459,
            0.18316149711608887,
            0.09388017654418945,
            0.14984703063964844,
            0.13625693321228027,
            0.1971757411956787,
            0.09193015098571777,
            0.1473388671875,
            0.13401174545288086,
            0.2001030445098877,
            0.0976402759552002,
            0.1513512134552002,
            0.13316011428833008,
            0.18503284454345703,
            0.08594346046447754,
            0.14345383644104004,
            0.13370251655578613,
            0.19080352783203125,
            0.08538603782653809,
            0.14288544654846191,
            0.1297621726989746,
            0.18396544456481934,
            0.08791828155517578,
            0.1425609588623047,
            0.14543700218200684,
            0.19061279296875,
            0.08964133262634277,
            0.1370255947113037,
            0.12947583198547363,
            0.18942046165466309,
            0.09038496017456055,
            0.13896989822387695,
            0.13500571250915527,
            0.17178058624267578,
            0.08381247520446777,
            0.16482090950012207,
            0.12665104866027832,
            0.17428135871887207,
            0.07886242866516113,
            0.13983726501464844,
            0.137986421585083,
            0.17946386337280273,
            0.09293413162231445,
            0.14158844947814941,
            0.12331652641296387,
            0.17277979850769043,
            0.08063745498657227,
            0.1383984088897705,
            0.1487739086151123,
            0.186506986618042,
            0.08455634117126465,
            0.14914917945861816,
            0.15107440948486328,
            0.18478083610534668,
            0.08334565162658691,
            0.1346123218536377,
            0.12548446655273438,
            0.18222355842590332,
            0.08489179611206055,
            0.14944815635681152,
            0.14862918853759766
        ],
        "fit_computation_times": [
            0.008519887924194336,
            0.009273052215576172,
            0.008478641510009766,
            0.009462118148803711,
            0.009594440460205078,
            0.008341789245605469,
            0.008921384811401367,
            0.008011817932128906
        ]
    },
    "elapsed": 21.76954746246338
}