{
    "tensor_name": "uber",
    "sampler": "larsen_kolda_hybrid",
    "R": 125,
    "J": 65536,
    "trial": 2,
    "preprocessing": null,
    "initialization": null,
    "max_iterations": 40,
    "stop_tolerance": 0.0001,
    "tensor_order": 4,
    "trace": {
        "iterations": [
            0,
            5,
            10,
            15,
            20,
            25,
            30,
            35,
            40
        ],
        "fits": [
            -325.0392909945602,
            0.20806337292793642,
            0.21053307714325742,
            0.2089603369436981,
            0.21056600809843096,
            0.21107557553759382,
            0.20984392532106244,
            0.21007400866447523,
            0.20914937428002633
        ],
        "update_times": [
            0.060819387435913086,
            0.05577373504638672,
            0.07024121284484863,
            0.08949136734008789,
            0.10092592239379883,
            0.06337618827819824,
            0.09099102020263672,
            0.09423613548278809,
            0.10144376754760742,
            0.06360793113708496,
            0.09211421012878418,
            0.09610295295715332,
            0.09950399398803711,
            0.06682538986206055,
            0.1045989990234375,
            0.10378384590148926,
            0.10689306259155273,
            0.07017874717712402,
            0.09991860389709473,
            0.10757875442504883,
            0.10367083549499512,
            0.0709228515625,
            0.09645676612854004,
            0.09704041481018066,
            0.10829329490661621,
            0.07252097129821777,
            0.0985865592956543,
            0.09698247909545898,
            0.11267757415771484,
            0.08306121826171875,
            0.09701275825500488,
            0.09646439552307129,
            0.10693836212158203,
            0.07533407211303711,
            0.10242557525634766,
            0.0982050895690918,
            0.11493968963623047,
            0.0830223560333252,
            0.09949803352355957,
            0.09622526168823242,
            0.10516166687011719,
            0.0696570873260498,
            0.10636305809020996,
            0.13205575942993164,
            0.12539935111999512,
            0.07605171203613281,
            0.10438060760498047,
            0.1266953945159912,
            0.11607885360717773,
            0.06960916519165039,
            0.10132384300231934,
            0.10147309303283691,
            0.10531377792358398,
            0.061933279037475586,
            0.09279751777648926,
            0.10345172882080078,
            0.10972809791564941,
            0.07477855682373047,
            0.10491490364074707,
            0.09936761856079102,
            0.10527801513671875,
            0.07264924049377441,
            0.10245442390441895,
            0.12689805030822754,
            0.11168885231018066,
            0.08768177032470703,
            0.10227322578430176,
            0.09780073165893555,
            0.10663914680480957,
            0.07111358642578125,
            0.1023714542388916,
            0.09502100944519043,
            0.10855579376220703,
            0.07158327102661133,
            0.10305595397949219,
            0.09666037559509277,
            0.1054079532623291,
            0.06952881813049316,
            0.0978538990020752,
            0.10281896591186523,
            0.10361504554748535,
            0.06355619430541992,
            0.10031843185424805,
            0.0905158519744873,
            0.10556411743164062,
            0.07410383224487305,
            0.09732961654663086,
            0.10293245315551758,
            0.10559749603271484,
            0.06722450256347656,
            0.09665966033935547,
            0.09713006019592285,
            0.1211693286895752,
            0.0713963508605957,
            0.1050868034362793,
            0.09612250328063965,
            0.10779094696044922,
            0.06884145736694336,
            0.09672760963439941,
            0.08877968788146973,
            0.10009622573852539,
            0.06387019157409668,
            0.0977318286895752,
            0.0949091911315918,
            0.09911179542541504,
            0.06450700759887695,
            0.1013948917388916,
            0.09521245956420898,
            0.10427641868591309,
            0.06799030303955078,
            0.10759902000427246,
            0.09519624710083008,
            0.11528563499450684,
            0.06751298904418945,
            0.09660077095031738,
            0.09530234336853027,
            0.11102938652038574,
            0.07051205635070801,
            0.09559082984924316,
            0.09673452377319336,
            0.10573148727416992,
            0.07059907913208008,
            0.10888338088989258,
            0.09447789192199707,
            0.10567378997802734,
            0.07859206199645996,
            0.09847784042358398,
            0.10087394714355469,
            0.11144185066223145,
            0.0744173526763916,
            0.09706783294677734,
            0.09864521026611328,
            0.1166524887084961,
            0.07113432884216309,
            0.10351753234863281,
            0.10147738456726074,
            0.10962033271789551,
            0.07235145568847656,
            0.10675549507141113,
            0.10133743286132812,
            0.10288143157958984,
            0.07318973541259766,
            0.10339069366455078,
            0.09235095977783203,
            0.09763455390930176,
            0.06068229675292969,
            0.08982610702514648,
            0.09509062767028809,
            0.10460400581359863,
            0.06794357299804688,
            0.09343791007995605,
            0.09374499320983887,
            0.09920501708984375,
            0.06364893913269043,
            0.09785151481628418,
            0.09505510330200195,
            0.10511660575866699,
            0.0737452507019043,
            0.09985136985778809,
            0.09533381462097168
        ],
        "fit_computation_times": [
            0.009093523025512695,
            0.009092330932617188,
            0.009129047393798828,
            0.009189844131469727,
            0.009186744689941406,
            0.009152650833129883,
            0.009043455123901367,
            0.00916600227355957
        ]
    },
    "elapsed": 15.140491008758545
}