{
    "tensor_name": "uber",
    "sampler": "larsen_kolda_hybrid",
    "R": 75,
    "J": 98304,
    "trial": 1,
    "preprocessing": null,
    "initialization": null,
    "max_iterations": 40,
    "stop_tolerance": 0.0001,
    "tensor_order": 4,
    "trace": {
        "iterations": [
            0,
            5,
            10,
            15,
            20,
            25,
            30,
            35,
            40
        ],
        "fits": [
            -258.7426077422399,
            0.21169882842979604,
            0.21571026868969478,
            0.21812895892999407,
            0.2187952980635154,
            0.2199143898503897,
            0.22169977257478146,
            0.22125846066724564,
            0.22222335259489712
        ],
        "update_times": [
            0.05309343338012695,
            0.055739402770996094,
            0.06314420700073242,
            0.09142017364501953,
            0.11887836456298828,
            0.06552243232727051,
            0.10780501365661621,
            0.0953223705291748,
            0.1206512451171875,
            0.0688941478729248,
            0.10623478889465332,
            0.10039663314819336,
            0.12775826454162598,
            0.07510614395141602,
            0.10875582695007324,
            0.09162592887878418,
            0.1165468692779541,
            0.06621837615966797,
            0.11215615272521973,
            0.09249615669250488,
            0.11562204360961914,
            0.06084465980529785,
            0.1087033748626709,
            0.09459066390991211,
            0.17104625701904297,
            0.12468981742858887,
            0.303541898727417,
            0.10817432403564453,
            0.12041091918945312,
            0.07829856872558594,
            0.09749531745910645,
            0.10195636749267578,
            0.12253165245056152,
            0.06907057762145996,
            0.10803532600402832,
            0.09190678596496582,
            0.11651754379272461,
            0.061615705490112305,
            0.11577057838439941,
            0.09523200988769531,
            0.1202082633972168,
            0.06204104423522949,
            0.1015019416809082,
            0.1050713062286377,
            0.11836981773376465,
            0.06585502624511719,
            0.09929037094116211,
            0.09098672866821289,
            0.11333727836608887,
            0.06552839279174805,
            0.10427474975585938,
            0.09388613700866699,
            0.12219762802124023,
            0.12912964820861816,
            0.11301302909851074,
            0.10562014579772949,
            0.12164497375488281,
            0.06993794441223145,
            0.10811829566955566,
            0.10597515106201172,
            0.11475205421447754,
            0.06656670570373535,
            0.10897231101989746,
            0.09598088264465332,
            0.1165933609008789,
            0.07021665573120117,
            0.1093132495880127,
            0.09714007377624512,
            0.11711502075195312,
            0.06904721260070801,
            0.11177897453308105,
            0.11228585243225098,
            0.12169003486633301,
            0.07678341865539551,
            0.09873223304748535,
            0.10606861114501953,
            0.11768341064453125,
            0.07295846939086914,
            0.10064196586608887,
            0.0984189510345459,
            0.11680006980895996,
            0.07446408271789551,
            0.09874534606933594,
            0.09412789344787598,
            0.1215066909790039,
            0.0653076171875,
            0.10698461532592773,
            0.10821962356567383,
            0.14232420921325684,
            0.17743468284606934,
            0.1271212100982666,
            0.10254740715026855,
            0.16480064392089844,
            0.11840009689331055,
            0.09599757194519043,
            0.08624672889709473,
            0.11934018135070801,
            0.05816316604614258,
            0.09165143966674805,
            0.08681368827819824,
            0.10875964164733887,
            0.05757021903991699,
            0.09451103210449219,
            0.08586406707763672,
            0.12007665634155273,
            0.06114459037780762,
            0.09466218948364258,
            0.0840311050415039,
            0.10998177528381348,
            0.060686588287353516,
            0.10182642936706543,
            0.10591578483581543,
            0.1166079044342041,
            0.06012749671936035,
            0.12017178535461426,
            0.09421539306640625,
            0.11314535140991211,
            0.06633448600769043,
            0.11292147636413574,
            0.09477949142456055,
            0.11343264579772949,
            0.05967879295349121,
            0.10026216506958008,
            0.09354043006896973,
            0.12265753746032715,
            0.06677865982055664,
            0.10919666290283203,
            0.08568286895751953,
            0.11559534072875977,
            0.05754232406616211,
            0.09007620811462402,
            0.09220027923583984,
            0.11476278305053711,
            0.06445002555847168,
            0.1059255599975586,
            0.08585333824157715,
            0.11902523040771484,
            0.07350802421569824,
            0.10987114906311035,
            0.09744429588317871,
            0.11532354354858398,
            0.07544350624084473,
            0.1134030818939209,
            0.09594511985778809,
            0.11433768272399902,
            0.06363296508789062,
            0.11200952529907227,
            0.09746122360229492,
            0.1203010082244873,
            0.06606721878051758,
            0.1108396053314209,
            0.09048128128051758,
            0.11772346496582031,
            0.06926202774047852,
            0.1133418083190918,
            0.09691762924194336,
            0.11613106727600098,
            0.06614494323730469,
            0.10980987548828125,
            0.09645342826843262
        ],
        "fit_computation_times": [
            0.008878707885742188,
            0.008507251739501953,
            0.008514404296875,
            0.008670568466186523,
            0.008501052856445312,
            0.008400917053222656,
            0.008462905883789062,
            0.008400440216064453
        ]
    },
    "elapsed": 16.054662704467773
}