{
    "tensor_name": "uber",
    "sampler": "larsen_kolda_hybrid",
    "R": 25,
    "J": 98304,
    "trial": 2,
    "preprocessing": null,
    "initialization": null,
    "max_iterations": 40,
    "stop_tolerance": 0.0001,
    "tensor_order": 4,
    "trace": {
        "iterations": [
            0,
            5,
            10,
            15,
            20,
            25,
            30,
            35,
            40
        ],
        "fits": [
            -145.2281158029903,
            0.17941844673031937,
            0.18482693571037934,
            0.18643682869871503,
            0.1873007562360367,
            0.18804190390850628,
            0.1884373871052818,
            0.188783643207733,
            0.188968100620176
        ],
        "update_times": [
            0.022260665893554688,
            0.01705169677734375,
            0.01938343048095703,
            0.03856968879699707,
            0.06606173515319824,
            0.029361486434936523,
            0.043315887451171875,
            0.037397146224975586,
            0.06720232963562012,
            0.02935934066772461,
            0.0442962646484375,
            0.039392709732055664,
            0.07156133651733398,
            0.033411264419555664,
            0.04114699363708496,
            0.03542590141296387,
            0.09359908103942871,
            0.032067298889160156,
            0.045435190200805664,
            0.03438091278076172,
            0.06531596183776855,
            0.030713558197021484,
            0.040602684020996094,
            0.04119133949279785,
            0.06500124931335449,
            0.03741598129272461,
            0.04426431655883789,
            0.03601360321044922,
            0.07066798210144043,
            0.032578229904174805,
            0.040285587310791016,
            0.035559654235839844,
            0.06775307655334473,
            0.030730247497558594,
            0.04083108901977539,
            0.036519527435302734,
            0.07181310653686523,
            0.033223867416381836,
            0.04241657257080078,
            0.03766989707946777,
            0.0815420150756836,
            0.035341739654541016,
            0.06031012535095215,
            0.03621506690979004,
            0.07065939903259277,
            0.03305411338806152,
            0.046447038650512695,
            0.03929615020751953,
            0.06882023811340332,
            0.03430581092834473,
            0.04124140739440918,
            0.036029815673828125,
            0.06884312629699707,
            0.030717134475708008,
            0.04204368591308594,
            0.03617715835571289,
            0.06941914558410645,
            0.033837080001831055,
            0.04197549819946289,
            0.03606581687927246,
            0.06486225128173828,
            0.0308990478515625,
            0.04093050956726074,
            0.036099910736083984,
            0.0788106918334961,
            0.027400493621826172,
            0.04273509979248047,
            0.03854107856750488,
            0.06878042221069336,
            0.02926468849182129,
            0.04393911361694336,
            0.03891420364379883,
            0.06822371482849121,
            0.03041982650756836,
            0.0437777042388916,
            0.038565874099731445,
            0.06858658790588379,
            0.02871394157409668,
            0.044556379318237305,
            0.03442525863647461,
            0.06512808799743652,
            0.029079914093017578,
            0.04453420639038086,
            0.03970789909362793,
            0.06922054290771484,
            0.03346419334411621,
            0.040570974349975586,
            0.035065650939941406,
            0.0673835277557373,
            0.029423952102661133,
            0.04190325736999512,
            0.03663945198059082,
            0.06596922874450684,
            0.029707908630371094,
            0.04632568359375,
            0.0382540225982666,
            0.06199932098388672,
            0.030655860900878906,
            0.04335308074951172,
            0.037145376205444336,
            0.06566953659057617,
            0.028302907943725586,
            0.046434879302978516,
            0.04002785682678223,
            0.07702445983886719,
            0.02937769889831543,
            0.040892839431762695,
            0.034326791763305664,
            0.06307172775268555,
            0.02881622314453125,
            0.03882622718811035,
            0.03921627998352051,
            0.0665590763092041,
            0.02623581886291504,
            0.0435941219329834,
            0.039414167404174805,
            0.06907391548156738,
            0.02901315689086914,
            0.04396224021911621,
            0.03960871696472168,
            0.061249732971191406,
            0.026242494583129883,
            0.04213714599609375,
            0.03675436973571777,
            0.0817575454711914,
            0.03088688850402832,
            0.044762372970581055,
            0.03833961486816406,
            0.07216644287109375,
            0.0355372428894043,
            0.054129600524902344,
            0.04152274131774902,
            0.08034300804138184,
            0.037767648696899414,
            0.041915178298950195,
            0.03482866287231445,
            0.0719456672668457,
            0.05502820014953613,
            0.04467487335205078,
            0.038751840591430664,
            0.07121825218200684,
            0.029438018798828125,
            0.04296302795410156,
            0.034497976303100586,
            0.06546759605407715,
            0.02966594696044922,
            0.046167850494384766,
            0.03801703453063965,
            0.06963467597961426,
            0.027076244354248047,
            0.042673349380493164,
            0.03854632377624512,
            0.06818079948425293,
            0.031235694885253906,
            0.03968024253845215,
            0.03354597091674805,
            0.06720829010009766,
            0.02900099754333496,
            0.04603004455566406,
            0.0357060432434082
        ],
        "fit_computation_times": [
            0.006077766418457031,
            0.00658416748046875,
            0.0065920352935791016,
            0.006440877914428711,
            0.00629878044128418,
            0.00778651237487793,
            0.006395816802978516,
            0.006223440170288086
        ]
    },
    "elapsed": 7.271736145019531
}