{
    "tensor_name": "uber",
    "sampler": "larsen_kolda_hybrid",
    "R": 50,
    "J": 360448,
    "trial": 0,
    "preprocessing": null,
    "initialization": null,
    "max_iterations": 40,
    "stop_tolerance": 0.0001,
    "tensor_order": 4,
    "trace": {
        "iterations": [
            0,
            5,
            10,
            15,
            20,
            25,
            30,
            35,
            40
        ],
        "fits": [
            -213.66658842894952,
            0.20681064539383998,
            0.21140601252061975,
            0.2136769815615991,
            0.2152267480108231,
            0.21574798064857548,
            0.21618398237345304,
            0.21659804292479967,
            0.2168141095645475
        ],
        "update_times": [
            0.0720827579498291,
            0.09664106369018555,
            0.09601116180419922,
            0.18739819526672363,
            0.2158803939819336,
            0.12099671363830566,
            0.21861529350280762,
            0.2054309844970703,
            0.22885584831237793,
            0.11981368064880371,
            0.23068714141845703,
            0.19878411293029785,
            0.21902942657470703,
            0.12128686904907227,
            0.22411775588989258,
            0.2078559398651123,
            0.2362353801727295,
            0.13149356842041016,
            0.23030734062194824,
            0.20490360260009766,
            0.21149659156799316,
            0.15134763717651367,
            0.23044466972351074,
            0.20187783241271973,
            0.21343541145324707,
            0.11897945404052734,
            0.2231740951538086,
            0.20801424980163574,
            0.21461009979248047,
            0.13521790504455566,
            0.21804332733154297,
            0.19499540328979492,
            0.2009568214416504,
            0.12136268615722656,
            0.21164560317993164,
            0.19625377655029297,
            0.1979200839996338,
            0.12093114852905273,
            0.21550536155700684,
            0.21313786506652832,
            0.20596051216125488,
            0.13696718215942383,
            0.24033260345458984,
            0.21259737014770508,
            0.21082258224487305,
            0.12127923965454102,
            0.21941184997558594,
            0.19841504096984863,
            0.20659685134887695,
            0.12010478973388672,
            0.22065067291259766,
            0.1986534595489502,
            0.20944809913635254,
            0.129256010055542,
            0.22467589378356934,
            0.20098614692687988,
            0.21494626998901367,
            0.12392258644104004,
            0.22354817390441895,
            0.19798040390014648,
            0.20528602600097656,
            0.1312706470489502,
            0.2179100513458252,
            0.1968979835510254,
            0.21159124374389648,
            0.12435626983642578,
            0.2150895595550537,
            0.2320849895477295,
            0.2079777717590332,
            0.1457810401916504,
            0.22828340530395508,
            0.20027709007263184,
            0.21956300735473633,
            0.13668346405029297,
            0.2280256748199463,
            0.21027326583862305,
            0.22304010391235352,
            0.16863155364990234,
            0.23680782318115234,
            0.2154228687286377,
            0.2629058361053467,
            0.1423020362854004,
            0.22851896286010742,
            0.21274542808532715,
            0.22803544998168945,
            0.14113330841064453,
            0.2487485408782959,
            0.20787549018859863,
            0.2395009994506836,
            0.1210486888885498,
            0.2173609733581543,
            0.1950392723083496,
            0.20508456230163574,
            0.12161397933959961,
            0.23186373710632324,
            0.20891976356506348,
            0.20683717727661133,
            0.15621471405029297,
            0.22995376586914062,
            0.19706225395202637,
            0.20221710205078125,
            0.1315157413482666,
            0.2525362968444824,
            0.20800065994262695,
            0.21098566055297852,
            0.15865206718444824,
            0.22861075401306152,
            0.20201659202575684,
            0.21419191360473633,
            0.12250328063964844,
            0.21998095512390137,
            0.19822001457214355,
            0.20505619049072266,
            0.12148594856262207,
            0.22113251686096191,
            0.19597959518432617,
            0.20765161514282227,
            0.12221240997314453,
            0.2292642593383789,
            0.20014262199401855,
            0.2028498649597168,
            0.13056564331054688,
            0.22598552703857422,
            0.21387934684753418,
            0.21454739570617676,
            0.1575777530670166,
            0.22479748725891113,
            0.2038412094116211,
            0.22398686408996582,
            0.13937139511108398,
            0.23819327354431152,
            0.216644287109375,
            0.20839881896972656,
            0.1290726661682129,
            0.23125767707824707,
            0.20336532592773438,
            0.20572876930236816,
            0.13073253631591797,
            0.22809290885925293,
            0.19746637344360352,
            0.20282793045043945,
            0.1313924789428711,
            0.22267818450927734,
            0.19666433334350586,
            0.2343735694885254,
            0.12648296356201172,
            0.22691035270690918,
            0.21204447746276855,
            0.2278585433959961,
            0.141343355178833,
            0.2259972095489502,
            0.20270919799804688,
            0.21419048309326172,
            0.12633252143859863,
            0.21783041954040527,
            0.22049427032470703,
            0.2045130729675293,
            0.12250041961669922,
            0.2169198989868164,
            0.20307445526123047
        ],
        "fit_computation_times": [
            0.009219884872436523,
            0.008884191513061523,
            0.007997274398803711,
            0.008859634399414062,
            0.0085906982421875,
            0.008493423461914062,
            0.008563041687011719,
            0.008552789688110352
        ]
    },
    "elapsed": 30.880024194717407
}