{
    "tensor_name": "uber",
    "sampler": "larsen_kolda_hybrid",
    "R": 75,
    "J": 229376,
    "trial": 3,
    "preprocessing": null,
    "initialization": null,
    "max_iterations": 40,
    "stop_tolerance": 0.0001,
    "tensor_order": 4,
    "trace": {
        "iterations": [
            0,
            5,
            10,
            15,
            20,
            25,
            30,
            35,
            40
        ],
        "fits": [
            -248.89798675371813,
            0.2173079356731693,
            0.22243945558822764,
            0.22447690234917816,
            0.22589539243875645,
            0.22663583516434171,
            0.2276912445957281,
            0.22732209295488137,
            0.22842940346509488
        ],
        "update_times": [
            0.07129716873168945,
            0.08803796768188477,
            0.09035277366638184,
            0.17125582695007324,
            0.26254725456237793,
            0.12326788902282715,
            0.1305091381072998,
            0.17623186111450195,
            0.2531006336212158,
            0.11806821823120117,
            0.12595582008361816,
            0.16993951797485352,
            0.25078511238098145,
            0.12797951698303223,
            0.12663722038269043,
            0.16939759254455566,
            0.24263501167297363,
            0.11671996116638184,
            0.1275644302368164,
            0.17656612396240234,
            0.235764741897583,
            0.1166985034942627,
            0.1277790069580078,
            0.18183016777038574,
            0.25076794624328613,
            0.12625479698181152,
            0.11519908905029297,
            0.16361165046691895,
            0.250607967376709,
            0.10708975791931152,
            0.11290597915649414,
            0.16544270515441895,
            0.2444448471069336,
            0.10836505889892578,
            0.11417388916015625,
            0.1627802848815918,
            0.2288649082183838,
            0.1075289249420166,
            0.11389446258544922,
            0.16028952598571777,
            0.22620725631713867,
            0.10679125785827637,
            0.11414837837219238,
            0.1629619598388672,
            0.2504007816314697,
            0.1562178134918213,
            0.13676905632019043,
            0.18073320388793945,
            0.25510406494140625,
            0.12344908714294434,
            0.12725281715393066,
            0.17286324501037598,
            0.25401735305786133,
            0.11927413940429688,
            0.12793779373168945,
            0.1783280372619629,
            0.24184131622314453,
            0.11766695976257324,
            0.1304779052734375,
            0.1701037883758545,
            0.24721050262451172,
            0.12338638305664062,
            0.13075923919677734,
            0.18255043029785156,
            0.25617384910583496,
            0.13936400413513184,
            0.12759637832641602,
            0.18003320693969727,
            0.24611735343933105,
            0.12233972549438477,
            0.1304028034210205,
            0.18157076835632324,
            0.26465487480163574,
            0.12433481216430664,
            0.12535548210144043,
            0.17628002166748047,
            0.26154613494873047,
            0.12345552444458008,
            0.15318846702575684,
            0.17786765098571777,
            0.2410118579864502,
            0.1220543384552002,
            0.12414312362670898,
            0.17443013191223145,
            0.27681517601013184,
            0.12698626518249512,
            0.15704989433288574,
            0.17369794845581055,
            0.253187894821167,
            0.12291646003723145,
            0.17787933349609375,
            0.17626094818115234,
            0.2630431652069092,
            0.1219480037689209,
            0.1293933391571045,
            0.1775968074798584,
            0.24982237815856934,
            0.12057113647460938,
            0.14821934700012207,
            0.17357230186462402,
            0.24956274032592773,
            0.11658787727355957,
            0.11983728408813477,
            0.17345714569091797,
            0.25472283363342285,
            0.1180429458618164,
            0.12214279174804688,
            0.17649531364440918,
            0.2603797912597656,
            0.12542986869812012,
            0.12071537971496582,
            0.17253708839416504,
            0.24475407600402832,
            0.12802910804748535,
            0.12289547920227051,
            0.17059707641601562,
            0.2474536895751953,
            0.12531709671020508,
            0.12807416915893555,
            0.17044591903686523,
            0.24490666389465332,
            0.12085604667663574,
            0.1273665428161621,
            0.1784656047821045,
            0.24202966690063477,
            0.10742712020874023,
            0.11455154418945312,
            0.17375802993774414,
            0.2455120086669922,
            0.13348102569580078,
            0.12780141830444336,
            0.17495512962341309,
            0.23920798301696777,
            0.12924671173095703,
            0.1533801555633545,
            0.18999052047729492,
            0.2661557197570801,
            0.1226799488067627,
            0.13285446166992188,
            0.18238210678100586,
            0.260714054107666,
            0.10860443115234375,
            0.11951327323913574,
            0.1810457706451416,
            0.2699577808380127,
            0.12811493873596191,
            0.13201379776000977,
            0.17870759963989258,
            0.24987578392028809,
            0.12469911575317383,
            0.13175058364868164,
            0.1824491024017334,
            0.25188779830932617,
            0.12266421318054199,
            0.1290602684020996,
            0.1802043914794922,
            0.2534611225128174,
            0.11459970474243164,
            0.11810111999511719,
            0.18235230445861816
        ],
        "fit_computation_times": [
            0.009510278701782227,
            0.009967327117919922,
            0.009514570236206055,
            0.009599685668945312,
            0.007961750030517578,
            0.009735345840454102,
            0.008343219757080078,
            0.008174657821655273
        ]
    },
    "elapsed": 26.9168701171875
}