{
    "tensor_name": "uber",
    "sampler": "efficient",
    "R": 75,
    "J": 163840,
    "trial": 1,
    "preprocessing": null,
    "initialization": null,
    "max_iterations": 40,
    "stop_tolerance": 0.0001,
    "tensor_order": 4,
    "trace": {
        "iterations": [
            0,
            5,
            10,
            15,
            20,
            25,
            30,
            35,
            40
        ],
        "fits": [
            -264.538637903181,
            0.21584074162334987,
            0.22215577832367084,
            0.2259359851181325,
            0.22781793909335635,
            0.22873030502983127,
            0.22966148360263383,
            0.2301942909903053,
            0.23053414077792944
        ],
        "update_times": [
            0.31763267517089844,
            0.32891082763671875,
            0.2870182991027832,
            0.3372170925140381,
            0.3901548385620117,
            0.3353455066680908,
            0.3921854496002197,
            0.34673333168029785,
            0.4019770622253418,
            0.34246349334716797,
            0.3880336284637451,
            0.3481013774871826,
            0.39543962478637695,
            0.3430306911468506,
            0.36387085914611816,
            0.36331653594970703,
            0.3870117664337158,
            0.32825493812561035,
            0.3533146381378174,
            0.34177494049072266,
            0.3883638381958008,
            0.3307838439941406,
            0.38102293014526367,
            0.33684325218200684,
            0.3707120418548584,
            0.28800249099731445,
            0.2850332260131836,
            0.2628157138824463,
            0.32177138328552246,
            0.3433256149291992,
            0.3604915142059326,
            0.34783935546875,
            0.40488481521606445,
            0.332000732421875,
            0.3621809482574463,
            0.35954809188842773,
            0.3954923152923584,
            0.33483099937438965,
            0.3568575382232666,
            0.37059450149536133,
            0.3835153579711914,
            0.34023404121398926,
            0.3819096088409424,
            0.3456897735595703,
            0.38977622985839844,
            0.344684362411499,
            0.3722071647644043,
            0.3596649169921875,
            0.5095806121826172,
            0.34261035919189453,
            0.3716237545013428,
            0.37470507621765137,
            0.3867309093475342,
            0.3649861812591553,
            0.36928796768188477,
            0.3592550754547119,
            0.4120304584503174,
            0.3576059341430664,
            0.359635591506958,
            0.35916948318481445,
            0.43248534202575684,
            0.34476757049560547,
            0.35634469985961914,
            0.3454470634460449,
            0.3831911087036133,
            0.3398246765136719,
            0.3573613166809082,
            0.3457009792327881,
            0.3770322799682617,
            0.34154272079467773,
            0.3661916255950928,
            0.33798933029174805,
            0.38686323165893555,
            0.34464359283447266,
            0.3808276653289795,
            0.38115668296813965,
            0.400421142578125,
            0.34854912757873535,
            0.36342644691467285,
            0.35316944122314453,
            0.38513827323913574,
            0.3576622009277344,
            0.34905052185058594,
            0.3440983295440674,
            0.36263108253479004,
            0.33883190155029297,
            0.3516206741333008,
            0.33880186080932617,
            0.39318251609802246,
            0.3327047824859619,
            0.3505134582519531,
            0.338090181350708,
            0.3845231533050537,
            0.33341097831726074,
            0.36061811447143555,
            0.34723806381225586,
            0.37677812576293945,
            0.34393978118896484,
            0.3663644790649414,
            0.34949183464050293,
            0.3840751647949219,
            0.35382604598999023,
            0.3742663860321045,
            0.3742966651916504,
            0.381345272064209,
            0.34015798568725586,
            0.36019349098205566,
            0.3376955986022949,
            0.3811647891998291,
            0.3357706069946289,
            0.3542673587799072,
            0.3410022258758545,
            0.3913397789001465,
            0.34296154975891113,
            0.365710973739624,
            0.3444645404815674,
            0.3924877643585205,
            0.3411996364593506,
            0.360515832901001,
            0.33678245544433594,
            0.38923168182373047,
            0.32883310317993164,
            0.35546445846557617,
            0.3438687324523926,
            0.3872354030609131,
            0.33638572692871094,
            0.3609328269958496,
            0.34517979621887207,
            0.4025540351867676,
            0.33441162109375,
            0.3663184642791748,
            0.363802433013916,
            0.37525463104248047,
            0.41451215744018555,
            0.366957426071167,
            0.3648207187652588,
            0.4614849090576172,
            0.3568384647369385,
            0.3547170162200928,
            0.35269832611083984,
            0.4081418514251709,
            0.3373892307281494,
            0.35163021087646484,
            0.3498268127441406,
            0.38251614570617676,
            0.36143040657043457,
            0.36197853088378906,
            0.3429262638092041,
            0.39633965492248535,
            0.3502471446990967,
            0.35222959518432617,
            0.3647148609161377,
            0.4009380340576172,
            0.33804988861083984,
            0.3542919158935547,
            0.3546147346496582,
            0.41288328170776367,
            0.33477020263671875,
            0.351240873336792,
            0.33292627334594727
        ],
        "fit_computation_times": [
            0.00940084457397461,
            0.007689476013183594,
            0.00921630859375,
            0.009117841720581055,
            0.009294271469116211,
            0.008002042770385742,
            0.008047342300415039,
            0.007587909698486328
        ]
    },
    "elapsed": 57.77892732620239
}