{
    "tensor_name": "uber",
    "sampler": "efficient",
    "R": 25,
    "J": 98304,
    "trial": 1,
    "preprocessing": null,
    "initialization": null,
    "max_iterations": 40,
    "stop_tolerance": 0.0001,
    "tensor_order": 4,
    "trace": {
        "iterations": [
            0,
            5,
            10,
            15,
            20,
            25,
            30,
            35,
            40
        ],
        "fits": [
            -147.75873266638527,
            0.18190344337048858,
            0.1863814972552439,
            0.18729276631888758,
            0.18775317046424966,
            0.1881686970962011,
            0.18867930335063798,
            0.1891274246059087,
            0.18945251081976022
        ],
        "update_times": [
            0.07037901878356934,
            0.06563615798950195,
            0.07270407676696777,
            0.06170511245727539,
            0.07424545288085938,
            0.06078648567199707,
            0.06430220603942871,
            0.06291794776916504,
            0.07319426536560059,
            0.0630347728729248,
            0.06914949417114258,
            0.06344962120056152,
            0.07830333709716797,
            0.06171441078186035,
            0.069091796875,
            0.061417341232299805,
            0.08102917671203613,
            0.06356143951416016,
            0.0673820972442627,
            0.07305788993835449,
            0.08283376693725586,
            0.06271004676818848,
            0.07447385787963867,
            0.05972933769226074,
            0.07479619979858398,
            0.0696570873260498,
            0.06953692436218262,
            0.06275367736816406,
            0.07666754722595215,
            0.06171131134033203,
            0.06444668769836426,
            0.05866503715515137,
            0.07555460929870605,
            0.06347084045410156,
            0.06614303588867188,
            0.058594703674316406,
            0.07478761672973633,
            0.06129789352416992,
            0.06410360336303711,
            0.05724477767944336,
            0.07692241668701172,
            0.06332993507385254,
            0.0669405460357666,
            0.05891299247741699,
            0.08074331283569336,
            0.06925296783447266,
            0.0686178207397461,
            0.06225228309631348,
            0.07801222801208496,
            0.07425403594970703,
            0.06668877601623535,
            0.06378173828125,
            0.07689666748046875,
            0.06302142143249512,
            0.06946206092834473,
            0.061937570571899414,
            0.08077740669250488,
            0.06482458114624023,
            0.06390690803527832,
            0.06302738189697266,
            0.07372212409973145,
            0.06433224678039551,
            0.0643763542175293,
            0.0606389045715332,
            0.07749509811401367,
            0.06387877464294434,
            0.06692028045654297,
            0.06045222282409668,
            0.07718253135681152,
            0.0625617504119873,
            0.0677337646484375,
            0.0632319450378418,
            0.07784295082092285,
            0.06404757499694824,
            0.06634974479675293,
            0.06075119972229004,
            0.08056330680847168,
            0.06673550605773926,
            0.06575298309326172,
            0.05786013603210449,
            0.07514166831970215,
            0.06518149375915527,
            0.06641125679016113,
            0.061621665954589844,
            0.07574129104614258,
            0.06380414962768555,
            0.06309127807617188,
            0.061781883239746094,
            0.07609844207763672,
            0.06178617477416992,
            0.06467866897583008,
            0.05992937088012695,
            0.07876038551330566,
            0.06390023231506348,
            0.06617927551269531,
            0.0598292350769043,
            0.07627010345458984,
            0.06524419784545898,
            0.06763744354248047,
            0.0572504997253418,
            0.0810401439666748,
            0.0643622875213623,
            0.06841373443603516,
            0.057335615158081055,
            0.0739743709564209,
            0.06317281723022461,
            0.07289886474609375,
            0.06205892562866211,
            0.07790446281433105,
            0.06491255760192871,
            0.06802940368652344,
            0.09449005126953125,
            0.08387136459350586,
            0.07294893264770508,
            0.09564948081970215,
            0.08776664733886719,
            0.09505748748779297,
            0.08053088188171387,
            0.09196996688842773,
            0.09509420394897461,
            0.08742427825927734,
            0.08896994590759277,
            0.09450793266296387,
            0.07384586334228516,
            0.09255862236022949,
            0.08768248558044434,
            0.09209585189819336,
            0.0877375602722168,
            0.09969449043273926,
            0.08062434196472168,
            0.08918571472167969,
            0.08307600021362305,
            0.1065983772277832,
            0.07241988182067871,
            0.06425046920776367,
            0.06534934043884277,
            0.07600235939025879,
            0.06979632377624512,
            0.07082295417785645,
            0.06597018241882324,
            0.07536911964416504,
            0.07069778442382812,
            0.06491875648498535,
            0.06377863883972168,
            0.07569336891174316,
            0.06930065155029297,
            0.06612658500671387,
            0.0597224235534668,
            0.07764863967895508,
            0.06906390190124512,
            0.06698465347290039,
            0.06020402908325195,
            0.07842469215393066,
            0.07204437255859375,
            0.0635535717010498,
            0.0565187931060791,
            0.06924915313720703,
            0.06139063835144043,
            0.06675958633422852,
            0.061483144760131836
        ],
        "fit_computation_times": [
            0.008883953094482422,
            0.007282257080078125,
            0.008377790451049805,
            0.007364034652709961,
            0.00743412971496582,
            0.00853276252746582,
            0.007626533508300781,
            0.008715391159057617
        ]
    },
    "elapsed": 11.362545013427734
}