{
    "tensor_name": "uber",
    "sampler": "larsen_kolda_hybrid",
    "R": 25,
    "J": 393216,
    "trial": 3,
    "preprocessing": null,
    "initialization": null,
    "max_iterations": 40,
    "stop_tolerance": 0.0001,
    "tensor_order": 4,
    "trace": {
        "iterations": [
            0,
            5,
            10,
            15,
            20,
            25,
            30,
            35,
            40
        ],
        "fits": [
            -143.861971467483,
            0.1785545809851824,
            0.18333978975279064,
            0.18500245119453296,
            0.18616863026395658,
            0.18718645092989783,
            0.18784772249411885,
            0.18818053940041346,
            0.18841596983098063
        ],
        "update_times": [
            0.052393198013305664,
            0.06696653366088867,
            0.06626701354980469,
            0.11715936660766602,
            0.15026235580444336,
            0.0923759937286377,
            0.13481402397155762,
            0.11901497840881348,
            0.14630579948425293,
            0.11295509338378906,
            0.1610112190246582,
            0.12026357650756836,
            0.15721726417541504,
            0.10688161849975586,
            0.14872336387634277,
            0.17755556106567383,
            0.1509261131286621,
            0.10625004768371582,
            0.1336228847503662,
            0.1395585536956787,
            0.16329669952392578,
            0.10344958305358887,
            0.14353656768798828,
            0.1343517303466797,
            0.14888811111450195,
            0.10232234001159668,
            0.13200807571411133,
            0.12946796417236328,
            0.1977705955505371,
            0.15306472778320312,
            0.13180017471313477,
            0.17743301391601562,
            0.19818878173828125,
            0.10507655143737793,
            0.14498281478881836,
            0.11368775367736816,
            0.14612197875976562,
            0.0979151725769043,
            0.13258099555969238,
            0.1133110523223877,
            0.1443629264831543,
            0.09663534164428711,
            0.1276698112487793,
            0.11599349975585938,
            0.1469888687133789,
            0.10177898406982422,
            0.13472223281860352,
            0.11501312255859375,
            0.14860320091247559,
            0.09856534004211426,
            0.13157987594604492,
            0.13169479370117188,
            0.1643085479736328,
            0.15529155731201172,
            0.13247156143188477,
            0.1473238468170166,
            0.15795254707336426,
            0.20348787307739258,
            0.1476573944091797,
            0.13502001762390137,
            0.23201417922973633,
            0.20495223999023438,
            0.13084769248962402,
            0.1846764087677002,
            0.21067142486572266,
            0.17061805725097656,
            0.1430051326751709,
            0.1344611644744873,
            0.17922139167785645,
            0.1147911548614502,
            0.14788317680358887,
            0.16984796524047852,
            0.16464543342590332,
            0.10447287559509277,
            0.1476423740386963,
            0.13463640213012695,
            0.16746902465820312,
            0.11441397666931152,
            0.12951135635375977,
            0.20359325408935547,
            0.20636487007141113,
            0.17285585403442383,
            0.13008546829223633,
            0.13552165031433105,
            0.15772676467895508,
            0.20526957511901855,
            0.13733315467834473,
            0.14968657493591309,
            0.15213441848754883,
            0.15630865097045898,
            0.12899518013000488,
            0.12547087669372559,
            0.161346435546875,
            0.14311885833740234,
            0.13055706024169922,
            0.1267993450164795,
            0.16850876808166504,
            0.2038736343383789,
            0.12871026992797852,
            0.1279129981994629,
            0.24960589408874512,
            0.17050600051879883,
            0.1289067268371582,
            0.12041544914245605,
            0.14409637451171875,
            0.10015439987182617,
            0.12841534614562988,
            0.12080931663513184,
            0.1439816951751709,
            0.1013789176940918,
            0.13066887855529785,
            0.12822413444519043,
            0.1431119441986084,
            0.09942173957824707,
            0.12564873695373535,
            0.11559271812438965,
            0.14357471466064453,
            0.0994102954864502,
            0.12983441352844238,
            0.12080812454223633,
            0.16977787017822266,
            0.11348557472229004,
            0.12889337539672852,
            0.11179661750793457,
            0.1436171531677246,
            0.0974280834197998,
            0.12655234336853027,
            0.12017345428466797,
            0.14646196365356445,
            0.10845732688903809,
            0.13000106811523438,
            0.11760377883911133,
            0.16170501708984375,
            0.15779662132263184,
            0.1316525936126709,
            0.1403346061706543,
            0.19461774826049805,
            0.15384387969970703,
            0.13816237449645996,
            0.12694740295410156,
            0.14443564414978027,
            0.12015128135681152,
            0.14351558685302734,
            0.18288159370422363,
            0.15478205680847168,
            0.09730195999145508,
            0.14873385429382324,
            0.14173626899719238,
            0.23584508895874023,
            0.1738595962524414,
            0.14515113830566406,
            0.12010335922241211,
            0.15088558197021484,
            0.12769722938537598,
            0.13172435760498047,
            0.13475799560546875,
            0.16262459754943848,
            0.11310577392578125,
            0.15310907363891602,
            0.13677263259887695
        ],
        "fit_computation_times": [
            0.007997751235961914,
            0.007242679595947266,
            0.0075914859771728516,
            0.007640838623046875,
            0.008206367492675781,
            0.007394552230834961,
            0.0086669921875,
            0.007607221603393555
        ]
    },
    "elapsed": 22.560239553451538
}