{
    "tensor_name": "uber",
    "sampler": "larsen_kolda_hybrid",
    "R": 125,
    "J": 393216,
    "trial": 2,
    "preprocessing": null,
    "initialization": null,
    "max_iterations": 40,
    "stop_tolerance": 0.0001,
    "tensor_order": 4,
    "trace": {
        "iterations": [
            0,
            5,
            10,
            15,
            20,
            25,
            30,
            35,
            40
        ],
        "fits": [
            -328.9500081489483,
            0.2300229161037084,
            0.23561060420977575,
            0.23918106491795843,
            0.2391880499101311,
            0.24063002539577627,
            0.24101134124193302,
            0.2411167998614061,
            0.2416316160215103
        ],
        "update_times": [
            0.16831111907958984,
            0.13865113258361816,
            0.17949771881103516,
            0.3403139114379883,
            0.38514018058776855,
            0.24776172637939453,
            0.3713712692260742,
            0.355665922164917,
            0.5139620304107666,
            0.2548391819000244,
            0.350360631942749,
            0.371077299118042,
            0.5311641693115234,
            0.22792625427246094,
            0.37182021141052246,
            0.3904252052307129,
            0.5247101783752441,
            0.22450566291809082,
            0.36354732513427734,
            0.389265775680542,
            0.5302214622497559,
            0.24794721603393555,
            0.36075663566589355,
            0.3655421733856201,
            0.5447015762329102,
            0.21788859367370605,
            0.3480875492095947,
            0.33009934425354004,
            0.5436246395111084,
            0.23844504356384277,
            0.34524035453796387,
            0.3610222339630127,
            0.5399885177612305,
            0.26647448539733887,
            0.35545945167541504,
            0.41028308868408203,
            0.5517971515655518,
            0.3219900131225586,
            0.3794429302215576,
            0.37041497230529785,
            0.5269064903259277,
            0.26432371139526367,
            0.3713855743408203,
            0.38082194328308105,
            0.5803966522216797,
            0.2470405101776123,
            0.3753960132598877,
            0.34970712661743164,
            0.551297664642334,
            0.22624635696411133,
            0.35013866424560547,
            0.358381986618042,
            0.5260171890258789,
            0.22147130966186523,
            0.350400447845459,
            0.35648536682128906,
            0.564807653427124,
            0.22574305534362793,
            0.3805067539215088,
            0.38626790046691895,
            0.5888774394989014,
            0.2244877815246582,
            0.37430644035339355,
            0.36426687240600586,
            0.5610761642456055,
            0.2247927188873291,
            0.34972691535949707,
            0.3843224048614502,
            0.5442519187927246,
            0.22536754608154297,
            0.361630916595459,
            0.3605649471282959,
            0.551424503326416,
            0.2241959571838379,
            0.36486339569091797,
            0.36960887908935547,
            0.583317756652832,
            0.23096990585327148,
            0.38264918327331543,
            0.42351555824279785,
            0.585038423538208,
            0.25653553009033203,
            0.3964414596557617,
            0.38524532318115234,
            0.6617343425750732,
            0.2331700325012207,
            0.38480710983276367,
            0.3877570629119873,
            0.6123192310333252,
            0.22962498664855957,
            0.39998912811279297,
            0.3869636058807373,
            0.6122863292694092,
            0.2677607536315918,
            0.3572995662689209,
            0.4189438819885254,
            0.5964548587799072,
            0.2443399429321289,
            0.37654542922973633,
            0.38710761070251465,
            0.5811877250671387,
            0.22715282440185547,
            0.3775768280029297,
            0.40287017822265625,
            0.599574089050293,
            0.22969579696655273,
            0.40439844131469727,
            0.3931589126586914,
            0.598883867263794,
            0.2535536289215088,
            0.3764965534210205,
            0.35969090461730957,
            0.5746054649353027,
            0.23732304573059082,
            0.3641045093536377,
            0.360184907913208,
            0.5529575347900391,
            0.24481868743896484,
            0.3621528148651123,
            0.37647199630737305,
            0.55179762840271,
            0.225877046585083,
            0.36742615699768066,
            0.3886899948120117,
            0.5816266536712646,
            0.23582124710083008,
            0.3506429195404053,
            0.36280298233032227,
            0.5715005397796631,
            0.24015212059020996,
            0.4170982837677002,
            0.3688828945159912,
            0.5900490283966064,
            0.24418067932128906,
            0.4059309959411621,
            0.3576798439025879,
            0.5716021060943604,
            0.243821382522583,
            0.3837277889251709,
            0.3799748420715332,
            0.5462355613708496,
            0.2264094352722168,
            0.36150527000427246,
            0.3541715145111084,
            0.5676848888397217,
            0.24856042861938477,
            0.3634922504425049,
            0.3553757667541504,
            0.570061206817627,
            0.2681314945220947,
            0.37678027153015137,
            0.36110424995422363,
            0.5752658843994141,
            0.22220182418823242,
            0.3643674850463867,
            0.3582892417907715,
            0.5910532474517822,
            0.21385788917541504,
            0.34689974784851074,
            0.37430548667907715
        ],
        "fit_computation_times": [
            0.010082244873046875,
            0.011811971664428711,
            0.011403322219848633,
            0.01134943962097168,
            0.011790037155151367,
            0.01167154312133789,
            0.01075291633605957,
            0.01178884506225586
        ]
    },
    "elapsed": 61.30516195297241
}