{
    "tensor_name": "uber",
    "sampler": "efficient",
    "R": 25,
    "J": 32768,
    "trial": 2,
    "preprocessing": null,
    "initialization": null,
    "max_iterations": 40,
    "stop_tolerance": 0.0001,
    "tensor_order": 4,
    "trace": {
        "iterations": [
            0,
            5,
            10,
            15,
            20,
            25,
            30,
            35,
            40
        ],
        "fits": [
            -144.78682986553892,
            0.17847726205808712,
            0.18413819108228324,
            0.1858789918127406,
            0.18688354313214528,
            0.1874659795952307,
            0.18780612995003187,
            0.1879879683633896,
            0.188407148264904
        ],
        "update_times": [
            0.02930593490600586,
            0.02216315269470215,
            0.0208737850189209,
            0.0382237434387207,
            0.04028034210205078,
            0.03123641014099121,
            0.037970542907714844,
            0.03682279586791992,
            0.04290652275085449,
            0.03685641288757324,
            0.03934645652770996,
            0.03905177116394043,
            0.045189857482910156,
            0.04410219192504883,
            0.0501101016998291,
            0.05137372016906738,
            0.07490372657775879,
            0.04367494583129883,
            0.04250788688659668,
            0.04713177680969238,
            0.06333661079406738,
            0.04155564308166504,
            0.04547548294067383,
            0.03974652290344238,
            0.05019569396972656,
            0.04095888137817383,
            0.03641033172607422,
            0.049370765686035156,
            0.04365134239196777,
            0.031649112701416016,
            0.03950643539428711,
            0.03668355941772461,
            0.04095792770385742,
            0.03668665885925293,
            0.03194093704223633,
            0.03550291061401367,
            0.04711627960205078,
            0.03291940689086914,
            0.030972003936767578,
            0.03859448432922363,
            0.035539865493774414,
            0.0308835506439209,
            0.03128552436828613,
            0.033026695251464844,
            0.03646349906921387,
            0.03024148941040039,
            0.03269505500793457,
            0.04021453857421875,
            0.04935002326965332,
            0.03431892395019531,
            0.04552268981933594,
            0.040395259857177734,
            0.04078483581542969,
            0.03645825386047363,
            0.031022071838378906,
            0.032401323318481445,
            0.04145193099975586,
            0.032874345779418945,
            0.035748958587646484,
            0.04058408737182617,
            0.0534212589263916,
            0.0358123779296875,
            0.03692889213562012,
            0.03606891632080078,
            0.04175734519958496,
            0.03617405891418457,
            0.03563714027404785,
            0.03751969337463379,
            0.04986405372619629,
            0.03492474555969238,
            0.03465604782104492,
            0.04571127891540527,
            0.049901485443115234,
            0.03877377510070801,
            0.04599952697753906,
            0.036159515380859375,
            0.04048442840576172,
            0.03847646713256836,
            0.03626608848571777,
            0.033503055572509766,
            0.04423165321350098,
            0.0341334342956543,
            0.03689455986022949,
            0.042609453201293945,
            0.03982710838317871,
            0.03557300567626953,
            0.03947043418884277,
            0.03425264358520508,
            0.05712103843688965,
            0.04022049903869629,
            0.03401446342468262,
            0.03271603584289551,
            0.04201364517211914,
            0.03163290023803711,
            0.030231952667236328,
            0.03328585624694824,
            0.03519320487976074,
            0.032454490661621094,
            0.03149247169494629,
            0.03694939613342285,
            0.03812980651855469,
            0.03345775604248047,
            0.03719186782836914,
            0.03488016128540039,
            0.040593862533569336,
            0.04298067092895508,
            0.03933382034301758,
            0.03507590293884277,
            0.04426097869873047,
            0.04147744178771973,
            0.035678863525390625,
            0.037386178970336914,
            0.03754758834838867,
            0.033577919006347656,
            0.03743481636047363,
            0.03039240837097168,
            0.038927316665649414,
            0.03307819366455078,
            0.03330278396606445,
            0.03043341636657715,
            0.03841066360473633,
            0.03597688674926758,
            0.03745913505554199,
            0.0356597900390625,
            0.03867936134338379,
            0.03866863250732422,
            0.04170846939086914,
            0.03585338592529297,
            0.03837466239929199,
            0.0397489070892334,
            0.032067060470581055,
            0.02964186668395996,
            0.04028177261352539,
            0.03710293769836426,
            0.03845334053039551,
            0.03517889976501465,
            0.043047189712524414,
            0.03793597221374512,
            0.04014921188354492,
            0.03386425971984863,
            0.0370943546295166,
            0.03493237495422363,
            0.03663897514343262,
            0.031179428100585938,
            0.03693747520446777,
            0.03248405456542969,
            0.03433942794799805,
            0.03271985054016113,
            0.04160642623901367,
            0.03693890571594238,
            0.04025673866271973,
            0.038440704345703125,
            0.04287075996398926,
            0.03799939155578613,
            0.04333376884460449,
            0.03773188591003418,
            0.04369831085205078,
            0.037981271743774414,
            0.03637337684631348,
            0.036301612854003906
        ],
        "fit_computation_times": [
            0.006857156753540039,
            0.007984638214111328,
            0.00795602798461914,
            0.007013082504272461,
            0.0069293975830078125,
            0.006896257400512695,
            0.008132219314575195,
            0.006947755813598633
        ]
    },
    "elapsed": 6.202160358428955
}