{
    "tensor_name": "uber",
    "sampler": "efficient",
    "R": 25,
    "J": 131072,
    "trial": 2,
    "preprocessing": null,
    "initialization": null,
    "max_iterations": 40,
    "stop_tolerance": 0.0001,
    "tensor_order": 4,
    "trace": {
        "iterations": [
            0,
            5,
            10,
            15,
            20,
            25,
            30,
            35,
            40
        ],
        "fits": [
            -141.73026811012497,
            0.17816043900410683,
            0.1829953230955158,
            0.18526123487026558,
            0.18627394016261511,
            0.1869732834994401,
            0.18758786751483703,
            0.187902654405515,
            0.1879654008516204
        ],
        "update_times": [
            0.07129907608032227,
            0.07264208793640137,
            0.0672445297241211,
            0.08944869041442871,
            0.1189718246459961,
            0.09820175170898438,
            0.11820578575134277,
            0.08714556694030762,
            0.11245155334472656,
            0.11841988563537598,
            0.10201263427734375,
            0.08934569358825684,
            0.11555051803588867,
            0.08833456039428711,
            0.09402298927307129,
            0.09382963180541992,
            0.1249244213104248,
            0.08616209030151367,
            0.09085845947265625,
            0.07808947563171387,
            0.11434054374694824,
            0.09102058410644531,
            0.09340691566467285,
            0.08469343185424805,
            0.11861085891723633,
            0.09148502349853516,
            0.09085369110107422,
            0.08407473564147949,
            0.12225222587585449,
            0.0903024673461914,
            0.08997249603271484,
            0.08506441116333008,
            0.1130988597869873,
            0.08967185020446777,
            0.09096026420593262,
            0.08642721176147461,
            0.11090970039367676,
            0.08937239646911621,
            0.08855032920837402,
            0.0888516902923584,
            0.17319679260253906,
            0.2154524326324463,
            0.09465956687927246,
            0.08666849136352539,
            0.11686086654663086,
            0.25765156745910645,
            0.0939183235168457,
            0.0919332504272461,
            0.11596107482910156,
            0.13787436485290527,
            0.09277939796447754,
            0.08678650856018066,
            0.12309122085571289,
            0.09597373008728027,
            0.08742475509643555,
            0.0878143310546875,
            0.11435985565185547,
            0.09462571144104004,
            0.08620429039001465,
            0.08574700355529785,
            0.17426371574401855,
            0.2923460006713867,
            0.09757590293884277,
            0.08817791938781738,
            0.11403799057006836,
            0.17920279502868652,
            0.09815049171447754,
            0.08960556983947754,
            0.12261629104614258,
            0.18366456031799316,
            0.09731459617614746,
            0.08633637428283691,
            0.11461877822875977,
            0.17438626289367676,
            0.09369778633117676,
            0.0879812240600586,
            0.11499953269958496,
            0.13081741333007812,
            0.09636354446411133,
            0.08865737915039062,
            0.3165903091430664,
            0.29592108726501465,
            0.09176373481750488,
            0.08729863166809082,
            0.11365818977355957,
            0.2699003219604492,
            0.09203052520751953,
            0.08523321151733398,
            0.12132811546325684,
            0.2287139892578125,
            0.09593319892883301,
            0.08966183662414551,
            0.11636614799499512,
            0.19325947761535645,
            0.10052895545959473,
            0.08693242073059082,
            0.11490535736083984,
            0.23661208152770996,
            0.09113335609436035,
            0.0886538028717041,
            0.20729398727416992,
            0.2237401008605957,
            0.10173535346984863,
            0.08420848846435547,
            0.11031770706176758,
            0.09431934356689453,
            0.08561205863952637,
            0.07719635963439941,
            0.11753964424133301,
            0.09000515937805176,
            0.08700942993164062,
            0.08634305000305176,
            0.11628198623657227,
            0.23487234115600586,
            0.09059882164001465,
            0.08730292320251465,
            0.12090325355529785,
            0.09927606582641602,
            0.09147024154663086,
            0.08226871490478516,
            0.11788797378540039,
            0.0919942855834961,
            0.0840914249420166,
            0.0806264877319336,
            0.11169719696044922,
            0.09085226058959961,
            0.08654356002807617,
            0.07822632789611816,
            0.1104435920715332,
            0.09246039390563965,
            0.0864098072052002,
            0.07653570175170898,
            0.10554385185241699,
            0.08920621871948242,
            0.09037303924560547,
            0.08655405044555664,
            0.12652301788330078,
            0.25307178497314453,
            0.0904989242553711,
            0.08524227142333984,
            0.2624540328979492,
            0.09450721740722656,
            0.09089279174804688,
            0.08173823356628418,
            0.12013626098632812,
            0.10345220565795898,
            0.10376691818237305,
            0.0959012508392334,
            0.12557315826416016,
            0.0909113883972168,
            0.08783721923828125,
            0.08193516731262207,
            0.1405491828918457,
            0.10219097137451172,
            0.0929412841796875,
            0.09203839302062988,
            0.1271204948425293,
            0.09569358825683594,
            0.08855319023132324,
            0.08159708976745605
        ],
        "fit_computation_times": [
            0.007914066314697266,
            0.007841348648071289,
            0.00768280029296875,
            0.007669210433959961,
            0.008126497268676758,
            0.007584571838378906,
            0.007825851440429688,
            0.007897377014160156
        ]
    },
    "elapsed": 18.168930053710938
}