{
    "tensor_name": "uber",
    "sampler": "larsen_kolda_hybrid",
    "R": 125,
    "J": 393216,
    "trial": 1,
    "preprocessing": null,
    "initialization": null,
    "max_iterations": 40,
    "stop_tolerance": 0.0001,
    "tensor_order": 4,
    "trace": {
        "iterations": [
            0,
            5,
            10,
            15,
            20,
            25,
            30,
            35,
            40
        ],
        "fits": [
            -331.2169761309736,
            0.2306063061931224,
            0.2357502186017687,
            0.23858461792239405,
            0.2394211894168392,
            0.24051259242453638,
            0.24118711509081092,
            0.2407415946460163,
            0.242102369993212
        ],
        "update_times": [
            0.17290568351745605,
            0.17521309852600098,
            0.1978013515472412,
            0.35884952545166016,
            0.40552186965942383,
            0.2149055004119873,
            0.37784290313720703,
            0.35048866271972656,
            0.476107120513916,
            0.22772526741027832,
            0.4136028289794922,
            0.38582563400268555,
            0.5097970962524414,
            0.26177310943603516,
            0.3961970806121826,
            0.3972342014312744,
            0.5202515125274658,
            0.24640703201293945,
            0.42615175247192383,
            0.4005558490753174,
            0.5006103515625,
            0.24448943138122559,
            0.40233922004699707,
            0.40840601921081543,
            0.5456244945526123,
            0.23667168617248535,
            0.41747236251831055,
            0.40662050247192383,
            0.556107759475708,
            0.2362220287322998,
            0.3816688060760498,
            0.4272942543029785,
            0.5189270973205566,
            0.2339344024658203,
            0.42136645317077637,
            0.40476250648498535,
            0.5697126388549805,
            0.3081090450286865,
            0.38495326042175293,
            0.3980116844177246,
            0.5517103672027588,
            0.23963427543640137,
            0.38956546783447266,
            0.3705728054046631,
            0.6323778629302979,
            0.2958858013153076,
            0.4065403938293457,
            0.3881099224090576,
            0.5644714832305908,
            0.2687840461730957,
            0.3935089111328125,
            0.3981289863586426,
            0.5532941818237305,
            0.2234668731689453,
            0.3986804485321045,
            0.39558935165405273,
            0.5371239185333252,
            0.22260665893554688,
            0.4180140495300293,
            0.40960192680358887,
            0.5042083263397217,
            0.2272496223449707,
            0.39644908905029297,
            0.39603233337402344,
            0.5641896724700928,
            0.2308814525604248,
            0.41457533836364746,
            0.4124939441680908,
            0.5602164268493652,
            0.22285866737365723,
            0.4113147258758545,
            0.4027867317199707,
            0.5521824359893799,
            0.24317359924316406,
            0.4264662265777588,
            0.41679978370666504,
            0.505314826965332,
            0.23917102813720703,
            0.39020586013793945,
            0.40140795707702637,
            0.4979898929595947,
            0.23552894592285156,
            0.37105822563171387,
            0.37990617752075195,
            0.5221655368804932,
            0.2246537208557129,
            0.39311933517456055,
            0.382037878036499,
            0.5457851886749268,
            0.24691557884216309,
            0.3971898555755615,
            0.37380337715148926,
            0.5484015941619873,
            0.2267758846282959,
            0.4123861789703369,
            0.3808295726776123,
            0.5183250904083252,
            0.22435903549194336,
            0.4042186737060547,
            0.4106130599975586,
            0.5501928329467773,
            0.2978091239929199,
            0.38828468322753906,
            0.420257568359375,
            0.542121171951294,
            0.24805879592895508,
            0.4158902168273926,
            0.4040665626525879,
            0.5653195381164551,
            0.23029398918151855,
            0.4045720100402832,
            0.3942685127258301,
            0.5083682537078857,
            0.283801794052124,
            0.3905470371246338,
            0.349764347076416,
            0.48134756088256836,
            0.24636602401733398,
            0.392789363861084,
            0.3917882442474365,
            0.4841880798339844,
            0.22310829162597656,
            0.40239572525024414,
            0.37906765937805176,
            0.49825501441955566,
            0.28729677200317383,
            0.4061737060546875,
            0.4390902519226074,
            0.5273311138153076,
            0.3095386028289795,
            0.40312957763671875,
            0.41330838203430176,
            0.534423828125,
            0.2487189769744873,
            0.41785478591918945,
            0.3961057662963867,
            0.5170891284942627,
            0.25893354415893555,
            0.4033186435699463,
            0.4041914939880371,
            0.5007140636444092,
            0.2459266185760498,
            0.418426513671875,
            0.4316868782043457,
            0.5117456912994385,
            0.2530336380004883,
            0.41655659675598145,
            0.4149587154388428,
            0.5364522933959961,
            0.22885823249816895,
            0.37529873847961426,
            0.3931548595428467,
            0.5491280555725098,
            0.24480462074279785,
            0.4224886894226074,
            0.42917561531066895,
            0.5171592235565186,
            0.3346896171569824,
            0.421553373336792,
            0.4165024757385254
        ],
        "fit_computation_times": [
            0.01171875,
            0.01241159439086914,
            0.012597084045410156,
            0.011608123779296875,
            0.011155843734741211,
            0.011780023574829102,
            0.011227130889892578,
            0.011415481567382812
        ]
    },
    "elapsed": 62.66171169281006
}