{
    "tensor_name": "uber",
    "sampler": "larsen_kolda_hybrid",
    "R": 100,
    "J": 294912,
    "trial": 1,
    "preprocessing": null,
    "initialization": null,
    "max_iterations": 40,
    "stop_tolerance": 0.0001,
    "tensor_order": 4,
    "trace": {
        "iterations": [
            0,
            5,
            10,
            15,
            20,
            25,
            30,
            35,
            40
        ],
        "fits": [
            -302.66036808486683,
            0.22441591364171043,
            0.23039267087434068,
            0.23233411091059197,
            0.2333212523866055,
            0.23257110044683327,
            0.23498166194697157,
            0.2351657233832739,
            0.23566467278479142
        ],
        "update_times": [
            0.09879255294799805,
            0.12893414497375488,
            0.13930702209472656,
            0.2492845058441162,
            0.31184935569763184,
            0.1596057415008545,
            0.2573530673980713,
            0.25624704360961914,
            0.36220526695251465,
            0.1736772060394287,
            0.26419806480407715,
            0.25308990478515625,
            0.35593485832214355,
            0.20187854766845703,
            0.2594151496887207,
            0.2658662796020508,
            0.375685453414917,
            0.19072413444519043,
            0.2597332000732422,
            0.28270983695983887,
            0.34514927864074707,
            0.15873050689697266,
            0.25635790824890137,
            0.24377679824829102,
            0.3396177291870117,
            0.156019926071167,
            0.24539399147033691,
            0.2412128448486328,
            0.348585844039917,
            0.17445969581604004,
            0.2568061351776123,
            0.2575967311859131,
            0.3395965099334717,
            0.1705615520477295,
            0.25050973892211914,
            0.25415492057800293,
            0.35484862327575684,
            0.2183985710144043,
            0.2604687213897705,
            0.25090622901916504,
            0.3345816135406494,
            0.1829814910888672,
            0.25838184356689453,
            0.25260162353515625,
            0.3564903736114502,
            0.18332791328430176,
            0.2691526412963867,
            0.24785065650939941,
            0.3441290855407715,
            0.19364213943481445,
            0.26952600479125977,
            0.23700475692749023,
            0.34993672370910645,
            0.17906451225280762,
            0.25493621826171875,
            0.24372243881225586,
            0.3259773254394531,
            0.17037582397460938,
            0.2628774642944336,
            0.25872015953063965,
            0.3461627960205078,
            0.17164278030395508,
            0.26691150665283203,
            0.23948121070861816,
            0.3502669334411621,
            0.16154932975769043,
            0.2559089660644531,
            0.25548672676086426,
            0.3525516986846924,
            0.1703953742980957,
            0.2609274387359619,
            0.2532343864440918,
            0.3522977828979492,
            0.18900012969970703,
            0.2620885372161865,
            0.2550532817840576,
            0.3448314666748047,
            0.16965198516845703,
            0.2626917362213135,
            0.2812790870666504,
            0.3393096923828125,
            0.17902684211730957,
            0.273867130279541,
            0.26291608810424805,
            0.3779640197753906,
            0.18506336212158203,
            0.27839136123657227,
            0.27861881256103516,
            0.3670222759246826,
            0.19738221168518066,
            0.27629756927490234,
            0.2632925510406494,
            0.3666045665740967,
            0.19481277465820312,
            0.27906012535095215,
            0.26254987716674805,
            0.38074469566345215,
            0.23438215255737305,
            0.26950740814208984,
            0.26600193977355957,
            0.35272789001464844,
            0.18505144119262695,
            0.2676577568054199,
            0.28029417991638184,
            0.3903388977050781,
            0.19101738929748535,
            0.27538323402404785,
            0.2592048645019531,
            0.36109113693237305,
            0.19303560256958008,
            0.2734222412109375,
            0.26022982597351074,
            0.36313796043395996,
            0.1804370880126953,
            0.2758669853210449,
            0.262376070022583,
            0.3551926612854004,
            0.19604730606079102,
            0.2543294429779053,
            0.24105405807495117,
            0.3216562271118164,
            0.17130208015441895,
            0.2542407512664795,
            0.2377469539642334,
            0.3393514156341553,
            0.18069887161254883,
            0.27444005012512207,
            0.25231480598449707,
            0.3605170249938965,
            0.18466830253601074,
            0.26373720169067383,
            0.26534080505371094,
            0.37726926803588867,
            0.19147872924804688,
            0.2769896984100342,
            0.2758522033691406,
            0.35770726203918457,
            0.2287914752960205,
            0.269075870513916,
            0.26094532012939453,
            0.33794355392456055,
            0.18494606018066406,
            0.2709009647369385,
            0.2588081359863281,
            0.34424662590026855,
            0.18523383140563965,
            0.2567312717437744,
            0.2531263828277588,
            0.3285236358642578,
            0.16950774192810059,
            0.24707651138305664,
            0.25316834449768066,
            0.3494429588317871,
            0.1757526397705078,
            0.2550926208496094,
            0.25081920623779297,
            0.34372878074645996,
            0.16572093963623047,
            0.24643993377685547,
            0.25715017318725586
        ],
        "fit_computation_times": [
            0.009023189544677734,
            0.009340524673461914,
            0.009010791778564453,
            0.009413957595825195,
            0.00903463363647461,
            0.009288549423217773,
            0.009214639663696289,
            0.009241819381713867
        ]
    },
    "elapsed": 41.888251304626465
}