{
    "tensor_name": "uber",
    "sampler": "efficient",
    "R": 75,
    "J": 98304,
    "trial": 3,
    "preprocessing": null,
    "initialization": null,
    "max_iterations": 40,
    "stop_tolerance": 0.0001,
    "tensor_order": 4,
    "trace": {
        "iterations": [
            0,
            5,
            10,
            15,
            20,
            25,
            30,
            35,
            40
        ],
        "fits": [
            -256.44654145801974,
            0.2187704697001429,
            0.22377866980716643,
            0.22667123401684852,
            0.22804153742302458,
            0.22875058861535646,
            0.22921796796998628,
            0.2294810274969431,
            0.22983677224189514
        ],
        "update_times": [
            0.21033024787902832,
            0.21607184410095215,
            0.2096271514892578,
            0.2687971591949463,
            0.2560262680053711,
            0.21767640113830566,
            0.26291847229003906,
            0.27760863304138184,
            0.2904181480407715,
            0.22473812103271484,
            0.2743706703186035,
            0.25597667694091797,
            0.2503933906555176,
            0.2108137607574463,
            0.2797207832336426,
            0.2738490104675293,
            0.24370503425598145,
            0.2252964973449707,
            0.2700526714324951,
            0.27054476737976074,
            0.2344682216644287,
            0.2231440544128418,
            0.269589900970459,
            0.2675659656524658,
            0.23926448822021484,
            0.21934294700622559,
            0.25408244132995605,
            0.26343417167663574,
            0.24121880531311035,
            0.21836423873901367,
            0.2714865207672119,
            0.25723886489868164,
            0.23545289039611816,
            0.2201826572418213,
            0.2566184997558594,
            0.2565584182739258,
            0.24663138389587402,
            0.23200607299804688,
            0.2743697166442871,
            0.25151824951171875,
            0.2372121810913086,
            0.2337486743927002,
            0.2646517753601074,
            0.24846768379211426,
            0.23607206344604492,
            0.22984933853149414,
            0.25810766220092773,
            0.2741868495941162,
            0.24487757682800293,
            0.22603559494018555,
            0.27700328826904297,
            0.2560558319091797,
            0.24374055862426758,
            0.22291350364685059,
            0.2575418949127197,
            0.25591397285461426,
            0.2425837516784668,
            0.2252509593963623,
            0.25649499893188477,
            0.25017523765563965,
            0.23871207237243652,
            0.22565841674804688,
            0.256131649017334,
            0.255049467086792,
            0.24104976654052734,
            0.23158788681030273,
            0.2628464698791504,
            0.2613992691040039,
            0.24544572830200195,
            0.22465038299560547,
            0.2601146697998047,
            0.25832653045654297,
            0.25161123275756836,
            0.2273106575012207,
            0.2579202651977539,
            0.259784460067749,
            0.24326777458190918,
            0.23244094848632812,
            0.2663252353668213,
            0.25496768951416016,
            0.2345442771911621,
            0.22529006004333496,
            0.2583005428314209,
            0.2545206546783447,
            0.24251484870910645,
            0.22771501541137695,
            0.2612781524658203,
            0.252927303314209,
            0.24026727676391602,
            0.2252950668334961,
            0.2693212032318115,
            0.25794267654418945,
            0.2502593994140625,
            0.22774219512939453,
            0.2620658874511719,
            0.24968171119689941,
            0.2544822692871094,
            0.23000121116638184,
            0.266526460647583,
            0.28040409088134766,
            0.2426440715789795,
            0.2200314998626709,
            0.26724910736083984,
            0.2513899803161621,
            0.23315811157226562,
            0.22495770454406738,
            0.2725086212158203,
            0.25225353240966797,
            0.24288725852966309,
            0.2371675968170166,
            0.26852917671203613,
            0.25751614570617676,
            0.2462921142578125,
            0.22465252876281738,
            0.2618236541748047,
            0.26528215408325195,
            0.24877023696899414,
            0.22648167610168457,
            0.2641119956970215,
            0.2562406063079834,
            0.23983430862426758,
            0.22528076171875,
            0.2627730369567871,
            0.25408482551574707,
            0.24078798294067383,
            0.22808456420898438,
            0.271028995513916,
            0.2648351192474365,
            0.24262595176696777,
            0.22165274620056152,
            0.25668811798095703,
            0.25144124031066895,
            0.24179387092590332,
            0.23450064659118652,
            0.26699185371398926,
            0.265423059463501,
            0.2392885684967041,
            0.23727869987487793,
            0.2675442695617676,
            0.25316834449768066,
            0.23320817947387695,
            0.21533894538879395,
            0.2610132694244385,
            0.25027942657470703,
            0.23586416244506836,
            0.21953272819519043,
            0.2627289295196533,
            0.25409746170043945,
            0.2371840476989746,
            0.2171158790588379,
            0.25599002838134766,
            0.24967503547668457,
            0.23057818412780762,
            0.21992182731628418,
            0.2622652053833008,
            0.256633996963501,
            0.23961710929870605,
            0.22046494483947754,
            0.26082849502563477,
            0.2604706287384033
        ],
        "fit_computation_times": [
            0.00638127326965332,
            0.005854368209838867,
            0.006353855133056641,
            0.006495952606201172,
            0.0073089599609375,
            0.00622105598449707,
            0.005806446075439453,
            0.0064160823822021484
        ]
    },
    "elapsed": 39.61939454078674
}