{
    "tensor_name": "uber",
    "sampler": "larsen_kolda_hybrid",
    "R": 100,
    "J": 131072,
    "trial": 3,
    "preprocessing": null,
    "initialization": null,
    "max_iterations": 40,
    "stop_tolerance": 0.0001,
    "tensor_order": 4,
    "trace": {
        "iterations": [
            0,
            5,
            10,
            15,
            20,
            25,
            30,
            35,
            40
        ],
        "fits": [
            -292.72294990515815,
            0.21791541013221682,
            0.22346441485877278,
            0.22339331515269056,
            0.22464623566901276,
            0.2246329646852474,
            0.2272762663851301,
            0.22414033594793847,
            0.22776986199249571
        ],
        "update_times": [
            0.05404925346374512,
            0.07393860816955566,
            0.10582947731018066,
            0.1396777629852295,
            0.15869617462158203,
            0.08700275421142578,
            0.15329909324645996,
            0.16220355033874512,
            0.16785597801208496,
            0.0826728343963623,
            0.17027521133422852,
            0.15362834930419922,
            0.16890573501586914,
            0.09826397895812988,
            0.15321612358093262,
            0.16960430145263672,
            0.19104313850402832,
            0.10814952850341797,
            0.16751742362976074,
            0.15540003776550293,
            0.16612744331359863,
            0.0869286060333252,
            0.15540766716003418,
            0.15015769004821777,
            0.16996097564697266,
            0.08457255363464355,
            0.156052827835083,
            0.15256118774414062,
            0.17072296142578125,
            0.08551883697509766,
            0.15180158615112305,
            0.1535954475402832,
            0.17253470420837402,
            0.0859370231628418,
            0.1560213565826416,
            0.15115666389465332,
            0.16895151138305664,
            0.09848546981811523,
            0.16322088241577148,
            0.15111041069030762,
            0.17147302627563477,
            0.08065152168273926,
            0.1478135585784912,
            0.15172386169433594,
            0.16643047332763672,
            0.07970714569091797,
            0.15235376358032227,
            0.14330148696899414,
            0.16874051094055176,
            0.08209919929504395,
            0.1434459686279297,
            0.14549875259399414,
            0.1706082820892334,
            0.07889318466186523,
            0.147125244140625,
            0.14446163177490234,
            0.1771390438079834,
            0.08495926856994629,
            0.14733266830444336,
            0.1442885398864746,
            0.18427610397338867,
            0.08498311042785645,
            0.15286612510681152,
            0.21178102493286133,
            0.20725464820861816,
            0.0864865779876709,
            0.15316057205200195,
            0.3282933235168457,
            0.2156538963317871,
            0.08809876441955566,
            0.1523723602294922,
            0.15082073211669922,
            0.17748785018920898,
            0.08979678153991699,
            0.15731287002563477,
            0.14959239959716797,
            0.1793992519378662,
            0.09067773818969727,
            0.15856623649597168,
            0.14724159240722656,
            0.1626572608947754,
            0.08693385124206543,
            0.16753172874450684,
            0.15709257125854492,
            0.17865610122680664,
            0.08718442916870117,
            0.15042853355407715,
            0.1516578197479248,
            0.21370697021484375,
            0.08205056190490723,
            0.14861083030700684,
            0.25205039978027344,
            0.17831969261169434,
            0.08873462677001953,
            0.160614013671875,
            0.1516859531402588,
            0.18671703338623047,
            0.09906840324401855,
            0.1622915267944336,
            0.14472365379333496,
            0.16433024406433105,
            0.08871126174926758,
            0.15320849418640137,
            0.1462690830230713,
            0.16138434410095215,
            0.0831298828125,
            0.14889049530029297,
            0.14898109436035156,
            0.17185115814208984,
            0.08458352088928223,
            0.14891982078552246,
            0.15836310386657715,
            0.1660604476928711,
            0.0841531753540039,
            0.15002036094665527,
            0.14329910278320312,
            0.17529869079589844,
            0.0857994556427002,
            0.14876222610473633,
            0.14835500717163086,
            0.1618344783782959,
            0.0838308334350586,
            0.15183663368225098,
            0.14814281463623047,
            0.17745351791381836,
            0.08126616477966309,
            0.1643221378326416,
            0.14812827110290527,
            0.1602647304534912,
            0.08136105537414551,
            0.1544628143310547,
            0.15401005744934082,
            0.16434240341186523,
            0.08417344093322754,
            0.15221071243286133,
            0.1502065658569336,
            0.17382550239562988,
            0.07955217361450195,
            0.15047764778137207,
            0.1432499885559082,
            0.1800389289855957,
            0.08748555183410645,
            0.14333009719848633,
            0.14101791381835938,
            0.16907882690429688,
            0.0771338939666748,
            0.15491819381713867,
            0.13770341873168945,
            0.16913628578186035,
            0.08167409896850586,
            0.14403676986694336,
            0.13904356956481934,
            0.16676974296569824,
            0.09405279159545898,
            0.16882967948913574,
            0.16370511054992676,
            0.18068838119506836,
            0.09409451484680176,
            0.16385746002197266,
            0.1506211757659912
        ],
        "fit_computation_times": [
            0.009646415710449219,
            0.009879589080810547,
            0.011413812637329102,
            0.01192784309387207,
            0.009151458740234375,
            0.011417627334594727,
            0.011208057403564453,
            0.011376619338989258
        ]
    },
    "elapsed": 22.918551445007324
}