{
    "tensor_name": "uber",
    "sampler": "larsen_kolda_hybrid",
    "R": 125,
    "J": 393216,
    "trial": 3,
    "preprocessing": null,
    "initialization": null,
    "max_iterations": 40,
    "stop_tolerance": 0.0001,
    "tensor_order": 4,
    "trace": {
        "iterations": [
            0,
            5,
            10,
            15,
            20,
            25,
            30,
            35,
            40
        ],
        "fits": [
            -333.60362820763623,
            0.23176319742199958,
            0.23674186840269607,
            0.23960031335344123,
            0.24008282651547996,
            0.24094650018047192,
            0.2406876667803889,
            0.24151145600958224,
            0.24182215603332946
        ],
        "update_times": [
            0.19202303886413574,
            0.14453458786010742,
            0.18091225624084473,
            0.32317161560058594,
            0.38139867782592773,
            0.26200222969055176,
            0.3618755340576172,
            0.3987419605255127,
            0.48401689529418945,
            0.25472068786621094,
            0.35400962829589844,
            0.39841747283935547,
            0.448807954788208,
            0.2550015449523926,
            0.37893199920654297,
            0.4005165100097656,
            0.5055348873138428,
            0.25258588790893555,
            0.3796529769897461,
            0.4027557373046875,
            0.4950871467590332,
            0.21990203857421875,
            0.3565967082977295,
            0.3754005432128906,
            0.49929141998291016,
            0.2237837314605713,
            0.35864949226379395,
            0.37424254417419434,
            0.49951910972595215,
            0.2319042682647705,
            0.36716675758361816,
            0.37267637252807617,
            0.49364519119262695,
            0.23019647598266602,
            0.36324429512023926,
            0.3586549758911133,
            0.4659106731414795,
            0.2348041534423828,
            0.36773085594177246,
            0.41309189796447754,
            0.48275160789489746,
            0.2767817974090576,
            0.35967040061950684,
            0.3549470901489258,
            0.5264420509338379,
            0.22470617294311523,
            0.3644716739654541,
            0.3619396686553955,
            0.5274491310119629,
            0.22959232330322266,
            0.3518064022064209,
            0.34967947006225586,
            0.5108635425567627,
            0.23380589485168457,
            0.36604952812194824,
            0.37827110290527344,
            0.5051217079162598,
            0.25514674186706543,
            0.37191128730773926,
            0.3759174346923828,
            0.47757673263549805,
            0.2346515655517578,
            0.3617839813232422,
            0.3791191577911377,
            0.5215463638305664,
            0.28850221633911133,
            0.3502802848815918,
            0.3938448429107666,
            0.511512041091919,
            0.24212217330932617,
            0.3828914165496826,
            0.3750154972076416,
            0.5388727188110352,
            0.24627137184143066,
            0.38011717796325684,
            0.373884916305542,
            0.5490963459014893,
            0.23032331466674805,
            0.36012697219848633,
            0.35361456871032715,
            0.5065531730651855,
            0.22693610191345215,
            0.37854766845703125,
            0.364520788192749,
            0.5168919563293457,
            0.2861051559448242,
            0.40527963638305664,
            0.41338253021240234,
            0.5702743530273438,
            0.2774178981781006,
            0.37714099884033203,
            0.40306878089904785,
            0.48145294189453125,
            0.2434217929840088,
            0.34239768981933594,
            0.361098051071167,
            0.5157201290130615,
            0.22805547714233398,
            0.36992311477661133,
            0.4134078025817871,
            0.49639463424682617,
            0.22892045974731445,
            0.367948055267334,
            0.4146697521209717,
            0.5534272193908691,
            0.24702239036560059,
            0.40047359466552734,
            0.3934659957885742,
            0.5400888919830322,
            0.22604751586914062,
            0.3712127208709717,
            0.3844742774963379,
            0.5350284576416016,
            0.36156344413757324,
            0.393695592880249,
            0.38998937606811523,
            0.5775415897369385,
            0.24664950370788574,
            0.35951709747314453,
            0.4021952152252197,
            0.5049233436584473,
            0.23105144500732422,
            0.3710453510284424,
            0.35488104820251465,
            0.4912850856781006,
            0.2578589916229248,
            0.38678956031799316,
            0.37514567375183105,
            0.5120980739593506,
            0.23238563537597656,
            0.37525391578674316,
            0.41123127937316895,
            0.5488154888153076,
            0.25988245010375977,
            0.3825817108154297,
            0.3667638301849365,
            0.5163404941558838,
            0.2487034797668457,
            0.36464667320251465,
            0.37866759300231934,
            0.48175597190856934,
            0.24010229110717773,
            0.384052038192749,
            0.3734581470489502,
            0.5119833946228027,
            0.25652599334716797,
            0.39807987213134766,
            0.38822364807128906,
            0.5268094539642334,
            0.2353348731994629,
            0.3820760250091553,
            0.36878371238708496,
            0.5068345069885254,
            0.25354719161987305,
            0.4292471408843994,
            0.37314462661743164,
            0.4952731132507324,
            0.22045278549194336,
            0.3505420684814453,
            0.3628411293029785
        ],
        "fit_computation_times": [
            0.010894775390625,
            0.010924339294433594,
            0.011701107025146484,
            0.010840892791748047,
            0.011022806167602539,
            0.010541915893554688,
            0.011109590530395508,
            0.010876655578613281
        ]
    },
    "elapsed": 59.84122896194458
}