{
    "tensor_name": "uber",
    "sampler": "larsen_kolda_hybrid",
    "R": 25,
    "J": 294912,
    "trial": 1,
    "preprocessing": null,
    "initialization": null,
    "max_iterations": 40,
    "stop_tolerance": 0.0001,
    "tensor_order": 4,
    "trace": {
        "iterations": [
            0,
            5,
            10,
            15,
            20,
            25,
            30,
            35,
            40
        ],
        "fits": [
            -144.83223603131114,
            0.18047162456932797,
            0.1841456459898133,
            0.1854572228320822,
            0.18629948339901803,
            0.18719024347907975,
            0.187973444317174,
            0.18837510890146902,
            0.18858051361417183
        ],
        "update_times": [
            0.03707695007324219,
            0.04565739631652832,
            0.04948544502258301,
            0.10011482238769531,
            0.1382455825805664,
            0.1160120964050293,
            0.1080319881439209,
            0.11575508117675781,
            0.13101840019226074,
            0.23547053337097168,
            0.10884404182434082,
            0.1108555793762207,
            0.12153816223144531,
            0.1366415023803711,
            0.10874128341674805,
            0.11595702171325684,
            0.13152647018432617,
            0.1100168228149414,
            0.11009955406188965,
            0.11393308639526367,
            0.14461827278137207,
            0.1330409049987793,
            0.11444640159606934,
            0.1140749454498291,
            0.15165472030639648,
            0.14560270309448242,
            0.1163477897644043,
            0.10099458694458008,
            0.13328170776367188,
            0.09862756729125977,
            0.1131899356842041,
            0.10796761512756348,
            0.13663887977600098,
            0.20935344696044922,
            0.12543511390686035,
            0.10644197463989258,
            0.13593506813049316,
            0.15044045448303223,
            0.11463189125061035,
            0.1272885799407959,
            0.13202667236328125,
            0.08796048164367676,
            0.10778331756591797,
            0.1000058650970459,
            0.1339867115020752,
            0.10139322280883789,
            0.10830378532409668,
            0.1042487621307373,
            0.12444114685058594,
            0.09074115753173828,
            0.11469841003417969,
            0.10692834854125977,
            0.1295158863067627,
            0.09380531311035156,
            0.11261892318725586,
            0.11234307289123535,
            0.12843585014343262,
            0.09565567970275879,
            0.11579632759094238,
            0.10989260673522949,
            0.12349557876586914,
            0.09242892265319824,
            0.12624597549438477,
            0.10479903221130371,
            0.12206315994262695,
            0.0871579647064209,
            0.12178850173950195,
            0.10791802406311035,
            0.12822341918945312,
            0.08762383460998535,
            0.11112213134765625,
            0.10164833068847656,
            0.13367056846618652,
            0.09470248222351074,
            0.11825680732727051,
            0.15546131134033203,
            0.1357097625732422,
            0.2039659023284912,
            0.11630868911743164,
            0.1314539909362793,
            0.15544486045837402,
            0.1628117561340332,
            0.11899471282958984,
            0.17696881294250488,
            0.229628324508667,
            0.09050464630126953,
            0.10778427124023438,
            0.11639761924743652,
            0.15195107460021973,
            0.0879514217376709,
            0.1142117977142334,
            0.13579678535461426,
            0.1449723243713379,
            0.08866047859191895,
            0.10881996154785156,
            0.11745381355285645,
            0.13031792640686035,
            0.09320902824401855,
            0.1119537353515625,
            0.13446450233459473,
            0.13495516777038574,
            0.10211706161499023,
            0.11253738403320312,
            0.11030721664428711,
            0.12397122383117676,
            0.09082555770874023,
            0.14392662048339844,
            0.11914753913879395,
            0.13573670387268066,
            0.09415411949157715,
            0.11617040634155273,
            0.11294078826904297,
            0.140974760055542,
            0.11026716232299805,
            0.12082195281982422,
            0.18435120582580566,
            0.1903374195098877,
            0.20075416564941406,
            0.11836600303649902,
            0.16977643966674805,
            0.12637639045715332,
            0.08788394927978516,
            0.11272644996643066,
            0.1081244945526123,
            0.13229775428771973,
            0.09293222427368164,
            0.121002197265625,
            0.14055085182189941,
            0.1582944393157959,
            0.1119990348815918,
            0.12207484245300293,
            0.1292576789855957,
            0.12386369705200195,
            0.09437346458435059,
            0.11460208892822266,
            0.1045370101928711,
            0.14292454719543457,
            0.22296404838562012,
            0.11650657653808594,
            0.13787841796875,
            0.2006075382232666,
            0.1663672924041748,
            0.11805987358093262,
            0.1362144947052002,
            0.1797621250152588,
            0.2052140235900879,
            0.11671566963195801,
            0.219252347946167,
            0.17954587936401367,
            0.21855783462524414,
            0.1268770694732666,
            0.13259530067443848,
            0.12428927421569824,
            0.08786678314208984,
            0.13370513916015625,
            0.1409895420074463,
            0.13282442092895508,
            0.0917353630065918,
            0.1116485595703125,
            0.10013866424560547
        ],
        "fit_computation_times": [
            0.006692171096801758,
            0.0070455074310302734,
            0.006989717483520508,
            0.007334470748901367,
            0.007616281509399414,
            0.00721430778503418,
            0.007468223571777344,
            0.0072154998779296875
        ]
    },
    "elapsed": 20.139378309249878
}