{
    "tensor_name": "uber",
    "sampler": "larsen_kolda_hybrid",
    "R": 100,
    "J": 425984,
    "trial": 3,
    "preprocessing": null,
    "initialization": null,
    "max_iterations": 40,
    "stop_tolerance": 0.0001,
    "tensor_order": 4,
    "trace": {
        "iterations": [
            0,
            5,
            10,
            15,
            20,
            25,
            30,
            35,
            40
        ],
        "fits": [
            -293.4086804809736,
            0.2269549492688855,
            0.23234473188992644,
            0.23497618929643938,
            0.23613228091485072,
            0.23691801534487567,
            0.2371557344833578,
            0.23711778516983728,
            0.23800200001881466
        ],
        "update_times": [
            0.13812541961669922,
            0.13622808456420898,
            0.19519805908203125,
            0.33754706382751465,
            0.4840431213378906,
            0.22977566719055176,
            0.39758992195129395,
            0.37752413749694824,
            0.46617794036865234,
            0.2123250961303711,
            0.3965330123901367,
            0.40896129608154297,
            0.46439385414123535,
            0.21149349212646484,
            0.38109493255615234,
            0.383868932723999,
            0.45352816581726074,
            0.2337632179260254,
            0.3782355785369873,
            0.39900875091552734,
            0.432361364364624,
            0.2563047409057617,
            0.4102165699005127,
            0.37322235107421875,
            0.45591139793395996,
            0.1965036392211914,
            0.37118983268737793,
            0.3903188705444336,
            0.43614745140075684,
            0.1934068202972412,
            0.3902754783630371,
            0.35465240478515625,
            0.41695713996887207,
            0.20266222953796387,
            0.3962233066558838,
            0.3719799518585205,
            0.4379158020019531,
            0.19608306884765625,
            0.38698792457580566,
            0.3917815685272217,
            0.3777039051055908,
            0.2117481231689453,
            0.4231300354003906,
            0.3974604606628418,
            0.43300747871398926,
            0.21283316612243652,
            0.4151277542114258,
            0.3809642791748047,
            0.46598339080810547,
            0.2160797119140625,
            0.40594911575317383,
            0.3942067623138428,
            0.4348905086517334,
            0.2321641445159912,
            0.44168806076049805,
            0.38987207412719727,
            0.47362542152404785,
            0.23556804656982422,
            0.40340399742126465,
            0.3700137138366699,
            0.4130589962005615,
            0.2043004035949707,
            0.36997509002685547,
            0.36749935150146484,
            0.4051699638366699,
            0.20368361473083496,
            0.4195675849914551,
            0.39763736724853516,
            0.41559624671936035,
            0.20153594017028809,
            0.3769044876098633,
            0.39038681983947754,
            0.45999622344970703,
            0.2001638412475586,
            0.34699177742004395,
            0.39105772972106934,
            0.4922041893005371,
            0.20816946029663086,
            0.35550427436828613,
            0.36429286003112793,
            0.4095804691314697,
            0.19057488441467285,
            0.4075748920440674,
            0.3776130676269531,
            0.4838681221008301,
            0.2153468132019043,
            0.4184701442718506,
            0.37023425102233887,
            0.4600834846496582,
            0.20733189582824707,
            0.39835572242736816,
            0.37004518508911133,
            0.4672849178314209,
            0.23196649551391602,
            0.44159913063049316,
            0.3961155414581299,
            0.4748246669769287,
            0.21378755569458008,
            0.38363194465637207,
            0.3950986862182617,
            0.46798229217529297,
            0.2127971649169922,
            0.4066653251647949,
            0.4044210910797119,
            0.4986405372619629,
            0.20458197593688965,
            0.3992431163787842,
            0.35975170135498047,
            0.4661886692047119,
            0.2241220474243164,
            0.4175887107849121,
            0.4153561592102051,
            0.4643411636352539,
            0.21826720237731934,
            0.4137592315673828,
            0.3906283378601074,
            0.49878907203674316,
            0.20098638534545898,
            0.42821216583251953,
            0.4151480197906494,
            0.4526817798614502,
            0.2079179286956787,
            0.4118986129760742,
            0.3887345790863037,
            0.47708845138549805,
            0.23251938819885254,
            0.4394562244415283,
            0.4048445224761963,
            0.46683549880981445,
            0.20100164413452148,
            0.40754032135009766,
            0.35898375511169434,
            0.4709205627441406,
            0.19819402694702148,
            0.4154529571533203,
            0.38903093338012695,
            0.46099400520324707,
            0.2026381492614746,
            0.4240696430206299,
            0.38215065002441406,
            0.4444863796234131,
            0.18797993659973145,
            0.37737011909484863,
            0.38669276237487793,
            0.4454195499420166,
            0.19663023948669434,
            0.4029045104980469,
            0.38491368293762207,
            0.49614500999450684,
            0.2218770980834961,
            0.41742467880249023,
            0.38058972358703613,
            0.4550588130950928,
            0.26476097106933594,
            0.41860389709472656,
            0.38892674446105957,
            0.43404340744018555,
            0.19675326347351074,
            0.41655945777893066,
            0.3645510673522949
        ],
        "fit_computation_times": [
            0.010147333145141602,
            0.012132644653320312,
            0.010506629943847656,
            0.009143590927124023,
            0.01032114028930664,
            0.009927988052368164,
            0.009470462799072266,
            0.009851932525634766
        ]
    },
    "elapsed": 57.669358015060425
}