{
    "tensor_name": "uber",
    "sampler": "larsen_kolda_hybrid",
    "R": 75,
    "J": 131072,
    "trial": 0,
    "preprocessing": null,
    "initialization": null,
    "max_iterations": 40,
    "stop_tolerance": 0.0001,
    "tensor_order": 4,
    "trace": {
        "iterations": [
            0,
            5,
            10,
            15,
            20,
            25,
            30,
            35,
            40
        ],
        "fits": [
            -257.41186774050675,
            0.21440638920905974,
            0.21748644922042004,
            0.22076258727473708,
            0.22145259337596424,
            0.22383541009762475,
            0.2232151158396959,
            0.2249145284608116,
            0.22448115075689912
        ],
        "update_times": [
            0.04620981216430664,
            0.06218600273132324,
            0.07113885879516602,
            0.10760831832885742,
            0.1328144073486328,
            0.07106614112854004,
            0.1182405948638916,
            0.11358809471130371,
            0.14760470390319824,
            0.07655501365661621,
            0.12050223350524902,
            0.11312127113342285,
            0.1529223918914795,
            0.08048009872436523,
            0.11517834663391113,
            0.10883545875549316,
            0.1380326747894287,
            0.07309627532958984,
            0.11436176300048828,
            0.10779476165771484,
            0.14571809768676758,
            0.08163166046142578,
            0.12091541290283203,
            0.11436867713928223,
            0.1474776268005371,
            0.08516192436218262,
            0.12047243118286133,
            0.11546897888183594,
            0.14921212196350098,
            0.08080220222473145,
            0.12090039253234863,
            0.11499571800231934,
            0.15536975860595703,
            0.07997012138366699,
            0.1279001235961914,
            0.11503195762634277,
            0.15667438507080078,
            0.08167624473571777,
            0.12352752685546875,
            0.11303424835205078,
            0.14615082740783691,
            0.07822370529174805,
            0.12134289741516113,
            0.11208915710449219,
            0.1511082649230957,
            0.08190345764160156,
            0.12088298797607422,
            0.11267280578613281,
            0.15268230438232422,
            0.07165169715881348,
            0.11590576171875,
            0.10734677314758301,
            0.1381986141204834,
            0.06973075866699219,
            0.11582207679748535,
            0.10881710052490234,
            0.13620424270629883,
            0.0705726146697998,
            0.11528587341308594,
            0.10889387130737305,
            0.13677668571472168,
            0.07011222839355469,
            0.11345386505126953,
            0.10632061958312988,
            0.15523433685302734,
            0.08080101013183594,
            0.1178438663482666,
            0.1160273551940918,
            0.14640522003173828,
            0.07813572883605957,
            0.11608195304870605,
            0.10816836357116699,
            0.14606070518493652,
            0.07644796371459961,
            0.11768078804016113,
            0.11093616485595703,
            0.1500411033630371,
            0.07134175300598145,
            0.1172170639038086,
            0.11393976211547852,
            0.14803767204284668,
            0.08482193946838379,
            0.1209266185760498,
            0.11532378196716309,
            0.14830803871154785,
            0.08094215393066406,
            0.12650370597839355,
            0.12328076362609863,
            0.1494147777557373,
            0.07691025733947754,
            0.12392020225524902,
            0.10816121101379395,
            0.1421051025390625,
            0.0687706470489502,
            0.11376523971557617,
            0.10786795616149902,
            0.13673114776611328,
            0.06971454620361328,
            0.11386561393737793,
            0.10689353942871094,
            0.1382589340209961,
            0.07129693031311035,
            0.11351275444030762,
            0.10613083839416504,
            0.1436171531677246,
            0.06974029541015625,
            0.11403942108154297,
            0.1095113754272461,
            0.14574885368347168,
            0.0847468376159668,
            0.12360620498657227,
            0.11354994773864746,
            0.1466836929321289,
            0.0791168212890625,
            0.12360262870788574,
            0.11688971519470215,
            0.14328289031982422,
            0.0804288387298584,
            0.12678766250610352,
            0.11514592170715332,
            0.15593743324279785,
            0.08386611938476562,
            0.11614680290222168,
            0.10720086097717285,
            0.14753079414367676,
            0.07241415977478027,
            0.11654019355773926,
            0.12010431289672852,
            0.14481329917907715,
            0.0716559886932373,
            0.11711740493774414,
            0.1089487075805664,
            0.14218425750732422,
            0.08000969886779785,
            0.12485980987548828,
            0.10710024833679199,
            0.1446385383605957,
            0.07181906700134277,
            0.11799025535583496,
            0.10787606239318848,
            0.1433870792388916,
            0.08009076118469238,
            0.12117433547973633,
            0.11406946182250977,
            0.15047836303710938,
            0.08020257949829102,
            0.12187647819519043,
            0.11406493186950684,
            0.14432263374328613,
            0.08150196075439453,
            0.12719964981079102,
            0.1135721206665039,
            0.15119218826293945,
            0.08046507835388184,
            0.12132382392883301,
            0.11307263374328613,
            0.15286588668823242,
            0.07965302467346191,
            0.12145376205444336,
            0.11383867263793945
        ],
        "fit_computation_times": [
            0.008374929428100586,
            0.008285284042358398,
            0.008381366729736328,
            0.008037567138671875,
            0.008058547973632812,
            0.008019447326660156,
            0.008201360702514648,
            0.008482217788696289
        ]
    },
    "elapsed": 18.117146015167236
}