{
    "tensor_name": "uber",
    "sampler": "larsen_kolda_hybrid",
    "R": 50,
    "J": 163840,
    "trial": 0,
    "preprocessing": null,
    "initialization": null,
    "max_iterations": 40,
    "stop_tolerance": 0.0001,
    "tensor_order": 4,
    "trace": {
        "iterations": [
            0,
            5,
            10,
            15,
            20,
            25,
            30,
            35,
            40
        ],
        "fits": [
            -209.56384869015807,
            0.20346085216134913,
            0.20824449398334477,
            0.21009578765904513,
            0.21161535192042646,
            0.21323014314848288,
            0.2140290666192871,
            0.21453262827732,
            0.2148078423234816
        ],
        "update_times": [
            0.0389554500579834,
            0.05132412910461426,
            0.06475019454956055,
            0.1038968563079834,
            0.14206290245056152,
            0.06651616096496582,
            0.11803627014160156,
            0.09607744216918945,
            0.1461503505706787,
            0.07056617736816406,
            0.12153387069702148,
            0.10324239730834961,
            0.14914989471435547,
            0.07653307914733887,
            0.11536478996276855,
            0.0984044075012207,
            0.14680266380310059,
            0.07867050170898438,
            0.1197512149810791,
            0.1014246940612793,
            0.14707493782043457,
            0.07328367233276367,
            0.12256336212158203,
            0.10107636451721191,
            0.14803171157836914,
            0.07079911231994629,
            0.11938595771789551,
            0.10010385513305664,
            0.14258289337158203,
            0.06443452835083008,
            0.10235166549682617,
            0.10584187507629395,
            0.15060043334960938,
            0.06978034973144531,
            0.1048133373260498,
            0.0956563949584961,
            0.1439073085784912,
            0.06957125663757324,
            0.10504937171936035,
            0.11362338066101074,
            0.14156103134155273,
            0.06600737571716309,
            0.10416388511657715,
            0.11260628700256348,
            0.14210152626037598,
            0.06819272041320801,
            0.1198725700378418,
            0.10143280029296875,
            0.14315104484558105,
            0.0670623779296875,
            0.10816788673400879,
            0.0953223705291748,
            0.14334583282470703,
            0.07651281356811523,
            0.1062161922454834,
            0.10959315299987793,
            0.17513298988342285,
            0.07145261764526367,
            0.11779022216796875,
            0.09761381149291992,
            0.1551189422607422,
            0.06348180770874023,
            0.10217022895812988,
            0.1274409294128418,
            0.18190360069274902,
            0.1323843002319336,
            0.10381889343261719,
            0.0988459587097168,
            0.1344001293182373,
            0.06930184364318848,
            0.10294294357299805,
            0.09280967712402344,
            0.1396338939666748,
            0.07495903968811035,
            0.10574507713317871,
            0.09761548042297363,
            0.13951802253723145,
            0.07585549354553223,
            0.12145423889160156,
            0.12701869010925293,
            0.1683199405670166,
            0.07477164268493652,
            0.12223458290100098,
            0.10957813262939453,
            0.14168214797973633,
            0.07204890251159668,
            0.10608696937561035,
            0.09856057167053223,
            0.13945722579956055,
            0.0684659481048584,
            0.11415529251098633,
            0.10074496269226074,
            0.14132237434387207,
            0.07066059112548828,
            0.11315321922302246,
            0.0972135066986084,
            0.14263319969177246,
            0.07118773460388184,
            0.13722753524780273,
            0.10953021049499512,
            0.14482355117797852,
            0.08416342735290527,
            0.11007356643676758,
            0.1120753288269043,
            0.14958691596984863,
            0.07221055030822754,
            0.11974382400512695,
            0.15300369262695312,
            0.15579533576965332,
            0.0816805362701416,
            0.10331082344055176,
            0.11705207824707031,
            0.14642000198364258,
            0.0796968936920166,
            0.10351037979125977,
            0.10147500038146973,
            0.1455080509185791,
            0.09690332412719727,
            0.11362075805664062,
            0.11465072631835938,
            0.13853001594543457,
            0.06309008598327637,
            0.10316777229309082,
            0.10171699523925781,
            0.14931464195251465,
            0.06568145751953125,
            0.11061954498291016,
            0.1131429672241211,
            0.1628715991973877,
            0.07418537139892578,
            0.1217813491821289,
            0.10112762451171875,
            0.138230562210083,
            0.06810927391052246,
            0.1106269359588623,
            0.09557604789733887,
            0.13811850547790527,
            0.0634303092956543,
            0.12676429748535156,
            0.1171102523803711,
            0.1995527744293213,
            0.09063863754272461,
            0.11042976379394531,
            0.16234540939331055,
            0.2005767822265625,
            0.09042239189147949,
            0.1103217601776123,
            0.12975192070007324,
            0.277451753616333,
            0.07386231422424316,
            0.1089181900024414,
            0.1582798957824707,
            0.17518186569213867,
            0.08938717842102051,
            0.1091611385345459,
            0.15678000450134277,
            0.15997910499572754,
            0.07684206962585449,
            0.10962224006652832,
            0.11504340171813965
        ],
        "fit_computation_times": [
            0.00795602798461914,
            0.008541345596313477,
            0.007929325103759766,
            0.007991552352905273,
            0.008046865463256836,
            0.007972478866577148,
            0.008383750915527344,
            0.008117437362670898
        ]
    },
    "elapsed": 18.03064775466919
}