{
    "tensor_name": "uber",
    "sampler": "larsen_kolda_hybrid",
    "R": 25,
    "J": 262144,
    "trial": 3,
    "preprocessing": null,
    "initialization": null,
    "max_iterations": 40,
    "stop_tolerance": 0.0001,
    "tensor_order": 4,
    "trace": {
        "iterations": [
            0,
            5,
            10,
            15,
            20,
            25,
            30,
            35,
            40
        ],
        "fits": [
            -145.16194147916897,
            0.18047112261417453,
            0.18547948732430397,
            0.18682814342215037,
            0.18740916957103815,
            0.1879602872014694,
            0.18846149185822747,
            0.18891960117543816,
            0.18924051081504867
        ],
        "update_times": [
            0.04536271095275879,
            0.04274153709411621,
            0.04327726364135742,
            0.07589173316955566,
            0.11066031455993652,
            0.06512165069580078,
            0.08968544006347656,
            0.08009767532348633,
            0.10677909851074219,
            0.06990694999694824,
            0.09155035018920898,
            0.08025264739990234,
            0.10730624198913574,
            0.0681769847869873,
            0.10232377052307129,
            0.08636212348937988,
            0.1067204475402832,
            0.0791940689086914,
            0.09292316436767578,
            0.08214306831359863,
            0.10286593437194824,
            0.0696878433227539,
            0.0922849178314209,
            0.08298802375793457,
            0.10452151298522949,
            0.07096314430236816,
            0.09124875068664551,
            0.08767580986022949,
            0.11426973342895508,
            0.07757806777954102,
            0.1041407585144043,
            0.09124755859375,
            0.11194634437561035,
            0.07384228706359863,
            0.11572074890136719,
            0.09812307357788086,
            0.10432934761047363,
            0.06952071189880371,
            0.09170341491699219,
            0.08885383605957031,
            0.10396575927734375,
            0.06978940963745117,
            0.09695196151733398,
            0.08224868774414062,
            0.1027534008026123,
            0.07559418678283691,
            0.1211245059967041,
            0.0952138900756836,
            0.10660982131958008,
            0.0693659782409668,
            0.09140920639038086,
            0.07965517044067383,
            0.10230660438537598,
            0.06777572631835938,
            0.09034371376037598,
            0.08121776580810547,
            0.10325241088867188,
            0.06823229789733887,
            0.09839534759521484,
            0.09113144874572754,
            0.10362052917480469,
            0.07246899604797363,
            0.09729194641113281,
            0.08470296859741211,
            0.1056978702545166,
            0.08081626892089844,
            0.09711694717407227,
            0.08605718612670898,
            0.10529184341430664,
            0.10026431083679199,
            0.10115385055541992,
            0.09352898597717285,
            0.10571074485778809,
            0.07244420051574707,
            0.09535479545593262,
            0.08958101272583008,
            0.11196565628051758,
            0.07818412780761719,
            0.11935758590698242,
            0.09025788307189941,
            0.11647367477416992,
            0.08025836944580078,
            0.0960536003112793,
            0.10752511024475098,
            0.1024179458618164,
            0.07168841361999512,
            0.09801411628723145,
            0.08725953102111816,
            0.10247230529785156,
            0.07132315635681152,
            0.10413932800292969,
            0.08627772331237793,
            0.10423660278320312,
            0.06961369514465332,
            0.11483526229858398,
            0.08816194534301758,
            0.1066744327545166,
            0.0764620304107666,
            0.10152626037597656,
            0.09099364280700684,
            0.10634899139404297,
            0.07252025604248047,
            0.10009884834289551,
            0.08640813827514648,
            0.10624432563781738,
            0.07465052604675293,
            0.09596705436706543,
            0.0875856876373291,
            0.10507678985595703,
            0.07462644577026367,
            0.09992623329162598,
            0.08869338035583496,
            0.10512971878051758,
            0.07492208480834961,
            0.10205721855163574,
            0.08663201332092285,
            0.1050558090209961,
            0.0756978988647461,
            0.09624934196472168,
            0.08488774299621582,
            0.10203099250793457,
            0.08589339256286621,
            0.09268403053283691,
            0.08386874198913574,
            0.10391712188720703,
            0.07676315307617188,
            0.09434127807617188,
            0.08538222312927246,
            0.11234354972839355,
            0.07511281967163086,
            0.09083008766174316,
            0.08478021621704102,
            0.10674738883972168,
            0.08307266235351562,
            0.1073453426361084,
            0.08880805969238281,
            0.10628271102905273,
            0.0704658031463623,
            0.09426760673522949,
            0.11016464233398438,
            0.10390257835388184,
            0.06978797912597656,
            0.0912621021270752,
            0.08327031135559082,
            0.10393190383911133,
            0.07655858993530273,
            0.10104703903198242,
            0.08980751037597656,
            0.10518240928649902,
            0.07443046569824219,
            0.0975196361541748,
            0.08999323844909668,
            0.10649776458740234,
            0.07805633544921875,
            0.09990334510803223,
            0.09214329719543457,
            0.10556650161743164,
            0.0744481086730957,
            0.09814023971557617,
            0.09129643440246582
        ],
        "fit_computation_times": [
            0.006825923919677734,
            0.006969928741455078,
            0.006709575653076172,
            0.0069501399993896484,
            0.006920814514160156,
            0.006823539733886719,
            0.008338689804077148,
            0.007052421569824219
        ]
    },
    "elapsed": 14.70451021194458
}