{
    "tensor_name": "uber",
    "sampler": "efficient",
    "R": 100,
    "J": 65536,
    "trial": 1,
    "preprocessing": null,
    "initialization": null,
    "max_iterations": 40,
    "stop_tolerance": 0.0001,
    "tensor_order": 4,
    "trace": {
        "iterations": [
            0,
            5,
            10,
            15,
            20,
            25,
            30,
            35,
            40
        ],
        "fits": [
            -300.9293595626283,
            0.22453061595832402,
            0.23191813756132107,
            0.23449268664704304,
            0.23615050909438418,
            0.23671775709245801,
            0.23711012984321145,
            0.2374571158826052,
            0.23773705323832428
        ],
        "update_times": [
            0.21430182456970215,
            0.23543500900268555,
            0.2132432460784912,
            0.24039530754089355,
            0.3024439811706543,
            0.24077677726745605,
            0.22896099090576172,
            0.23813271522521973,
            0.31441783905029297,
            0.2483518123626709,
            0.24360060691833496,
            0.23557519912719727,
            0.3094754219055176,
            0.24010467529296875,
            0.2420332431793213,
            0.2449784278869629,
            0.31444525718688965,
            0.24309921264648438,
            0.23524212837219238,
            0.23862147331237793,
            0.31331610679626465,
            0.25356483459472656,
            0.23737883567810059,
            0.23357248306274414,
            0.3128526210784912,
            0.25601625442504883,
            0.2392432689666748,
            0.24524283409118652,
            0.32729387283325195,
            0.2573890686035156,
            0.23222923278808594,
            0.24203801155090332,
            0.3119831085205078,
            0.25666069984436035,
            0.24192261695861816,
            0.24060487747192383,
            0.3312983512878418,
            0.26067209243774414,
            0.2388927936553955,
            0.23796510696411133,
            0.3187112808227539,
            0.2557699680328369,
            0.2548801898956299,
            0.23522281646728516,
            0.344149112701416,
            0.24631690979003906,
            0.23741459846496582,
            0.23765850067138672,
            0.32735323905944824,
            0.2547163963317871,
            0.2426760196685791,
            0.23804950714111328,
            0.3291480541229248,
            0.2934763431549072,
            0.24062156677246094,
            0.23171067237854004,
            0.32460570335388184,
            0.24918508529663086,
            0.24180340766906738,
            0.23452186584472656,
            0.3194112777709961,
            0.25147223472595215,
            0.2507777214050293,
            0.2377147674560547,
            0.3241422176361084,
            0.26492738723754883,
            0.24111700057983398,
            0.2295219898223877,
            0.3345649242401123,
            0.2611558437347412,
            0.24062395095825195,
            0.23353266716003418,
            0.32404088973999023,
            0.2687647342681885,
            0.2367267608642578,
            0.2328197956085205,
            0.3435795307159424,
            0.2457749843597412,
            0.24582982063293457,
            0.2370002269744873,
            0.3186163902282715,
            0.26433777809143066,
            0.23761916160583496,
            0.22186279296875,
            0.32999634742736816,
            0.26769447326660156,
            0.23239398002624512,
            0.24146294593811035,
            0.3314328193664551,
            0.2556145191192627,
            0.23946022987365723,
            0.23161053657531738,
            0.3360567092895508,
            0.26092958450317383,
            0.23162078857421875,
            0.23836517333984375,
            0.32032275199890137,
            0.2542870044708252,
            0.24183869361877441,
            0.22839117050170898,
            0.32630467414855957,
            0.2549097537994385,
            0.23198151588439941,
            0.23471283912658691,
            0.32987427711486816,
            0.25680065155029297,
            0.24091172218322754,
            0.23483705520629883,
            0.3354156017303467,
            0.2526867389678955,
            0.24268603324890137,
            0.23627352714538574,
            0.3297302722930908,
            0.2615528106689453,
            0.24718260765075684,
            0.23286914825439453,
            0.34866952896118164,
            0.27237892150878906,
            0.24029207229614258,
            0.2242112159729004,
            0.34096646308898926,
            0.2673664093017578,
            0.23479342460632324,
            0.24202442169189453,
            0.33503055572509766,
            0.27457165718078613,
            0.2440640926361084,
            0.2290053367614746,
            0.32373595237731934,
            0.2577793598175049,
            0.23668575286865234,
            0.23469805717468262,
            0.32573795318603516,
            0.28110790252685547,
            0.23033618927001953,
            0.22939634323120117,
            0.3417088985443115,
            0.26830196380615234,
            0.23418116569519043,
            0.23846077919006348,
            0.33867597579956055,
            0.26720690727233887,
            0.243333101272583,
            0.23408794403076172,
            0.330974817276001,
            0.26396679878234863,
            0.24628376960754395,
            0.23528456687927246,
            0.3298172950744629,
            0.2736818790435791,
            0.24556279182434082,
            0.22647523880004883,
            0.3383216857910156,
            0.26579880714416504,
            0.24158740043640137,
            0.22530674934387207,
            0.3343815803527832,
            0.2585256099700928,
            0.24554038047790527,
            0.24153780937194824
        ],
        "fit_computation_times": [
            0.009056329727172852,
            0.008771896362304688,
            0.008688926696777344,
            0.010697364807128906,
            0.00857686996459961,
            0.008724689483642578,
            0.010722637176513672,
            0.00881195068359375
        ]
    },
    "elapsed": 42.41986346244812
}