{
    "tensor_name": "uber",
    "sampler": "larsen_kolda_hybrid",
    "R": 125,
    "J": 65536,
    "trial": 3,
    "preprocessing": null,
    "initialization": null,
    "max_iterations": 40,
    "stop_tolerance": 0.0001,
    "tensor_order": 4,
    "trace": {
        "iterations": [
            0,
            5,
            10,
            15,
            20,
            25
        ],
        "fits": [
            -332.3917061805127,
            0.20768046207409652,
            0.2113566243881776,
            0.21096550858812957,
            0.2101338088932473,
            0.21029386681154827
        ],
        "update_times": [
            0.05609703063964844,
            0.05698704719543457,
            0.06784868240356445,
            0.10975170135498047,
            0.11079525947570801,
            0.06429696083068848,
            0.10905241966247559,
            0.10693478584289551,
            0.11258935928344727,
            0.06782054901123047,
            0.11087632179260254,
            0.10884690284729004,
            0.11196613311767578,
            0.06744098663330078,
            0.11443710327148438,
            0.1043710708618164,
            0.11531543731689453,
            0.06681561470031738,
            0.10744309425354004,
            0.10394835472106934,
            0.1154937744140625,
            0.06675362586975098,
            0.10908794403076172,
            0.10291671752929688,
            0.1306297779083252,
            0.07013201713562012,
            0.10967493057250977,
            0.11524200439453125,
            0.11633658409118652,
            0.07221508026123047,
            0.11474275588989258,
            0.11014342308044434,
            0.11153674125671387,
            0.06633806228637695,
            0.1148064136505127,
            0.10592794418334961,
            0.11643505096435547,
            0.07037353515625,
            0.10918617248535156,
            0.10442113876342773,
            0.10992026329040527,
            0.06703639030456543,
            0.11560225486755371,
            0.10554718971252441,
            0.1129295825958252,
            0.06793522834777832,
            0.12561416625976562,
            0.12317132949829102,
            0.11652374267578125,
            0.07107925415039062,
            0.13796281814575195,
            0.12102246284484863,
            0.11159729957580566,
            0.07038569450378418,
            0.10922360420227051,
            0.10290932655334473,
            0.10929608345031738,
            0.0628669261932373,
            0.10704565048217773,
            0.10347914695739746,
            0.11294269561767578,
            0.0643918514251709,
            0.11594963073730469,
            0.10606098175048828,
            0.11544394493103027,
            0.06675505638122559,
            0.11291885375976562,
            0.10242056846618652,
            0.1131582260131836,
            0.09423160552978516,
            0.1196131706237793,
            0.10519242286682129,
            0.11164617538452148,
            0.06350564956665039,
            0.10894060134887695,
            0.10513544082641602,
            0.11282587051391602,
            0.06398200988769531,
            0.10535311698913574,
            0.10344862937927246,
            0.11167001724243164,
            0.06388711929321289,
            0.10571718215942383,
            0.1059730052947998,
            0.11374139785766602,
            0.06436872482299805,
            0.10430192947387695,
            0.10279488563537598,
            0.11386990547180176,
            0.06424355506896973,
            0.10663914680480957,
            0.10881638526916504,
            0.11277103424072266,
            0.08003854751586914,
            0.12537789344787598,
            0.11091947555541992,
            0.11043095588684082,
            0.09464716911315918,
            0.1081233024597168,
            0.15493488311767578
        ],
        "fit_computation_times": [
            0.009912967681884766,
            0.009865999221801758,
            0.009349346160888672,
            0.009644031524658203,
            0.009395122528076172
        ]
    },
    "elapsed": 10.134719133377075
}