{
    "tensor_name": "uber",
    "sampler": "larsen_kolda_hybrid",
    "R": 100,
    "J": 32768,
    "trial": 3,
    "preprocessing": null,
    "initialization": null,
    "max_iterations": 40,
    "stop_tolerance": 0.0001,
    "tensor_order": 4,
    "trace": {
        "iterations": [
            0,
            5,
            10,
            15,
            20,
            25,
            30
        ],
        "fits": [
            -296.1237508700058,
            0.19764188069801392,
            0.20056339749950158,
            0.20154187404603796,
            0.20047455459531793,
            0.2012551391138805,
            0.19915391520426207
        ],
        "update_times": [
            0.054685115814208984,
            0.03998851776123047,
            0.030518531799316406,
            0.05050015449523926,
            0.0457155704498291,
            0.029430866241455078,
            0.04221701622009277,
            0.050782203674316406,
            0.0521087646484375,
            0.028957605361938477,
            0.047380924224853516,
            0.04580235481262207,
            0.051047563552856445,
            0.029022932052612305,
            0.046370506286621094,
            0.047010183334350586,
            0.051984310150146484,
            0.030267953872680664,
            0.04620218276977539,
            0.0459599494934082,
            0.04374194145202637,
            0.027186155319213867,
            0.04340505599975586,
            0.04783821105957031,
            0.05143857002258301,
            0.031510114669799805,
            0.05043983459472656,
            0.04617929458618164,
            0.0494387149810791,
            0.02851104736328125,
            0.046500205993652344,
            0.04743361473083496,
            0.05566287040710449,
            0.030208826065063477,
            0.0456540584564209,
            0.04881453514099121,
            0.05419039726257324,
            0.03233599662780762,
            0.048764705657958984,
            0.04803299903869629,
            0.04856061935424805,
            0.031612396240234375,
            0.04514718055725098,
            0.047023773193359375,
            0.054312944412231445,
            0.029004335403442383,
            0.044075727462768555,
            0.04577207565307617,
            0.050148725509643555,
            0.028450965881347656,
            0.04731631278991699,
            0.04668903350830078,
            0.05204296112060547,
            0.02800726890563965,
            0.04548168182373047,
            0.047484397888183594,
            0.0529019832611084,
            0.029802560806274414,
            0.0475764274597168,
            0.047788143157958984,
            0.04570603370666504,
            0.02698040008544922,
            0.0453791618347168,
            0.04765796661376953,
            0.05422091484069824,
            0.030578136444091797,
            0.04656553268432617,
            0.047139644622802734,
            0.05435943603515625,
            0.03441476821899414,
            0.04727339744567871,
            0.048300743103027344,
            0.05045461654663086,
            0.029856443405151367,
            0.05011796951293945,
            0.04671430587768555,
            0.054375648498535156,
            0.03155159950256348,
            0.050837039947509766,
            0.04660630226135254,
            0.046941280364990234,
            0.028883934020996094,
            0.045662641525268555,
            0.04665780067443848,
            0.051770925521850586,
            0.027651309967041016,
            0.04227757453918457,
            0.04723024368286133,
            0.05401468276977539,
            0.02806234359741211,
            0.04303550720214844,
            0.041925907135009766,
            0.050681114196777344,
            0.02935934066772461,
            0.04362034797668457,
            0.04129838943481445,
            0.04510855674743652,
            0.036244869232177734,
            0.04464244842529297,
            0.04904675483703613,
            0.04846668243408203,
            0.02538323402404785,
            0.04068589210510254,
            0.04637789726257324,
            0.05181121826171875,
            0.029727697372436523,
            0.059935808181762695,
            0.05051922798156738,
            0.052495718002319336,
            0.02940988540649414,
            0.04432868957519531,
            0.042696475982666016,
            0.05171918869018555,
            0.029370784759521484,
            0.04794645309448242,
            0.04822349548339844,
            0.05989551544189453,
            0.029088735580444336,
            0.042299509048461914,
            0.04851174354553223
        ],
        "fit_computation_times": [
            0.010299444198608398,
            0.010788679122924805,
            0.010486364364624023,
            0.010697364807128906,
            0.010576963424682617,
            0.010561227798461914
        ]
    },
    "elapsed": 5.325392246246338
}