{
    "tensor_name": "uber",
    "sampler": "larsen_kolda_hybrid",
    "R": 100,
    "J": 262144,
    "trial": 3,
    "preprocessing": null,
    "initialization": null,
    "max_iterations": 40,
    "stop_tolerance": 0.0001,
    "tensor_order": 4,
    "trace": {
        "iterations": [
            0,
            5,
            10,
            15,
            20,
            25,
            30,
            35,
            40
        ],
        "fits": [
            -304.3354180225266,
            0.2242590360692983,
            0.2306126219827218,
            0.23355959113028268,
            0.23431005096137136,
            0.235731911356152,
            0.23599612611644016,
            0.23649418459322646,
            0.23612021019645157
        ],
        "update_times": [
            0.10866856575012207,
            0.11512398719787598,
            0.13764047622680664,
            0.22780346870422363,
            0.25073790550231934,
            0.15490150451660156,
            0.26287269592285156,
            0.2408895492553711,
            0.3018209934234619,
            0.16862869262695312,
            0.24901628494262695,
            0.23394322395324707,
            0.2959632873535156,
            0.14502644538879395,
            0.24250173568725586,
            0.23214411735534668,
            0.30942368507385254,
            0.14716672897338867,
            0.23764586448669434,
            0.23539257049560547,
            0.29373884201049805,
            0.1459815502166748,
            0.22273802757263184,
            0.2374725341796875,
            0.30646443367004395,
            0.15048670768737793,
            0.24109983444213867,
            0.22293519973754883,
            0.304548978805542,
            0.1546764373779297,
            0.2425696849822998,
            0.23636913299560547,
            0.30472350120544434,
            0.17374706268310547,
            0.2415163516998291,
            0.24768495559692383,
            0.32532525062561035,
            0.16154694557189941,
            0.24899911880493164,
            0.2359161376953125,
            0.29366326332092285,
            0.16485166549682617,
            0.238511323928833,
            0.2402191162109375,
            0.3032875061035156,
            0.1552426815032959,
            0.23470664024353027,
            0.2569437026977539,
            0.3308553695678711,
            0.14929914474487305,
            0.2383098602294922,
            0.22068333625793457,
            0.3032228946685791,
            0.15204405784606934,
            0.24144530296325684,
            0.2272958755493164,
            0.3108639717102051,
            0.16440558433532715,
            0.2545430660247803,
            0.24650931358337402,
            0.2964813709259033,
            0.1973133087158203,
            0.27306604385375977,
            0.24788713455200195,
            0.320493221282959,
            0.1642899513244629,
            0.2388627529144287,
            0.2223496437072754,
            0.3027629852294922,
            0.19369912147521973,
            0.24167513847351074,
            0.261676549911499,
            0.3181941509246826,
            0.17230677604675293,
            0.2548248767852783,
            0.23505830764770508,
            0.32775020599365234,
            0.17176437377929688,
            0.24532222747802734,
            0.2404639720916748,
            0.28444576263427734,
            0.15849757194519043,
            0.26003146171569824,
            0.24463248252868652,
            0.3121497631072998,
            0.1650402545928955,
            0.23272418975830078,
            0.23247814178466797,
            0.3323941230773926,
            0.15908002853393555,
            0.24995756149291992,
            0.2414398193359375,
            0.3039264678955078,
            0.16399335861206055,
            0.24878215789794922,
            0.22141480445861816,
            0.31650424003601074,
            0.15304327011108398,
            0.24598336219787598,
            0.23735308647155762,
            0.295607328414917,
            0.1597766876220703,
            0.24274063110351562,
            0.22641968727111816,
            0.3088405132293701,
            0.14444494247436523,
            0.2470541000366211,
            0.23016357421875,
            0.3209679126739502,
            0.15830373764038086,
            0.23378825187683105,
            0.23620080947875977,
            0.32155895233154297,
            0.15876984596252441,
            0.2941286563873291,
            0.22316622734069824,
            0.31183600425720215,
            0.16784906387329102,
            0.2448108196258545,
            0.2294309139251709,
            0.28464579582214355,
            0.15602564811706543,
            0.255357027053833,
            0.23433756828308105,
            0.3069324493408203,
            0.16094541549682617,
            0.2476646900177002,
            0.21400022506713867,
            0.31420445442199707,
            0.14278125762939453,
            0.22674131393432617,
            0.21461725234985352,
            0.2992420196533203,
            0.1506655216217041,
            0.2466449737548828,
            0.22052288055419922,
            0.3249673843383789,
            0.16499757766723633,
            0.24328017234802246,
            0.22767090797424316,
            0.30797767639160156,
            0.1684272289276123,
            0.2502899169921875,
            0.24054646492004395,
            0.3431525230407715,
            0.16142702102661133,
            0.24527740478515625,
            0.23226046562194824,
            0.325624942779541,
            0.16579556465148926,
            0.23342370986938477,
            0.23498106002807617,
            0.326434850692749,
            0.15798687934875488,
            0.2529106140136719,
            0.23871541023254395,
            0.33885908126831055,
            0.1930866241455078,
            0.24651288986206055,
            0.23777985572814941
        ],
        "fit_computation_times": [
            0.009748458862304688,
            0.009659290313720703,
            0.009912729263305664,
            0.010077714920043945,
            0.010149478912353516,
            0.010286808013916016,
            0.010139226913452148,
            0.010368108749389648
        ]
    },
    "elapsed": 37.83475065231323
}