{
    "tensor_name": "uber",
    "sampler": "larsen_kolda_hybrid",
    "R": 125,
    "J": 360448,
    "trial": 0,
    "preprocessing": null,
    "initialization": null,
    "max_iterations": 40,
    "stop_tolerance": 0.0001,
    "tensor_order": 4,
    "trace": {
        "iterations": [
            0,
            5,
            10,
            15,
            20,
            25,
            30,
            35
        ],
        "fits": [
            -330.91676239034433,
            0.2267997489978295,
            0.23151709542552001,
            0.23587959642854905,
            0.2379385614389209,
            0.23678577683079804,
            0.2365686018896327,
            0.23696798753612947
        ],
        "update_times": [
            0.15585875511169434,
            0.14233779907226562,
            0.20646214485168457,
            0.3176596164703369,
            0.2917916774749756,
            0.23460602760314941,
            0.34000349044799805,
            0.33480048179626465,
            0.27381014823913574,
            0.20938467979431152,
            0.34790849685668945,
            0.3299102783203125,
            0.28795504570007324,
            0.20937061309814453,
            0.33206868171691895,
            0.33916163444519043,
            0.26508402824401855,
            0.24285364151000977,
            0.3513607978820801,
            0.36928820610046387,
            0.27472543716430664,
            0.23029065132141113,
            0.3410313129425049,
            0.3727152347564697,
            0.29027223587036133,
            0.2202138900756836,
            0.34117579460144043,
            0.3778188228607178,
            0.29102277755737305,
            0.22902345657348633,
            0.35213518142700195,
            0.37256288528442383,
            0.29772233963012695,
            0.2240283489227295,
            0.33387255668640137,
            0.35271453857421875,
            0.2729809284210205,
            0.21575164794921875,
            0.34321022033691406,
            0.3504061698913574,
            0.25313353538513184,
            0.21243810653686523,
            0.32888245582580566,
            0.34661436080932617,
            0.28182029724121094,
            0.2270960807800293,
            0.340742826461792,
            0.34529542922973633,
            0.2767200469970703,
            0.21889066696166992,
            0.3534872531890869,
            0.3521602153778076,
            0.2665529251098633,
            0.21573328971862793,
            0.3197484016418457,
            0.32457780838012695,
            0.2866535186767578,
            0.2452230453491211,
            0.3412141799926758,
            0.37880706787109375,
            0.24623727798461914,
            0.2047722339630127,
            0.34364748001098633,
            0.3444805145263672,
            0.2753169536590576,
            0.23152375221252441,
            0.3243069648742676,
            0.34820556640625,
            0.29364442825317383,
            0.2341175079345703,
            0.35547924041748047,
            0.33596205711364746,
            0.2789347171783447,
            0.23613929748535156,
            0.33406996726989746,
            0.3534431457519531,
            0.288301944732666,
            0.24480819702148438,
            0.35429883003234863,
            0.3542604446411133,
            0.2511563301086426,
            0.22750592231750488,
            0.3159754276275635,
            0.34609055519104004,
            0.28313565254211426,
            0.22774696350097656,
            0.33603978157043457,
            0.35640716552734375,
            0.2861919403076172,
            0.2482144832611084,
            0.3337383270263672,
            0.3384850025177002,
            0.306377649307251,
            0.22336435317993164,
            0.3220970630645752,
            0.3578815460205078,
            0.2797210216522217,
            0.23873019218444824,
            0.318554162979126,
            0.3487973213195801,
            0.24129271507263184,
            0.22461867332458496,
            0.3221626281738281,
            0.3430018424987793,
            0.2819807529449463,
            0.23221206665039062,
            0.3231203556060791,
            0.3442227840423584,
            0.28276562690734863,
            0.22651982307434082,
            0.3224320411682129,
            0.3508021831512451,
            0.292438268661499,
            0.22998642921447754,
            0.336897611618042,
            0.3330368995666504,
            0.2869589328765869,
            0.22535300254821777,
            0.32885241508483887,
            0.34419941902160645,
            0.24539613723754883,
            0.22666668891906738,
            0.32891845703125,
            0.34715938568115234,
            0.27683520317077637,
            0.22742128372192383,
            0.31958913803100586,
            0.34568047523498535,
            0.27208423614501953,
            0.20932316780090332,
            0.3204531669616699,
            0.33800268173217773,
            0.25707578659057617,
            0.21636605262756348,
            0.31363677978515625,
            0.3343946933746338,
            0.2900693416595459,
            0.22846221923828125,
            0.35099339485168457,
            0.35467076301574707
        ],
        "fit_computation_times": [
            0.009219884872436523,
            0.010850667953491211,
            0.010239839553833008,
            0.009027719497680664,
            0.008367538452148438,
            0.008607149124145508,
            0.010237693786621094
        ]
    },
    "elapsed": 41.29531478881836
}