{
    "tensor_name": "uber",
    "sampler": "larsen_kolda_hybrid",
    "R": 50,
    "J": 229376,
    "trial": 2,
    "preprocessing": null,
    "initialization": null,
    "max_iterations": 40,
    "stop_tolerance": 0.0001,
    "tensor_order": 4,
    "trace": {
        "iterations": [
            0,
            5,
            10,
            15,
            20,
            25,
            30,
            35,
            40
        ],
        "fits": [
            -209.32373538984868,
            0.20435338097376055,
            0.21049719582870108,
            0.21370553789974023,
            0.21494809113174074,
            0.21570433040249093,
            0.21612747165534474,
            0.2163682901049535,
            0.21654569031237925
        ],
        "update_times": [
            0.06534242630004883,
            0.07581973075866699,
            0.08527588844299316,
            0.15447282791137695,
            0.19323372840881348,
            0.09516525268554688,
            0.14250779151916504,
            0.14199352264404297,
            0.19205975532531738,
            0.10742712020874023,
            0.1388845443725586,
            0.12351202964782715,
            0.18650531768798828,
            0.08028459548950195,
            0.1418442726135254,
            0.136246919631958,
            0.17613959312438965,
            0.09832477569580078,
            0.14608454704284668,
            0.12746143341064453,
            0.19116473197937012,
            0.08321714401245117,
            0.15897703170776367,
            0.13610625267028809,
            0.1888585090637207,
            0.08383369445800781,
            0.14682865142822266,
            0.12603473663330078,
            0.19257092475891113,
            0.09767365455627441,
            0.1481642723083496,
            0.18507885932922363,
            0.2005596160888672,
            0.09663200378417969,
            0.1560356616973877,
            0.15282130241394043,
            0.18586230278015137,
            0.0854177474975586,
            0.14549040794372559,
            0.21929121017456055,
            0.19430923461914062,
            0.09047889709472656,
            0.1561129093170166,
            0.27927517890930176,
            0.18062138557434082,
            0.09275412559509277,
            0.16596078872680664,
            0.27232789993286133,
            0.2113499641418457,
            0.08628702163696289,
            0.15486979484558105,
            0.15923357009887695,
            0.36185646057128906,
            0.09593892097473145,
            0.16692233085632324,
            0.1526179313659668,
            0.2646920680999756,
            0.09614896774291992,
            0.15491104125976562,
            0.2794179916381836,
            0.3291811943054199,
            0.08921456336975098,
            0.16106247901916504,
            0.27195048332214355,
            0.2771444320678711,
            0.10824465751647949,
            0.1975245475769043,
            0.1330265998840332,
            0.1963944435119629,
            0.08894586563110352,
            0.14569401741027832,
            0.1270158290863037,
            0.18739771842956543,
            0.0870206356048584,
            0.13962054252624512,
            0.12623214721679688,
            0.17741036415100098,
            0.10503435134887695,
            0.1405491828918457,
            0.13238072395324707,
            0.1808626651763916,
            0.09140443801879883,
            0.13750505447387695,
            0.12639689445495605,
            0.18721413612365723,
            0.08679771423339844,
            0.1446824073791504,
            0.13571524620056152,
            0.1895153522491455,
            0.08771324157714844,
            0.14383387565612793,
            0.1302964687347412,
            0.18929290771484375,
            0.08896636962890625,
            0.14459013938903809,
            0.1281440258026123,
            0.19422602653503418,
            0.08795785903930664,
            0.14331507682800293,
            0.13163542747497559,
            0.18105673789978027,
            0.09056758880615234,
            0.1429893970489502,
            0.1274268627166748,
            0.19304323196411133,
            0.08810257911682129,
            0.1456313133239746,
            0.13196039199829102,
            0.1892857551574707,
            0.08871841430664062,
            0.1439657211303711,
            0.12764978408813477,
            0.18577361106872559,
            0.08831405639648438,
            0.14269614219665527,
            0.13211655616760254,
            0.20055699348449707,
            0.13523292541503906,
            0.24165940284729004,
            0.17211222648620605,
            0.2033834457397461,
            0.08238506317138672,
            0.19118666648864746,
            0.15005874633789062,
            0.1947016716003418,
            0.08076190948486328,
            0.16602730751037598,
            0.17401504516601562,
            0.21178197860717773,
            0.07977557182312012,
            0.15246176719665527,
            0.14015460014343262,
            0.19243907928466797,
            0.09125113487243652,
            0.14113545417785645,
            0.13068056106567383,
            0.18962836265563965,
            0.08023309707641602,
            0.13606905937194824,
            0.12549757957458496,
            0.1832866668701172,
            0.11187601089477539,
            0.24021005630493164,
            0.13473272323608398,
            0.1834874153137207,
            0.10834217071533203,
            0.1970682144165039,
            0.12662386894226074,
            0.19173383712768555,
            0.08881711959838867,
            0.13989853858947754,
            0.13001489639282227,
            0.19264745712280273,
            0.09062671661376953,
            0.14474010467529297,
            0.1319127082824707,
            0.1912999153137207,
            0.08599519729614258,
            0.1527249813079834,
            0.13018107414245605
        ],
        "fit_computation_times": [
            0.010699272155761719,
            0.010894536972045898,
            0.009207010269165039,
            0.010735273361206055,
            0.009769439697265625,
            0.008997440338134766,
            0.00829315185546875,
            0.008604288101196289
        ]
    },
    "elapsed": 24.089544773101807
}