{
    "tensor_name": "uber",
    "sampler": "larsen_kolda_hybrid",
    "R": 75,
    "J": 131072,
    "trial": 3,
    "preprocessing": null,
    "initialization": null,
    "max_iterations": 40,
    "stop_tolerance": 0.0001,
    "tensor_order": 4,
    "trace": {
        "iterations": [
            0,
            5,
            10,
            15,
            20,
            25,
            30,
            35,
            40
        ],
        "fits": [
            -260.6713397723781,
            0.21242611608855932,
            0.21765450229967842,
            0.22040101636908271,
            0.22190836134095882,
            0.22235965055707196,
            0.2236949880535195,
            0.22372588453467934,
            0.22365900782828652
        ],
        "update_times": [
            0.04304862022399902,
            0.05616188049316406,
            0.059268951416015625,
            0.08566522598266602,
            0.10994791984558105,
            0.0696406364440918,
            0.10111570358276367,
            0.09411072731018066,
            0.11592936515808105,
            0.07289576530456543,
            0.10764670372009277,
            0.09399557113647461,
            0.11605978012084961,
            0.07096672058105469,
            0.1061551570892334,
            0.09516239166259766,
            0.11495828628540039,
            0.09164834022521973,
            0.11488008499145508,
            0.11542296409606934,
            0.11644387245178223,
            0.07634186744689941,
            0.11096525192260742,
            0.1303849220275879,
            0.12130379676818848,
            0.10659027099609375,
            0.10387253761291504,
            0.09989500045776367,
            0.12885618209838867,
            0.08929753303527832,
            0.11977982521057129,
            0.10077786445617676,
            0.12219047546386719,
            0.09444212913513184,
            0.12155604362487793,
            0.13583636283874512,
            0.13991141319274902,
            0.07456684112548828,
            0.11792969703674316,
            0.10478615760803223,
            0.12337756156921387,
            0.09809517860412598,
            0.11468505859375,
            0.10424184799194336,
            0.12915420532226562,
            0.0704355239868164,
            0.1080629825592041,
            0.10351109504699707,
            0.12206459045410156,
            0.07862329483032227,
            0.14602279663085938,
            0.18801355361938477,
            0.13648247718811035,
            0.0714113712310791,
            0.10452771186828613,
            0.10594820976257324,
            0.11810684204101562,
            0.0770711898803711,
            0.11932253837585449,
            0.12760305404663086,
            0.1250779628753662,
            0.11478352546691895,
            0.12030363082885742,
            0.11293721199035645,
            0.12325477600097656,
            0.07864093780517578,
            0.14162039756774902,
            0.10420989990234375,
            0.12444853782653809,
            0.1080935001373291,
            0.1105046272277832,
            0.16170001029968262,
            0.12569451332092285,
            0.08777403831481934,
            0.12222957611083984,
            0.16491198539733887,
            0.12438678741455078,
            0.0711822509765625,
            0.10144853591918945,
            0.13429927825927734,
            0.1125178337097168,
            0.07643866539001465,
            0.1087942123413086,
            0.129533052444458,
            0.1289534568786621,
            0.07253503799438477,
            0.11379575729370117,
            0.11387252807617188,
            0.11597633361816406,
            0.07948517799377441,
            0.10692572593688965,
            0.10180830955505371,
            0.11306619644165039,
            0.06878829002380371,
            0.10467267036437988,
            0.13002967834472656,
            0.1155390739440918,
            0.07196807861328125,
            0.10318636894226074,
            0.0933845043182373,
            0.11431550979614258,
            0.07007932662963867,
            0.1025087833404541,
            0.11193466186523438,
            0.11650753021240234,
            0.07084989547729492,
            0.11899352073669434,
            0.13474082946777344,
            0.11334872245788574,
            0.08975863456726074,
            0.1233513355255127,
            0.09615802764892578,
            0.11884427070617676,
            0.11091160774230957,
            0.10716748237609863,
            0.10254716873168945,
            0.12484431266784668,
            0.17217683792114258,
            0.11456513404846191,
            0.10270071029663086,
            0.18528246879577637,
            0.11624550819396973,
            0.12646198272705078,
            0.09897613525390625,
            0.12266302108764648,
            0.11347413063049316,
            0.1071939468383789,
            0.10100793838500977,
            0.11669301986694336,
            0.11162614822387695,
            0.12110376358032227,
            0.10193061828613281,
            0.13021540641784668,
            0.11431527137756348,
            0.10875320434570312,
            0.10173892974853516,
            0.13175702095031738,
            0.14046978950500488,
            0.1107640266418457,
            0.09341883659362793,
            0.14294886589050293,
            0.11498761177062988,
            0.13982939720153809,
            0.09559226036071777,
            0.12285995483398438,
            0.20881009101867676,
            0.1192331314086914,
            0.10497260093688965,
            0.12269854545593262,
            0.1424100399017334,
            0.12447595596313477,
            0.11485981941223145,
            0.1342785358428955,
            0.10011911392211914,
            0.13260579109191895,
            0.12005448341369629,
            0.1411583423614502,
            0.07588887214660645,
            0.11572742462158203,
            0.12935137748718262
        ],
        "fit_computation_times": [
            0.008182525634765625,
            0.008145332336425781,
            0.007724761962890625,
            0.007667064666748047,
            0.007770538330078125,
            0.008281946182250977,
            0.007844209671020508,
            0.0073604583740234375
        ]
    },
    "elapsed": 17.86766266822815
}