{
    "tensor_name": "uber",
    "sampler": "larsen_kolda_hybrid",
    "R": 25,
    "J": 393216,
    "trial": 1,
    "preprocessing": null,
    "initialization": null,
    "max_iterations": 40,
    "stop_tolerance": 0.0001,
    "tensor_order": 4,
    "trace": {
        "iterations": [
            0,
            5,
            10,
            15,
            20,
            25,
            30,
            35,
            40
        ],
        "fits": [
            -152.462755983411,
            0.18058206239848085,
            0.1854391304773627,
            0.1869070463880429,
            0.18790031878292313,
            0.18876729814410576,
            0.1892266923570225,
            0.18938072872205047,
            0.18948315437945018
        ],
        "update_times": [
            0.06376218795776367,
            0.0667426586151123,
            0.06719303131103516,
            0.12073087692260742,
            0.15131688117980957,
            0.10111522674560547,
            0.13291120529174805,
            0.1224367618560791,
            0.14623022079467773,
            0.11887860298156738,
            0.1375284194946289,
            0.12435388565063477,
            0.14966559410095215,
            0.10188007354736328,
            0.13105392456054688,
            0.13014936447143555,
            0.14511990547180176,
            0.10420465469360352,
            0.1329798698425293,
            0.11981558799743652,
            0.14037156105041504,
            0.1075439453125,
            0.1450343132019043,
            0.12700581550598145,
            0.14399051666259766,
            0.10792398452758789,
            0.13799715042114258,
            0.12147212028503418,
            0.14446496963500977,
            0.10724949836730957,
            0.13393044471740723,
            0.12024497985839844,
            0.1444242000579834,
            0.10148811340332031,
            0.13219046592712402,
            0.1239469051361084,
            0.15046048164367676,
            0.10738158226013184,
            0.13705778121948242,
            0.11684179306030273,
            0.1383805274963379,
            0.10595870018005371,
            0.13398456573486328,
            0.12253308296203613,
            0.15022921562194824,
            0.10962796211242676,
            0.12396860122680664,
            0.11313819885253906,
            0.13718652725219727,
            0.09286260604858398,
            0.12415862083435059,
            0.11224055290222168,
            0.13743233680725098,
            0.10380077362060547,
            0.1347508430480957,
            0.1195211410522461,
            0.1407909393310547,
            0.10184431076049805,
            0.1228799819946289,
            0.12633109092712402,
            0.1511247158050537,
            0.10440754890441895,
            0.12902426719665527,
            0.11989998817443848,
            0.1358175277709961,
            0.09420132637023926,
            0.13667631149291992,
            0.12108778953552246,
            0.13893413543701172,
            0.10505437850952148,
            0.13942456245422363,
            0.11503219604492188,
            0.13613533973693848,
            0.13254499435424805,
            0.13200974464416504,
            0.21176576614379883,
            0.1460866928100586,
            0.1437056064605713,
            0.12233591079711914,
            0.11340475082397461,
            0.13461589813232422,
            0.09294271469116211,
            0.12543344497680664,
            0.12669086456298828,
            0.13672518730163574,
            0.09555816650390625,
            0.12170577049255371,
            0.10971856117248535,
            0.14711546897888184,
            0.09410429000854492,
            0.12603187561035156,
            0.11305737495422363,
            0.1366872787475586,
            0.09169793128967285,
            0.1320335865020752,
            0.1553652286529541,
            0.14783525466918945,
            0.12180662155151367,
            0.13050341606140137,
            0.1377573013305664,
            0.17786407470703125,
            0.12539100646972656,
            0.13376688957214355,
            0.11915755271911621,
            0.15700054168701172,
            0.10093474388122559,
            0.1249074935913086,
            0.11665773391723633,
            0.14105534553527832,
            0.10267043113708496,
            0.1305387020111084,
            0.1202857494354248,
            0.14212608337402344,
            0.1078941822052002,
            0.12816309928894043,
            0.12257957458496094,
            0.14438414573669434,
            0.11046361923217773,
            0.12141227722167969,
            0.11178302764892578,
            0.13680458068847656,
            0.09398984909057617,
            0.13601088523864746,
            0.11957836151123047,
            0.14058995246887207,
            0.10059714317321777,
            0.13619351387023926,
            0.11995291709899902,
            0.1452183723449707,
            0.10878229141235352,
            0.12263154983520508,
            0.12180542945861816,
            0.13878083229064941,
            0.11467957496643066,
            0.13297128677368164,
            0.12186813354492188,
            0.13809871673583984,
            0.1018214225769043,
            0.13016438484191895,
            0.11842823028564453,
            0.13479971885681152,
            0.10447072982788086,
            0.13013792037963867,
            0.11856794357299805,
            0.15442657470703125,
            0.11496329307556152,
            0.13007688522338867,
            0.133331298828125,
            0.13933253288269043,
            0.11438965797424316,
            0.14214134216308594,
            0.12201046943664551,
            0.14241242408752441,
            0.10258674621582031,
            0.13865113258361816,
            0.15656495094299316,
            0.134810209274292,
            0.09528684616088867,
            0.1252596378326416,
            0.1143181324005127
        ],
        "fit_computation_times": [
            0.007097959518432617,
            0.007256269454956055,
            0.007037639617919922,
            0.008976936340332031,
            0.007397651672363281,
            0.00825953483581543,
            0.0072290897369384766,
            0.00870656967163086
        ]
    },
    "elapsed": 20.11857008934021
}