{
    "tensor_name": "uber",
    "sampler": "efficient",
    "R": 50,
    "J": 98304,
    "trial": 1,
    "preprocessing": null,
    "initialization": null,
    "max_iterations": 40,
    "stop_tolerance": 0.0001,
    "tensor_order": 4,
    "trace": {
        "iterations": [
            0,
            5,
            10,
            15,
            20,
            25,
            30,
            35,
            40
        ],
        "fits": [
            -207.45179273001338,
            0.20372628708416884,
            0.2089398020524187,
            0.21128084148938153,
            0.2133595764783235,
            0.21514189764102487,
            0.21619108005321153,
            0.21653125932207373,
            0.21681014357567652
        ],
        "update_times": [
            0.12216854095458984,
            0.13666391372680664,
            0.11669254302978516,
            0.16228914260864258,
            0.1346573829650879,
            0.13170242309570312,
            0.18911123275756836,
            0.16652703285217285,
            0.1339874267578125,
            0.13021087646484375,
            0.18500280380249023,
            0.16377663612365723,
            0.13584113121032715,
            0.14636707305908203,
            0.181488037109375,
            0.17252707481384277,
            0.1493070125579834,
            0.14729022979736328,
            0.18796086311340332,
            0.17140865325927734,
            0.12730145454406738,
            0.13250422477722168,
            0.18139982223510742,
            0.1699209213256836,
            0.14363765716552734,
            0.13159704208374023,
            0.18768048286437988,
            0.17284822463989258,
            0.13480281829833984,
            0.12998199462890625,
            0.18074727058410645,
            0.1666114330291748,
            0.1330738067626953,
            0.12950611114501953,
            0.1840803623199463,
            0.17042946815490723,
            0.13255572319030762,
            0.13166046142578125,
            0.1816108226776123,
            0.1705183982849121,
            0.13750743865966797,
            0.13184142112731934,
            0.1860198974609375,
            0.17180299758911133,
            0.1367626190185547,
            0.13227248191833496,
            0.1857151985168457,
            0.19312500953674316,
            0.14147663116455078,
            0.13712048530578613,
            0.1837310791015625,
            0.17010760307312012,
            0.13736248016357422,
            0.13381695747375488,
            0.18681907653808594,
            0.1694774627685547,
            0.13720989227294922,
            0.13391900062561035,
            0.18660593032836914,
            0.17305922508239746,
            0.13477802276611328,
            0.13358068466186523,
            0.18357586860656738,
            0.17078232765197754,
            0.133270263671875,
            0.13276410102844238,
            0.16699981689453125,
            0.16301488876342773,
            0.13432860374450684,
            0.12996125221252441,
            0.17519497871398926,
            0.1616826057434082,
            0.1312241554260254,
            0.13004136085510254,
            0.17755818367004395,
            0.1711735725402832,
            0.1309823989868164,
            0.13153672218322754,
            0.17801547050476074,
            0.16602826118469238,
            0.1455092430114746,
            0.13457107543945312,
            0.20369219779968262,
            0.17236661911010742,
            0.1404552459716797,
            0.1510324478149414,
            0.18402671813964844,
            0.1690821647644043,
            0.1380164623260498,
            0.14404845237731934,
            0.18085455894470215,
            0.1648871898651123,
            0.13653254508972168,
            0.13362932205200195,
            0.18427133560180664,
            0.1677711009979248,
            0.13338661193847656,
            0.13433504104614258,
            0.187208890914917,
            0.16882777214050293,
            0.1380634307861328,
            0.1402757167816162,
            0.18272876739501953,
            0.16455602645874023,
            0.16553235054016113,
            0.13636088371276855,
            0.18466949462890625,
            0.17178845405578613,
            0.1405165195465088,
            0.13661909103393555,
            0.18152165412902832,
            0.19013667106628418,
            0.1516866683959961,
            0.13711309432983398,
            0.19466209411621094,
            0.18202662467956543,
            0.14190173149108887,
            0.13937830924987793,
            0.1888723373413086,
            0.16278076171875,
            0.13312244415283203,
            0.15530061721801758,
            0.1747596263885498,
            0.16242313385009766,
            0.14515900611877441,
            0.14812564849853516,
            0.1782817840576172,
            0.16120219230651855,
            0.13875150680541992,
            0.1379084587097168,
            0.17449331283569336,
            0.16897892951965332,
            0.1364748477935791,
            0.1368248462677002,
            0.17024660110473633,
            0.17290592193603516,
            0.1399369239807129,
            0.14433073997497559,
            0.18847179412841797,
            0.16414642333984375,
            0.13509845733642578,
            0.14209318161010742,
            0.17155146598815918,
            0.16507196426391602,
            0.1574568748474121,
            0.13667011260986328,
            0.19916296005249023,
            0.1735668182373047,
            0.13461756706237793,
            0.13846230506896973,
            0.1895906925201416,
            0.1667485237121582,
            0.14714884757995605,
            0.13733148574829102,
            0.19756078720092773,
            0.19055819511413574,
            0.15208220481872559,
            0.13871312141418457,
            0.17882990837097168,
            0.1617753505706787
        ],
        "fit_computation_times": [
            0.00524449348449707,
            0.005230426788330078,
            0.005242586135864258,
            0.005551576614379883,
            0.005913496017456055,
            0.0072786808013916016,
            0.006888389587402344,
            0.005593299865722656
        ]
    },
    "elapsed": 25.167134284973145
}