{
    "tensor_name": "uber",
    "sampler": "larsen_kolda_hybrid",
    "R": 50,
    "J": 229376,
    "trial": 1,
    "preprocessing": null,
    "initialization": null,
    "max_iterations": 40,
    "stop_tolerance": 0.0001,
    "tensor_order": 4,
    "trace": {
        "iterations": [
            0,
            5,
            10,
            15,
            20,
            25,
            30,
            35,
            40
        ],
        "fits": [
            -203.63736239372122,
            0.20387289048582713,
            0.20860972071993333,
            0.21095772620382702,
            0.21281714430386467,
            0.21408704644139287,
            0.21453143009875242,
            0.2149691897060101,
            0.21507927246245573
        ],
        "update_times": [
            0.0486149787902832,
            0.06885862350463867,
            0.0656881332397461,
            0.11575055122375488,
            0.19518637657165527,
            0.08635449409484863,
            0.14133620262145996,
            0.12465691566467285,
            0.17449569702148438,
            0.08482146263122559,
            0.1510639190673828,
            0.1247103214263916,
            0.18935322761535645,
            0.16304492950439453,
            0.15225529670715332,
            0.24143147468566895,
            0.20377588272094727,
            0.15782952308654785,
            0.1542496681213379,
            0.13703513145446777,
            0.18748807907104492,
            0.24714279174804688,
            0.1489276885986328,
            0.23410558700561523,
            0.48928046226501465,
            0.10745930671691895,
            0.15999674797058105,
            0.15583467483520508,
            0.20767855644226074,
            0.15389728546142578,
            0.14771294593811035,
            0.16671276092529297,
            0.23968172073364258,
            0.16731643676757812,
            0.14764976501464844,
            0.16668319702148438,
            0.21065616607666016,
            0.15387558937072754,
            0.14832687377929688,
            0.14861583709716797,
            0.1954021453857422,
            0.09607505798339844,
            0.14870572090148926,
            0.2625255584716797,
            0.22304487228393555,
            0.16943573951721191,
            0.1595594882965088,
            0.22672247886657715,
            0.1930556297302246,
            0.16565608978271484,
            0.1474590301513672,
            0.1349785327911377,
            0.20343923568725586,
            0.16458797454833984,
            0.14708590507507324,
            0.1478886604309082,
            0.19997715950012207,
            0.13961052894592285,
            0.1449875831604004,
            0.15577387809753418,
            0.17409944534301758,
            0.0859832763671875,
            0.14381885528564453,
            0.1279904842376709,
            0.18199753761291504,
            0.0891869068145752,
            0.16522979736328125,
            0.1282179355621338,
            0.17812395095825195,
            0.08886432647705078,
            0.1570425033569336,
            0.1311635971069336,
            0.17440152168273926,
            0.0901944637298584,
            0.14901137351989746,
            0.18330645561218262,
            0.1929943561553955,
            0.08335733413696289,
            0.1417551040649414,
            0.1320209503173828,
            0.17166757583618164,
            0.08394074440002441,
            0.14276432991027832,
            0.12275838851928711,
            0.17387127876281738,
            0.08394861221313477,
            0.15012478828430176,
            0.13468122482299805,
            0.18795347213745117,
            0.13132333755493164,
            0.15454578399658203,
            0.1307973861694336,
            0.17785072326660156,
            0.0948641300201416,
            0.14818310737609863,
            0.14526081085205078,
            0.19352316856384277,
            0.08014845848083496,
            0.14012694358825684,
            0.12779664993286133,
            0.17229437828063965,
            0.1263139247894287,
            0.14832806587219238,
            0.13410186767578125,
            0.18787097930908203,
            0.09072303771972656,
            0.15294456481933594,
            0.1393575668334961,
            0.18897008895874023,
            0.09070992469787598,
            0.14988350868225098,
            0.1382606029510498,
            0.19071030616760254,
            0.10730552673339844,
            0.16194462776184082,
            0.1385965347290039,
            0.17827582359313965,
            0.10148239135742188,
            0.1512744426727295,
            0.13535785675048828,
            0.21043705940246582,
            0.12717199325561523,
            0.14719462394714355,
            0.14894938468933105,
            0.2221391201019287,
            0.1225283145904541,
            0.1536879539489746,
            0.13786077499389648,
            0.18782711029052734,
            0.13060593605041504,
            0.14745211601257324,
            0.1301288604736328,
            0.18126940727233887,
            0.10629081726074219,
            0.14922332763671875,
            0.1343531608581543,
            0.18416309356689453,
            0.08977699279785156,
            0.1454944610595703,
            0.12416458129882812,
            0.2378246784210205,
            0.12445640563964844,
            0.15589427947998047,
            0.12547636032104492,
            0.18535685539245605,
            0.15991735458374023,
            0.14471936225891113,
            0.13390159606933594,
            0.20306825637817383,
            0.11903858184814453,
            0.14295101165771484,
            0.12838172912597656,
            0.1892402172088623,
            0.12251806259155273,
            0.14026546478271484,
            0.12681794166564941,
            0.18036866188049316,
            0.12275242805480957,
            0.14356493949890137,
            0.12574529647827148
        ],
        "fit_computation_times": [
            0.009010791778564453,
            0.007814884185791016,
            0.011108875274658203,
            0.010021686553955078,
            0.008057355880737305,
            0.007752656936645508,
            0.009315967559814453,
            0.009345293045043945
        ]
    },
    "elapsed": 24.533541440963745
}