{
    "tensor_name": "uber",
    "sampler": "larsen_kolda_hybrid",
    "R": 25,
    "J": 131072,
    "trial": 2,
    "preprocessing": null,
    "initialization": null,
    "max_iterations": 40,
    "stop_tolerance": 0.0001,
    "tensor_order": 4,
    "trace": {
        "iterations": [
            0,
            5,
            10,
            15,
            20,
            25,
            30,
            35,
            40
        ],
        "fits": [
            -154.79733650328475,
            0.17806112506088378,
            0.18422458916924278,
            0.18619554049424503,
            0.18733848717632873,
            0.18832513471250467,
            0.18869848566918468,
            0.1890614437304875,
            0.18931861517974136
        ],
        "update_times": [
            0.025361299514770508,
            0.0224306583404541,
            0.022754192352294922,
            0.05076789855957031,
            0.08267903327941895,
            0.03572964668273926,
            0.06837129592895508,
            0.05063652992248535,
            0.08300304412841797,
            0.05843067169189453,
            0.05823826789855957,
            0.04929542541503906,
            0.08245182037353516,
            0.11265754699707031,
            0.05145668983459473,
            0.04953885078430176,
            0.08011388778686523,
            0.11910724639892578,
            0.061738014221191406,
            0.04736161231994629,
            0.08962416648864746,
            0.06850385665893555,
            0.06082320213317871,
            0.0609281063079834,
            0.08843064308166504,
            0.0349428653717041,
            0.05366373062133789,
            0.047857046127319336,
            0.08257627487182617,
            0.03636598587036133,
            0.0551145076751709,
            0.04903078079223633,
            0.07761645317077637,
            0.03371119499206543,
            0.052969932556152344,
            0.047937631607055664,
            0.08048677444458008,
            0.03545880317687988,
            0.055756330490112305,
            0.047022104263305664,
            0.07088160514831543,
            0.0366673469543457,
            0.05545520782470703,
            0.04439711570739746,
            0.07580423355102539,
            0.033173561096191406,
            0.05895686149597168,
            0.06545877456665039,
            0.0837862491607666,
            0.0439753532409668,
            0.05838465690612793,
            0.04987597465515137,
            0.07650399208068848,
            0.035214900970458984,
            0.05653572082519531,
            0.04879117012023926,
            0.07917475700378418,
            0.03477144241333008,
            0.053545236587524414,
            0.04777216911315918,
            0.06847500801086426,
            0.03114628791809082,
            0.052236080169677734,
            0.04775500297546387,
            0.07422828674316406,
            0.03348278999328613,
            0.05158710479736328,
            0.046416521072387695,
            0.07940387725830078,
            0.04636406898498535,
            0.05758500099182129,
            0.0451502799987793,
            0.07309246063232422,
            0.03064894676208496,
            0.052922964096069336,
            0.0778968334197998,
            0.09923672676086426,
            0.05597496032714844,
            0.06834888458251953,
            0.056079864501953125,
            0.07042455673217773,
            0.03343009948730469,
            0.05598187446594238,
            0.04767799377441406,
            0.07865715026855469,
            0.03444361686706543,
            0.05481410026550293,
            0.04795527458190918,
            0.07705330848693848,
            0.03316330909729004,
            0.05511903762817383,
            0.047716617584228516,
            0.09237384796142578,
            0.0955963134765625,
            0.05167436599731445,
            0.051787614822387695,
            0.07772278785705566,
            0.0328824520111084,
            0.05115222930908203,
            0.045248985290527344,
            0.06915664672851562,
            0.034716129302978516,
            0.05536031723022461,
            0.04824256896972656,
            0.08215522766113281,
            0.11918950080871582,
            0.05638432502746582,
            0.05002474784851074,
            0.08030509948730469,
            0.11463475227355957,
            0.06107807159423828,
            0.04700350761413574,
            0.08309793472290039,
            0.0921928882598877,
            0.08150267601013184,
            0.04644942283630371,
            0.0764150619506836,
            0.10210371017456055,
            0.0905611515045166,
            0.05406069755554199,
            0.13001370429992676,
            0.09447121620178223,
            0.0611271858215332,
            0.04824018478393555,
            0.08002638816833496,
            0.11671113967895508,
            0.08147239685058594,
            0.047866106033325195,
            0.07374429702758789,
            0.09127974510192871,
            0.10132074356079102,
            0.053693532943725586,
            0.0812079906463623,
            0.07950425148010254,
            0.08533954620361328,
            0.05406594276428223,
            0.07174181938171387,
            0.11589288711547852,
            0.0672757625579834,
            0.0498502254486084,
            0.1108095645904541,
            0.09969711303710938,
            0.07029294967651367,
            0.05069565773010254,
            0.0734550952911377,
            0.0903470516204834,
            0.06834053993225098,
            0.050386667251586914,
            0.07481122016906738,
            0.08107995986938477,
            0.05731678009033203,
            0.0474858283996582,
            0.07185482978820801,
            0.11591982841491699,
            0.07194304466247559,
            0.05004072189331055,
            0.09119677543640137,
            0.03565406799316406,
            0.052156925201416016,
            0.05826139450073242
        ],
        "fit_computation_times": [
            0.006727933883666992,
            0.008172035217285156,
            0.008219480514526367,
            0.0068399906158447266,
            0.007918119430541992,
            0.008224725723266602,
            0.006827831268310547,
            0.008051395416259766
        ]
    },
    "elapsed": 10.281733274459839
}