{
    "tensor_name": "uber",
    "sampler": "efficient",
    "R": 75,
    "J": 98304,
    "trial": 0,
    "preprocessing": null,
    "initialization": null,
    "max_iterations": 40,
    "stop_tolerance": 0.0001,
    "tensor_order": 4,
    "trace": {
        "iterations": [
            0,
            5,
            10,
            15,
            20,
            25,
            30,
            35,
            40
        ],
        "fits": [
            -261.7620443719862,
            0.21727583283441687,
            0.2228003028428177,
            0.2253760900254408,
            0.22730656912332492,
            0.2282092793476368,
            0.22855125959432887,
            0.22890352896790633,
            0.2290974464442781
        ],
        "update_times": [
            0.21913361549377441,
            0.19537115097045898,
            0.17769241333007812,
            0.19818615913391113,
            0.24039983749389648,
            0.20409440994262695,
            0.22112822532653809,
            0.1981809139251709,
            0.24022865295410156,
            0.20883941650390625,
            0.20639657974243164,
            0.26538801193237305,
            0.23587822914123535,
            0.21129727363586426,
            0.1984260082244873,
            0.23463988304138184,
            0.25034046173095703,
            0.20883727073669434,
            0.20322656631469727,
            0.20336365699768066,
            0.230241060256958,
            0.2156522274017334,
            0.20731878280639648,
            0.20250391960144043,
            0.23693513870239258,
            0.2152392864227295,
            0.21410322189331055,
            0.19013094902038574,
            0.2310957908630371,
            0.21545696258544922,
            0.19651317596435547,
            0.1941545009613037,
            0.23737049102783203,
            0.22137045860290527,
            0.21573901176452637,
            0.2121284008026123,
            0.24039578437805176,
            0.2214491367340088,
            0.2170567512512207,
            0.21432781219482422,
            0.23932313919067383,
            0.22568774223327637,
            0.20014715194702148,
            0.19632911682128906,
            0.22662782669067383,
            0.20563030242919922,
            0.2029109001159668,
            0.20097589492797852,
            0.22986721992492676,
            0.21458983421325684,
            0.19338226318359375,
            0.20183038711547852,
            0.23613286018371582,
            0.22091317176818848,
            0.21051788330078125,
            0.22019362449645996,
            0.2422325611114502,
            0.22585439682006836,
            0.21424651145935059,
            0.20856642723083496,
            0.2813601493835449,
            0.23123884201049805,
            0.21480822563171387,
            0.21475839614868164,
            0.27223801612854004,
            0.22881054878234863,
            0.22253036499023438,
            0.21630263328552246,
            0.26180529594421387,
            0.22591686248779297,
            0.22817087173461914,
            0.20766353607177734,
            0.26804304122924805,
            0.22571969032287598,
            0.2215876579284668,
            0.21490979194641113,
            0.2455146312713623,
            0.22220158576965332,
            0.2060558795928955,
            0.19258713722229004,
            0.22613048553466797,
            0.2080838680267334,
            0.20591092109680176,
            0.19505620002746582,
            0.22632431983947754,
            0.20933175086975098,
            0.2044661045074463,
            0.21069979667663574,
            0.23350167274475098,
            0.21392226219177246,
            0.204787015914917,
            0.20073795318603516,
            0.23473143577575684,
            0.21749234199523926,
            0.2060697078704834,
            0.19470953941345215,
            0.23535442352294922,
            0.21360468864440918,
            0.2355353832244873,
            0.21377944946289062,
            0.28490209579467773,
            0.2236342430114746,
            0.21515583992004395,
            0.22065448760986328,
            0.2704041004180908,
            0.22826409339904785,
            0.22626376152038574,
            0.23528146743774414,
            0.2618551254272461,
            0.23503828048706055,
            0.2225935459136963,
            0.22058987617492676,
            0.2767314910888672,
            0.2234783172607422,
            0.21638226509094238,
            0.21097445487976074,
            0.24371886253356934,
            0.22647953033447266,
            0.222151517868042,
            0.21429753303527832,
            0.24338245391845703,
            0.22478580474853516,
            0.2169344425201416,
            0.2152719497680664,
            0.23997020721435547,
            0.23290252685546875,
            0.21816706657409668,
            0.22200441360473633,
            0.2976200580596924,
            0.2348780632019043,
            0.22605133056640625,
            0.21480369567871094,
            0.2567179203033447,
            0.23102164268493652,
            0.2281804084777832,
            0.19651341438293457,
            0.237776517868042,
            0.22155261039733887,
            0.20490741729736328,
            0.19937920570373535,
            0.23032402992248535,
            0.21119904518127441,
            0.21722793579101562,
            0.21361827850341797,
            0.2437305450439453,
            0.22554779052734375,
            0.2177882194519043,
            0.21477699279785156,
            0.24083590507507324,
            0.22539806365966797,
            0.21410346031188965,
            0.21722841262817383,
            0.24320030212402344,
            0.22153449058532715,
            0.22325468063354492,
            0.2049727439880371,
            0.23557376861572266,
            0.23437213897705078,
            0.21000146865844727,
            0.20322203636169434
        ],
        "fit_computation_times": [
            0.007243633270263672,
            0.006652116775512695,
            0.00812840461730957,
            0.008208513259887695,
            0.008641481399536133,
            0.00679779052734375,
            0.006781578063964844,
            0.008337259292602539
        ]
    },
    "elapsed": 35.620696783065796
}