{
    "tensor_name": "uber",
    "sampler": "larsen_kolda_hybrid",
    "R": 50,
    "J": 425984,
    "trial": 0,
    "preprocessing": null,
    "initialization": null,
    "max_iterations": 40,
    "stop_tolerance": 0.0001,
    "tensor_order": 4,
    "trace": {
        "iterations": [
            0,
            5,
            10,
            15,
            20,
            25,
            30,
            35,
            40
        ],
        "fits": [
            -208.01894713934016,
            0.20535751263574653,
            0.21110864619269742,
            0.21322621833373168,
            0.21421306402158535,
            0.21487185927029384,
            0.21553864096947228,
            0.21577304531130748,
            0.21593428981698948
        ],
        "update_times": [
            0.12757086753845215,
            0.10040688514709473,
            0.11555600166320801,
            0.23901915550231934,
            0.25093722343444824,
            0.14618277549743652,
            0.2586946487426758,
            0.23523545265197754,
            0.25648021697998047,
            0.1665966510772705,
            0.25324201583862305,
            0.23815083503723145,
            0.24867844581604004,
            0.16454219818115234,
            0.2789878845214844,
            0.3603019714355469,
            0.2547264099121094,
            0.1514747142791748,
            0.286407470703125,
            0.2339773178100586,
            0.2434070110321045,
            0.15444731712341309,
            0.2645232677459717,
            0.24287676811218262,
            0.24916386604309082,
            0.16020894050598145,
            0.2631652355194092,
            0.22924041748046875,
            0.24106621742248535,
            0.16646456718444824,
            0.2704648971557617,
            0.30436110496520996,
            0.31262636184692383,
            0.16052532196044922,
            0.26685571670532227,
            0.24980616569519043,
            0.2773427963256836,
            0.16460967063903809,
            0.2849280834197998,
            0.23590946197509766,
            0.24902606010437012,
            0.1554422378540039,
            0.33354687690734863,
            0.24879121780395508,
            0.2837059497833252,
            0.16105151176452637,
            0.2502579689025879,
            0.24785184860229492,
            0.23161005973815918,
            0.15736889839172363,
            0.26240062713623047,
            0.29880332946777344,
            0.2728569507598877,
            0.16517090797424316,
            0.2552459239959717,
            0.2494208812713623,
            0.2557525634765625,
            0.18772101402282715,
            0.2540261745452881,
            0.2527132034301758,
            0.23217248916625977,
            0.15130043029785156,
            0.2540140151977539,
            0.2423996925354004,
            0.2554295063018799,
            0.15327668190002441,
            0.2542879581451416,
            0.2339932918548584,
            0.23737072944641113,
            0.15244436264038086,
            0.2534964084625244,
            0.2309553623199463,
            0.23479461669921875,
            0.15264248847961426,
            0.25623321533203125,
            0.2305128574371338,
            0.23887419700622559,
            0.15601491928100586,
            0.2704036235809326,
            0.24303317070007324,
            0.22908377647399902,
            0.16618037223815918,
            0.2538917064666748,
            0.23415327072143555,
            0.23615694046020508,
            0.1502394676208496,
            0.25903844833374023,
            0.23859548568725586,
            0.2389545440673828,
            0.16484808921813965,
            0.261094331741333,
            0.2657601833343506,
            0.25736165046691895,
            0.18196511268615723,
            0.2639651298522949,
            0.2403717041015625,
            0.24422144889831543,
            0.16224431991577148,
            0.26273012161254883,
            0.23947644233703613,
            0.24944519996643066,
            0.17618036270141602,
            0.27213311195373535,
            0.23258209228515625,
            0.25016069412231445,
            0.15265727043151855,
            0.25537562370300293,
            0.2446603775024414,
            0.23394250869750977,
            0.15659189224243164,
            0.27210426330566406,
            0.23724150657653809,
            0.25588059425354004,
            0.16545367240905762,
            0.26978039741516113,
            0.2295529842376709,
            0.23817801475524902,
            0.17116189002990723,
            0.2617197036743164,
            0.2337195873260498,
            0.29357409477233887,
            0.14887166023254395,
            0.25679755210876465,
            0.23075652122497559,
            0.23534703254699707,
            0.14798307418823242,
            0.2567558288574219,
            0.23214149475097656,
            0.24082112312316895,
            0.1653916835784912,
            0.2847404479980469,
            0.25348758697509766,
            0.2673783302307129,
            0.16966533660888672,
            0.2675590515136719,
            0.23874306678771973,
            0.24342727661132812,
            0.1489574909210205,
            0.2554633617401123,
            0.24630451202392578,
            0.22862792015075684,
            0.15211153030395508,
            0.2493607997894287,
            0.2380831241607666,
            0.2524411678314209,
            0.16865849494934082,
            0.25791072845458984,
            0.30284571647644043,
            0.26927709579467773,
            0.15818166732788086,
            0.2652401924133301,
            0.2371845245361328,
            0.25135087966918945,
            0.16518807411193848,
            0.2522544860839844,
            0.25046443939208984,
            0.25888752937316895,
            0.16914916038513184,
            0.2593874931335449,
            0.2538492679595947
        ],
        "fit_computation_times": [
            0.008992671966552734,
            0.008957147598266602,
            0.008954286575317383,
            0.00889444351196289,
            0.009095907211303711,
            0.0099945068359375,
            0.008958816528320312,
            0.008938789367675781
        ]
    },
    "elapsed": 36.740105390548706
}