{
    "tensor_name": "uber",
    "sampler": "efficient",
    "R": 75,
    "J": 163840,
    "trial": 2,
    "preprocessing": null,
    "initialization": null,
    "max_iterations": 40,
    "stop_tolerance": 0.0001,
    "tensor_order": 4,
    "trace": {
        "iterations": [
            0,
            5,
            10,
            15,
            20,
            25,
            30,
            35,
            40
        ],
        "fits": [
            -260.42784120277133,
            0.21803422376517756,
            0.22346986589571727,
            0.22599116161294452,
            0.22779700813156,
            0.22877525532457677,
            0.22928996712114924,
            0.22964415487697398,
            0.22992797729518855
        ],
        "update_times": [
            0.31018781661987305,
            0.3117518424987793,
            0.4188985824584961,
            0.35784101486206055,
            0.466292142868042,
            0.3320798873901367,
            0.3617899417877197,
            0.3290526866912842,
            0.38758373260498047,
            0.3371438980102539,
            0.35447072982788086,
            0.3407278060913086,
            0.38078808784484863,
            0.3664591312408447,
            0.37148237228393555,
            0.34218692779541016,
            0.42568469047546387,
            0.33951735496520996,
            0.3575894832611084,
            0.3257322311401367,
            0.3546886444091797,
            0.3217628002166748,
            0.33371877670288086,
            0.30549168586730957,
            0.37604498863220215,
            0.346954345703125,
            0.35772061347961426,
            0.33173274993896484,
            0.3769862651824951,
            0.32625246047973633,
            0.35641026496887207,
            0.311248779296875,
            0.3655858039855957,
            0.3004443645477295,
            0.3436589241027832,
            0.3351881504058838,
            0.39240384101867676,
            0.3371145725250244,
            0.34422802925109863,
            0.31283068656921387,
            0.4211766719818115,
            0.3360936641693115,
            0.3518798351287842,
            0.3427743911743164,
            0.47716379165649414,
            0.3486936092376709,
            0.38231682777404785,
            0.31696438789367676,
            0.3884608745574951,
            0.326892614364624,
            0.34503722190856934,
            0.3133213520050049,
            0.36533641815185547,
            0.3368046283721924,
            0.3590385913848877,
            0.31405043601989746,
            0.39014744758605957,
            0.3196070194244385,
            0.358184814453125,
            0.3418452739715576,
            0.3913910388946533,
            0.40633106231689453,
            0.4133493900299072,
            0.41018033027648926,
            0.4618692398071289,
            0.3756542205810547,
            0.3787829875946045,
            0.3472609519958496,
            0.40885186195373535,
            0.35223937034606934,
            0.37839293479919434,
            0.33934617042541504,
            0.3995373249053955,
            0.34795260429382324,
            0.3938777446746826,
            0.35245847702026367,
            0.4202592372894287,
            0.3415677547454834,
            0.36358141899108887,
            0.33461499214172363,
            0.402543306350708,
            0.3456110954284668,
            0.37973523139953613,
            0.34183168411254883,
            0.3900487422943115,
            0.32901835441589355,
            0.3558058738708496,
            0.34200334548950195,
            0.39215731620788574,
            0.33835673332214355,
            0.36756396293640137,
            0.3292982578277588,
            0.38873982429504395,
            0.34032678604125977,
            0.3637583255767822,
            0.3388195037841797,
            0.4103271961212158,
            0.34850621223449707,
            0.3656790256500244,
            0.3312337398529053,
            0.4011573791503906,
            0.34140753746032715,
            0.36354541778564453,
            0.33850550651550293,
            0.4084904193878174,
            0.3481626510620117,
            0.3873000144958496,
            0.3801102638244629,
            0.41607236862182617,
            0.386946439743042,
            0.38768577575683594,
            0.3865633010864258,
            0.4112417697906494,
            0.4207801818847656,
            0.3835160732269287,
            0.3460564613342285,
            0.40891313552856445,
            0.34893131256103516,
            0.38474178314208984,
            0.38094234466552734,
            0.41946935653686523,
            0.3730599880218506,
            0.38761401176452637,
            0.3517794609069824,
            0.4133574962615967,
            0.34546637535095215,
            0.36871910095214844,
            0.3357701301574707,
            0.4278082847595215,
            0.34861111640930176,
            0.37120532989501953,
            0.3342723846435547,
            0.4147334098815918,
            0.36353564262390137,
            0.39560580253601074,
            0.33176445960998535,
            0.4374384880065918,
            0.3636753559112549,
            0.3784902095794678,
            0.34671449661254883,
            0.4115023612976074,
            0.34472227096557617,
            0.3948986530303955,
            0.34000277519226074,
            0.44310736656188965,
            0.3461472988128662,
            0.40483522415161133,
            0.35442638397216797,
            0.44362306594848633,
            0.35126352310180664,
            0.37703752517700195,
            0.33255529403686523,
            0.45190954208374023,
            0.3515932559967041,
            0.3719949722290039,
            0.3397364616394043,
            0.42263031005859375,
            0.36138153076171875,
            0.3950495719909668,
            0.3384826183319092
        ],
        "fit_computation_times": [
            0.009414434432983398,
            0.007872819900512695,
            0.009890556335449219,
            0.008084535598754883,
            0.00830531120300293,
            0.008193016052246094,
            0.01209402084350586,
            0.008240461349487305
        ]
    },
    "elapsed": 58.801870584487915
}