{
    "tensor_name": "uber",
    "sampler": "larsen_kolda_hybrid",
    "R": 75,
    "J": 65536,
    "trial": 0,
    "preprocessing": null,
    "initialization": null,
    "max_iterations": 40,
    "stop_tolerance": 0.0001,
    "tensor_order": 4,
    "trace": {
        "iterations": [
            0,
            5,
            10,
            15,
            20,
            25,
            30,
            35,
            40
        ],
        "fits": [
            -263.0838679254156,
            0.21037479461120878,
            0.21382776975241036,
            0.21463192530079955,
            0.2171003066849425,
            0.2167761374867676,
            0.21847638004997993,
            0.21740286999572644,
            0.2177511080331549
        ],
        "update_times": [
            0.03196859359741211,
            0.03866887092590332,
            0.06316924095153809,
            0.060552120208740234,
            0.08319759368896484,
            0.044077396392822266,
            0.07159972190856934,
            0.06757998466491699,
            0.08751988410949707,
            0.041597604751586914,
            0.08196330070495605,
            0.06968212127685547,
            0.09009909629821777,
            0.043612003326416016,
            0.07088208198547363,
            0.07165646553039551,
            0.15429425239562988,
            0.051764726638793945,
            0.09315752983093262,
            0.06711030006408691,
            0.0900728702545166,
            0.04504799842834473,
            0.07856178283691406,
            0.11428546905517578,
            0.09591293334960938,
            0.0516355037689209,
            0.07511186599731445,
            0.12664532661437988,
            0.11236858367919922,
            0.12871575355529785,
            0.09506511688232422,
            0.09934306144714355,
            0.15029454231262207,
            0.1320350170135498,
            0.11542844772338867,
            0.0897369384765625,
            0.10157179832458496,
            0.10328364372253418,
            0.08263778686523438,
            0.1448655128479004,
            0.10635733604431152,
            0.12587904930114746,
            0.08942484855651855,
            0.10596442222595215,
            0.09117007255554199,
            0.045122385025024414,
            0.07450985908508301,
            0.07050728797912598,
            0.0854954719543457,
            0.046880483627319336,
            0.09383130073547363,
            0.07236075401306152,
            0.14423012733459473,
            0.053661346435546875,
            0.0744328498840332,
            0.0713040828704834,
            0.0992727279663086,
            0.05258369445800781,
            0.07979631423950195,
            0.07170629501342773,
            0.08792233467102051,
            0.04713940620422363,
            0.08362865447998047,
            0.06875395774841309,
            0.09235095977783203,
            0.050455570220947266,
            0.0745697021484375,
            0.07233572006225586,
            0.11357378959655762,
            0.045043230056762695,
            0.07421493530273438,
            0.07929563522338867,
            0.10215568542480469,
            0.06589746475219727,
            0.10729551315307617,
            0.08406853675842285,
            0.1175837516784668,
            0.04763054847717285,
            0.07348513603210449,
            0.07449722290039062,
            0.08431434631347656,
            0.04840993881225586,
            0.07329106330871582,
            0.07617974281311035,
            0.08988666534423828,
            0.056604623794555664,
            0.07519006729125977,
            0.06495857238769531,
            0.0833740234375,
            0.049176692962646484,
            0.0664823055267334,
            0.06337094306945801,
            0.0823824405670166,
            0.048203468322753906,
            0.06741118431091309,
            0.06035470962524414,
            0.08572530746459961,
            0.043433189392089844,
            0.06702399253845215,
            0.06374692916870117,
            0.08599352836608887,
            0.041025400161743164,
            0.07021832466125488,
            0.06728696823120117,
            0.09499192237854004,
            0.0470123291015625,
            0.13081574440002441,
            0.10004997253417969,
            0.11153054237365723,
            0.10928559303283691,
            0.09447765350341797,
            0.09753155708312988,
            0.08561134338378906,
            0.04529619216918945,
            0.07529306411743164,
            0.06443309783935547,
            0.09024572372436523,
            0.04385638236999512,
            0.06915807723999023,
            0.06463837623596191,
            0.09013581275939941,
            0.04577994346618652,
            0.0675194263458252,
            0.06252384185791016,
            0.10279440879821777,
            0.06087303161621094,
            0.09504199028015137,
            0.11293435096740723,
            0.13228511810302734,
            0.052443742752075195,
            0.14647531509399414,
            0.08961224555969238,
            0.1247243881225586,
            0.0670626163482666,
            0.0806574821472168,
            0.07645130157470703,
            0.09055495262145996,
            0.0439295768737793,
            0.06907510757446289,
            0.0628819465637207,
            0.08530926704406738,
            0.039498090744018555,
            0.06937766075134277,
            0.06107974052429199,
            0.08452129364013672,
            0.041970252990722656,
            0.07748746871948242,
            0.10387206077575684,
            0.15203046798706055,
            0.09290862083435059,
            0.12422585487365723,
            0.10379195213317871,
            0.09595966339111328,
            0.06773853302001953,
            0.07459855079650879,
            0.06736135482788086,
            0.08157777786254883,
            0.04167342185974121,
            0.07036018371582031,
            0.07064270973205566
        ],
        "fit_computation_times": [
            0.011677980422973633,
            0.009368658065795898,
            0.008921623229980469,
            0.008916139602661133,
            0.009015083312988281,
            0.00883030891418457,
            0.009112834930419922,
            0.009012460708618164
        ]
    },
    "elapsed": 12.95506763458252
}