{
    "tensor_name": "uber",
    "sampler": "larsen_kolda_hybrid",
    "R": 100,
    "J": 229376,
    "trial": 1,
    "preprocessing": null,
    "initialization": null,
    "max_iterations": 40,
    "stop_tolerance": 0.0001,
    "tensor_order": 4,
    "trace": {
        "iterations": [
            0,
            5,
            10,
            15,
            20,
            25,
            30,
            35,
            40
        ],
        "fits": [
            -303.8143029629081,
            0.22068109619853638,
            0.22572751065122176,
            0.22849736680565613,
            0.2292691234219748,
            0.23145001338819782,
            0.23075851107453538,
            0.23150016855462152,
            0.232264970435359
        ],
        "update_times": [
            0.09456276893615723,
            0.10541915893554688,
            0.11757612228393555,
            0.23756742477416992,
            0.23549509048461914,
            0.14388585090637207,
            0.2633693218231201,
            0.23003721237182617,
            0.2648200988769531,
            0.14422225952148438,
            0.2541649341583252,
            0.253922700881958,
            0.27452731132507324,
            0.14300203323364258,
            0.2611253261566162,
            0.24352025985717773,
            0.26032280921936035,
            0.15436959266662598,
            0.25657176971435547,
            0.2468712329864502,
            0.27533578872680664,
            0.14856338500976562,
            0.25855255126953125,
            0.24626779556274414,
            0.2652575969696045,
            0.16553020477294922,
            0.26929235458374023,
            0.2546696662902832,
            0.28212451934814453,
            0.13337969779968262,
            0.25877833366394043,
            0.25838327407836914,
            0.2516794204711914,
            0.1548595428466797,
            0.24772286415100098,
            0.24260973930358887,
            0.2455298900604248,
            0.14914250373840332,
            0.25728440284729004,
            0.2376859188079834,
            0.2381751537322998,
            0.20319151878356934,
            0.2440812587738037,
            0.24332499504089355,
            0.25281858444213867,
            0.14208364486694336,
            0.27827882766723633,
            0.2586972713470459,
            0.2597231864929199,
            0.1438312530517578,
            0.2675025463104248,
            0.24398589134216309,
            0.27605152130126953,
            0.16176199913024902,
            0.2687540054321289,
            0.2583913803100586,
            0.2518575191497803,
            0.1627521514892578,
            0.2873497009277344,
            0.24737191200256348,
            0.27190613746643066,
            0.14042329788208008,
            0.2608602046966553,
            0.2509453296661377,
            0.2602083683013916,
            0.1508045196533203,
            0.25452589988708496,
            0.2554969787597656,
            0.297105073928833,
            0.14087486267089844,
            0.33077263832092285,
            0.2721431255340576,
            0.30402088165283203,
            0.18822383880615234,
            0.2568814754486084,
            0.23955535888671875,
            0.26120567321777344,
            0.14456605911254883,
            0.28015923500061035,
            0.24520659446716309,
            0.23511171340942383,
            0.13915133476257324,
            0.25640249252319336,
            0.22104191780090332,
            0.25686001777648926,
            0.14261674880981445,
            0.2522289752960205,
            0.24001002311706543,
            0.26108646392822266,
            0.1502852439880371,
            0.26413440704345703,
            0.23943781852722168,
            0.243760347366333,
            0.14155793190002441,
            0.255634069442749,
            0.23489093780517578,
            0.25608110427856445,
            0.13793301582336426,
            0.2651033401489258,
            0.22489356994628906,
            0.23731470108032227,
            0.15485715866088867,
            0.26895594596862793,
            0.23967695236206055,
            0.2590665817260742,
            0.13869667053222656,
            0.2553844451904297,
            0.2337028980255127,
            0.24703693389892578,
            0.14374899864196777,
            0.23895716667175293,
            0.2318418025970459,
            0.24835419654846191,
            0.1363210678100586,
            0.22734737396240234,
            0.22026562690734863,
            0.24116110801696777,
            0.134293794631958,
            0.23978304862976074,
            0.2323474884033203,
            0.23943471908569336,
            0.14659786224365234,
            0.2459111213684082,
            0.22203636169433594,
            0.23599576950073242,
            0.1343848705291748,
            0.23234844207763672,
            0.23610210418701172,
            0.24374842643737793,
            0.13491344451904297,
            0.22752881050109863,
            0.2274799346923828,
            0.23958420753479004,
            0.1298513412475586,
            0.25176382064819336,
            0.22098302841186523,
            0.24356675148010254,
            0.1530444622039795,
            0.25128817558288574,
            0.2381606101989746,
            0.24445486068725586,
            0.14077281951904297,
            0.23308706283569336,
            0.22222161293029785,
            0.23888945579528809,
            0.14049696922302246,
            0.24424219131469727,
            0.264876127243042,
            0.28281593322753906,
            0.15745139122009277,
            0.28589558601379395,
            0.24663686752319336,
            0.26079773902893066,
            0.13708114624023438,
            0.26282620429992676,
            0.2575399875640869,
            0.2650580406188965,
            0.1401536464691162,
            0.2609531879425049,
            0.25444793701171875
        ],
        "fit_computation_times": [
            0.010985374450683594,
            0.010892868041992188,
            0.011863231658935547,
            0.011598587036132812,
            0.011137247085571289,
            0.010787248611450195,
            0.010962963104248047,
            0.011609077453613281
        ]
    },
    "elapsed": 35.949384689331055
}