{
    "tensor_name": "uber",
    "sampler": "efficient",
    "R": 50,
    "J": 131072,
    "trial": 3,
    "preprocessing": null,
    "initialization": null,
    "max_iterations": 40,
    "stop_tolerance": 0.0001,
    "tensor_order": 4,
    "trace": {
        "iterations": [
            0,
            5,
            10,
            15,
            20,
            25,
            30,
            35,
            40
        ],
        "fits": [
            -206.04957682853282,
            0.20599323065074437,
            0.21230215957184362,
            0.21414920604426702,
            0.21495617035436776,
            0.21549971040062899,
            0.21600728910270772,
            0.21646866016247912,
            0.2169186537970017
        ],
        "update_times": [
            0.11713647842407227,
            0.13402247428894043,
            0.12906789779663086,
            0.16769075393676758,
            0.19182658195495605,
            0.16347432136535645,
            0.17325901985168457,
            0.14214825630187988,
            0.1900191307067871,
            0.14490103721618652,
            0.17565011978149414,
            0.13440608978271484,
            0.19029664993286133,
            0.15642023086547852,
            0.17463159561157227,
            0.13691449165344238,
            0.1937868595123291,
            0.15536093711853027,
            0.16984772682189941,
            0.13458609580993652,
            0.1935257911682129,
            0.1537182331085205,
            0.16908979415893555,
            0.13999104499816895,
            0.18556427955627441,
            0.1581587791442871,
            0.16643095016479492,
            0.14072394371032715,
            0.19006896018981934,
            0.1491997241973877,
            0.19157743453979492,
            0.14681601524353027,
            0.18060636520385742,
            0.1484992504119873,
            0.16831517219543457,
            0.1365973949432373,
            0.21505093574523926,
            0.16020941734313965,
            0.17871952056884766,
            0.1394495964050293,
            0.1862640380859375,
            0.15908145904541016,
            0.1886587142944336,
            0.15465211868286133,
            0.192108154296875,
            0.15986108779907227,
            0.17458510398864746,
            0.13815879821777344,
            0.18695950508117676,
            0.15099620819091797,
            0.1801161766052246,
            0.14061474800109863,
            0.19163727760314941,
            0.16086602210998535,
            0.17524266242980957,
            0.14196276664733887,
            0.1914384365081787,
            0.1633133888244629,
            0.1722416877746582,
            0.14094138145446777,
            0.18775367736816406,
            0.15051698684692383,
            0.16937851905822754,
            0.13425755500793457,
            0.2034459114074707,
            0.15813302993774414,
            0.18354058265686035,
            0.14080166816711426,
            0.20075678825378418,
            0.1727766990661621,
            0.1725142002105713,
            0.13000059127807617,
            0.1797342300415039,
            0.16656851768493652,
            0.17453646659851074,
            0.148026704788208,
            0.1844806671142578,
            0.14510869979858398,
            0.1706843376159668,
            0.13410377502441406,
            0.17505979537963867,
            0.15008282661437988,
            0.1741011142730713,
            0.13950133323669434,
            0.1906130313873291,
            0.15166735649108887,
            0.1762244701385498,
            0.13173389434814453,
            0.18844366073608398,
            0.1545097827911377,
            0.15781164169311523,
            0.13756990432739258,
            0.18994879722595215,
            0.1526477336883545,
            0.16615724563598633,
            0.13273978233337402,
            0.19239234924316406,
            0.1577153205871582,
            0.1780533790588379,
            0.13772082328796387,
            0.1911327838897705,
            0.14497637748718262,
            0.18206548690795898,
            0.13163304328918457,
            0.202423095703125,
            0.15520238876342773,
            0.16976380348205566,
            0.13394618034362793,
            0.1822824478149414,
            0.15249180793762207,
            0.16984176635742188,
            0.13019943237304688,
            0.1954808235168457,
            0.15730023384094238,
            0.16901230812072754,
            0.13611912727355957,
            0.19372200965881348,
            0.1469283103942871,
            0.17350125312805176,
            0.14026546478271484,
            0.20212531089782715,
            0.14902806282043457,
            0.16483497619628906,
            0.13484430313110352,
            0.19487309455871582,
            0.15056443214416504,
            0.17001128196716309,
            0.14123058319091797,
            0.18703556060791016,
            0.150007963180542,
            0.1832587718963623,
            0.13932275772094727,
            0.18852496147155762,
            0.14951395988464355,
            0.17094850540161133,
            0.13440203666687012,
            0.19555354118347168,
            0.16481351852416992,
            0.16918635368347168,
            0.13184428215026855,
            0.1927034854888916,
            0.14824986457824707,
            0.19186806678771973,
            0.14393067359924316,
            0.17846083641052246,
            0.1658344268798828,
            0.17334580421447754,
            0.132277250289917,
            0.1916813850402832,
            0.15544652938842773,
            0.17708826065063477,
            0.1279611587524414,
            0.18873929977416992,
            0.16454648971557617,
            0.1638643741607666,
            0.12788915634155273,
            0.18293452262878418,
            0.1422746181488037,
            0.16896963119506836,
            0.1303577423095703
        ],
        "fit_computation_times": [
            0.007481575012207031,
            0.007511615753173828,
            0.008023738861083984,
            0.007490873336791992,
            0.0073394775390625,
            0.0076868534088134766,
            0.0074918270111083984,
            0.008028745651245117
        ]
    },
    "elapsed": 26.225652933120728
}