{
    "tensor_name": "uber",
    "sampler": "larsen_kolda_hybrid",
    "R": 50,
    "J": 393216,
    "trial": 1,
    "preprocessing": null,
    "initialization": null,
    "max_iterations": 40,
    "stop_tolerance": 0.0001,
    "tensor_order": 4,
    "trace": {
        "iterations": [
            0,
            5,
            10,
            15,
            20,
            25,
            30,
            35,
            40
        ],
        "fits": [
            -210.59098139701254,
            0.20478948923360907,
            0.2103348833821309,
            0.21229970980912682,
            0.21402108667548714,
            0.21518230587739073,
            0.2156844767266095,
            0.21642588819794017,
            0.21697369885013895
        ],
        "update_times": [
            0.11526298522949219,
            0.10381889343261719,
            0.10521817207336426,
            0.20473742485046387,
            0.22545075416564941,
            0.12938690185546875,
            0.23867058753967285,
            0.21348929405212402,
            0.21639394760131836,
            0.17056512832641602,
            0.2353062629699707,
            0.20640993118286133,
            0.22391128540039062,
            0.14371132850646973,
            0.2305159568786621,
            0.21265459060668945,
            0.2134099006652832,
            0.13706755638122559,
            0.22293615341186523,
            0.21074461936950684,
            0.2930026054382324,
            0.143296480178833,
            0.23281264305114746,
            0.20966768264770508,
            0.23387670516967773,
            0.13625073432922363,
            0.24870753288269043,
            0.20462679862976074,
            0.21747112274169922,
            0.1267852783203125,
            0.22158026695251465,
            0.20158004760742188,
            0.22037029266357422,
            0.12605690956115723,
            0.22088861465454102,
            0.2015831470489502,
            0.2185211181640625,
            0.12474942207336426,
            0.2224438190460205,
            0.20074224472045898,
            0.21896600723266602,
            0.13650107383728027,
            0.23028159141540527,
            0.2081303596496582,
            0.2361736297607422,
            0.14022612571716309,
            0.24848127365112305,
            0.2190532684326172,
            0.22416138648986816,
            0.1448061466217041,
            0.24556398391723633,
            0.21350359916687012,
            0.24015450477600098,
            0.14008307456970215,
            0.24710488319396973,
            0.2103862762451172,
            0.21468448638916016,
            0.14392995834350586,
            0.2350449562072754,
            0.21553540229797363,
            0.22217369079589844,
            0.12847161293029785,
            0.22187113761901855,
            0.2110743522644043,
            0.21055841445922852,
            0.1279139518737793,
            0.22951602935791016,
            0.21590662002563477,
            0.22227954864501953,
            0.14488434791564941,
            0.22847485542297363,
            0.21375346183776855,
            0.22793078422546387,
            0.1427440643310547,
            0.2328510284423828,
            0.21653246879577637,
            0.21585488319396973,
            0.14561867713928223,
            0.23036670684814453,
            0.2238614559173584,
            0.2249751091003418,
            0.1383225917816162,
            0.24041748046875,
            0.21048188209533691,
            0.2309267520904541,
            0.12637686729431152,
            0.23233485221862793,
            0.211470365524292,
            0.2008802890777588,
            0.1286466121673584,
            0.23315954208374023,
            0.21120643615722656,
            0.20627808570861816,
            0.13426542282104492,
            0.23082566261291504,
            0.1990654468536377,
            0.2090902328491211,
            0.13077974319458008,
            0.21782517433166504,
            0.19912171363830566,
            0.20219945907592773,
            0.1315772533416748,
            0.22448062896728516,
            0.21511006355285645,
            0.21312499046325684,
            0.1291041374206543,
            0.23505020141601562,
            0.20781803131103516,
            0.2163710594177246,
            0.13209152221679688,
            0.23044991493225098,
            0.20701861381530762,
            0.22120046615600586,
            0.1522541046142578,
            0.23175477981567383,
            0.20472311973571777,
            0.2121896743774414,
            0.131256103515625,
            0.23276495933532715,
            0.22485995292663574,
            0.21550416946411133,
            0.13236308097839355,
            0.2244703769683838,
            0.2080538272857666,
            0.23303580284118652,
            0.1401071548461914,
            0.23428869247436523,
            0.20860505104064941,
            0.2274174690246582,
            0.16837477684020996,
            0.24946188926696777,
            0.22140097618103027,
            0.23102116584777832,
            0.14333748817443848,
            0.24873733520507812,
            0.22954034805297852,
            0.21872806549072266,
            0.12856626510620117,
            0.22639036178588867,
            0.21157407760620117,
            0.2264080047607422,
            0.12959742546081543,
            0.23262810707092285,
            0.22389841079711914,
            0.22028183937072754,
            0.13752102851867676,
            0.22994685173034668,
            0.21202611923217773,
            0.2232069969177246,
            0.1474459171295166,
            0.24893712997436523,
            0.2263813018798828,
            0.23882484436035156,
            0.1428225040435791,
            0.2309577465057373,
            0.2186131477355957,
            0.23235249519348145,
            0.13329315185546875,
            0.2503805160522461,
            0.21007061004638672
        ],
        "fit_computation_times": [
            0.008060455322265625,
            0.0073893070220947266,
            0.007351398468017578,
            0.00743412971496582,
            0.008941173553466797,
            0.00731968879699707,
            0.007668256759643555,
            0.007513999938964844
        ]
    },
    "elapsed": 32.0538911819458
}