{
    "tensor_name": "uber",
    "sampler": "efficient",
    "R": 100,
    "J": 65536,
    "trial": 3,
    "preprocessing": null,
    "initialization": null,
    "max_iterations": 40,
    "stop_tolerance": 0.0001,
    "tensor_order": 4,
    "trace": {
        "iterations": [
            0,
            5,
            10,
            15,
            20,
            25,
            30,
            35,
            40
        ],
        "fits": [
            -299.15537534869355,
            0.22474825563757572,
            0.2323764694486038,
            0.23455193978557065,
            0.23578818816148817,
            0.23672075633396483,
            0.23720433695244192,
            0.23736388828333244,
            0.23753610910215717
        ],
        "update_times": [
            0.20994997024536133,
            0.2138669490814209,
            0.2185816764831543,
            0.22867584228515625,
            0.296597957611084,
            0.24755311012268066,
            0.22975730895996094,
            0.21180343627929688,
            0.28115320205688477,
            0.2367262840270996,
            0.23180365562438965,
            0.23304176330566406,
            0.30141401290893555,
            0.242844820022583,
            0.23829936981201172,
            0.2125403881072998,
            0.3002135753631592,
            0.2433478832244873,
            0.2484884262084961,
            0.21187186241149902,
            0.29709482192993164,
            0.24301481246948242,
            0.22945261001586914,
            0.2283189296722412,
            0.29200148582458496,
            0.24817705154418945,
            0.23937511444091797,
            0.23143744468688965,
            0.34825825691223145,
            0.23127961158752441,
            0.22456789016723633,
            0.22501349449157715,
            0.2939155101776123,
            0.28156304359436035,
            0.2645905017852783,
            0.22170138359069824,
            0.2756307125091553,
            0.2874176502227783,
            0.20934677124023438,
            0.21104216575622559,
            0.2778196334838867,
            0.25455212593078613,
            0.22705960273742676,
            0.22472453117370605,
            0.2791285514831543,
            0.2368791103363037,
            0.2774186134338379,
            0.21856093406677246,
            0.2897014617919922,
            0.23731732368469238,
            0.22072291374206543,
            0.21042752265930176,
            0.2770955562591553,
            0.24888992309570312,
            0.23238492012023926,
            0.22201061248779297,
            0.29212236404418945,
            0.26035380363464355,
            0.23850774765014648,
            0.22353744506835938,
            0.2867276668548584,
            0.23318147659301758,
            0.21042776107788086,
            0.21459507942199707,
            0.28678059577941895,
            0.22913742065429688,
            0.22054100036621094,
            0.23494625091552734,
            0.2787153720855713,
            0.2496042251586914,
            0.2368013858795166,
            0.2763824462890625,
            0.30314183235168457,
            0.249053955078125,
            0.22314667701721191,
            0.21724915504455566,
            0.3092367649078369,
            0.256481409072876,
            0.22720837593078613,
            0.22924375534057617,
            0.28624963760375977,
            0.24225592613220215,
            0.21429133415222168,
            0.21524477005004883,
            0.28254199028015137,
            0.2390131950378418,
            0.2276592254638672,
            0.21382832527160645,
            0.29419779777526855,
            0.31251025199890137,
            0.220261812210083,
            0.22409963607788086,
            0.3187065124511719,
            0.23573088645935059,
            0.22984981536865234,
            0.2215414047241211,
            0.29887819290161133,
            0.23962616920471191,
            0.2514791488647461,
            0.21746325492858887,
            0.33564281463623047,
            0.25267577171325684,
            0.2226543426513672,
            0.2305006980895996,
            0.31343793869018555,
            0.2531912326812744,
            0.21231603622436523,
            0.22586274147033691,
            0.3103973865509033,
            0.2355210781097412,
            0.220916748046875,
            0.20655393600463867,
            0.2719113826751709,
            0.24817180633544922,
            0.22525644302368164,
            0.24280500411987305,
            0.296680212020874,
            0.28005337715148926,
            0.22938895225524902,
            0.20654010772705078,
            0.26879405975341797,
            0.26038503646850586,
            0.2304246425628662,
            0.22356390953063965,
            0.3290979862213135,
            0.25255918502807617,
            0.2355794906616211,
            0.22269892692565918,
            0.28459954261779785,
            0.25020575523376465,
            0.24115681648254395,
            0.21993565559387207,
            0.2816147804260254,
            0.24257659912109375,
            0.23099899291992188,
            0.2148582935333252,
            0.2758443355560303,
            0.23909449577331543,
            0.22608280181884766,
            0.2139296531677246,
            0.31983137130737305,
            0.24400615692138672,
            0.25097107887268066,
            0.22490453720092773,
            0.30428338050842285,
            0.252779483795166,
            0.2294318675994873,
            0.20978498458862305,
            0.2865638732910156,
            0.23844242095947266,
            0.2295987606048584,
            0.22522640228271484,
            0.3023366928100586,
            0.2577080726623535,
            0.2357029914855957,
            0.2364819049835205,
            0.3114907741546631,
            0.2727837562561035,
            0.2330172061920166,
            0.23059320449829102
        ],
        "fit_computation_times": [
            0.007942914962768555,
            0.007851362228393555,
            0.008311986923217773,
            0.007933855056762695,
            0.0081787109375,
            0.008198976516723633,
            0.007664918899536133,
            0.007991790771484375
        ]
    },
    "elapsed": 39.97080659866333
}