{
    "tensor_name": "nell-2",
    "sampler": "efficient",
    "R": 100,
    "J": 229376,
    "trial": 3,
    "preprocessing": "log_count",
    "initialization": null,
    "max_iterations": 40,
    "stop_tolerance": 0.0001,
    "tensor_order": 3,
    "trace": {
        "iterations": [
            0,
            5,
            10,
            15,
            20,
            25,
            30,
            35,
            40
        ],
        "fits": [
            -1703.0132385973686,
            0.06548670798531075,
            0.0716640462613618,
            0.07425128158413774,
            0.07570191937550341,
            0.07637380958184548,
            0.07672374123795356,
            0.07695711149917883,
            0.07712529053482531
        ],
        "update_times": [
            0.5139288902282715,
            0.6699323654174805,
            1.9231104850769043,
            0.8749194145202637,
            0.7730333805084229,
            1.8784120082855225,
            0.9456396102905273,
            0.7069551944732666,
            1.6667051315307617,
            0.9322090148925781,
            0.7486631870269775,
            1.7076306343078613,
            0.9944765567779541,
            0.7413785457611084,
            1.6729099750518799,
            0.9452323913574219,
            0.7341763973236084,
            1.709202766418457,
            0.9788732528686523,
            0.7427842617034912,
            1.7020668983459473,
            0.9686522483825684,
            0.7813849449157715,
            1.738553524017334,
            0.9778234958648682,
            0.7810330390930176,
            1.6977829933166504,
            0.9978687763214111,
            0.7692382335662842,
            1.7172894477844238,
            1.002577543258667,
            0.8628709316253662,
            1.7674353122711182,
            1.0133051872253418,
            0.7613708972930908,
            1.7198855876922607,
            0.9953587055206299,
            0.7958250045776367,
            1.7432363033294678,
            1.003049373626709,
            0.7332391738891602,
            1.7505125999450684,
            0.9995584487915039,
            0.7254149913787842,
            1.7363996505737305,
            1.0012829303741455,
            0.8012199401855469,
            1.7460706233978271,
            1.0014698505401611,
            0.7639331817626953,
            1.7771801948547363,
            1.0005192756652832,
            0.7862145900726318,
            1.7813630104064941,
            1.0328552722930908,
            0.7746610641479492,
            1.8046460151672363,
            0.9629087448120117,
            0.757530927658081,
            1.81907057762146,
            1.0502572059631348,
            0.7553622722625732,
            1.795595407485962,
            0.9129068851470947,
            0.7308516502380371,
            1.7615725994110107,
            1.0410432815551758,
            0.7740864753723145,
            1.7792537212371826,
            1.0521495342254639,
            0.7678368091583252,
            1.7729122638702393,
            1.0267784595489502,
            0.7532086372375488,
            1.7326281070709229,
            1.0476064682006836,
            0.7673947811126709,
            1.7563107013702393,
            1.0866351127624512,
            0.7755019664764404,
            1.6711714267730713,
            1.016089677810669,
            0.7841799259185791,
            1.7739207744598389,
            1.0143766403198242,
            0.7538049221038818,
            1.7294797897338867,
            1.0802090167999268,
            0.7765169143676758,
            1.6964399814605713,
            1.0798768997192383,
            0.7716128826141357,
            1.6917986869812012,
            1.028554916381836,
            0.7857739925384521,
            1.7553703784942627,
            1.0578737258911133,
            0.8095667362213135,
            1.8011949062347412,
            1.0426411628723145,
            0.7975504398345947,
            1.7537615299224854,
            1.018134355545044,
            0.7601597309112549,
            1.7520008087158203,
            0.9851348400115967,
            0.7576327323913574,
            1.7404260635375977,
            1.0312771797180176,
            0.756695032119751,
            1.766425609588623,
            0.9898583889007568,
            0.7908761501312256,
            1.7005877494812012,
            1.0952842235565186,
            0.7604198455810547,
            1.7786967754364014,
            1.0905237197875977,
            0.7995889186859131,
            1.7555584907531738
        ],
        "fit_computation_times": [
            0.0890958309173584,
            0.09271669387817383,
            0.09427189826965332,
            0.09210729598999023,
            0.11586570739746094,
            0.10256791114807129,
            0.09697604179382324,
            0.08779764175415039
        ]
    },
    "elapsed": 141.43579268455505
}