{
    "tensor_name": "nell-2",
    "sampler": "efficient",
    "R": 50,
    "J": 229376,
    "trial": 2,
    "preprocessing": "log_count",
    "initialization": null,
    "max_iterations": 40,
    "stop_tolerance": 0.0001,
    "tensor_order": 3,
    "trace": {
        "iterations": [
            0,
            5,
            10,
            15,
            20,
            25,
            30,
            35,
            40
        ],
        "fits": [
            -1202.5072363671995,
            0.05250582388356462,
            0.05749327372580393,
            0.05939558111685794,
            0.060497752936166216,
            0.06108143634690055,
            0.06132240649046272,
            0.06140103542878572,
            0.06143465758366795
        ],
        "update_times": [
            0.19965243339538574,
            0.24387025833129883,
            0.6199533939361572,
            0.4708065986633301,
            0.3282456398010254,
            0.5803592205047607,
            0.42709946632385254,
            0.354236364364624,
            0.6163473129272461,
            0.4438009262084961,
            0.375852108001709,
            0.6167144775390625,
            0.4698517322540283,
            0.3886740207672119,
            0.6071803569793701,
            0.4432404041290283,
            0.3810231685638428,
            0.6124095916748047,
            0.4591248035430908,
            0.397737979888916,
            0.6322453022003174,
            0.46167516708374023,
            0.39687180519104004,
            0.6173050403594971,
            0.4590456485748291,
            0.44266319274902344,
            0.6262218952178955,
            0.49154114723205566,
            0.4240388870239258,
            0.6211483478546143,
            0.532660961151123,
            0.46485018730163574,
            0.6884117126464844,
            0.5437934398651123,
            0.44809746742248535,
            0.6930637359619141,
            0.566866397857666,
            0.4554436206817627,
            0.6210019588470459,
            0.5654478073120117,
            0.4573378562927246,
            0.6409294605255127,
            0.5170316696166992,
            0.42200589179992676,
            0.6278693675994873,
            0.5580377578735352,
            0.4392671585083008,
            0.6168842315673828,
            0.5501067638397217,
            0.4094369411468506,
            0.6134734153747559,
            0.5192477703094482,
            0.4084489345550537,
            0.6097335815429688,
            0.5418572425842285,
            0.4375429153442383,
            0.6320695877075195,
            0.5562465190887451,
            0.4396677017211914,
            0.6308350563049316,
            0.5275444984436035,
            0.42444324493408203,
            0.6242842674255371,
            0.5142717361450195,
            0.4344487190246582,
            0.6079270839691162,
            0.5354194641113281,
            0.4380214214324951,
            0.6795871257781982,
            0.5272319316864014,
            0.4341902732849121,
            0.6340005397796631,
            0.5048003196716309,
            0.43091630935668945,
            0.6265478134155273,
            0.5224645137786865,
            0.4329557418823242,
            0.6337876319885254,
            0.4987938404083252,
            0.4113912582397461,
            0.6384949684143066,
            0.5082101821899414,
            0.4385111331939697,
            0.6332123279571533,
            0.5045015811920166,
            0.45310258865356445,
            0.6442122459411621,
            0.49202418327331543,
            0.45183682441711426,
            0.6813993453979492,
            0.51210618019104,
            0.4233267307281494,
            0.6590633392333984,
            0.4876713752746582,
            0.4096395969390869,
            0.6623587608337402,
            0.4914851188659668,
            0.43331146240234375,
            0.6430561542510986,
            0.49652957916259766,
            0.4216806888580322,
            0.6187500953674316,
            0.46994876861572266,
            0.41409993171691895,
            0.6252591609954834,
            0.4837658405303955,
            0.4080619812011719,
            0.6486721038818359,
            0.49259018898010254,
            0.4181194305419922,
            0.6315419673919678,
            0.5317435264587402,
            0.4027590751647949,
            0.6225812435150146,
            0.48499083518981934,
            0.43217897415161133,
            0.6633436679840088,
            0.4733603000640869,
            0.41550612449645996,
            0.637629508972168
        ],
        "fit_computation_times": [
            0.06997418403625488,
            0.06955170631408691,
            0.0701456069946289,
            0.07402229309082031,
            0.07410192489624023,
            0.09595036506652832,
            0.0861198902130127,
            0.08445096015930176
        ]
    },
    "elapsed": 62.52407693862915
}