{
    "tensor_name": "nell-2",
    "sampler": "larsen_kolda_hybrid",
    "R": 125,
    "J": 65536,
    "trial": 2,
    "preprocessing": "log_count",
    "initialization": null,
    "max_iterations": 40,
    "stop_tolerance": 0.0001,
    "tensor_order": 3,
    "trace": {
        "iterations": [
            0,
            5,
            10,
            15,
            20,
            25,
            30,
            35,
            40
        ],
        "fits": [
            -1906.2998218618498,
            0.065704104123536,
            0.07007966083898187,
            0.07178118778256926,
            0.07244149229747121,
            0.07322225243361247,
            0.07335616118828503,
            0.07344927401380685,
            0.07351757541658444
        ],
        "update_times": [
            0.06447744369506836,
            0.08313679695129395,
            0.38188648223876953,
            0.14235210418701172,
            0.11148643493652344,
            0.5192108154296875,
            0.1670546531677246,
            0.10673141479492188,
            0.5227112770080566,
            0.18314051628112793,
            0.11408448219299316,
            0.4994356632232666,
            0.1710960865020752,
            0.13723182678222656,
            0.5445094108581543,
            0.1688518524169922,
            0.13939404487609863,
            0.48830676078796387,
            0.18712639808654785,
            0.11985921859741211,
            0.4600560665130615,
            0.20109963417053223,
            0.121856689453125,
            0.5021045207977295,
            0.18411707878112793,
            0.1146855354309082,
            0.47164177894592285,
            0.17935800552368164,
            0.12020516395568848,
            0.49147653579711914,
            0.17031621932983398,
            0.11102104187011719,
            0.44727158546447754,
            0.1681969165802002,
            0.11213135719299316,
            0.5051600933074951,
            0.16196823120117188,
            0.13881278038024902,
            0.5648293495178223,
            0.1891155242919922,
            0.12793803215026855,
            0.515510082244873,
            0.18873381614685059,
            0.1202702522277832,
            0.5195856094360352,
            0.17681455612182617,
            0.11985492706298828,
            0.48396778106689453,
            0.1790614128112793,
            0.12147641181945801,
            0.4792196750640869,
            0.18680977821350098,
            0.11318325996398926,
            0.4711785316467285,
            0.18842005729675293,
            0.11789727210998535,
            0.4687964916229248,
            0.17477917671203613,
            0.12484884262084961,
            0.5110900402069092,
            0.1618635654449463,
            0.126204252243042,
            0.41726064682006836,
            0.19676589965820312,
            0.12074995040893555,
            0.5231094360351562,
            0.2002108097076416,
            0.1251530647277832,
            0.4730708599090576,
            0.18183398246765137,
            0.11079764366149902,
            0.5005958080291748,
            0.16701841354370117,
            0.1129460334777832,
            0.5065126419067383,
            0.16759681701660156,
            0.13282227516174316,
            0.49912452697753906,
            0.18063735961914062,
            0.1190335750579834,
            0.4855189323425293,
            0.19635486602783203,
            0.11386299133300781,
            0.4824092388153076,
            0.18251824378967285,
            0.11325383186340332,
            0.4967613220214844,
            0.2058699131011963,
            0.1318068504333496,
            0.43567657470703125,
            0.15356802940368652,
            0.12534523010253906,
            0.45140767097473145,
            0.19994473457336426,
            0.10711431503295898,
            0.4840080738067627,
            0.21982026100158691,
            0.1048886775970459,
            0.492124080657959,
            0.23122668266296387,
            0.10186052322387695,
            0.5041074752807617,
            0.18708419799804688,
            0.13324379920959473,
            0.4440622329711914,
            0.20712590217590332,
            0.11784958839416504,
            0.46050190925598145,
            0.20412850379943848,
            0.1393582820892334,
            0.5007185935974121,
            0.18395686149597168,
            0.1203162670135498,
            0.468599796295166,
            0.18046998977661133,
            0.13054561614990234,
            0.4910881519317627,
            0.18623137474060059,
            0.12390780448913574,
            0.48635053634643555
        ],
        "fit_computation_times": [
            0.25550365447998047,
            0.23993992805480957,
            0.24873065948486328,
            0.24969911575317383,
            0.24949407577514648,
            0.2646920680999756,
            0.2433607578277588,
            0.25143933296203613
        ]
    },
    "elapsed": 33.79734468460083
}