{
    "tensor_name": "nell-2",
    "sampler": "larsen_kolda_hybrid",
    "R": 50,
    "J": 196608,
    "trial": 2,
    "preprocessing": "log_count",
    "initialization": null,
    "max_iterations": 40,
    "stop_tolerance": 0.0001,
    "tensor_order": 3,
    "trace": {
        "iterations": [
            0,
            5,
            10,
            15,
            20,
            25,
            30,
            35,
            40
        ],
        "fits": [
            -1206.710596381668,
            0.05344730279572485,
            0.05866134115409738,
            0.05999252039628655,
            0.06053402038454514,
            0.06088747058111099,
            0.06111238357405535,
            0.06121332872089358,
            0.06131925484434497
        ],
        "update_times": [
            0.04859352111816406,
            0.0992896556854248,
            0.5866925716400146,
            0.2403240203857422,
            0.16312813758850098,
            0.6588215827941895,
            0.30766773223876953,
            0.16808390617370605,
            0.6483490467071533,
            0.28779149055480957,
            0.17201566696166992,
            0.6270248889923096,
            0.34003615379333496,
            0.1677851676940918,
            0.6025171279907227,
            0.2745633125305176,
            0.16104698181152344,
            0.6557142734527588,
            0.2853670120239258,
            0.16378521919250488,
            0.6456403732299805,
            0.31038355827331543,
            0.1547098159790039,
            0.6311728954315186,
            0.3034694194793701,
            0.15592336654663086,
            0.6258656978607178,
            0.3109259605407715,
            0.17620587348937988,
            0.6447622776031494,
            0.2885777950286865,
            0.1566312313079834,
            0.6538934707641602,
            0.3079671859741211,
            0.1594078540802002,
            0.6547873020172119,
            0.29212069511413574,
            0.17640304565429688,
            0.6281349658966064,
            0.29837536811828613,
            0.1746368408203125,
            0.6572251319885254,
            0.2996096611022949,
            0.2093486785888672,
            0.6442909240722656,
            0.2840549945831299,
            0.16754770278930664,
            0.6569466590881348,
            0.2843191623687744,
            0.14292645454406738,
            0.6375763416290283,
            0.2933475971221924,
            0.1553194522857666,
            0.625335693359375,
            0.27713561058044434,
            0.16029930114746094,
            0.6898627281188965,
            0.29434633255004883,
            0.16299152374267578,
            0.6694045066833496,
            0.26686716079711914,
            0.15574121475219727,
            0.6741983890533447,
            0.2904808521270752,
            0.15411829948425293,
            0.6590104103088379,
            0.2835578918457031,
            0.16238093376159668,
            0.6616015434265137,
            0.2940399646759033,
            0.15952658653259277,
            0.6597855091094971,
            0.2896087169647217,
            0.14679622650146484,
            0.664008378982544,
            0.28961634635925293,
            0.15938091278076172,
            0.623415470123291,
            0.2945067882537842,
            0.15374326705932617,
            0.6157116889953613,
            0.301328182220459,
            0.1600024700164795,
            0.6380527019500732,
            0.2977914810180664,
            0.15787816047668457,
            0.6122682094573975,
            0.29720282554626465,
            0.15067172050476074,
            0.6218655109405518,
            0.2728111743927002,
            0.1644430160522461,
            0.626284122467041,
            0.28037023544311523,
            0.17065191268920898,
            0.6018416881561279,
            0.32190513610839844,
            0.18112850189208984,
            0.651202917098999,
            0.2867908477783203,
            0.1731104850769043,
            0.6379907131195068,
            0.28786396980285645,
            0.18369340896606445,
            0.6257867813110352,
            0.2679901123046875,
            0.1559739112854004,
            0.6746535301208496,
            0.2893667221069336,
            0.16308951377868652,
            0.6427731513977051,
            0.280346155166626,
            0.17006826400756836,
            0.6453969478607178,
            0.2750396728515625,
            0.1770191192626953,
            0.6463267803192139,
            0.2688765525817871,
            0.16549253463745117,
            0.6414628028869629
        ],
        "fit_computation_times": [
            0.0927269458770752,
            0.08778190612792969,
            0.09273123741149902,
            0.09162592887878418,
            0.09364056587219238,
            0.08875513076782227,
            0.08274674415588379,
            0.08423924446105957
        ]
    },
    "elapsed": 44.354684352874756
}