{
    "tensor_name": "nell-2",
    "sampler": "efficient",
    "R": 50,
    "J": 65536,
    "trial": 0,
    "preprocessing": "log_count",
    "initialization": null,
    "max_iterations": 40,
    "stop_tolerance": 0.0001,
    "tensor_order": 3,
    "trace": {
        "iterations": [
            0,
            5,
            10,
            15,
            20,
            25,
            30,
            35,
            40
        ],
        "fits": [
            -1204.542230387403,
            0.052900269015497714,
            0.05782649940671869,
            0.05985657678931655,
            0.060709462905113365,
            0.061059613361190035,
            0.06115848808114965,
            0.061264587785858415,
            0.06125293132628262
        ],
        "update_times": [
            0.06808686256408691,
            0.08763766288757324,
            0.4230611324310303,
            0.2033841609954834,
            0.1486518383026123,
            0.5023267269134521,
            0.2042238712310791,
            0.14380955696105957,
            0.7161452770233154,
            0.20273137092590332,
            0.1445021629333496,
            0.6619091033935547,
            0.20799517631530762,
            0.15520334243774414,
            0.6835155487060547,
            0.204392671585083,
            0.16358089447021484,
            0.7222621440887451,
            0.21956920623779297,
            0.1644153594970703,
            0.6901776790618896,
            0.22844886779785156,
            0.16908717155456543,
            0.7237107753753662,
            0.272322416305542,
            0.1908116340637207,
            0.6970312595367432,
            0.28427720069885254,
            0.17239975929260254,
            0.7296314239501953,
            0.23547816276550293,
            0.19542336463928223,
            0.7316422462463379,
            0.2524735927581787,
            0.16372942924499512,
            0.7253680229187012,
            0.2430286407470703,
            0.17119503021240234,
            0.7038438320159912,
            0.2456200122833252,
            0.16633319854736328,
            0.7713286876678467,
            0.246598482131958,
            0.17436718940734863,
            0.7564117908477783,
            0.23784708976745605,
            0.1766796112060547,
            0.7250258922576904,
            0.24212241172790527,
            0.17540621757507324,
            0.7090044021606445,
            0.26783251762390137,
            0.1721189022064209,
            0.7093591690063477,
            0.24564409255981445,
            0.17622947692871094,
            0.7244596481323242,
            0.24028873443603516,
            0.1831660270690918,
            0.6754229068756104,
            0.2353508472442627,
            0.17946243286132812,
            0.7341451644897461,
            0.2555830478668213,
            0.17262911796569824,
            0.7111735343933105,
            0.24548864364624023,
            0.16853070259094238,
            0.6971747875213623,
            0.2516300678253174,
            0.1619889736175537,
            0.7085633277893066,
            0.24837517738342285,
            0.17299389839172363,
            0.6919074058532715,
            0.2346343994140625,
            0.17248773574829102,
            0.6974625587463379,
            0.24031877517700195,
            0.16901731491088867,
            0.699901819229126,
            0.2465355396270752,
            0.16911864280700684,
            0.6959834098815918,
            0.24293732643127441,
            0.1640458106994629,
            0.7006635665893555,
            0.23880219459533691,
            0.16476011276245117,
            0.7513070106506348,
            0.24751567840576172,
            0.1640634536743164,
            0.6991598606109619,
            0.24574923515319824,
            0.16843605041503906,
            0.6979489326477051,
            0.2440016269683838,
            0.16991829872131348,
            0.7160980701446533,
            0.24803400039672852,
            0.1702587604522705,
            0.6871631145477295,
            0.25483131408691406,
            0.16510224342346191,
            0.6864869594573975,
            0.2252511978149414,
            0.16397452354431152,
            0.7372612953186035,
            0.23691773414611816,
            0.1823878288269043,
            0.6972060203552246,
            0.2590651512145996,
            0.16312384605407715,
            0.720740795135498,
            0.24928808212280273,
            0.17374491691589355,
            0.693580150604248,
            0.23745942115783691,
            0.1607952117919922,
            0.6562838554382324
        ],
        "fit_computation_times": [
            0.07303690910339355,
            0.07336044311523438,
            0.07034969329833984,
            0.06988263130187988,
            0.06652212142944336,
            0.07251286506652832,
            0.06706809997558594,
            0.07258272171020508
        ]
    },
    "elapsed": 44.6169068813324
}