{
    "tensor_name": "nell-2",
    "sampler": "larsen_kolda_hybrid",
    "R": 75,
    "J": 98304,
    "trial": 0,
    "preprocessing": "log_count",
    "initialization": null,
    "max_iterations": 40,
    "stop_tolerance": 0.0001,
    "tensor_order": 3,
    "trace": {
        "iterations": [
            0,
            5,
            10,
            15,
            20,
            25,
            30,
            35,
            40
        ],
        "fits": [
            -1476.657958354503,
            0.05959449414577933,
            0.06422868548222638,
            0.06597838107579934,
            0.06691969999745773,
            0.0673879290347511,
            0.06751693928073732,
            0.06786749653748769,
            0.06789778527498302
        ],
        "update_times": [
            0.04157733917236328,
            0.07171773910522461,
            0.6756110191345215,
            0.1638317108154297,
            0.1094205379486084,
            0.7045683860778809,
            0.205841064453125,
            0.1183614730834961,
            0.7881019115447998,
            0.20599675178527832,
            0.11560273170471191,
            0.7071871757507324,
            0.20344042778015137,
            0.13658428192138672,
            0.6854279041290283,
            0.18960070610046387,
            0.11266016960144043,
            0.6834795475006104,
            0.2059948444366455,
            0.11378812789916992,
            0.7236435413360596,
            0.2106318473815918,
            0.13851404190063477,
            0.7717781066894531,
            0.21060729026794434,
            0.12499618530273438,
            0.7957818508148193,
            0.20312929153442383,
            0.1182243824005127,
            0.7422232627868652,
            0.2109065055847168,
            0.12224125862121582,
            0.8080422878265381,
            0.2266075611114502,
            0.12877607345581055,
            0.7129499912261963,
            0.22333216667175293,
            0.10681796073913574,
            0.7028820514678955,
            0.21535825729370117,
            0.1133730411529541,
            0.6471340656280518,
            0.21036624908447266,
            0.10905981063842773,
            0.6681458950042725,
            0.18859601020812988,
            0.10827779769897461,
            0.639519214630127,
            0.22068572044372559,
            0.11425256729125977,
            0.7695071697235107,
            0.20304059982299805,
            0.10019183158874512,
            0.625786304473877,
            0.19993877410888672,
            0.10778021812438965,
            0.6540162563323975,
            0.21483302116394043,
            0.12728333473205566,
            0.7138807773590088,
            0.1969130039215088,
            0.10681986808776855,
            0.6616287231445312,
            0.2048051357269287,
            0.11202263832092285,
            0.7451705932617188,
            0.2163393497467041,
            0.11031246185302734,
            0.6671552658081055,
            0.21416115760803223,
            0.10705709457397461,
            0.7480509281158447,
            0.1923816204071045,
            0.10907363891601562,
            0.7035903930664062,
            0.2178192138671875,
            0.16498184204101562,
            0.6926674842834473,
            0.18722248077392578,
            0.11667466163635254,
            0.6475701332092285,
            0.19724535942077637,
            0.1323075294494629,
            0.7034173011779785,
            0.1958174705505371,
            0.12981009483337402,
            0.764676570892334,
            0.20019054412841797,
            0.1334822177886963,
            0.7065753936767578,
            0.2301342487335205,
            0.10650300979614258,
            0.7169184684753418,
            0.25722575187683105,
            0.12318778038024902,
            0.6535007953643799,
            0.2285022735595703,
            0.10967659950256348,
            0.6442911624908447,
            0.20433783531188965,
            0.10974955558776855,
            0.6053736209869385,
            0.2245042324066162,
            0.11960101127624512,
            0.6425542831420898,
            0.21167516708374023,
            0.12770485877990723,
            0.6311519145965576,
            0.2562565803527832,
            0.11637115478515625,
            0.6707162857055664,
            0.2006700038909912,
            0.11514043807983398,
            0.7043924331665039,
            0.2099905014038086,
            0.11225056648254395,
            0.7024719715118408,
            0.2051372528076172,
            0.13136959075927734,
            0.613478422164917
        ],
        "fit_computation_times": [
            0.11479830741882324,
            0.10008597373962402,
            0.11113595962524414,
            0.10943269729614258,
            0.10139155387878418,
            0.10282111167907715,
            0.10845756530761719,
            0.10425400733947754
        ]
    },
    "elapsed": 41.76026105880737
}