{
    "tensor_name": "nell-2",
    "sampler": "efficient",
    "R": 25,
    "J": 163840,
    "trial": 0,
    "preprocessing": "log_count",
    "initialization": null,
    "max_iterations": 40,
    "stop_tolerance": 0.0001,
    "tensor_order": 3,
    "trace": {
        "iterations": [
            0,
            5,
            10,
            15,
            20,
            25,
            30,
            35,
            40
        ],
        "fits": [
            -851.449372172237,
            0.041149984092479275,
            0.0456241293620524,
            0.04655691316685984,
            0.04690918302979863,
            0.047069977758656845,
            0.047149946288250866,
            0.04721411511602103,
            0.04725617269830806
        ],
        "update_times": [
            0.0807955265045166,
            0.10253024101257324,
            0.39197564125061035,
            0.2294015884399414,
            0.17071914672851562,
            0.43059301376342773,
            0.2552201747894287,
            0.17601585388183594,
            0.42211008071899414,
            0.26656126976013184,
            0.17212176322937012,
            0.4216923713684082,
            0.2588784694671631,
            0.17995882034301758,
            0.4088926315307617,
            0.2391953468322754,
            0.1830136775970459,
            0.4241490364074707,
            0.2566955089569092,
            0.18242096900939941,
            0.40055346488952637,
            0.26027917861938477,
            0.1835801601409912,
            0.4130594730377197,
            0.27344584465026855,
            0.1883838176727295,
            0.3906261920928955,
            0.2787907123565674,
            0.1885995864868164,
            0.38050079345703125,
            0.2767777442932129,
            0.19050931930541992,
            0.4095280170440674,
            0.26978445053100586,
            0.19530558586120605,
            0.4104471206665039,
            0.26914286613464355,
            0.1950674057006836,
            0.4033012390136719,
            0.2895526885986328,
            0.1920604705810547,
            0.3789529800415039,
            0.28234052658081055,
            0.16880178451538086,
            0.36705827713012695,
            0.2848780155181885,
            0.19574236869812012,
            0.4110734462738037,
            0.28296637535095215,
            0.17847490310668945,
            0.395097017288208,
            0.29214930534362793,
            0.17363476753234863,
            0.3834686279296875,
            0.27791357040405273,
            0.20503497123718262,
            0.38970279693603516,
            0.2697455883026123,
            0.1812422275543213,
            0.3852388858795166,
            0.2569620609283447,
            0.20865130424499512,
            0.3671536445617676,
            0.27895069122314453,
            0.18236780166625977,
            0.3721163272857666,
            0.26982808113098145,
            0.18425846099853516,
            0.3788747787475586,
            0.2672007083892822,
            0.19469714164733887,
            0.39295077323913574,
            0.26990294456481934,
            0.18692922592163086,
            0.37023258209228516,
            0.24279499053955078,
            0.1876661777496338,
            0.35216474533081055,
            0.2415761947631836,
            0.17532110214233398,
            0.35367584228515625,
            0.23670244216918945,
            0.17522907257080078,
            0.354597806930542,
            0.2578744888305664,
            0.17561674118041992,
            0.354600191116333,
            0.25103044509887695,
            0.18472838401794434,
            0.3686830997467041,
            0.24259281158447266,
            0.18127703666687012,
            0.3502335548400879,
            0.28903651237487793,
            0.18323278427124023,
            0.33908534049987793,
            0.2711613178253174,
            0.1764519214630127,
            0.3506624698638916,
            0.2699587345123291,
            0.17789816856384277,
            0.3443000316619873,
            0.2750256061553955,
            0.17710638046264648,
            0.35584425926208496,
            0.23850464820861816,
            0.17542099952697754,
            0.3528566360473633,
            0.25310325622558594,
            0.18730640411376953,
            0.3413112163543701,
            0.2741391658782959,
            0.1988813877105713,
            0.36480093002319336,
            0.25998854637145996,
            0.18598246574401855,
            0.3570413589477539,
            0.2415330410003662,
            0.17351484298706055,
            0.34395813941955566
        ],
        "fit_computation_times": [
            0.06791162490844727,
            0.07310223579406738,
            0.08120608329772949,
            0.05684399604797363,
            0.058463096618652344,
            0.06073164939880371,
            0.06319260597229004,
            0.06433463096618652
        ]
    },
    "elapsed": 33.451789140701294
}