{
    "tensor_name": "nell-2",
    "sampler": "larsen_kolda_hybrid",
    "R": 25,
    "J": 131072,
    "trial": 1,
    "preprocessing": "log_count",
    "initialization": null,
    "max_iterations": 40,
    "stop_tolerance": 0.0001,
    "tensor_order": 3,
    "trace": {
        "iterations": [
            0,
            5,
            10,
            15,
            20,
            25,
            30,
            35,
            40
        ],
        "fits": [
            -850.4822154718033,
            0.042289053971978796,
            0.04558028741706788,
            0.04672739115825708,
            0.04713844435721526,
            0.04728129383817614,
            0.04731863000687908,
            0.04734872062264728,
            0.04734842599561695
        ],
        "update_times": [
            0.026233434677124023,
            0.055795907974243164,
            0.536038875579834,
            0.13356947898864746,
            0.08734774589538574,
            0.6387968063354492,
            0.17960214614868164,
            0.09780216217041016,
            0.5927400588989258,
            0.17890429496765137,
            0.09543800354003906,
            0.5935695171356201,
            0.18310260772705078,
            0.09240436553955078,
            0.6020066738128662,
            0.1773848533630371,
            0.09551239013671875,
            0.5952858924865723,
            0.1729741096496582,
            0.0930185317993164,
            0.6057004928588867,
            0.174560546875,
            0.09296250343322754,
            0.6021914482116699,
            0.1731431484222412,
            0.08907723426818848,
            0.5698049068450928,
            0.177079439163208,
            0.0954430103302002,
            0.5817973613739014,
            0.16025590896606445,
            0.08409261703491211,
            0.5794391632080078,
            0.17175531387329102,
            0.0873410701751709,
            0.5769133567810059,
            0.16487717628479004,
            0.08811712265014648,
            0.5599088668823242,
            0.178969144821167,
            0.10133004188537598,
            0.5356907844543457,
            0.16898560523986816,
            0.08283853530883789,
            0.48766613006591797,
            0.1501328945159912,
            0.08355069160461426,
            0.47525906562805176,
            0.1539604663848877,
            0.08511543273925781,
            0.4910149574279785,
            0.17321491241455078,
            0.08609843254089355,
            0.4973409175872803,
            0.16808176040649414,
            0.09814906120300293,
            0.49704408645629883,
            0.16490840911865234,
            0.08509421348571777,
            0.4902150630950928,
            0.1518557071685791,
            0.0890507698059082,
            0.49050474166870117,
            0.16118812561035156,
            0.08482789993286133,
            0.4881603717803955,
            0.16588759422302246,
            0.08684372901916504,
            0.47915148735046387,
            0.15860939025878906,
            0.08400940895080566,
            0.45761656761169434,
            0.15173077583312988,
            0.08098196983337402,
            0.512803316116333,
            0.1499497890472412,
            0.0855402946472168,
            0.47076869010925293,
            0.15624547004699707,
            0.0827035903930664,
            0.4862961769104004,
            0.15209364891052246,
            0.07879090309143066,
            0.45915794372558594,
            0.15520453453063965,
            0.09748172760009766,
            0.445037841796875,
            0.1555032730102539,
            0.08657002449035645,
            0.457460880279541,
            0.1583249568939209,
            0.0815579891204834,
            0.4487345218658447,
            0.1673734188079834,
            0.10002303123474121,
            0.4349398612976074,
            0.1747286319732666,
            0.08897829055786133,
            0.40213990211486816,
            0.16023659706115723,
            0.08455491065979004,
            0.42766547203063965,
            0.16260385513305664,
            0.08910822868347168,
            0.44239091873168945,
            0.15078949928283691,
            0.09734129905700684,
            0.448458194732666,
            0.15274596214294434,
            0.09617257118225098,
            0.43785715103149414,
            0.15912961959838867,
            0.09431719779968262,
            0.47206878662109375,
            0.16796350479125977,
            0.09350252151489258,
            0.44897961616516113,
            0.15979623794555664,
            0.09058904647827148,
            0.4410207271575928
        ],
        "fit_computation_times": [
            0.06264162063598633,
            0.06081223487854004,
            0.06211113929748535,
            0.06257772445678711,
            0.0654904842376709,
            0.06378054618835449,
            0.06351804733276367,
            0.06433629989624023
        ]
    },
    "elapsed": 30.912036418914795
}