{
    "tensor_name": "nell-2",
    "sampler": "larsen_kolda_hybrid",
    "R": 25,
    "J": 229376,
    "trial": 1,
    "preprocessing": "log_count",
    "initialization": null,
    "max_iterations": 40,
    "stop_tolerance": 0.0001,
    "tensor_order": 3,
    "trace": {
        "iterations": [
            0,
            5,
            10,
            15,
            20,
            25,
            30,
            35,
            40
        ],
        "fits": [
            -850.5057945788438,
            0.04246648582240997,
            0.045157264818144194,
            0.046210096841492465,
            0.0467962994501514,
            0.047001080092350045,
            0.0470559592146087,
            0.04710886557211402,
            0.04716425620398268
        ],
        "update_times": [
            0.02982354164123535,
            0.06812191009521484,
            0.5286824703216553,
            0.22211146354675293,
            0.12935853004455566,
            0.5515501499176025,
            0.28475522994995117,
            0.13377833366394043,
            0.6007928848266602,
            0.28851771354675293,
            0.14052248001098633,
            0.515716552734375,
            0.28217291831970215,
            0.1349349021911621,
            0.5184261798858643,
            0.26957082748413086,
            0.13629627227783203,
            0.5064644813537598,
            0.2672417163848877,
            0.12723135948181152,
            0.5324051380157471,
            0.267162561416626,
            0.13310503959655762,
            0.501765251159668,
            0.2665519714355469,
            0.14193105697631836,
            0.5170059204101562,
            0.2890660762786865,
            0.14196395874023438,
            0.5247819423675537,
            0.25624537467956543,
            0.11640024185180664,
            0.5069162845611572,
            0.26363134384155273,
            0.1116480827331543,
            0.524622917175293,
            0.3042032718658447,
            0.12103748321533203,
            0.5338232517242432,
            0.27672553062438965,
            0.11569023132324219,
            0.514040470123291,
            0.2730076313018799,
            0.11609125137329102,
            0.5426783561706543,
            0.290924072265625,
            0.1265883445739746,
            0.5374016761779785,
            0.2761554718017578,
            0.12026262283325195,
            0.519890546798706,
            0.27410888671875,
            0.12181615829467773,
            0.5505263805389404,
            0.27417659759521484,
            0.12640380859375,
            0.5166277885437012,
            0.27435755729675293,
            0.12207889556884766,
            0.5451922416687012,
            0.2922956943511963,
            0.1177983283996582,
            0.5203194618225098,
            0.27614688873291016,
            0.12406659126281738,
            0.5367450714111328,
            0.2642490863800049,
            0.12059998512268066,
            0.516010046005249,
            0.27066516876220703,
            0.11369538307189941,
            0.5234980583190918,
            0.27962803840637207,
            0.12376213073730469,
            0.5235624313354492,
            0.28021907806396484,
            0.11697244644165039,
            0.5262875556945801,
            0.27498745918273926,
            0.12046551704406738,
            0.5471057891845703,
            0.2934873104095459,
            0.1567227840423584,
            0.6001522541046143,
            0.30751991271972656,
            0.16603398323059082,
            0.6087360382080078,
            0.2703869342803955,
            0.16399765014648438,
            0.6304936408996582,
            0.28763604164123535,
            0.14398717880249023,
            0.5473215579986572,
            0.3077199459075928,
            0.1484510898590088,
            0.5504114627838135,
            0.2929236888885498,
            0.15497636795043945,
            0.5616321563720703,
            0.28082823753356934,
            0.14411354064941406,
            0.5404136180877686,
            0.27985286712646484,
            0.1425313949584961,
            0.5492630004882812,
            0.3048741817474365,
            0.1609199047088623,
            0.5585205554962158,
            0.27574753761291504,
            0.14969110488891602,
            0.6147081851959229,
            0.29967451095581055,
            0.14954781532287598,
            0.5485677719116211,
            0.2848067283630371,
            0.14996695518493652,
            0.584500789642334,
            0.29378843307495117,
            0.15079665184020996,
            0.5433595180511475
        ],
        "fit_computation_times": [
            0.08367395401000977,
            0.08118605613708496,
            0.08298301696777344,
            0.08150696754455566,
            0.08104348182678223,
            0.08365607261657715,
            0.0863802433013916,
            0.0834665298461914
        ]
    },
    "elapsed": 38.728166580200195
}