{
    "tensor_name": "nell-2",
    "sampler": "efficient",
    "R": 75,
    "J": 65536,
    "trial": 2,
    "preprocessing": "log_count",
    "initialization": null,
    "max_iterations": 40,
    "stop_tolerance": 0.0001,
    "tensor_order": 3,
    "trace": {
        "iterations": [
            0,
            5,
            10,
            15,
            20,
            25,
            30,
            35,
            40
        ],
        "fits": [
            -1480.0819041859716,
            0.06003734363330615,
            0.06496809434879591,
            0.06697887119554258,
            0.06801448496043205,
            0.06859822777593605,
            0.06903648672709084,
            0.06918305068395347,
            0.06930618537966449
        ],
        "update_times": [
            0.13017559051513672,
            0.15004539489746094,
            0.886467456817627,
            0.2509500980377197,
            0.21657776832580566,
            0.7987377643585205,
            0.27892231941223145,
            0.20437288284301758,
            0.661123514175415,
            0.30223894119262695,
            0.22584176063537598,
            0.6998403072357178,
            0.31342339515686035,
            0.21571993827819824,
            0.7001397609710693,
            0.33625173568725586,
            0.21788811683654785,
            0.702056884765625,
            0.3201920986175537,
            0.21471166610717773,
            0.6898326873779297,
            0.3355748653411865,
            0.23259329795837402,
            0.7033145427703857,
            0.3423945903778076,
            0.2229001522064209,
            0.6787047386169434,
            0.35892581939697266,
            0.228363037109375,
            0.7184548377990723,
            0.3397641181945801,
            0.22359347343444824,
            0.7405414581298828,
            0.3372914791107178,
            0.22735810279846191,
            0.7092299461364746,
            0.33926987648010254,
            0.23136496543884277,
            0.7300598621368408,
            0.34580087661743164,
            0.2525756359100342,
            0.71089768409729,
            0.37697267532348633,
            0.23801684379577637,
            0.7115325927734375,
            0.3356893062591553,
            0.2494058609008789,
            0.727348804473877,
            0.35318732261657715,
            0.23944735527038574,
            0.7182626724243164,
            0.37633204460144043,
            0.2524244785308838,
            0.715822696685791,
            0.37929439544677734,
            0.24178004264831543,
            0.7172186374664307,
            0.36052608489990234,
            0.23894476890563965,
            0.7570705413818359,
            0.3873889446258545,
            0.25875306129455566,
            0.719965934753418,
            0.3614037036895752,
            0.2341146469116211,
            0.699331521987915,
            0.34142351150512695,
            0.23652100563049316,
            0.7194089889526367,
            0.35898542404174805,
            0.22443604469299316,
            0.70900559425354,
            0.36246538162231445,
            0.24691414833068848,
            0.7146651744842529,
            0.35350894927978516,
            0.24088478088378906,
            0.7457921504974365,
            0.3943173885345459,
            0.23341012001037598,
            0.716796875,
            0.3803975582122803,
            0.24872446060180664,
            0.6909258365631104,
            0.36650943756103516,
            0.23500657081604004,
            0.693138837814331,
            0.4097127914428711,
            0.23695802688598633,
            0.6879744529724121,
            0.3965575695037842,
            0.24990200996398926,
            0.7163209915161133,
            0.3782615661621094,
            0.25582003593444824,
            0.7083020210266113,
            0.36631011962890625,
            0.2383420467376709,
            0.6761531829833984,
            0.3730275630950928,
            0.23451876640319824,
            0.6934781074523926,
            0.41908931732177734,
            0.24600815773010254,
            0.6900196075439453,
            0.3755347728729248,
            0.24115824699401855,
            0.7156655788421631,
            0.3576474189758301,
            0.24111294746398926,
            0.7217481136322021,
            0.35785555839538574,
            0.24408316612243652,
            0.697974681854248,
            0.3674752712249756,
            0.23557209968566895,
            0.7015590667724609,
            0.36397743225097656,
            0.24148297309875488,
            0.6931939125061035
        ],
        "fit_computation_times": [
            0.08000564575195312,
            0.08616375923156738,
            0.08363032341003418,
            0.0794823169708252,
            0.07793498039245605,
            0.08874773979187012,
            0.08117818832397461,
            0.09227180480957031
        ]
    },
    "elapsed": 52.68097710609436
}