{
    "tensor_name": "nell-2",
    "sampler": "efficient",
    "R": 50,
    "J": 163840,
    "trial": 3,
    "preprocessing": "log_count",
    "initialization": null,
    "max_iterations": 40,
    "stop_tolerance": 0.0001,
    "tensor_order": 3,
    "trace": {
        "iterations": [
            0,
            5,
            10,
            15,
            20,
            25,
            30,
            35,
            40
        ],
        "fits": [
            -1204.6722484598736,
            0.053527686576736566,
            0.057898993880918015,
            0.05965660321738231,
            0.060502063619137236,
            0.06100913994375523,
            0.06124090402282867,
            0.06137251219082396,
            0.06147675124621932
        ],
        "update_times": [
            0.16869592666625977,
            0.19089198112487793,
            0.4844083786010742,
            0.3220701217651367,
            0.2736825942993164,
            0.4990096092224121,
            0.33600926399230957,
            0.27578067779541016,
            0.5024268627166748,
            0.32736945152282715,
            0.2768268585205078,
            0.5205583572387695,
            0.3666400909423828,
            0.2893791198730469,
            0.5177669525146484,
            0.36576247215270996,
            0.29892492294311523,
            0.5339739322662354,
            0.3760495185852051,
            0.3112144470214844,
            0.5380187034606934,
            0.37973880767822266,
            0.29662179946899414,
            0.5270025730133057,
            0.39661669731140137,
            0.3066680431365967,
            0.5140542984008789,
            0.39365649223327637,
            0.3231067657470703,
            0.510861873626709,
            0.38411784172058105,
            0.30275630950927734,
            0.503521203994751,
            0.3975090980529785,
            0.3082132339477539,
            0.5162796974182129,
            0.41605377197265625,
            0.30554914474487305,
            0.506547212600708,
            0.4039621353149414,
            0.30796074867248535,
            0.5011694431304932,
            0.41373610496520996,
            0.2958712577819824,
            0.48891305923461914,
            0.3646888732910156,
            0.3102281093597412,
            0.505352258682251,
            0.395082950592041,
            0.306227445602417,
            0.5213408470153809,
            0.3803374767303467,
            0.31003665924072266,
            0.5276670455932617,
            0.37630772590637207,
            0.3154170513153076,
            0.5208063125610352,
            0.42722368240356445,
            0.3152761459350586,
            0.5299568176269531,
            0.4026153087615967,
            0.30415773391723633,
            0.5192878246307373,
            0.40285301208496094,
            0.30848097801208496,
            0.5251190662384033,
            0.41420435905456543,
            0.30793166160583496,
            0.5155727863311768,
            0.42810964584350586,
            0.3068554401397705,
            0.5171730518341064,
            0.428882360458374,
            0.30162858963012695,
            0.5203912258148193,
            0.38977861404418945,
            0.29217076301574707,
            0.48297548294067383,
            0.3967132568359375,
            0.2962148189544678,
            0.5280227661132812,
            0.4470348358154297,
            0.2960829734802246,
            0.5303924083709717,
            0.41706418991088867,
            0.3118002414703369,
            0.5492429733276367,
            0.37959885597229004,
            0.32549548149108887,
            0.5355546474456787,
            0.35402870178222656,
            0.3358025550842285,
            0.5300781726837158,
            0.3690645694732666,
            0.3488457202911377,
            0.5389156341552734,
            0.36068177223205566,
            0.3378000259399414,
            0.5162053108215332,
            0.37498998641967773,
            0.31177282333374023,
            0.49143338203430176,
            0.37438416481018066,
            0.2982509136199951,
            0.5420069694519043,
            0.3740978240966797,
            0.337526798248291,
            0.5481398105621338,
            0.35715651512145996,
            0.3057546615600586,
            0.5131874084472656,
            0.3715996742248535,
            0.30891990661621094,
            0.4848654270172119,
            0.3673386573791504,
            0.3091259002685547,
            0.4964160919189453,
            0.3890361785888672,
            0.30732107162475586,
            0.48263001441955566
        ],
        "fit_computation_times": [
            0.07619571685791016,
            0.08278346061706543,
            0.08069753646850586,
            0.08251643180847168,
            0.09064197540283203,
            0.07084274291992188,
            0.07866454124450684,
            0.07716631889343262
        ]
    },
    "elapsed": 48.731367111206055
}