{
    "tensor_name": "nell-2",
    "sampler": "efficient",
    "R": 50,
    "J": 131072,
    "trial": 3,
    "preprocessing": "log_count",
    "initialization": null,
    "max_iterations": 40,
    "stop_tolerance": 0.0001,
    "tensor_order": 3,
    "trace": {
        "iterations": [
            0,
            5,
            10,
            15,
            20,
            25,
            30,
            35,
            40
        ],
        "fits": [
            -1203.1841349086874,
            0.05279183397666842,
            0.05818315299623922,
            0.05997987258217041,
            0.06069542602200606,
            0.06111629763049098,
            0.06142470922461929,
            0.06148514139848338,
            0.06151168047969313
        ],
        "update_times": [
            0.1361675262451172,
            0.16960549354553223,
            0.7382616996765137,
            0.3289453983306885,
            0.2076723575592041,
            0.8404350280761719,
            0.3043630123138428,
            0.23340916633605957,
            0.872626543045044,
            0.30829572677612305,
            0.24503540992736816,
            0.8002274036407471,
            0.3570289611816406,
            0.2347414493560791,
            0.8538393974304199,
            0.34910035133361816,
            0.2713124752044678,
            1.0035619735717773,
            0.36511731147766113,
            0.250499963760376,
            0.8903486728668213,
            0.3491218090057373,
            0.25546932220458984,
            0.9105162620544434,
            0.40138673782348633,
            0.24959158897399902,
            0.8975014686584473,
            0.35943007469177246,
            0.2786414623260498,
            0.9979431629180908,
            0.39376282691955566,
            0.2669250965118408,
            0.9893405437469482,
            0.3579573631286621,
            0.25196242332458496,
            0.8973648548126221,
            0.3473994731903076,
            0.2698824405670166,
            0.9743630886077881,
            0.37027955055236816,
            0.2778949737548828,
            0.8652679920196533,
            0.3920426368713379,
            0.27253127098083496,
            1.062838077545166,
            0.40309810638427734,
            0.2709779739379883,
            0.9504554271697998,
            0.3566100597381592,
            0.26523566246032715,
            0.9546904563903809,
            0.3496272563934326,
            0.2683236598968506,
            0.9388656616210938,
            0.3515958786010742,
            0.2572212219238281,
            0.9795160293579102,
            0.35117173194885254,
            0.26360321044921875,
            0.9061868190765381,
            0.3798072338104248,
            0.28751420974731445,
            0.9905779361724854,
            0.35642004013061523,
            0.29918789863586426,
            0.8623828887939453,
            0.34744715690612793,
            0.27694106101989746,
            0.834479570388794,
            0.3458569049835205,
            0.28452634811401367,
            0.9299235343933105,
            0.38340210914611816,
            0.2754242420196533,
            0.9380373954772949,
            0.3401966094970703,
            0.25332188606262207,
            0.8546373844146729,
            0.35515546798706055,
            0.29218220710754395,
            0.9423913955688477,
            0.34883999824523926,
            0.28494787216186523,
            0.864917516708374,
            0.4048185348510742,
            0.26636648178100586,
            0.9210042953491211,
            0.40195488929748535,
            0.28148603439331055,
            0.9539241790771484,
            0.3843555450439453,
            0.28360676765441895,
            0.9091548919677734,
            0.38877439498901367,
            0.259645938873291,
            0.8942749500274658,
            0.3865702152252197,
            0.26816892623901367,
            0.8703114986419678,
            0.3631401062011719,
            0.2749061584472656,
            1.0523681640625,
            0.371875524520874,
            0.2581517696380615,
            1.0397374629974365,
            0.39138364791870117,
            0.29717278480529785,
            1.018726110458374,
            0.3910865783691406,
            0.2798612117767334,
            0.9133799076080322,
            0.3699667453765869,
            0.2908494472503662,
            0.8933238983154297,
            0.3679168224334717,
            0.288710355758667,
            0.9177200794219971,
            0.41027164459228516,
            0.2932605743408203,
            0.8192131519317627
        ],
        "fit_computation_times": [
            0.06944656372070312,
            0.07355475425720215,
            0.07122063636779785,
            0.07024335861206055,
            0.06961989402770996,
            0.06801390647888184,
            0.0709984302520752,
            0.06901860237121582
        ]
    },
    "elapsed": 62.46293258666992
}