{
    "tensor_name": "nell-2",
    "sampler": "efficient",
    "R": 75,
    "J": 163840,
    "trial": 3,
    "preprocessing": "log_count",
    "initialization": null,
    "max_iterations": 40,
    "stop_tolerance": 0.0001,
    "tensor_order": 3,
    "trace": {
        "iterations": [
            0,
            5,
            10,
            15,
            20,
            25,
            30,
            35,
            40
        ],
        "fits": [
            -1472.023683303016,
            0.06108719552837294,
            0.06634088076721778,
            0.06835884724135954,
            0.06925100624390856,
            0.06967017807169418,
            0.06986734172005638,
            0.07003384345997443,
            0.07012908025148823
        ],
        "update_times": [
            0.303447961807251,
            0.3325190544128418,
            1.023526906967163,
            0.5293583869934082,
            0.4249739646911621,
            1.0211107730865479,
            0.5126800537109375,
            0.40354442596435547,
            0.7201051712036133,
            0.48697996139526367,
            0.3998889923095703,
            0.7636294364929199,
            0.5118682384490967,
            0.4094576835632324,
            0.7592990398406982,
            0.5172908306121826,
            0.41992831230163574,
            0.7667055130004883,
            0.5178296566009521,
            0.4206879138946533,
            0.7590446472167969,
            0.5546488761901855,
            0.4298126697540283,
            0.7818191051483154,
            0.5324392318725586,
            0.4302346706390381,
            0.7329473495483398,
            0.5576841831207275,
            0.4372398853302002,
            0.7757165431976318,
            0.5317318439483643,
            0.4169647693634033,
            0.8134467601776123,
            0.5509021282196045,
            0.4161717891693115,
            0.7733974456787109,
            0.5612373352050781,
            0.40747618675231934,
            0.7578911781311035,
            0.5367245674133301,
            0.4086430072784424,
            0.7780160903930664,
            0.5444450378417969,
            0.4277944564819336,
            0.7462496757507324,
            0.5109951496124268,
            0.4459095001220703,
            0.7341063022613525,
            0.5388600826263428,
            0.4084503650665283,
            0.7285726070404053,
            0.528296709060669,
            0.39775562286376953,
            0.729966402053833,
            0.5322198867797852,
            0.44194936752319336,
            0.7364330291748047,
            0.5694141387939453,
            0.4353024959564209,
            0.796717643737793,
            0.5516085624694824,
            0.4194035530090332,
            0.8388845920562744,
            0.5622525215148926,
            0.4298691749572754,
            0.8085107803344727,
            0.5681648254394531,
            0.4177863597869873,
            0.7904438972473145,
            0.6007785797119141,
            0.4528212547302246,
            0.8474490642547607,
            0.5918769836425781,
            0.4099857807159424,
            0.8050832748413086,
            0.5689172744750977,
            0.41847729682922363,
            0.8056566715240479,
            0.5549130439758301,
            0.4250776767730713,
            0.7803807258605957,
            0.5635743141174316,
            0.408902645111084,
            0.7899413108825684,
            0.5604884624481201,
            0.42725610733032227,
            0.8200838565826416,
            0.5922296047210693,
            0.40483832359313965,
            0.7990267276763916,
            0.5529520511627197,
            0.41116762161254883,
            0.7825360298156738,
            0.5681459903717041,
            0.42153000831604004,
            0.7654390335083008,
            0.5885522365570068,
            0.41799330711364746,
            0.7939999103546143,
            0.5793056488037109,
            0.4207789897918701,
            0.7757794857025146,
            0.5582523345947266,
            0.42954397201538086,
            0.7714831829071045,
            0.5407288074493408,
            0.4179117679595947,
            0.7722210884094238,
            0.5549430847167969,
            0.40360307693481445,
            0.7492623329162598,
            0.5633585453033447,
            0.4187805652618408,
            0.742548942565918,
            0.5934646129608154,
            0.42076754570007324,
            0.7543392181396484,
            0.6081442832946777,
            0.4250829219818115,
            0.8146970272064209
        ],
        "fit_computation_times": [
            0.09965801239013672,
            0.10258364677429199,
            0.10259604454040527,
            0.1098320484161377,
            0.09998536109924316,
            0.10206937789916992,
            0.10736870765686035,
            0.11127710342407227
        ]
    },
    "elapsed": 71.01965999603271
}