{
    "tensor_name": "nell-2",
    "sampler": "larsen_kolda_hybrid",
    "R": 50,
    "J": 196608,
    "trial": 1,
    "preprocessing": "log_count",
    "initialization": null,
    "max_iterations": 40,
    "stop_tolerance": 0.0001,
    "tensor_order": 3,
    "trace": {
        "iterations": [
            0,
            5,
            10,
            15,
            20,
            25,
            30,
            35,
            40
        ],
        "fits": [
            -1200.7783183464794,
            0.052700775546635326,
            0.05736704430164563,
            0.05908947671608733,
            0.06007483267886937,
            0.06072262322377975,
            0.06094187940418583,
            0.06103836160407605,
            0.061142996436453045
        ],
        "update_times": [
            0.06471776962280273,
            0.09502863883972168,
            0.506382942199707,
            0.20183014869689941,
            0.1350116729736328,
            0.5090680122375488,
            0.20688939094543457,
            0.13156557083129883,
            0.4915790557861328,
            0.21054577827453613,
            0.14454388618469238,
            0.48314785957336426,
            0.21079754829406738,
            0.13578009605407715,
            0.4830968379974365,
            0.22917914390563965,
            0.1367049217224121,
            0.4965214729309082,
            0.21411514282226562,
            0.15397310256958008,
            0.5112969875335693,
            0.22841143608093262,
            0.15042781829833984,
            0.5236694812774658,
            0.22534799575805664,
            0.1452651023864746,
            0.5172038078308105,
            0.22371602058410645,
            0.14439129829406738,
            0.5067343711853027,
            0.22420883178710938,
            0.16165471076965332,
            0.5058503150939941,
            0.2456808090209961,
            0.16361474990844727,
            0.5270438194274902,
            0.22765874862670898,
            0.14177799224853516,
            0.5296003818511963,
            0.23185420036315918,
            0.13776135444641113,
            0.5363149642944336,
            0.22351813316345215,
            0.15021347999572754,
            0.5511589050292969,
            0.21620869636535645,
            0.17005348205566406,
            0.5322568416595459,
            0.22809958457946777,
            0.15397167205810547,
            0.5315585136413574,
            0.23401403427124023,
            0.15462636947631836,
            0.5191214084625244,
            0.23302197456359863,
            0.14170336723327637,
            0.5090034008026123,
            0.23167157173156738,
            0.16349577903747559,
            0.5200767517089844,
            0.21171832084655762,
            0.17372369766235352,
            0.536675214767456,
            0.24712467193603516,
            0.14539408683776855,
            0.5255372524261475,
            0.25934553146362305,
            0.1638040542602539,
            0.5391333103179932,
            0.2199387550354004,
            0.14969706535339355,
            0.5263652801513672,
            0.2423083782196045,
            0.15593242645263672,
            0.5047051906585693,
            0.2298734188079834,
            0.1519012451171875,
            0.5218322277069092,
            0.23153042793273926,
            0.15814900398254395,
            0.5178253650665283,
            0.2403550148010254,
            0.14781403541564941,
            0.5263667106628418,
            0.2487473487854004,
            0.1531360149383545,
            0.5204615592956543,
            0.2471914291381836,
            0.17144107818603516,
            0.5341639518737793,
            0.21675491333007812,
            0.15521883964538574,
            0.5277900695800781,
            0.23619365692138672,
            0.1477046012878418,
            0.528179407119751,
            0.2452559471130371,
            0.1529979705810547,
            0.5132019519805908,
            0.24164652824401855,
            0.17181110382080078,
            0.5415666103363037,
            0.26187729835510254,
            0.16427922248840332,
            0.5744199752807617,
            0.24936556816101074,
            0.16915202140808105,
            0.5064122676849365,
            0.2545192241668701,
            0.1840801239013672,
            0.5309054851531982,
            0.27493953704833984,
            0.16559529304504395,
            0.5126898288726807,
            0.2530696392059326,
            0.16029095649719238,
            0.658768892288208,
            0.23515748977661133,
            0.15192794799804688,
            0.514441728591919
        ],
        "fit_computation_times": [
            0.06905984878540039,
            0.07066774368286133,
            0.07372450828552246,
            0.06968283653259277,
            0.07115054130554199,
            0.07309889793395996,
            0.07322192192077637,
            0.076873779296875
        ]
    },
    "elapsed": 36.8727605342865
}