{
    "tensor_name": "nell-2",
    "sampler": "efficient",
    "R": 50,
    "J": 32768,
    "trial": 2,
    "preprocessing": "log_count",
    "initialization": null,
    "max_iterations": 40,
    "stop_tolerance": 0.0001,
    "tensor_order": 3,
    "trace": {
        "iterations": [
            0,
            5,
            10,
            15,
            20,
            25,
            30,
            35,
            40
        ],
        "fits": [
            -1205.2019384206733,
            0.05172442485625539,
            0.056614060265501864,
            0.0585442067402423,
            0.05920808454767579,
            0.05940674168131843,
            0.05949758479310652,
            0.05948141071588775,
            0.05969121928609855
        ],
        "update_times": [
            0.04401969909667969,
            0.055417776107788086,
            0.18580007553100586,
            0.10893440246582031,
            0.08219313621520996,
            0.24664616584777832,
            0.12867093086242676,
            0.09293842315673828,
            0.2598421573638916,
            0.13916635513305664,
            0.09393453598022461,
            0.2660541534423828,
            0.1526966094970703,
            0.09544777870178223,
            0.2690873146057129,
            0.14414262771606445,
            0.09733057022094727,
            0.26134300231933594,
            0.15610027313232422,
            0.10368561744689941,
            0.2608203887939453,
            0.15900254249572754,
            0.10483884811401367,
            0.26589083671569824,
            0.16400408744812012,
            0.10845208168029785,
            0.2678532600402832,
            0.1696929931640625,
            0.10975527763366699,
            0.2738766670227051,
            0.16989803314208984,
            0.11120462417602539,
            0.27596569061279297,
            0.1704087257385254,
            0.11207103729248047,
            0.2775382995605469,
            0.1689157485961914,
            0.11337733268737793,
            0.28151988983154297,
            0.17264413833618164,
            0.11053872108459473,
            0.28104352951049805,
            0.1665329933166504,
            0.1142268180847168,
            0.2659597396850586,
            0.1713392734527588,
            0.11371946334838867,
            0.27396416664123535,
            0.16881012916564941,
            0.1135096549987793,
            0.2845773696899414,
            0.17037224769592285,
            0.11458539962768555,
            0.2788550853729248,
            0.18064260482788086,
            0.10959744453430176,
            0.27065181732177734,
            0.16663217544555664,
            0.11584138870239258,
            0.274808406829834,
            0.16641736030578613,
            0.10560774803161621,
            0.26717400550842285,
            0.1684105396270752,
            0.11596202850341797,
            0.2773761749267578,
            0.1794278621673584,
            0.11179757118225098,
            0.2844564914703369,
            0.17417120933532715,
            0.11497378349304199,
            0.27899646759033203,
            0.1773524284362793,
            0.11293959617614746,
            0.26520323753356934,
            0.16161251068115234,
            0.11396241188049316,
            0.27224159240722656,
            0.16954326629638672,
            0.11249756813049316,
            0.28549742698669434,
            0.17190289497375488,
            0.11078667640686035,
            0.2655200958251953,
            0.16328883171081543,
            0.11090850830078125,
            0.2777063846588135,
            0.1697390079498291,
            0.11324167251586914,
            0.27193760871887207,
            0.17239880561828613,
            0.11545944213867188,
            0.27838134765625,
            0.16827964782714844,
            0.11228203773498535,
            0.2656421661376953,
            0.17557859420776367,
            0.11542749404907227,
            0.2872350215911865,
            0.16818022727966309,
            0.11143136024475098,
            0.2702662944793701,
            0.16972684860229492,
            0.11025881767272949,
            0.2783961296081543,
            0.16751718521118164,
            0.11262917518615723,
            0.2684915065765381,
            0.1738450527191162,
            0.11181879043579102,
            0.2694358825683594,
            0.17481303215026855,
            0.11718201637268066,
            0.26735615730285645,
            0.17210745811462402,
            0.11340713500976562,
            0.27497220039367676,
            0.17208647727966309,
            0.11352825164794922,
            0.26738500595092773
        ],
        "fit_computation_times": [
            0.0751042366027832,
            0.09122705459594727,
            0.07791924476623535,
            0.07837748527526855,
            0.07804346084594727,
            0.09574270248413086,
            0.07336950302124023,
            0.07634162902832031
        ]
    },
    "elapsed": 22.339670181274414
}