{
    "tensor_name": "nell-2",
    "sampler": "efficient",
    "R": 100,
    "J": 32768,
    "trial": 0,
    "preprocessing": "log_count",
    "initialization": null,
    "max_iterations": 40,
    "stop_tolerance": 0.0001,
    "tensor_order": 3,
    "trace": {
        "iterations": [
            0,
            5,
            10,
            15,
            20,
            25,
            30,
            35,
            40
        ],
        "fits": [
            -1703.8530616093376,
            0.061625572728310374,
            0.0685708346098447,
            0.0712990369331098,
            0.07268697961107884,
            0.07349881045514628,
            0.07379715584850166,
            0.07392772406851356,
            0.07406744454316971
        ],
        "update_times": [
            0.12294483184814453,
            0.1404259204864502,
            0.493640661239624,
            0.24976372718811035,
            0.1739366054534912,
            0.5966858863830566,
            0.22625255584716797,
            0.1726853847503662,
            0.5880911350250244,
            0.24958181381225586,
            0.17235827445983887,
            0.618441104888916,
            0.25216221809387207,
            0.1816089153289795,
            0.6450450420379639,
            0.24603772163391113,
            0.1828746795654297,
            0.7086262702941895,
            0.29944825172424316,
            0.18814563751220703,
            0.627155065536499,
            0.2739386558532715,
            0.1862020492553711,
            0.6394507884979248,
            0.3313000202178955,
            0.1847522258758545,
            0.6627447605133057,
            0.260361909866333,
            0.19272422790527344,
            0.699439525604248,
            0.23250198364257812,
            0.2064969539642334,
            0.6397206783294678,
            0.28326416015625,
            0.21065378189086914,
            0.6470279693603516,
            0.2976388931274414,
            0.2027268409729004,
            0.6735749244689941,
            0.2950923442840576,
            0.1966385841369629,
            0.6193959712982178,
            0.2695951461791992,
            0.19165658950805664,
            0.6526925563812256,
            0.26027798652648926,
            0.1881394386291504,
            0.6242694854736328,
            0.28066086769104004,
            0.17854094505310059,
            0.6774406433105469,
            0.27410888671875,
            0.20090794563293457,
            0.6592323780059814,
            0.2881481647491455,
            0.19824528694152832,
            0.6524078845977783,
            0.2764110565185547,
            0.19017791748046875,
            0.6776998043060303,
            0.25444602966308594,
            0.21867799758911133,
            0.6136415004730225,
            0.2740159034729004,
            0.21180343627929688,
            0.6206235885620117,
            0.29926419258117676,
            0.20041656494140625,
            0.5955483913421631,
            0.27736687660217285,
            0.19738125801086426,
            0.5542294979095459,
            0.2824850082397461,
            0.19861578941345215,
            0.6391618251800537,
            0.27573347091674805,
            0.20801544189453125,
            0.6966142654418945,
            0.3045206069946289,
            0.20565342903137207,
            0.734865665435791,
            0.2881643772125244,
            0.20676398277282715,
            0.6845264434814453,
            0.28162407875061035,
            0.20378851890563965,
            0.7244787216186523,
            0.2976808547973633,
            0.20523905754089355,
            0.7534947395324707,
            0.27612948417663574,
            0.20401573181152344,
            0.7386748790740967,
            0.29566287994384766,
            0.20818448066711426,
            0.6745162010192871,
            0.2967216968536377,
            0.2240462303161621,
            0.6768221855163574,
            0.27879881858825684,
            0.21880507469177246,
            0.6658298969268799,
            0.29821300506591797,
            0.19872570037841797,
            0.6995203495025635,
            0.2844672203063965,
            0.20150041580200195,
            0.8998861312866211,
            0.30002522468566895,
            0.2080080509185791,
            0.8259255886077881,
            0.29693055152893066,
            0.2000429630279541,
            0.8380727767944336,
            0.28960180282592773,
            0.2018296718597412,
            0.8495910167694092,
            0.28814053535461426,
            0.19994139671325684,
            0.8531026840209961
        ],
        "fit_computation_times": [
            0.115142822265625,
            0.11510324478149414,
            0.10983824729919434,
            0.09943151473999023,
            0.10573506355285645,
            0.10838460922241211,
            0.10501980781555176,
            0.11434173583984375
        ]
    },
    "elapsed": 46.99919581413269
}