{
    "tensor_name": "nell-2",
    "sampler": "larsen_kolda_hybrid",
    "R": 25,
    "J": 163840,
    "trial": 2,
    "preprocessing": "log_count",
    "initialization": null,
    "max_iterations": 40,
    "stop_tolerance": 0.0001,
    "tensor_order": 3,
    "trace": {
        "iterations": [
            0,
            5,
            10,
            15,
            20,
            25,
            30,
            35,
            40
        ],
        "fits": [
            -851.6253431576426,
            0.04236811555357234,
            0.04523314855916505,
            0.046113663285183404,
            0.046617420847895,
            0.04694562631586208,
            0.04715563597534489,
            0.047232292974971335,
            0.047255040474359467
        ],
        "update_times": [
            0.03276348114013672,
            0.07131767272949219,
            0.846590518951416,
            0.17175602912902832,
            0.10527205467224121,
            0.9338552951812744,
            0.21683883666992188,
            0.12058210372924805,
            0.9109992980957031,
            0.22360873222351074,
            0.1268010139465332,
            0.8870515823364258,
            0.22025179862976074,
            0.1291654109954834,
            0.8507280349731445,
            0.2060391902923584,
            0.10884690284729004,
            0.8481309413909912,
            0.21052765846252441,
            0.10727858543395996,
            0.9626114368438721,
            0.23457598686218262,
            0.09877848625183105,
            0.8227393627166748,
            0.21067404747009277,
            0.10779786109924316,
            0.8677268028259277,
            0.2125990390777588,
            0.10892105102539062,
            0.857133150100708,
            0.21324372291564941,
            0.11508369445800781,
            0.8275823593139648,
            0.22815847396850586,
            0.11121630668640137,
            0.771320104598999,
            0.21051716804504395,
            0.10658001899719238,
            0.7813243865966797,
            0.2060680389404297,
            0.1059122085571289,
            0.9253220558166504,
            0.2307262420654297,
            0.1147305965423584,
            0.817378044128418,
            0.21081185340881348,
            0.10473465919494629,
            0.7896854877471924,
            0.21717572212219238,
            0.10062098503112793,
            0.8557114601135254,
            0.20661115646362305,
            0.10273480415344238,
            0.759230375289917,
            0.20237517356872559,
            0.1020350456237793,
            0.7763707637786865,
            0.2310483455657959,
            0.10729694366455078,
            0.7661876678466797,
            0.19529008865356445,
            0.10199785232543945,
            0.7522182464599609,
            0.22488880157470703,
            0.10924291610717773,
            0.7959065437316895,
            0.21267461776733398,
            0.10663151741027832,
            0.7618899345397949,
            0.20816397666931152,
            0.10710453987121582,
            0.757418155670166,
            0.21125006675720215,
            0.10166096687316895,
            0.8212323188781738,
            0.20323419570922852,
            0.10444760322570801,
            0.8017685413360596,
            0.21193838119506836,
            0.10106396675109863,
            0.7791316509246826,
            0.22534966468811035,
            0.09501433372497559,
            0.7525990009307861,
            0.2443528175354004,
            0.13247132301330566,
            0.9357860088348389,
            0.2184584140777588,
            0.11085319519042969,
            0.8351037502288818,
            0.21248388290405273,
            0.11075520515441895,
            0.8444015979766846,
            0.21001958847045898,
            0.12677574157714844,
            0.8190577030181885,
            0.2330312728881836,
            0.11945128440856934,
            0.9172861576080322,
            0.21649432182312012,
            0.10364508628845215,
            0.8218152523040771,
            0.23322200775146484,
            0.1063382625579834,
            0.8308930397033691,
            0.21003484725952148,
            0.10202741622924805,
            0.8424854278564453,
            0.21547937393188477,
            0.11568617820739746,
            0.8357841968536377,
            0.2150132656097412,
            0.10213184356689453,
            0.7803516387939453,
            0.21001458168029785,
            0.10732793807983398,
            0.8861041069030762,
            0.23295164108276367,
            0.11925458908081055,
            0.8706023693084717
        ],
        "fit_computation_times": [
            0.07947278022766113,
            0.07419705390930176,
            0.07631850242614746,
            0.07056260108947754,
            0.0690622329711914,
            0.08809518814086914,
            0.070220947265625,
            0.07547354698181152
        ]
    },
    "elapsed": 46.77183127403259
}