{
    "tensor_name": "nell-2",
    "sampler": "larsen_kolda_hybrid",
    "R": 100,
    "J": 32768,
    "trial": 3,
    "preprocessing": "log_count",
    "initialization": null,
    "max_iterations": 40,
    "stop_tolerance": 0.0001,
    "tensor_order": 3,
    "trace": {
        "iterations": [
            0,
            5,
            10,
            15,
            20,
            25,
            30,
            35,
            40
        ],
        "fits": [
            -1704.2675095259226,
            0.057671373479741495,
            0.061622653595960974,
            0.06190922200827198,
            0.062428401790799004,
            0.06320643809155801,
            0.06297989760022593,
            0.0628841182467006,
            0.062819066953273
        ],
        "update_times": [
            0.03445863723754883,
            0.04167437553405762,
            0.26850128173828125,
            0.0992434024810791,
            0.06692624092102051,
            0.5475473403930664,
            0.12083101272583008,
            0.06759333610534668,
            0.35361409187316895,
            0.10184025764465332,
            0.06951212882995605,
            0.3533613681793213,
            0.11551547050476074,
            0.06676769256591797,
            0.3306920528411865,
            0.13097143173217773,
            0.07108092308044434,
            0.36980271339416504,
            0.10587525367736816,
            0.07235217094421387,
            0.3318188190460205,
            0.11895370483398438,
            0.09424877166748047,
            0.31979799270629883,
            0.11896276473999023,
            0.08036422729492188,
            0.3553473949432373,
            0.14171051979064941,
            0.06682753562927246,
            0.41994500160217285,
            0.14683198928833008,
            0.06286430358886719,
            0.35967016220092773,
            0.1419668197631836,
            0.06617927551269531,
            0.4461815357208252,
            0.13704681396484375,
            0.0657663345336914,
            0.48531341552734375,
            0.10982918739318848,
            0.07733297348022461,
            0.3204944133758545,
            0.11560845375061035,
            0.07053041458129883,
            0.267777681350708,
            0.10195064544677734,
            0.061769723892211914,
            0.28497815132141113,
            0.14629697799682617,
            0.07092523574829102,
            0.4506540298461914,
            0.11024069786071777,
            0.05924701690673828,
            0.3664710521697998,
            0.10606098175048828,
            0.08266639709472656,
            0.30261754989624023,
            0.10413694381713867,
            0.0628657341003418,
            0.36592745780944824,
            0.10739374160766602,
            0.05950522422790527,
            0.2897031307220459,
            0.11094474792480469,
            0.06257176399230957,
            0.3093130588531494,
            0.13773274421691895,
            0.06359291076660156,
            0.36231303215026855,
            0.1402740478515625,
            0.057932376861572266,
            0.39876842498779297,
            0.1569504737854004,
            0.06804037094116211,
            0.4295804500579834,
            0.09886431694030762,
            0.0745849609375,
            0.2635066509246826,
            0.09759521484375,
            0.06818032264709473,
            0.37709546089172363,
            0.10392355918884277,
            0.0670773983001709,
            0.33390069007873535,
            0.10969972610473633,
            0.06958889961242676,
            0.35878586769104004,
            0.15954232215881348,
            0.08483195304870605,
            0.46758246421813965,
            0.12726879119873047,
            0.07466316223144531,
            0.42960047721862793,
            0.1271066665649414,
            0.06334447860717773,
            0.35224485397338867,
            0.11957669258117676,
            0.07823944091796875,
            0.4986751079559326,
            0.15342998504638672,
            0.08418631553649902,
            0.4823789596557617,
            0.14199161529541016,
            0.061162710189819336,
            0.46507883071899414,
            0.10111641883850098,
            0.06442761421203613,
            0.308635950088501,
            0.11256790161132812,
            0.08712458610534668,
            0.2945995330810547,
            0.11992788314819336,
            0.07323455810546875,
            0.2666893005371094,
            0.11603999137878418,
            0.07567429542541504,
            0.2867417335510254,
            0.11039590835571289,
            0.07948565483093262,
            0.3153657913208008
        ],
        "fit_computation_times": [
            0.12368488311767578,
            0.14073657989501953,
            0.1329653263092041,
            0.1325993537902832,
            0.12262296676635742,
            0.13019108772277832,
            0.11836647987365723,
            0.12396860122680664
        ]
    },
    "elapsed": 23.344695329666138
}