{
    "tensor_name": "nell-2",
    "sampler": "larsen_kolda_hybrid",
    "R": 125,
    "J": 131072,
    "trial": 2,
    "preprocessing": "log_count",
    "initialization": null,
    "max_iterations": 40,
    "stop_tolerance": 0.0001,
    "tensor_order": 3,
    "trace": {
        "iterations": [
            0,
            5,
            10,
            15,
            20,
            25,
            30,
            35,
            40
        ],
        "fits": [
            -1905.4126356963636,
            0.0677397500170781,
            0.07448027651329792,
            0.07684127909648342,
            0.07768704982657426,
            0.07835011090396904,
            0.0784844422108546,
            0.07867536488748728,
            0.07875821088998436
        ],
        "update_times": [
            0.08035397529602051,
            0.12091708183288574,
            1.4772112369537354,
            0.23239803314208984,
            0.18794894218444824,
            1.495452880859375,
            0.27614831924438477,
            0.17993998527526855,
            1.538665533065796,
            0.3214104175567627,
            0.19511938095092773,
            1.5103058815002441,
            0.31108522415161133,
            0.2057507038116455,
            1.6068215370178223,
            0.3144261837005615,
            0.17202496528625488,
            1.4832968711853027,
            0.28490185737609863,
            0.18433189392089844,
            1.5578529834747314,
            0.3199639320373535,
            0.21159076690673828,
            1.6593427658081055,
            0.501305103302002,
            0.1831815242767334,
            1.5809657573699951,
            0.32431912422180176,
            0.19305753707885742,
            1.6243102550506592,
            0.3256866931915283,
            0.18449664115905762,
            1.5850553512573242,
            0.32334232330322266,
            0.1857128143310547,
            1.4868247509002686,
            0.3431367874145508,
            0.1849524974822998,
            1.6770801544189453,
            0.3340291976928711,
            0.1758289337158203,
            1.6213395595550537,
            0.2799093723297119,
            0.17141056060791016,
            1.4341933727264404,
            0.2687225341796875,
            0.1787095069885254,
            1.440197229385376,
            0.2946038246154785,
            0.16343331336975098,
            1.5183579921722412,
            0.26958680152893066,
            0.17617392539978027,
            1.842451572418213,
            0.32391357421875,
            0.1733074188232422,
            1.7959775924682617,
            0.24918675422668457,
            0.15906047821044922,
            1.6018497943878174,
            0.2634165287017822,
            0.16304683685302734,
            1.6225011348724365,
            0.2965383529663086,
            0.18055081367492676,
            1.473938226699829,
            0.2863197326660156,
            0.18311643600463867,
            1.5260262489318848,
            0.28641366958618164,
            0.19671964645385742,
            1.6161134243011475,
            0.28084564208984375,
            0.19378900527954102,
            1.650446891784668,
            0.25830817222595215,
            0.18766117095947266,
            1.484010934829712,
            0.29811573028564453,
            0.19039130210876465,
            1.8868095874786377,
            0.29457616806030273,
            0.18486404418945312,
            1.6955912113189697,
            0.29647302627563477,
            0.1959521770477295,
            1.6981306076049805,
            0.27706384658813477,
            0.18314433097839355,
            1.522674798965454,
            0.2654242515563965,
            0.17162251472473145,
            1.720747709274292,
            0.25983691215515137,
            0.1694018840789795,
            1.7020394802093506,
            0.30580949783325195,
            0.20343494415283203,
            1.717073678970337,
            0.31781840324401855,
            0.19512057304382324,
            1.6735527515411377,
            0.2719447612762451,
            0.19786429405212402,
            1.7054853439331055,
            0.2653021812438965,
            0.18038344383239746,
            1.5844473838806152,
            0.28962039947509766,
            0.18132567405700684,
            1.4756546020507812,
            0.3028841018676758,
            0.16401052474975586,
            1.6945717334747314,
            0.2759401798248291,
            0.17032551765441895,
            1.6444034576416016,
            0.2774055004119873,
            0.17923545837402344,
            1.7398629188537598
        ],
        "fit_computation_times": [
            0.21379470825195312,
            0.22512316703796387,
            0.20848989486694336,
            0.21815061569213867,
            0.22495532035827637,
            0.21638727188110352,
            0.21299004554748535,
            0.2128293514251709
        ]
    },
    "elapsed": 85.26475644111633
}