{
    "tensor_name": "nell-2",
    "sampler": "efficient",
    "R": 125,
    "J": 131072,
    "trial": 0,
    "preprocessing": "log_count",
    "initialization": null,
    "max_iterations": 40,
    "stop_tolerance": 0.0001,
    "tensor_order": 3,
    "trace": {
        "iterations": [
            0,
            5,
            10,
            15,
            20,
            25,
            30,
            35,
            40
        ],
        "fits": [
            -1901.526490497981,
            0.06947423696636013,
            0.07652273888619354,
            0.07959319282577304,
            0.08104621115659028,
            0.08185715472472133,
            0.08206468178147075,
            0.08231081882646796,
            0.0824274890907507
        ],
        "update_times": [
            0.4510805606842041,
            0.5009543895721436,
            1.9575624465942383,
            0.7610225677490234,
            0.6486775875091553,
            1.7564785480499268,
            0.9360992908477783,
            0.6534092426300049,
            1.421098232269287,
            1.0170800685882568,
            0.6963670253753662,
            1.502331256866455,
            1.02779221534729,
            0.6960041522979736,
            1.399517297744751,
            1.0170462131500244,
            0.7345168590545654,
            1.55902099609375,
            1.0634434223175049,
            0.7275300025939941,
            1.7237474918365479,
            1.1100554466247559,
            0.7797398567199707,
            1.4920120239257812,
            1.1240901947021484,
            0.7978742122650146,
            1.5888996124267578,
            1.104166030883789,
            0.7530505657196045,
            1.5413100719451904,
            1.0700948238372803,
            0.7423989772796631,
            1.4170506000518799,
            1.157529354095459,
            0.707672119140625,
            1.4485268592834473,
            1.138885259628296,
            0.7853753566741943,
            1.5306007862091064,
            1.121534824371338,
            0.8135852813720703,
            1.4885811805725098,
            1.144667148590088,
            0.7905879020690918,
            1.432349681854248,
            1.1251723766326904,
            0.7730808258056641,
            1.541562557220459,
            1.120713472366333,
            0.7467279434204102,
            1.4689970016479492,
            1.1746790409088135,
            0.7214243412017822,
            1.4452691078186035,
            1.131791591644287,
            0.7306735515594482,
            1.537160873413086,
            1.0792293548583984,
            0.7439670562744141,
            1.445941686630249,
            1.132892370223999,
            0.7537522315979004,
            1.5079247951507568,
            1.1757001876831055,
            0.751272439956665,
            1.4334027767181396,
            1.1774439811706543,
            0.7537307739257812,
            1.5291166305541992,
            1.1764354705810547,
            0.7432713508605957,
            1.582803726196289,
            1.1866545677185059,
            0.7199206352233887,
            1.4905409812927246,
            1.1723506450653076,
            0.7397596836090088,
            1.7180137634277344,
            1.1468727588653564,
            0.7501411437988281,
            1.481311559677124,
            1.1585063934326172,
            0.7637889385223389,
            1.4772453308105469,
            1.1436338424682617,
            0.7357203960418701,
            1.4966864585876465,
            1.1224219799041748,
            0.7344863414764404,
            1.5158708095550537,
            1.1112937927246094,
            0.720811128616333,
            1.4959661960601807,
            1.116584062576294,
            0.7465238571166992,
            1.4795136451721191,
            1.127490520477295,
            0.7491991519927979,
            1.5588464736938477,
            1.1203715801239014,
            0.7714462280273438,
            1.430253267288208,
            1.1240143775939941,
            0.7312099933624268,
            1.433919906616211,
            1.148524522781372,
            0.7357141971588135,
            1.4370386600494385,
            1.0790998935699463,
            0.7259194850921631,
            1.4114429950714111,
            1.0801637172698975,
            0.741553783416748,
            1.3933629989624023,
            1.0569722652435303,
            0.7334942817687988,
            1.404191255569458,
            1.1444101333618164,
            0.7313413619995117,
            1.4325485229492188
        ],
        "fit_computation_times": [
            0.1459517478942871,
            0.156996488571167,
            0.15444445610046387,
            0.14851021766662598,
            0.1437971591949463,
            0.14099740982055664,
            0.14980006217956543,
            0.1716005802154541
        ]
    },
    "elapsed": 134.72588181495667
}