{
    "tensor_name": "nell-2",
    "sampler": "larsen_kolda_hybrid",
    "R": 25,
    "J": 131072,
    "trial": 0,
    "preprocessing": "log_count",
    "initialization": null,
    "max_iterations": 40,
    "stop_tolerance": 0.0001,
    "tensor_order": 3,
    "trace": {
        "iterations": [
            0,
            5,
            10,
            15,
            20,
            25,
            30,
            35,
            40
        ],
        "fits": [
            -849.9300477793835,
            0.04271747858035735,
            0.04549885456981473,
            0.046085408684120366,
            0.04633379369481372,
            0.04652483327434853,
            0.046768559548481914,
            0.04690504963279607,
            0.04698124843842444
        ],
        "update_times": [
            0.027035236358642578,
            0.052373409271240234,
            0.6764054298400879,
            0.16962695121765137,
            0.09336495399475098,
            0.6958882808685303,
            0.20362019538879395,
            0.08940339088439941,
            0.6603319644927979,
            0.17795872688293457,
            0.08460593223571777,
            0.7477474212646484,
            0.23657727241516113,
            0.10009050369262695,
            0.6771066188812256,
            0.18560051918029785,
            0.08236503601074219,
            0.6758432388305664,
            0.19416236877441406,
            0.08128857612609863,
            0.7314164638519287,
            0.20489764213562012,
            0.08241724967956543,
            0.7299695014953613,
            0.2049567699432373,
            0.0830690860748291,
            0.7257323265075684,
            0.18747162818908691,
            0.07948470115661621,
            0.700676441192627,
            0.18503212928771973,
            0.07635331153869629,
            0.7039823532104492,
            0.20409202575683594,
            0.08094453811645508,
            0.713376522064209,
            0.21673989295959473,
            0.08076071739196777,
            0.7238173484802246,
            0.1872570514678955,
            0.07978534698486328,
            0.708197832107544,
            0.19148921966552734,
            0.08111143112182617,
            0.7132391929626465,
            0.191436767578125,
            0.07828140258789062,
            0.7057335376739502,
            0.18269681930541992,
            0.07896995544433594,
            0.7035708427429199,
            0.19162344932556152,
            0.07930397987365723,
            0.7061562538146973,
            0.1871650218963623,
            0.08440518379211426,
            0.7380111217498779,
            0.1846480369567871,
            0.08598637580871582,
            0.7096719741821289,
            0.1891634464263916,
            0.08085966110229492,
            0.7210423946380615,
            0.18686628341674805,
            0.07902383804321289,
            0.6897807121276855,
            0.18172526359558105,
            0.08109378814697266,
            0.7041769027709961,
            0.19406747817993164,
            0.07953619956970215,
            0.7018401622772217,
            0.1931476593017578,
            0.07978653907775879,
            0.662391185760498,
            0.1867825984954834,
            0.08244681358337402,
            0.7073514461517334,
            0.18879485130310059,
            0.08309149742126465,
            0.720170259475708,
            0.18690991401672363,
            0.08410215377807617,
            0.7178869247436523,
            0.19116520881652832,
            0.08505868911743164,
            0.7280266284942627,
            0.1925969123840332,
            0.08515763282775879,
            0.7057359218597412,
            0.17178678512573242,
            0.08870315551757812,
            0.6352028846740723,
            0.18657565116882324,
            0.08708810806274414,
            0.7057650089263916,
            0.19301056861877441,
            0.08781814575195312,
            0.7003586292266846,
            0.19313907623291016,
            0.0814676284790039,
            0.6933231353759766,
            0.19039487838745117,
            0.08382654190063477,
            0.7096879482269287,
            0.18402338027954102,
            0.08687806129455566,
            0.712594747543335,
            0.19519805908203125,
            0.08284950256347656,
            0.6979537010192871,
            0.20003104209899902,
            0.08526945114135742,
            0.6871986389160156,
            0.19125032424926758,
            0.08631682395935059,
            0.7097432613372803,
            0.20412349700927734,
            0.08862900733947754,
            0.6303248405456543
        ],
        "fit_computation_times": [
            0.06259346008300781,
            0.06670141220092773,
            0.06691503524780273,
            0.06623673439025879,
            0.06725502014160156,
            0.06685686111450195,
            0.06880998611450195,
            0.07437491416931152
        ]
    },
    "elapsed": 39.62246608734131
}