{
    "tensor_name": "nell-2",
    "sampler": "larsen_kolda_hybrid",
    "R": 125,
    "J": 98304,
    "trial": 3,
    "preprocessing": "log_count",
    "initialization": null,
    "max_iterations": 40,
    "stop_tolerance": 0.0001,
    "tensor_order": 3,
    "trace": {
        "iterations": [
            0,
            5,
            10,
            15,
            20,
            25,
            30,
            35,
            40
        ],
        "fits": [
            -1906.0839281329015,
            0.06724882614252214,
            0.07272229981451661,
            0.07493036824364452,
            0.07604268459031971,
            0.07629393067547952,
            0.076334130652849,
            0.07665692390538237,
            0.07688563956688366
        ],
        "update_times": [
            0.060160160064697266,
            0.10707473754882812,
            0.674119234085083,
            0.20846343040466309,
            0.15924930572509766,
            0.6799895763397217,
            0.22876405715942383,
            0.1763019561767578,
            0.7733073234558105,
            0.24601411819458008,
            0.17555451393127441,
            0.7297906875610352,
            0.2439594268798828,
            0.18983983993530273,
            0.7038214206695557,
            0.2102189064025879,
            0.18395352363586426,
            0.6540946960449219,
            0.23314189910888672,
            0.17046022415161133,
            0.716543436050415,
            0.25157737731933594,
            0.17185020446777344,
            0.6078691482543945,
            0.23626470565795898,
            0.1677107810974121,
            0.6743683815002441,
            0.2152695655822754,
            0.19591808319091797,
            0.6375844478607178,
            0.23529481887817383,
            0.16270828247070312,
            0.6777522563934326,
            0.21016931533813477,
            0.17699193954467773,
            0.7067101001739502,
            0.23740243911743164,
            0.16427373886108398,
            0.6521453857421875,
            0.24331927299499512,
            0.17873740196228027,
            0.6843717098236084,
            0.24477076530456543,
            0.1690046787261963,
            0.6475274562835693,
            0.21731925010681152,
            0.1671466827392578,
            0.6141047477722168,
            0.2401728630065918,
            0.17490148544311523,
            0.6493399143218994,
            0.2453765869140625,
            0.16715431213378906,
            0.6085894107818604,
            0.24191021919250488,
            0.17326140403747559,
            0.6918232440948486,
            0.24227547645568848,
            0.1621110439300537,
            0.6103212833404541,
            0.22757768630981445,
            0.16721606254577637,
            0.7030816078186035,
            0.2386186122894287,
            0.17482352256774902,
            0.6989486217498779,
            0.23000645637512207,
            0.1736299991607666,
            0.7117676734924316,
            0.2973344326019287,
            0.18636536598205566,
            0.7251079082489014,
            0.2364819049835205,
            0.15651321411132812,
            0.7217221260070801,
            0.2094101905822754,
            0.16278672218322754,
            0.7006113529205322,
            0.22082233428955078,
            0.17650318145751953,
            0.7265927791595459,
            0.18922066688537598,
            0.1540231704711914,
            0.6936917304992676,
            0.23029828071594238,
            0.16268658638000488,
            0.7040653228759766,
            0.2315375804901123,
            0.16298341751098633,
            0.6748256683349609,
            0.22992682456970215,
            0.16209125518798828,
            0.6781444549560547,
            0.2361927032470703,
            0.18954896926879883,
            0.6577603816986084,
            0.21461701393127441,
            0.17483901977539062,
            0.6437866687774658,
            0.20574259757995605,
            0.18303966522216797,
            0.7122085094451904,
            0.2476198673248291,
            0.1876220703125,
            0.6570570468902588,
            0.24051642417907715,
            0.16602754592895508,
            0.6936111450195312,
            0.24840855598449707,
            0.1582343578338623,
            0.6663293838500977,
            0.24477148056030273,
            0.17905092239379883,
            0.6006441116333008,
            0.24256443977355957,
            0.18686914443969727,
            0.6614160537719727,
            0.21703457832336426,
            0.17432951927185059,
            0.6161649227142334
        ],
        "fit_computation_times": [
            0.15326452255249023,
            0.15314197540283203,
            0.15804219245910645,
            0.15404558181762695,
            0.16353201866149902,
            0.1486198902130127,
            0.1605067253112793,
            0.14963173866271973
        ]
    },
    "elapsed": 44.429030656814575
}