{
    "tensor_name": "nell-2",
    "sampler": "efficient",
    "R": 125,
    "J": 98304,
    "trial": 1,
    "preprocessing": "log_count",
    "initialization": null,
    "max_iterations": 40,
    "stop_tolerance": 0.0001,
    "tensor_order": 3,
    "trace": {
        "iterations": [
            0,
            5,
            10,
            15,
            20,
            25,
            30,
            35,
            40
        ],
        "fits": [
            -1901.2807626246115,
            0.07004131489943077,
            0.07708723907863146,
            0.07987691967106081,
            0.0810291771679218,
            0.08153518636240831,
            0.08189478267070938,
            0.08210887618772544,
            0.08228335079587301
        ],
        "update_times": [
            0.35033631324768066,
            0.3590993881225586,
            1.7650413513183594,
            0.7149782180786133,
            0.44886088371276855,
            1.693413257598877,
            0.599973201751709,
            0.4721062183380127,
            1.9888696670532227,
            0.6344680786132812,
            0.4744420051574707,
            2.070686101913452,
            0.6402609348297119,
            0.5233421325683594,
            1.8301892280578613,
            0.6574468612670898,
            0.5001704692840576,
            1.9192183017730713,
            0.7408759593963623,
            0.494152307510376,
            2.0092875957489014,
            0.7006912231445312,
            0.5058732032775879,
            2.0051352977752686,
            0.7286891937255859,
            0.493239164352417,
            1.963174819946289,
            0.7056543827056885,
            0.49694180488586426,
            2.222198009490967,
            0.7286016941070557,
            0.49884557723999023,
            1.9911162853240967,
            0.7244648933410645,
            0.4891352653503418,
            2.136962413787842,
            0.723839521408081,
            0.5242376327514648,
            1.9355831146240234,
            0.733039379119873,
            0.5086467266082764,
            1.9023618698120117,
            0.7330806255340576,
            0.5383725166320801,
            2.0864696502685547,
            0.7627193927764893,
            0.5259919166564941,
            2.0160725116729736,
            0.7649741172790527,
            0.5187375545501709,
            1.9005331993103027,
            0.744131326675415,
            0.5537488460540771,
            2.1028788089752197,
            0.759286642074585,
            0.5257611274719238,
            2.211390972137451,
            0.7362537384033203,
            0.538095235824585,
            2.1314446926116943,
            0.707388162612915,
            0.5425519943237305,
            2.117931842803955,
            0.755648136138916,
            0.5077030658721924,
            2.003406047821045,
            0.7523417472839355,
            0.5464956760406494,
            2.1593096256256104,
            0.7383248805999756,
            0.5213303565979004,
            2.0699148178100586,
            0.7177705764770508,
            0.5193159580230713,
            1.9774341583251953,
            0.7527508735656738,
            0.5320398807525635,
            2.0441243648529053,
            0.759779691696167,
            0.5356748104095459,
            1.9532012939453125,
            0.7646300792694092,
            0.5026192665100098,
            2.1069798469543457,
            0.7482328414916992,
            0.510737419128418,
            1.9631834030151367,
            0.7282822132110596,
            0.5142850875854492,
            2.1402978897094727,
            0.7060031890869141,
            0.504143476486206,
            2.1880340576171875,
            0.7947776317596436,
            0.5092661380767822,
            1.9724407196044922,
            0.7798192501068115,
            0.49930572509765625,
            2.088386297225952,
            0.7472612857818604,
            0.530587911605835,
            2.0835378170013428,
            0.7316677570343018,
            0.5391652584075928,
            1.944319248199463,
            0.719557523727417,
            0.519899845123291,
            2.079131603240967,
            0.7418556213378906,
            0.5196430683135986,
            1.991152286529541,
            0.7859597206115723,
            0.5266759395599365,
            2.1539700031280518,
            0.7463774681091309,
            0.5148007869720459,
            1.9341909885406494,
            0.7277891635894775,
            0.5081627368927002,
            2.051720142364502
        ],
        "fit_computation_times": [
            0.12722015380859375,
            0.12790679931640625,
            0.12900710105895996,
            0.1329500675201416,
            0.13327836990356445,
            0.12600255012512207,
            0.1306781768798828,
            0.12821578979492188
        ]
    },
    "elapsed": 131.26153254508972
}