{
    "tensor_name": "nell-2",
    "sampler": "larsen_kolda_hybrid",
    "R": 100,
    "J": 229376,
    "trial": 1,
    "preprocessing": "log_count",
    "initialization": null,
    "max_iterations": 40,
    "stop_tolerance": 0.0001,
    "tensor_order": 3,
    "trace": {
        "iterations": [
            0,
            5,
            10,
            15,
            20,
            25,
            30,
            35,
            40
        ],
        "fits": [
            -1705.5047604169436,
            0.06525995673879426,
            0.07089139940328348,
            0.07380741723552553,
            0.07520263841085217,
            0.07562449816535821,
            0.07589327212006336,
            0.07596596350864038,
            0.0761075025841974
        ],
        "update_times": [
            0.1056070327758789,
            0.14351892471313477,
            1.1226263046264648,
            0.3849809169769287,
            0.24141860008239746,
            1.2646961212158203,
            0.47916722297668457,
            0.24399638175964355,
            1.3364980220794678,
            0.45951271057128906,
            0.2463977336883545,
            1.258866548538208,
            0.544105052947998,
            0.21705365180969238,
            1.1679458618164062,
            0.47532105445861816,
            0.22519516944885254,
            1.159529685974121,
            0.5063931941986084,
            0.22486019134521484,
            1.2140750885009766,
            0.4633193016052246,
            0.22937679290771484,
            1.2101852893829346,
            0.43023157119750977,
            0.22780108451843262,
            1.1912732124328613,
            0.4733116626739502,
            0.2616102695465088,
            1.3092701435089111,
            0.4473690986633301,
            0.241455078125,
            1.1919124126434326,
            0.44909214973449707,
            0.2339639663696289,
            1.17179536819458,
            0.41882920265197754,
            0.2542917728424072,
            1.0700151920318604,
            0.43254899978637695,
            0.21249127388000488,
            1.0070228576660156,
            0.4112241268157959,
            0.22000503540039062,
            1.039924144744873,
            0.40027832984924316,
            0.2181386947631836,
            1.0726561546325684,
            0.41705870628356934,
            0.20499610900878906,
            0.8911190032958984,
            0.40921831130981445,
            0.20351600646972656,
            0.9369702339172363,
            0.4172215461730957,
            0.2321465015411377,
            0.9015359878540039,
            0.40636515617370605,
            0.23738431930541992,
            0.943793535232544,
            0.4229004383087158,
            0.23828625679016113,
            0.9046967029571533,
            0.4351377487182617,
            0.1976335048675537,
            0.9893097877502441,
            0.39801478385925293,
            0.22380638122558594,
            1.0307345390319824,
            0.4087405204772949,
            0.2257983684539795,
            0.9933454990386963,
            0.40659070014953613,
            0.236983060836792,
            1.0773553848266602,
            0.3855924606323242,
            0.24528861045837402,
            1.0517024993896484,
            0.41994690895080566,
            0.27234315872192383,
            1.0821571350097656,
            0.41092967987060547,
            0.222550630569458,
            1.0487182140350342,
            0.3807694911956787,
            0.24194645881652832,
            0.9995625019073486,
            0.43936634063720703,
            0.23347711563110352,
            1.0368468761444092,
            0.3912827968597412,
            0.2036445140838623,
            0.9644997119903564,
            0.4252452850341797,
            0.23871636390686035,
            1.0286900997161865,
            0.39081454277038574,
            0.23839974403381348,
            1.053274393081665,
            0.4231295585632324,
            0.20860695838928223,
            0.9862542152404785,
            0.411637544631958,
            0.24288582801818848,
            1.084850549697876,
            0.42839956283569336,
            0.22981834411621094,
            1.1401183605194092,
            0.441849946975708,
            0.2411501407623291,
            1.0764446258544922,
            0.4267697334289551,
            0.2260284423828125,
            1.117053747177124,
            0.4442906379699707,
            0.25490736961364746,
            1.0386567115783691,
            0.4813656806945801,
            0.23328304290771484,
            1.0185301303863525
        ],
        "fit_computation_times": [
            0.13222384452819824,
            0.14773106575012207,
            0.13165545463562012,
            0.1334388256072998,
            0.13175582885742188,
            0.15135431289672852,
            0.15032482147216797,
            0.14494824409484863
        ]
    },
    "elapsed": 70.56004023551941
}