{
    "tensor_name": "nell-2",
    "sampler": "efficient",
    "R": 25,
    "J": 32768,
    "trial": 0,
    "preprocessing": "log_count",
    "initialization": null,
    "max_iterations": 40,
    "stop_tolerance": 0.0001,
    "tensor_order": 3,
    "trace": {
        "iterations": [
            0,
            5,
            10,
            15,
            20,
            25,
            30,
            35,
            40
        ],
        "fits": [
            -851.3025697033628,
            0.040730712204064656,
            0.04458374969245538,
            0.04580872263994484,
            0.04628848595196733,
            0.04643976787155335,
            0.046420049066351665,
            0.04639893672187545,
            0.04663028139243963
        ],
        "update_times": [
            0.03298497200012207,
            0.031987905502319336,
            0.1844627857208252,
            0.0707552433013916,
            0.04652762413024902,
            0.228348970413208,
            0.07313203811645508,
            0.05701732635498047,
            0.17429447174072266,
            0.11309123039245605,
            0.06533074378967285,
            0.18244361877441406,
            0.15515923500061035,
            0.07809615135192871,
            0.17947888374328613,
            0.11449742317199707,
            0.07236909866333008,
            0.17495036125183105,
            0.11976742744445801,
            0.0753164291381836,
            0.18163609504699707,
            0.12761473655700684,
            0.07999825477600098,
            0.18353724479675293,
            0.1433851718902588,
            0.07619643211364746,
            0.17454147338867188,
            0.14223957061767578,
            0.07516813278198242,
            0.1700301170349121,
            0.11960840225219727,
            0.08670330047607422,
            0.1892533302307129,
            0.13452625274658203,
            0.07554149627685547,
            0.17534685134887695,
            0.13265037536621094,
            0.07565522193908691,
            0.17767667770385742,
            0.13181090354919434,
            0.07982993125915527,
            0.16533374786376953,
            0.1315140724182129,
            0.08078837394714355,
            0.1871793270111084,
            0.12582707405090332,
            0.07476210594177246,
            0.18196654319763184,
            0.13714146614074707,
            0.07580733299255371,
            0.18413281440734863,
            0.1532001495361328,
            0.07966160774230957,
            0.17592573165893555,
            0.13299918174743652,
            0.07345461845397949,
            0.1678776741027832,
            0.14986562728881836,
            0.07419323921203613,
            0.19390511512756348,
            0.12389731407165527,
            0.07374691963195801,
            0.1735236644744873,
            0.1374363899230957,
            0.07799887657165527,
            0.1754746437072754,
            0.1421217918395996,
            0.07539868354797363,
            0.18971586227416992,
            0.1300950050354004,
            0.07674360275268555,
            0.18222355842590332,
            0.13529562950134277,
            0.07622337341308594,
            0.19883298873901367,
            0.12869477272033691,
            0.07645416259765625,
            0.18172860145568848,
            0.12885355949401855,
            0.08101868629455566,
            0.19109821319580078,
            0.1424109935760498,
            0.07843732833862305,
            0.18874382972717285,
            0.14137601852416992,
            0.07991552352905273,
            0.18263459205627441,
            0.14049959182739258,
            0.07663583755493164,
            0.17421627044677734,
            0.13579869270324707,
            0.07737851142883301,
            0.18238496780395508,
            0.13855290412902832,
            0.07275271415710449,
            0.19237017631530762,
            0.13621234893798828,
            0.11701607704162598,
            0.16833186149597168,
            0.1407017707824707,
            0.07621479034423828,
            0.18001914024353027,
            0.13960838317871094,
            0.07707524299621582,
            0.1831498146057129,
            0.13833212852478027,
            0.07694721221923828,
            0.18119287490844727,
            0.12654447555541992,
            0.07929229736328125,
            0.17871665954589844,
            0.14162492752075195,
            0.07454752922058105,
            0.18332338333129883,
            0.1331171989440918,
            0.08284878730773926,
            0.17999815940856934,
            0.15145301818847656,
            0.08228945732116699,
            0.18116974830627441
        ],
        "fit_computation_times": [
            0.06847000122070312,
            0.06917262077331543,
            0.06817746162414551,
            0.06220412254333496,
            0.06352806091308594,
            0.07168436050415039,
            0.07234001159667969,
            0.06920790672302246
        ]
    },
    "elapsed": 16.10533595085144
}