{
    "tensor_name": "nell-2",
    "sampler": "efficient",
    "R": 25,
    "J": 163840,
    "trial": 3,
    "preprocessing": "log_count",
    "initialization": null,
    "max_iterations": 40,
    "stop_tolerance": 0.0001,
    "tensor_order": 3,
    "trace": {
        "iterations": [
            0,
            5,
            10,
            15,
            20,
            25,
            30,
            35,
            40
        ],
        "fits": [
            -850.3966452775795,
            0.04107217104160066,
            0.04432127714651779,
            0.045801540244558625,
            0.0465011377725546,
            0.046848027530908554,
            0.04699459050766652,
            0.047055140817978014,
            0.04710331634325071
        ],
        "update_times": [
            0.09224629402160645,
            0.1271376609802246,
            0.5488598346710205,
            0.20823049545288086,
            0.1698462963104248,
            0.5500638484954834,
            0.1862316131591797,
            0.18218469619750977,
            0.640099048614502,
            0.23259401321411133,
            0.18793058395385742,
            0.6072695255279541,
            0.18497180938720703,
            0.2200314998626709,
            0.5768256187438965,
            0.18471217155456543,
            0.1948401927947998,
            0.6028134822845459,
            0.19050240516662598,
            0.20882701873779297,
            0.647362232208252,
            0.20036911964416504,
            0.2051703929901123,
            0.6635985374450684,
            0.18787050247192383,
            0.21444368362426758,
            0.6030926704406738,
            0.20636940002441406,
            0.20879483222961426,
            0.6154112815856934,
            0.19882893562316895,
            0.23695158958435059,
            0.5933911800384521,
            0.21985840797424316,
            0.2070915699005127,
            0.6467576026916504,
            0.26674389839172363,
            0.2259514331817627,
            0.6031138896942139,
            0.24339008331298828,
            0.22485089302062988,
            0.674466609954834,
            0.23287487030029297,
            0.22861266136169434,
            0.6071987152099609,
            0.22697949409484863,
            0.21845412254333496,
            0.6753146648406982,
            0.24524664878845215,
            0.20585179328918457,
            0.6624484062194824,
            0.21103620529174805,
            0.21806812286376953,
            0.6465997695922852,
            0.21858549118041992,
            0.22376799583435059,
            0.6564061641693115,
            0.3578531742095947,
            0.22881531715393066,
            0.642047643661499,
            0.22365880012512207,
            0.2085251808166504,
            0.6845221519470215,
            0.2302718162536621,
            0.21814990043640137,
            0.641728401184082,
            0.21186232566833496,
            0.21276640892028809,
            0.6437671184539795,
            0.23144054412841797,
            0.2161543369293213,
            0.6430156230926514,
            0.2188887596130371,
            0.2023634910583496,
            0.6013453006744385,
            0.20974040031433105,
            0.21217608451843262,
            0.6296555995941162,
            0.20795583724975586,
            0.2136695384979248,
            0.5980651378631592,
            0.21539664268493652,
            0.2089982032775879,
            0.6390178203582764,
            0.20905208587646484,
            0.22768020629882812,
            0.6684625148773193,
            0.23183274269104004,
            0.25039243698120117,
            0.6281678676605225,
            0.22133541107177734,
            0.21658754348754883,
            0.6806883811950684,
            0.23132896423339844,
            0.20904159545898438,
            0.6567826271057129,
            0.21304988861083984,
            0.2297670841217041,
            0.6809713840484619,
            0.2220754623413086,
            0.21793508529663086,
            0.6702308654785156,
            0.21798253059387207,
            0.2327728271484375,
            0.6903531551361084,
            0.21510028839111328,
            0.21705198287963867,
            0.6586270332336426,
            0.22314047813415527,
            0.20711946487426758,
            0.6667091846466064,
            0.21996855735778809,
            0.2088909149169922,
            0.6830792427062988,
            0.22665095329284668,
            0.2247154712677002,
            0.6909151077270508,
            0.23639392852783203,
            0.20890378952026367,
            0.6813051700592041
        ],
        "fit_computation_times": [
            0.09317278861999512,
            0.08653759956359863,
            0.08782482147216797,
            0.08887028694152832,
            0.0959782600402832,
            0.09245133399963379,
            0.0898904800415039,
            0.09127068519592285
        ]
    },
    "elapsed": 43.61790990829468
}