{
    "tensor_name": "nell-2",
    "sampler": "larsen_kolda_hybrid",
    "R": 75,
    "J": 131072,
    "trial": 0,
    "preprocessing": "log_count",
    "initialization": null,
    "max_iterations": 40,
    "stop_tolerance": 0.0001,
    "tensor_order": 3,
    "trace": {
        "iterations": [
            0,
            5,
            10,
            15,
            20,
            25,
            30,
            35,
            40
        ],
        "fits": [
            -1477.1099735444907,
            0.05910014940017627,
            0.06466482582101718,
            0.066567619115525,
            0.06745038719243757,
            0.06794452794659678,
            0.06829941564946496,
            0.06843292516490851,
            0.0686323369629247
        ],
        "update_times": [
            0.0630488395690918,
            0.08180451393127441,
            0.5667967796325684,
            0.21701908111572266,
            0.15346479415893555,
            0.6005814075469971,
            0.3044617176055908,
            0.15948796272277832,
            0.6034512519836426,
            0.2972397804260254,
            0.14461421966552734,
            0.6459829807281494,
            0.311765193939209,
            0.14317035675048828,
            0.6299223899841309,
            0.2857837677001953,
            0.15096330642700195,
            0.6073551177978516,
            0.3167147636413574,
            0.16797780990600586,
            0.662853479385376,
            0.3709678649902344,
            0.16168594360351562,
            0.6280660629272461,
            0.30062031745910645,
            0.16704559326171875,
            0.5792548656463623,
            0.32729315757751465,
            0.16704750061035156,
            0.6500144004821777,
            0.27462291717529297,
            0.17281627655029297,
            0.6401462554931641,
            0.30864906311035156,
            0.16493749618530273,
            0.6418139934539795,
            0.30909156799316406,
            0.1588151454925537,
            0.6234276294708252,
            0.32936882972717285,
            0.18749547004699707,
            0.58713698387146,
            0.29172778129577637,
            0.14991331100463867,
            0.5928285121917725,
            0.24826860427856445,
            0.15328621864318848,
            0.5852465629577637,
            0.330108642578125,
            0.15717768669128418,
            0.6172585487365723,
            0.27496886253356934,
            0.14520812034606934,
            0.6006267070770264,
            0.24851036071777344,
            0.14905309677124023,
            0.5417203903198242,
            0.26519107818603516,
            0.1458883285522461,
            0.5912215709686279,
            0.24753808975219727,
            0.1510772705078125,
            0.589818000793457,
            0.25078678131103516,
            0.15238666534423828,
            0.6062638759613037,
            0.263897180557251,
            0.1879596710205078,
            0.589871883392334,
            0.25148630142211914,
            0.1852102279663086,
            0.6083419322967529,
            0.23661303520202637,
            0.15384459495544434,
            0.6207106113433838,
            0.2446739673614502,
            0.15958142280578613,
            0.613426923751831,
            0.2759225368499756,
            0.14411282539367676,
            0.5954291820526123,
            0.2696855068206787,
            0.1627826690673828,
            0.632157564163208,
            0.2606468200683594,
            0.1609499454498291,
            0.6395258903503418,
            0.2571232318878174,
            0.16384077072143555,
            0.608795166015625,
            0.27527689933776855,
            0.17225337028503418,
            0.6288363933563232,
            0.27625465393066406,
            0.19388461112976074,
            0.6444056034088135,
            0.24749040603637695,
            0.17157721519470215,
            0.6400423049926758,
            0.2832958698272705,
            0.16162633895874023,
            0.6267228126525879,
            0.2696845531463623,
            0.15357446670532227,
            0.5763747692108154,
            0.24195313453674316,
            0.15286922454833984,
            0.6089558601379395,
            0.2602701187133789,
            0.1631324291229248,
            0.5553061962127686,
            0.2429816722869873,
            0.15974116325378418,
            0.590071439743042,
            0.22971200942993164,
            0.16187262535095215,
            0.5634281635284424,
            0.25086283683776855,
            0.15755915641784668,
            0.6077356338500977
        ],
        "fit_computation_times": [
            0.09304666519165039,
            0.10280656814575195,
            0.10378694534301758,
            0.09527444839477539,
            0.10213804244995117,
            0.10001230239868164,
            0.1040792465209961,
            0.10402226448059082
        ]
    },
    "elapsed": 42.427385568618774
}