{
    "tensor_name": "nell-2",
    "sampler": "efficient",
    "R": 100,
    "J": 163840,
    "trial": 1,
    "preprocessing": "log_count",
    "initialization": null,
    "max_iterations": 40,
    "stop_tolerance": 0.0001,
    "tensor_order": 3,
    "trace": {
        "iterations": [
            0,
            5,
            10,
            15,
            20,
            25,
            30,
            35,
            40
        ],
        "fits": [
            -1702.695226347253,
            0.06584152029436563,
            0.07176177939451478,
            0.0742834725004402,
            0.07543927251577043,
            0.07626725849266835,
            0.07663501043303256,
            0.07689148592538508,
            0.07701619349998923
        ],
        "update_times": [
            0.38865041732788086,
            0.43671441078186035,
            1.6210038661956787,
            0.680222749710083,
            0.5473742485046387,
            1.5115163326263428,
            0.6955699920654297,
            0.5281703472137451,
            1.0314323902130127,
            0.7314727306365967,
            0.5647122859954834,
            1.060105562210083,
            0.7428605556488037,
            0.5822653770446777,
            1.097137689590454,
            0.7692630290985107,
            0.570110559463501,
            1.0479588508605957,
            0.8037924766540527,
            0.5857205390930176,
            1.0840785503387451,
            0.7491230964660645,
            0.5808250904083252,
            1.0896978378295898,
            0.761152982711792,
            0.5687110424041748,
            1.068204641342163,
            0.8194549083709717,
            0.6300303936004639,
            1.1501822471618652,
            0.8082962036132812,
            0.6150205135345459,
            1.108644723892212,
            0.8192248344421387,
            0.5932061672210693,
            1.1079723834991455,
            0.8517200946807861,
            0.5815930366516113,
            1.0869920253753662,
            0.7809953689575195,
            0.5870695114135742,
            1.0910663604736328,
            0.8166518211364746,
            0.5837349891662598,
            1.094574213027954,
            0.8165910243988037,
            0.5794012546539307,
            1.0614910125732422,
            0.8091824054718018,
            0.5924854278564453,
            1.0718202590942383,
            0.8631165027618408,
            0.6016058921813965,
            1.0734918117523193,
            0.8618185520172119,
            0.6053073406219482,
            1.1245207786560059,
            0.826613187789917,
            0.5744528770446777,
            1.0626070499420166,
            0.8277449607849121,
            0.5766384601593018,
            1.00417160987854,
            0.8189511299133301,
            0.5789470672607422,
            1.077420949935913,
            0.8055918216705322,
            0.5680923461914062,
            1.07920503616333,
            0.8630757331848145,
            0.581186056137085,
            1.085726022720337,
            0.8485016822814941,
            0.585017204284668,
            1.063596248626709,
            0.7938768863677979,
            0.5856151580810547,
            1.0509722232818604,
            0.8214561939239502,
            0.5787816047668457,
            1.0464532375335693,
            0.8408951759338379,
            0.5873110294342041,
            1.09566330909729,
            0.8217811584472656,
            0.6035768985748291,
            1.0559735298156738,
            0.8772776126861572,
            0.5865635871887207,
            1.0577552318572998,
            0.8024392127990723,
            0.5862782001495361,
            1.0200543403625488,
            0.7831053733825684,
            0.5727906227111816,
            1.0476455688476562,
            0.8256986141204834,
            0.5583922863006592,
            1.0344202518463135,
            0.8235044479370117,
            0.5779328346252441,
            1.104384183883667,
            0.8304991722106934,
            0.6050126552581787,
            1.077725887298584,
            0.8159563541412354,
            0.5835094451904297,
            1.0752968788146973,
            0.8196866512298584,
            0.5996589660644531,
            1.0599944591522217,
            0.8079872131347656,
            0.5649740695953369,
            1.063891887664795,
            0.844489336013794,
            0.6051490306854248,
            1.0276501178741455,
            0.8064045906066895,
            0.6069822311401367,
            1.049534559249878
        ],
        "fit_computation_times": [
            0.09779667854309082,
            0.1047658920288086,
            0.0931241512298584,
            0.10239458084106445,
            0.09354758262634277,
            0.09083700180053711,
            0.09165620803833008,
            0.0929877758026123
        ]
    },
    "elapsed": 99.78796982765198
}