{
    "tensor_name": "nell-2",
    "sampler": "efficient",
    "R": 50,
    "J": 163840,
    "trial": 1,
    "preprocessing": "log_count",
    "initialization": null,
    "max_iterations": 40,
    "stop_tolerance": 0.0001,
    "tensor_order": 3,
    "trace": {
        "iterations": [
            0,
            5,
            10,
            15,
            20,
            25,
            30,
            35,
            40
        ],
        "fits": [
            -1201.2722309096123,
            0.05383635187488456,
            0.058274681933119576,
            0.060062262243027686,
            0.060606720132467595,
            0.06088265645155977,
            0.06107350498561115,
            0.06122660750580189,
            0.06143109679789183
        ],
        "update_times": [
            0.15513300895690918,
            0.19289445877075195,
            0.5199286937713623,
            0.3446941375732422,
            0.26352953910827637,
            0.537675142288208,
            0.42569613456726074,
            0.27484893798828125,
            0.6408648490905762,
            0.3946502208709717,
            0.29566407203674316,
            0.6508681774139404,
            0.40958070755004883,
            0.28613924980163574,
            0.643031120300293,
            0.390352725982666,
            0.2902529239654541,
            0.6510546207427979,
            0.4265408515930176,
            0.2887880802154541,
            0.6329197883605957,
            0.46712160110473633,
            0.2880129814147949,
            0.620840311050415,
            0.4436056613922119,
            0.3072340488433838,
            0.6515696048736572,
            0.4543609619140625,
            0.3153960704803467,
            0.6122021675109863,
            0.4372072219848633,
            0.31263113021850586,
            0.6448996067047119,
            0.5042204856872559,
            0.2982194423675537,
            0.6619808673858643,
            0.4786660671234131,
            0.29466867446899414,
            0.6394858360290527,
            0.48897409439086914,
            0.3243110179901123,
            0.6726770401000977,
            0.4589061737060547,
            0.33631277084350586,
            0.6974673271179199,
            0.4330739974975586,
            0.303999662399292,
            0.6705353260040283,
            0.473909854888916,
            0.3149738311767578,
            0.6821284294128418,
            0.44188594818115234,
            0.2980015277862549,
            0.6693334579467773,
            0.46193885803222656,
            0.31086206436157227,
            0.6920928955078125,
            0.4663412570953369,
            0.2913088798522949,
            0.64314866065979,
            0.45893049240112305,
            0.2925851345062256,
            0.6380524635314941,
            0.48605942726135254,
            0.3149840831756592,
            0.6484715938568115,
            0.45902323722839355,
            0.30571436882019043,
            0.6508829593658447,
            0.43789029121398926,
            0.3040013313293457,
            0.6453485488891602,
            0.4551665782928467,
            0.31800150871276855,
            0.7195537090301514,
            0.4666588306427002,
            0.32923150062561035,
            0.7435789108276367,
            0.4847676753997803,
            0.33951711654663086,
            0.7334885597229004,
            0.49500179290771484,
            0.35967135429382324,
            0.643857479095459,
            0.48735713958740234,
            0.3223536014556885,
            0.6467807292938232,
            0.4492001533508301,
            0.3265068531036377,
            0.669135570526123,
            0.5034434795379639,
            0.30956459045410156,
            0.6979928016662598,
            0.5324416160583496,
            0.38079166412353516,
            0.7455122470855713,
            0.48989272117614746,
            0.3398551940917969,
            0.7030224800109863,
            0.5240490436553955,
            0.3390340805053711,
            0.6845581531524658,
            0.4730069637298584,
            0.3634006977081299,
            0.6873703002929688,
            0.48122286796569824,
            0.33977413177490234,
            0.6704211235046387,
            0.5100414752960205,
            0.37836360931396484,
            0.7268526554107666,
            0.5113108158111572,
            0.36856865882873535,
            0.7034471035003662,
            0.47203803062438965,
            0.3572218418121338,
            0.8161666393280029,
            0.505929708480835,
            0.35347986221313477,
            0.7403972148895264
        ],
        "fit_computation_times": [
            0.08136749267578125,
            0.0829153060913086,
            0.08716368675231934,
            0.09011006355285645,
            0.09375810623168945,
            0.09368634223937988,
            0.08713221549987793,
            0.08611249923706055
        ]
    },
    "elapsed": 58.41272759437561
}