{
    "tensor_name": "nell-2",
    "sampler": "larsen_kolda_hybrid",
    "R": 50,
    "J": 98304,
    "trial": 3,
    "preprocessing": "log_count",
    "initialization": null,
    "max_iterations": 40,
    "stop_tolerance": 0.0001,
    "tensor_order": 3,
    "trace": {
        "iterations": [
            0,
            5,
            10,
            15,
            20,
            25,
            30,
            35,
            40
        ],
        "fits": [
            -1207.4736659817343,
            0.05314005623292217,
            0.05715096519291507,
            0.05879819033999856,
            0.05985013480770063,
            0.06015229223065843,
            0.060287807714463404,
            0.06039556256459688,
            0.06041935185678915
        ],
        "update_times": [
            0.023092985153198242,
            0.054502248764038086,
            0.43465089797973633,
            0.17992663383483887,
            0.08923816680908203,
            0.4943103790283203,
            0.1858515739440918,
            0.09583473205566406,
            0.49657130241394043,
            0.18049240112304688,
            0.09337735176086426,
            0.4732048511505127,
            0.18653202056884766,
            0.08858299255371094,
            0.49032068252563477,
            0.18248200416564941,
            0.09387826919555664,
            0.45096778869628906,
            0.18448233604431152,
            0.08952879905700684,
            0.4767649173736572,
            0.18814563751220703,
            0.08933091163635254,
            0.48261499404907227,
            0.18647527694702148,
            0.09231019020080566,
            0.4680182933807373,
            0.1965162754058838,
            0.0950765609741211,
            0.4851655960083008,
            0.18678522109985352,
            0.09489655494689941,
            0.4710550308227539,
            0.1898801326751709,
            0.08740496635437012,
            0.4899148941040039,
            0.18759703636169434,
            0.09359097480773926,
            0.44640326499938965,
            0.18027973175048828,
            0.09617090225219727,
            0.4388587474822998,
            0.1887831687927246,
            0.09112429618835449,
            0.4442296028137207,
            0.18154525756835938,
            0.0875093936920166,
            0.4698007106781006,
            0.17996478080749512,
            0.09282279014587402,
            0.42285633087158203,
            0.18451738357543945,
            0.1007845401763916,
            0.4295535087585449,
            0.18216323852539062,
            0.09362006187438965,
            0.4508378505706787,
            0.19178056716918945,
            0.09090113639831543,
            0.43297410011291504,
            0.1844797134399414,
            0.10286760330200195,
            0.45954442024230957,
            0.17686104774475098,
            0.095062255859375,
            0.4351656436920166,
            0.18237876892089844,
            0.09237790107727051,
            0.4365425109863281,
            0.19097471237182617,
            0.09624743461608887,
            0.45157361030578613,
            0.17690634727478027,
            0.09493756294250488,
            0.4299180507659912,
            0.17716741561889648,
            0.09951162338256836,
            0.4322662353515625,
            0.17104196548461914,
            0.0914914608001709,
            0.4384806156158447,
            0.17457151412963867,
            0.09353446960449219,
            0.47333240509033203,
            0.17028331756591797,
            0.08366513252258301,
            0.4668407440185547,
            0.19076251983642578,
            0.09372878074645996,
            0.4243450164794922,
            0.1843709945678711,
            0.08783626556396484,
            0.4634711742401123,
            0.19402694702148438,
            0.08984923362731934,
            0.43792152404785156,
            0.17217540740966797,
            0.09114241600036621,
            0.43932390213012695,
            0.19649744033813477,
            0.1033329963684082,
            0.4471731185913086,
            0.1893293857574463,
            0.09211444854736328,
            0.4411745071411133,
            0.18047547340393066,
            0.08971548080444336,
            0.4304015636444092,
            0.1738743782043457,
            0.09589719772338867,
            0.45041871070861816,
            0.2003333568572998,
            0.09265804290771484,
            0.4269096851348877,
            0.17026662826538086,
            0.0868678092956543,
            0.420473575592041,
            0.1768331527709961,
            0.09174895286560059,
            0.4449775218963623
        ],
        "fit_computation_times": [
            0.0692753791809082,
            0.07000112533569336,
            0.06937265396118164,
            0.06893563270568848,
            0.06918907165527344,
            0.06904315948486328,
            0.07002544403076172,
            0.06909847259521484
        ]
    },
    "elapsed": 29.59844183921814
}