{
    "tensor_name": "nell-2",
    "sampler": "larsen_kolda_hybrid",
    "R": 125,
    "J": 196608,
    "trial": 2,
    "preprocessing": "log_count",
    "initialization": null,
    "max_iterations": 40,
    "stop_tolerance": 0.0001,
    "tensor_order": 3,
    "trace": {
        "iterations": [
            0,
            5,
            10,
            15,
            20,
            25,
            30,
            35,
            40
        ],
        "fits": [
            -1903.4190786313554,
            0.06917306090829234,
            0.07532413381113057,
            0.07785605550480668,
            0.07913309345243447,
            0.07982289749064986,
            0.08015770679053513,
            0.08044963833963337,
            0.0805964722938407
        ],
        "update_times": [
            0.09685873985290527,
            0.15595102310180664,
            1.2327327728271484,
            0.28238534927368164,
            0.24487090110778809,
            1.3014957904815674,
            0.35194993019104004,
            0.23702168464660645,
            1.2258203029632568,
            0.4189012050628662,
            0.25333642959594727,
            1.2674593925476074,
            0.3929250240325928,
            0.22951650619506836,
            1.2410283088684082,
            0.37683892250061035,
            0.24701642990112305,
            1.263763666152954,
            0.40689849853515625,
            0.21777749061584473,
            1.2096078395843506,
            0.38917112350463867,
            0.21727418899536133,
            1.1785180568695068,
            0.43040919303894043,
            0.2353067398071289,
            1.4099748134613037,
            0.4292640686035156,
            0.24128484725952148,
            1.4516363143920898,
            0.38284969329833984,
            0.2582392692565918,
            1.3839752674102783,
            0.33687615394592285,
            0.2642049789428711,
            1.2879023551940918,
            0.3915126323699951,
            0.23138713836669922,
            1.261803150177002,
            0.4119148254394531,
            0.26665401458740234,
            1.3409779071807861,
            0.39606618881225586,
            0.2843289375305176,
            1.3208112716674805,
            0.39420533180236816,
            0.28075194358825684,
            1.2883799076080322,
            0.42722225189208984,
            0.2602715492248535,
            1.2923040390014648,
            0.45760202407836914,
            0.24066901206970215,
            1.2768685817718506,
            0.4424560070037842,
            0.25599193572998047,
            1.2462692260742188,
            0.4288630485534668,
            0.23323655128479004,
            1.3023583889007568,
            0.40014028549194336,
            0.2643148899078369,
            1.4082252979278564,
            0.3458542823791504,
            0.26697683334350586,
            1.3745529651641846,
            0.4309346675872803,
            0.28425168991088867,
            1.3946678638458252,
            0.46223020553588867,
            0.28342485427856445,
            1.2708735466003418,
            0.4220271110534668,
            0.2295687198638916,
            1.180410623550415,
            0.4136810302734375,
            0.2292032241821289,
            1.1960334777832031,
            0.36641740798950195,
            0.2428286075592041,
            1.091602087020874,
            0.376312255859375,
            0.22937536239624023,
            1.1125929355621338,
            0.4131934642791748,
            0.21990633010864258,
            1.059351921081543,
            0.38512134552001953,
            0.2393932342529297,
            1.092409372329712,
            0.3998417854309082,
            0.23486757278442383,
            1.126760721206665,
            0.41502952575683594,
            0.22113275527954102,
            1.147264003753662,
            0.403698205947876,
            0.2265625,
            1.1163339614868164,
            0.3784043788909912,
            0.21905040740966797,
            1.099149465560913,
            0.3717193603515625,
            0.22999095916748047,
            1.0241050720214844,
            0.40238237380981445,
            0.2578277587890625,
            1.164031982421875,
            0.40268778800964355,
            0.21944785118103027,
            1.1537199020385742,
            0.46051621437072754,
            0.23070740699768066,
            1.2069141864776611,
            0.39928483963012695,
            0.2270803451538086,
            1.1375172138214111,
            0.39034533500671387,
            0.20908522605895996,
            1.083146095275879
        ],
        "fit_computation_times": [
            0.23444747924804688,
            0.25112223625183105,
            0.25856590270996094,
            0.2708923816680908,
            0.226914644241333,
            0.23499083518981934,
            0.2415919303894043,
            0.2513878345489502
        ]
    },
    "elapsed": 76.77957034111023
}