{
    "tensor_name": "nell-2",
    "sampler": "larsen_kolda_hybrid",
    "R": 75,
    "J": 196608,
    "trial": 3,
    "preprocessing": "log_count",
    "initialization": null,
    "max_iterations": 40,
    "stop_tolerance": 0.0001,
    "tensor_order": 3,
    "trace": {
        "iterations": [
            0,
            5,
            10,
            15,
            20,
            25,
            30,
            35,
            40
        ],
        "fits": [
            -1478.4274235418075,
            0.060728183509935474,
            0.0659452669845243,
            0.06789307882403073,
            0.06864990094262668,
            0.06899286069886834,
            0.06913715006109544,
            0.06925775364245268,
            0.06927847986882951
        ],
        "update_times": [
            0.07408452033996582,
            0.130950927734375,
            0.7949965000152588,
            0.32457804679870605,
            0.2076117992401123,
            0.8651025295257568,
            0.36513638496398926,
            0.19276809692382812,
            0.8642456531524658,
            0.3759033679962158,
            0.22324085235595703,
            0.8585531711578369,
            0.3985164165496826,
            0.21592497825622559,
            0.8328402042388916,
            0.4111974239349365,
            0.2367849349975586,
            0.7864031791687012,
            0.37205028533935547,
            0.2214183807373047,
            0.8444724082946777,
            0.35512661933898926,
            0.22367000579833984,
            0.8616471290588379,
            0.33414411544799805,
            0.22486257553100586,
            0.8566200733184814,
            0.3722867965698242,
            0.21901512145996094,
            0.9116127490997314,
            0.36663198471069336,
            0.19754695892333984,
            0.8960180282592773,
            0.3757436275482178,
            0.20709896087646484,
            0.8367056846618652,
            0.377666711807251,
            0.209136962890625,
            0.8353457450866699,
            0.3871903419494629,
            0.2543666362762451,
            0.7914352416992188,
            0.39359283447265625,
            0.20467543601989746,
            0.8654458522796631,
            0.40102314949035645,
            0.2246387004852295,
            0.8767025470733643,
            0.4155700206756592,
            0.20814251899719238,
            0.8815510272979736,
            0.3699784278869629,
            0.22730374336242676,
            0.7730305194854736,
            0.38970041275024414,
            0.22209882736206055,
            0.7787022590637207,
            0.3498208522796631,
            0.19528603553771973,
            0.7453985214233398,
            0.36396145820617676,
            0.21396636962890625,
            0.816286563873291,
            0.3982827663421631,
            0.20394134521484375,
            0.8404121398925781,
            0.3787970542907715,
            0.2016124725341797,
            0.837425947189331,
            0.38042497634887695,
            0.19917583465576172,
            0.7852883338928223,
            0.3949706554412842,
            0.19899296760559082,
            0.870232105255127,
            0.383225679397583,
            0.1870720386505127,
            0.8166403770446777,
            0.44254374504089355,
            0.20828866958618164,
            0.9000406265258789,
            0.37295961380004883,
            0.19351720809936523,
            0.842961311340332,
            0.3739931583404541,
            0.23968148231506348,
            0.8805594444274902,
            0.41938328742980957,
            0.22357416152954102,
            0.8644874095916748,
            0.43737220764160156,
            0.20769882202148438,
            0.8513088226318359,
            0.4138209819793701,
            0.21196699142456055,
            0.8629395961761475,
            0.40204882621765137,
            0.21402263641357422,
            0.8896455764770508,
            0.3885617256164551,
            0.19535088539123535,
            0.8606724739074707,
            0.37371349334716797,
            0.20200490951538086,
            0.8312318325042725,
            0.37451863288879395,
            0.21062350273132324,
            0.7919301986694336,
            0.37784600257873535,
            0.18978404998779297,
            0.7367258071899414,
            0.39995622634887695,
            0.1937565803527832,
            0.7389063835144043,
            0.37761354446411133,
            0.199690580368042,
            0.797745943069458,
            0.3908848762512207,
            0.17687296867370605,
            0.8231227397918701
        ],
        "fit_computation_times": [
            0.10908699035644531,
            0.10639691352844238,
            0.0979163646697998,
            0.10722684860229492,
            0.10224699974060059,
            0.10321593284606934,
            0.10968184471130371,
            0.09004688262939453
        ]
    },
    "elapsed": 57.72011685371399
}