{
    "tensor_name": "nell-2",
    "sampler": "larsen_kolda_hybrid",
    "R": 25,
    "J": 163840,
    "trial": 3,
    "preprocessing": "log_count",
    "initialization": null,
    "max_iterations": 40,
    "stop_tolerance": 0.0001,
    "tensor_order": 3,
    "trace": {
        "iterations": [
            0,
            5,
            10,
            15,
            20,
            25,
            30,
            35,
            40
        ],
        "fits": [
            -848.2916761888032,
            0.04244620743355643,
            0.04524276901806756,
            0.04625258262776877,
            0.04656492289006031,
            0.046717594495461534,
            0.04684041458145127,
            0.04682975636656017,
            0.04687558815121218
        ],
        "update_times": [
            0.03147077560424805,
            0.05566906929016113,
            0.8439295291900635,
            0.1943802833557129,
            0.10992980003356934,
            0.9781303405761719,
            0.24506855010986328,
            0.11412715911865234,
            0.9282181262969971,
            0.2469336986541748,
            0.10628747940063477,
            1.1146013736724854,
            0.28997802734375,
            0.12240004539489746,
            0.9575676918029785,
            0.24552631378173828,
            0.10979890823364258,
            0.9462769031524658,
            0.29246950149536133,
            0.12612080574035645,
            1.0045528411865234,
            0.23799586296081543,
            0.10180020332336426,
            0.8725872039794922,
            0.25366926193237305,
            0.11083436012268066,
            0.9024519920349121,
            0.24145078659057617,
            0.11871862411499023,
            0.8610916137695312,
            0.23410606384277344,
            0.10459613800048828,
            0.8507864475250244,
            0.23796463012695312,
            0.10970687866210938,
            0.8283138275146484,
            0.2516210079193115,
            0.12185978889465332,
            0.8399171829223633,
            0.24088358879089355,
            0.10832667350769043,
            0.8206923007965088,
            0.23667550086975098,
            0.11336541175842285,
            0.8025650978088379,
            0.23142170906066895,
            0.11579704284667969,
            0.8039507865905762,
            0.23560667037963867,
            0.11612582206726074,
            0.8082122802734375,
            0.2388286590576172,
            0.11609292030334473,
            0.8327884674072266,
            0.2627890110015869,
            0.10609030723571777,
            0.8337807655334473,
            0.2511146068572998,
            0.1082615852355957,
            0.806643009185791,
            0.23173880577087402,
            0.10615086555480957,
            0.8265590667724609,
            0.23615097999572754,
            0.10629892349243164,
            0.8393344879150391,
            0.23186635971069336,
            0.10835623741149902,
            0.9037983417510986,
            0.24059772491455078,
            0.10702896118164062,
            0.8199334144592285,
            0.23592782020568848,
            0.10381317138671875,
            0.8089809417724609,
            0.22370672225952148,
            0.10458660125732422,
            0.7953610420227051,
            0.23917722702026367,
            0.09886002540588379,
            0.8401265144348145,
            0.267702579498291,
            0.10714435577392578,
            0.7621533870697021,
            0.2422487735748291,
            0.10342693328857422,
            0.7770609855651855,
            0.23552727699279785,
            0.09728002548217773,
            0.7497029304504395,
            0.22008609771728516,
            0.09940195083618164,
            0.7346401214599609,
            0.23353075981140137,
            0.09745979309082031,
            0.7444727420806885,
            0.22986817359924316,
            0.10279178619384766,
            0.7852945327758789,
            0.2384169101715088,
            0.09476804733276367,
            0.7580904960632324,
            0.23563194274902344,
            0.10503101348876953,
            0.810206413269043,
            0.221327543258667,
            0.1032564640045166,
            0.8106188774108887,
            0.2401745319366455,
            0.09710931777954102,
            0.8241481781005859,
            0.23651647567749023,
            0.0988304615020752,
            0.8051636219024658,
            0.23172688484191895,
            0.10567688941955566,
            0.7839751243591309,
            0.2274153232574463,
            0.12328171730041504,
            1.0085833072662354
        ],
        "fit_computation_times": [
            0.07544660568237305,
            0.06953239440917969,
            0.07205390930175781,
            0.0722193717956543,
            0.07856297492980957,
            0.07445383071899414,
            0.07014203071594238,
            0.06780505180358887
        ]
    },
    "elapsed": 48.164238691329956
}