{
    "tensor_name": "nell-2",
    "sampler": "larsen_kolda_hybrid",
    "R": 50,
    "J": 65536,
    "trial": 2,
    "preprocessing": "log_count",
    "initialization": null,
    "max_iterations": 40,
    "stop_tolerance": 0.0001,
    "tensor_order": 3,
    "trace": {
        "iterations": [
            0,
            5,
            10,
            15,
            20,
            25,
            30,
            35,
            40
        ],
        "fits": [
            -1201.6933390211775,
            0.05272421088387347,
            0.057171327617182244,
            0.058190518844325356,
            0.05878349156150375,
            0.05875668195862005,
            0.059178991394211455,
            0.05941701263381782,
            0.05931281909169195
        ],
        "update_times": [
            0.026572227478027344,
            0.04650092124938965,
            0.3319711685180664,
            0.10254144668579102,
            0.06301379203796387,
            0.38222837448120117,
            0.13785982131958008,
            0.07495951652526855,
            0.38475465774536133,
            0.14698290824890137,
            0.07385468482971191,
            0.384113073348999,
            0.1400895118713379,
            0.07953548431396484,
            0.36918115615844727,
            0.12861037254333496,
            0.07063078880310059,
            0.3779284954071045,
            0.1348114013671875,
            0.07644462585449219,
            0.36930179595947266,
            0.14481377601623535,
            0.0685584545135498,
            0.3478875160217285,
            0.12862944602966309,
            0.07027745246887207,
            0.3663210868835449,
            0.13611626625061035,
            0.0760655403137207,
            0.38961124420166016,
            0.13092732429504395,
            0.07038569450378418,
            0.38434886932373047,
            0.1384880542755127,
            0.07658696174621582,
            0.3607039451599121,
            0.13835811614990234,
            0.08222079277038574,
            0.35950779914855957,
            0.13964366912841797,
            0.06853938102722168,
            0.34676074981689453,
            0.13927125930786133,
            0.08537173271179199,
            0.3409404754638672,
            0.13715410232543945,
            0.07082009315490723,
            0.3385746479034424,
            0.1337871551513672,
            0.07236099243164062,
            0.33501410484313965,
            0.1365368366241455,
            0.07511448860168457,
            0.3693506717681885,
            0.1507883071899414,
            0.07910752296447754,
            0.3967745304107666,
            0.1493072509765625,
            0.07360172271728516,
            0.3472328186035156,
            0.1451888084411621,
            0.07699322700500488,
            0.3517904281616211,
            0.14778518676757812,
            0.08221840858459473,
            0.36951303482055664,
            0.13531923294067383,
            0.07475590705871582,
            0.3285338878631592,
            0.13298749923706055,
            0.07999277114868164,
            0.3573148250579834,
            0.13991641998291016,
            0.07545661926269531,
            0.36519694328308105,
            0.13461995124816895,
            0.07232785224914551,
            0.3652172088623047,
            0.14144086837768555,
            0.07226181030273438,
            0.37324953079223633,
            0.1304924488067627,
            0.06904411315917969,
            0.3630797863006592,
            0.14227843284606934,
            0.0866241455078125,
            0.3684237003326416,
            0.14309215545654297,
            0.07615113258361816,
            0.34783172607421875,
            0.1447601318359375,
            0.06394457817077637,
            0.35396456718444824,
            0.15554213523864746,
            0.07008934020996094,
            0.3440089225769043,
            0.14919209480285645,
            0.07262873649597168,
            0.3524296283721924,
            0.1437208652496338,
            0.06715130805969238,
            0.34330058097839355,
            0.14946889877319336,
            0.0659031867980957,
            0.3351106643676758,
            0.13510513305664062,
            0.06677556037902832,
            0.3417623043060303,
            0.1427783966064453,
            0.07761669158935547,
            0.34986090660095215,
            0.1409132480621338,
            0.06827926635742188,
            0.3380012512207031,
            0.1441364288330078,
            0.06984281539916992,
            0.3464791774749756,
            0.14253711700439453,
            0.08016586303710938,
            0.35098838806152344
        ],
        "fit_computation_times": [
            0.07401323318481445,
            0.07183980941772461,
            0.07327842712402344,
            0.07761240005493164,
            0.07159233093261719,
            0.0717918872833252,
            0.0724337100982666,
            0.07323455810546875
        ]
    },
    "elapsed": 23.3989098072052
}