{
    "tensor_name": "nell-2",
    "sampler": "larsen_kolda_hybrid",
    "R": 100,
    "J": 32768,
    "trial": 1,
    "preprocessing": "log_count",
    "initialization": null,
    "max_iterations": 40,
    "stop_tolerance": 0.0001,
    "tensor_order": 3,
    "trace": {
        "iterations": [
            0,
            5,
            10,
            15,
            20,
            25,
            30,
            35,
            40
        ],
        "fits": [
            -1702.4483370723885,
            0.0570452098243448,
            0.06081910915158484,
            0.06211135914905441,
            0.0620521970864365,
            0.06299734594539341,
            0.06301762508400144,
            0.06281595738656442,
            0.06348759310565122
        ],
        "update_times": [
            0.02896571159362793,
            0.04830455780029297,
            0.25383663177490234,
            0.08318948745727539,
            0.0689697265625,
            0.35631656646728516,
            0.10848212242126465,
            0.07208085060119629,
            0.3476884365081787,
            0.1361551284790039,
            0.07081747055053711,
            0.523291826248169,
            0.14008259773254395,
            0.09622049331665039,
            0.3962380886077881,
            0.12269282341003418,
            0.06978869438171387,
            0.5186569690704346,
            0.1296980381011963,
            0.06505513191223145,
            0.32613086700439453,
            0.1127467155456543,
            0.08385276794433594,
            0.345412015914917,
            0.11241602897644043,
            0.07145047187805176,
            0.3418591022491455,
            0.14650416374206543,
            0.06741547584533691,
            0.3323376178741455,
            0.1265099048614502,
            0.06679701805114746,
            0.46669721603393555,
            0.12393641471862793,
            0.06920099258422852,
            0.3072946071624756,
            0.14003801345825195,
            0.06361150741577148,
            0.42874956130981445,
            0.1355891227722168,
            0.06707358360290527,
            0.44202136993408203,
            0.11074662208557129,
            0.07300496101379395,
            0.33795762062072754,
            0.11985111236572266,
            0.06978273391723633,
            0.4214498996734619,
            0.11435675621032715,
            0.07444143295288086,
            0.31635212898254395,
            0.13755011558532715,
            0.07250046730041504,
            0.31182360649108887,
            0.12175869941711426,
            0.07093214988708496,
            0.3014795780181885,
            0.09861159324645996,
            0.06774783134460449,
            0.33824610710144043,
            0.09706592559814453,
            0.07138371467590332,
            0.35691189765930176,
            0.11218595504760742,
            0.06909680366516113,
            0.35399627685546875,
            0.14540934562683105,
            0.06232190132141113,
            0.37489819526672363,
            0.11404633522033691,
            0.06783866882324219,
            0.30536437034606934,
            0.11516189575195312,
            0.06310462951660156,
            0.36576318740844727,
            0.12258291244506836,
            0.05897998809814453,
            0.4724743366241455,
            0.11799144744873047,
            0.07947731018066406,
            0.5538721084594727,
            0.1268601417541504,
            0.060884952545166016,
            0.4880363941192627,
            0.12743592262268066,
            0.07422804832458496,
            0.40360522270202637,
            0.11852192878723145,
            0.06963920593261719,
            0.30146288871765137,
            0.12670087814331055,
            0.06595587730407715,
            0.3437628746032715,
            0.15221381187438965,
            0.08223295211791992,
            0.4561746120452881,
            0.12201809883117676,
            0.06742548942565918,
            0.3198227882385254,
            0.11853170394897461,
            0.06861138343811035,
            0.283893346786499,
            0.12620759010314941,
            0.07399368286132812,
            0.29444265365600586,
            0.0964956283569336,
            0.07335996627807617,
            0.3722717761993408,
            0.12517666816711426,
            0.07626891136169434,
            0.3176698684692383,
            0.12073898315429688,
            0.06869077682495117,
            0.3026425838470459,
            0.10952019691467285,
            0.07097601890563965,
            0.3406543731689453,
            0.11493659019470215,
            0.0698084831237793,
            0.4156763553619385
        ],
        "fit_computation_times": [
            0.13759803771972656,
            0.13718795776367188,
            0.14626502990722656,
            0.1479194164276123,
            0.14816689491271973,
            0.13915729522705078,
            0.13916373252868652,
            0.14676928520202637
        ]
    },
    "elapsed": 23.724865913391113
}