{
    "tensor_name": "nell-2",
    "sampler": "larsen_kolda_hybrid",
    "R": 75,
    "J": 163840,
    "trial": 3,
    "preprocessing": "log_count",
    "initialization": null,
    "max_iterations": 40,
    "stop_tolerance": 0.0001,
    "tensor_order": 3,
    "trace": {
        "iterations": [
            0,
            5,
            10,
            15,
            20,
            25,
            30,
            35,
            40
        ],
        "fits": [
            -1479.2240029451464,
            0.06002806523219395,
            0.06543640967612585,
            0.06732005500006766,
            0.06801515057669727,
            0.06840336367708832,
            0.06858456118556266,
            0.06861854911057375,
            0.0687765927503754
        ],
        "update_times": [
            0.06363153457641602,
            0.1048128604888916,
            0.6328043937683105,
            0.26071953773498535,
            0.1951436996459961,
            0.7070989608764648,
            0.3719196319580078,
            0.16942906379699707,
            0.6987452507019043,
            0.3562734127044678,
            0.19690585136413574,
            0.6922805309295654,
            0.33767151832580566,
            0.17186403274536133,
            0.7222731113433838,
            0.35904574394226074,
            0.17639780044555664,
            0.6852214336395264,
            0.3555872440338135,
            0.1879441738128662,
            0.7140040397644043,
            0.3823568820953369,
            0.2007613182067871,
            0.7418298721313477,
            0.3515467643737793,
            0.16824555397033691,
            0.7129113674163818,
            0.3406662940979004,
            0.16856622695922852,
            0.7165012359619141,
            0.34581732749938965,
            0.1687180995941162,
            0.7848551273345947,
            0.34452366828918457,
            0.16630339622497559,
            0.7059016227722168,
            0.37337327003479004,
            0.18207907676696777,
            0.74666428565979,
            0.38761329650878906,
            0.18532347679138184,
            0.7218685150146484,
            0.37131714820861816,
            0.17859673500061035,
            0.6834230422973633,
            0.3489692211151123,
            0.18182635307312012,
            0.6831519603729248,
            0.3435852527618408,
            0.17435574531555176,
            0.6507596969604492,
            0.3482050895690918,
            0.17187023162841797,
            0.6771159172058105,
            0.33750295639038086,
            0.16101622581481934,
            0.6902327537536621,
            0.3449113368988037,
            0.16026663780212402,
            0.6627278327941895,
            0.30388832092285156,
            0.16657185554504395,
            0.6406972408294678,
            0.34090399742126465,
            0.17642784118652344,
            0.6932885646820068,
            0.38973045349121094,
            0.17325258255004883,
            0.7552649974822998,
            0.35837531089782715,
            0.19635987281799316,
            0.7169365882873535,
            0.3268740177154541,
            0.18601202964782715,
            0.732672929763794,
            0.3032040596008301,
            0.16888856887817383,
            0.698173999786377,
            0.3395106792449951,
            0.1726670265197754,
            0.7211265563964844,
            0.3193857669830322,
            0.16447663307189941,
            0.6763095855712891,
            0.33842897415161133,
            0.16593194007873535,
            0.6904325485229492,
            0.3367280960083008,
            0.19483232498168945,
            0.7022626399993896,
            0.3184211254119873,
            0.15714454650878906,
            0.709514856338501,
            0.3146641254425049,
            0.17728400230407715,
            0.6494584083557129,
            0.3538379669189453,
            0.1602022647857666,
            0.7149536609649658,
            0.32225680351257324,
            0.16225695610046387,
            0.702648401260376,
            0.3406078815460205,
            0.16581988334655762,
            0.7337799072265625,
            0.35359621047973633,
            0.20442795753479004,
            0.7534840106964111,
            0.3213028907775879,
            0.16593122482299805,
            0.671849250793457,
            0.31995224952697754,
            0.1676321029663086,
            0.6625761985778809,
            0.35265517234802246,
            0.15110468864440918,
            0.6896653175354004,
            0.31345176696777344,
            0.15508484840393066,
            0.6445951461791992
        ],
        "fit_computation_times": [
            0.08571290969848633,
            0.10561466217041016,
            0.10456562042236328,
            0.10174727439880371,
            0.10573339462280273,
            0.10186433792114258,
            0.09574007987976074,
            0.10154151916503906
        ]
    },
    "elapsed": 49.20745778083801
}