{
    "tensor_name": "nell-2",
    "sampler": "larsen_kolda_hybrid",
    "R": 125,
    "J": 98304,
    "trial": 1,
    "preprocessing": "log_count",
    "initialization": null,
    "max_iterations": 40,
    "stop_tolerance": 0.0001,
    "tensor_order": 3,
    "trace": {
        "iterations": [
            0,
            5,
            10,
            15,
            20,
            25,
            30,
            35,
            40
        ],
        "fits": [
            -1906.9738499692985,
            0.06746928842053146,
            0.07284247140071554,
            0.07463827712686588,
            0.07574210923476699,
            0.07674734519089199,
            0.07661085542919532,
            0.07680937256563825,
            0.07654249995836282
        ],
        "update_times": [
            0.06806755065917969,
            0.10470294952392578,
            0.7897334098815918,
            0.21899890899658203,
            0.17068099975585938,
            1.2145960330963135,
            0.3202331066131592,
            0.17995691299438477,
            1.5839526653289795,
            0.35668492317199707,
            0.17462396621704102,
            1.3054289817810059,
            0.3305501937866211,
            0.17985105514526367,
            0.8232557773590088,
            0.32804131507873535,
            0.2121422290802002,
            1.1040196418762207,
            0.4014303684234619,
            0.18747997283935547,
            0.8226728439331055,
            0.3262050151824951,
            0.20501995086669922,
            0.9230058193206787,
            0.34114694595336914,
            0.1874237060546875,
            1.0568439960479736,
            0.37398529052734375,
            0.19362974166870117,
            1.3144004344940186,
            0.3333852291107178,
            0.2178359031677246,
            0.8260643482208252,
            0.32974743843078613,
            0.19051003456115723,
            0.9861199855804443,
            0.290637731552124,
            0.18305158615112305,
            0.8716046810150146,
            0.32276368141174316,
            0.20653104782104492,
            0.8583059310913086,
            0.4209017753601074,
            0.20540285110473633,
            0.945824146270752,
            0.35013866424560547,
            0.25646233558654785,
            0.8607127666473389,
            0.3163449764251709,
            0.18398308753967285,
            0.7626082897186279,
            0.3185851573944092,
            0.21431517601013184,
            0.801645040512085,
            0.33010268211364746,
            0.19468140602111816,
            0.7832269668579102,
            0.3076047897338867,
            0.17963433265686035,
            0.7249796390533447,
            0.28582763671875,
            0.1817312240600586,
            1.0448243618011475,
            0.33792591094970703,
            0.17477130889892578,
            0.779416561126709,
            0.32443785667419434,
            0.1877460479736328,
            1.114138126373291,
            0.29367923736572266,
            0.17174649238586426,
            1.0333480834960938,
            0.3040351867675781,
            0.16910386085510254,
            0.982194185256958,
            0.34024810791015625,
            0.2067553997039795,
            0.9996144771575928,
            0.3286898136138916,
            0.20581793785095215,
            0.7817058563232422,
            0.3307197093963623,
            0.18675541877746582,
            1.351616382598877,
            0.3553776741027832,
            0.21547579765319824,
            1.2767863273620605,
            0.28466296195983887,
            0.1714475154876709,
            1.0920867919921875,
            0.30475664138793945,
            0.19826793670654297,
            0.8532207012176514,
            0.32515931129455566,
            0.18422436714172363,
            1.044649362564087,
            0.3616757392883301,
            0.1789553165435791,
            0.855396032333374,
            0.35906195640563965,
            0.1900177001953125,
            0.7799193859100342,
            0.31641244888305664,
            0.19272708892822266,
            0.7675626277923584,
            0.3304741382598877,
            0.17740416526794434,
            0.9795973300933838,
            0.337385892868042,
            0.21882891654968262,
            0.9565267562866211,
            0.30656933784484863,
            0.19713330268859863,
            1.047208547592163,
            0.35531139373779297,
            0.20185184478759766,
            0.8034167289733887,
            0.3673543930053711,
            0.20509552955627441,
            0.8623542785644531
        ],
        "fit_computation_times": [
            0.27441859245300293,
            0.2590363025665283,
            0.25950098037719727,
            0.2691948413848877,
            0.2576570510864258,
            0.25687313079833984,
            0.25736474990844727,
            0.2747838497161865
        ]
    },
    "elapsed": 61.79175662994385
}