{
    "tensor_name": "nell-2",
    "sampler": "larsen_kolda_hybrid",
    "R": 25,
    "J": 32768,
    "trial": 2,
    "preprocessing": "log_count",
    "initialization": null,
    "max_iterations": 40,
    "stop_tolerance": 0.0001,
    "tensor_order": 3,
    "trace": {
        "iterations": [
            0,
            5,
            10,
            15,
            20,
            25,
            30,
            35,
            40
        ],
        "fits": [
            -850.8772027277084,
            0.0415205759501347,
            0.04447795908384866,
            0.04509153622816875,
            0.04539427692801712,
            0.045432451999120604,
            0.04551173085127003,
            0.045621569728761524,
            0.04577325591446124
        ],
        "update_times": [
            0.010248661041259766,
            0.015231132507324219,
            0.15455389022827148,
            0.05047273635864258,
            0.02870464324951172,
            0.18345093727111816,
            0.08548426628112793,
            0.037140846252441406,
            0.2013106346130371,
            0.08611750602722168,
            0.04082441329956055,
            0.17197799682617188,
            0.08396553993225098,
            0.04580283164978027,
            0.19008803367614746,
            0.10401129722595215,
            0.0369870662689209,
            0.17052531242370605,
            0.07686042785644531,
            0.03873634338378906,
            0.18127059936523438,
            0.09203386306762695,
            0.03967928886413574,
            0.17779850959777832,
            0.08427643775939941,
            0.03869223594665527,
            0.19164586067199707,
            0.08895134925842285,
            0.04039955139160156,
            0.1742870807647705,
            0.08178377151489258,
            0.036576032638549805,
            0.17276692390441895,
            0.0821068286895752,
            0.03897380828857422,
            0.17924880981445312,
            0.08130478858947754,
            0.03790903091430664,
            0.18492341041564941,
            0.07999825477600098,
            0.034552812576293945,
            0.17762541770935059,
            0.08015751838684082,
            0.03636741638183594,
            0.17537713050842285,
            0.07492876052856445,
            0.036412954330444336,
            0.17237496376037598,
            0.08463287353515625,
            0.039087772369384766,
            0.18996047973632812,
            0.0877840518951416,
            0.03958415985107422,
            0.16989970207214355,
            0.08398199081420898,
            0.04042935371398926,
            0.18784332275390625,
            0.07794332504272461,
            0.034838199615478516,
            0.16480135917663574,
            0.10888504981994629,
            0.03516364097595215,
            0.17481255531311035,
            0.08523893356323242,
            0.0383601188659668,
            0.17084121704101562,
            0.08828258514404297,
            0.04339408874511719,
            0.1864621639251709,
            0.07791781425476074,
            0.03518557548522949,
            0.17549419403076172,
            0.07468318939208984,
            0.0372467041015625,
            0.16857624053955078,
            0.07049036026000977,
            0.034114837646484375,
            0.17234182357788086,
            0.08817815780639648,
            0.038123130798339844,
            0.17942214012145996,
            0.08140230178833008,
            0.032705068588256836,
            0.16498088836669922,
            0.081939697265625,
            0.05289030075073242,
            0.19591474533081055,
            0.08384943008422852,
            0.03789234161376953,
            0.1662132740020752,
            0.07636094093322754,
            0.03288078308105469,
            0.16361188888549805,
            0.08431339263916016,
            0.03717970848083496,
            0.16456031799316406,
            0.07579660415649414,
            0.03133678436279297,
            0.17518854141235352,
            0.07870984077453613,
            0.037705183029174805,
            0.16885042190551758,
            0.0833582878112793,
            0.03971266746520996,
            0.16109776496887207,
            0.08138155937194824,
            0.03691601753234863,
            0.16640639305114746,
            0.07548379898071289,
            0.034952640533447266,
            0.15865039825439453,
            0.07981729507446289,
            0.039064645767211914,
            0.16753005981445312,
            0.08213663101196289,
            0.03280472755432129,
            0.1722087860107422,
            0.07753872871398926,
            0.034671783447265625,
            0.17157936096191406
        ],
        "fit_computation_times": [
            0.07632875442504883,
            0.07804536819458008,
            0.07826852798461914,
            0.07811379432678223,
            0.07727265357971191,
            0.0795285701751709,
            0.07791638374328613,
            0.07719945907592773
        ]
    },
    "elapsed": 12.39677882194519
}