{
    "tensor_name": "nell-2",
    "sampler": "efficient",
    "R": 25,
    "J": 131072,
    "trial": 0,
    "preprocessing": "log_count",
    "initialization": null,
    "max_iterations": 40,
    "stop_tolerance": 0.0001,
    "tensor_order": 3,
    "trace": {
        "iterations": [
            0,
            5,
            10,
            15,
            20,
            25,
            30,
            35,
            40
        ],
        "fits": [
            -850.217777897545,
            0.0429567188936435,
            0.0458341862880407,
            0.04659193211519819,
            0.046853997497592226,
            0.047053468875119187,
            0.04719906865616963,
            0.047310113131091014,
            0.04735662367931137
        ],
        "update_times": [
            0.06421518325805664,
            0.08970189094543457,
            0.3106672763824463,
            0.20196795463562012,
            0.12813901901245117,
            0.3249516487121582,
            0.21055340766906738,
            0.1428356170654297,
            0.33703064918518066,
            0.21264004707336426,
            0.1434326171875,
            0.33757591247558594,
            0.21639204025268555,
            0.14575767517089844,
            0.3155796527862549,
            0.22397875785827637,
            0.15310311317443848,
            0.32723236083984375,
            0.2632887363433838,
            0.1549670696258545,
            0.32471776008605957,
            0.25682950019836426,
            0.15441131591796875,
            0.3516855239868164,
            0.2627987861633301,
            0.15990376472473145,
            0.3370678424835205,
            0.2413177490234375,
            0.16138625144958496,
            0.33310556411743164,
            0.25380945205688477,
            0.15399575233459473,
            0.3453094959259033,
            0.2624623775482178,
            0.1562192440032959,
            0.3262453079223633,
            0.26857852935791016,
            0.17355585098266602,
            0.33083629608154297,
            0.2525057792663574,
            0.16010761260986328,
            0.3381466865539551,
            0.27117204666137695,
            0.16908884048461914,
            0.33156275749206543,
            0.23633122444152832,
            0.16964125633239746,
            0.32755088806152344,
            0.24971890449523926,
            0.16969728469848633,
            0.32587432861328125,
            0.275562047958374,
            0.17207121849060059,
            0.3315596580505371,
            0.28558850288391113,
            0.15961790084838867,
            0.3166794776916504,
            0.2567408084869385,
            0.16314077377319336,
            0.31624889373779297,
            0.2422327995300293,
            0.1598050594329834,
            0.33000826835632324,
            0.2511918544769287,
            0.16318392753601074,
            0.32160067558288574,
            0.2397775650024414,
            0.15892624855041504,
            0.3294029235839844,
            0.23596835136413574,
            0.15782403945922852,
            0.31516122817993164,
            0.24976706504821777,
            0.16386747360229492,
            0.3258187770843506,
            0.23138427734375,
            0.1649942398071289,
            0.33478760719299316,
            0.24129939079284668,
            0.1755530834197998,
            0.324984073638916,
            0.24759459495544434,
            0.17466425895690918,
            0.31929779052734375,
            0.2631111145019531,
            0.17570185661315918,
            0.32673025131225586,
            0.24442839622497559,
            0.1851811408996582,
            0.3225245475769043,
            0.23199915885925293,
            0.16916513442993164,
            0.3144962787628174,
            0.2419416904449463,
            0.1751410961151123,
            0.316145658493042,
            0.24222183227539062,
            0.17208385467529297,
            0.3120241165161133,
            0.2548854351043701,
            0.1689286231994629,
            0.3150486946105957,
            0.2463693618774414,
            0.1555190086364746,
            0.3107106685638428,
            0.23234200477600098,
            0.15977072715759277,
            0.3226914405822754,
            0.23400139808654785,
            0.1660313606262207,
            0.3191068172454834,
            0.24758672714233398,
            0.17901396751403809,
            0.32448458671569824,
            0.23485183715820312,
            0.16606974601745605,
            0.3151857852935791,
            0.243208646774292,
            0.16983342170715332,
            0.3107011318206787
        ],
        "fit_computation_times": [
            0.0748605728149414,
            0.06597423553466797,
            0.0649721622467041,
            0.06488227844238281,
            0.06479978561401367,
            0.06472659111022949,
            0.06432271003723145,
            0.06473088264465332
        ]
    },
    "elapsed": 29.67443609237671
}