{
    "tensor_name": "nell-2",
    "sampler": "efficient",
    "R": 100,
    "J": 65536,
    "trial": 1,
    "preprocessing": "log_count",
    "initialization": null,
    "max_iterations": 40,
    "stop_tolerance": 0.0001,
    "tensor_order": 3,
    "trace": {
        "iterations": [
            0,
            5,
            10,
            15,
            20,
            25,
            30,
            35,
            40
        ],
        "fits": [
            -1704.9979397468403,
            0.06460849967349269,
            0.07045842784649736,
            0.07331411800605969,
            0.07466259191447189,
            0.07523144158873807,
            0.07563389384125863,
            0.07592173214924625,
            0.07604416636441358
        ],
        "update_times": [
            0.20060205459594727,
            0.22193503379821777,
            1.181412935256958,
            0.39341306686401367,
            0.291640043258667,
            1.3588407039642334,
            0.4916853904724121,
            0.3011777400970459,
            1.478196144104004,
            0.5035173892974854,
            0.32311105728149414,
            1.49275803565979,
            0.495577335357666,
            0.3128852844238281,
            1.5694150924682617,
            0.5166950225830078,
            0.30702853202819824,
            1.4227149486541748,
            0.5578041076660156,
            0.2981529235839844,
            1.4636890888214111,
            0.5293481349945068,
            0.3334674835205078,
            1.4943671226501465,
            0.5591158866882324,
            0.347930908203125,
            1.7255454063415527,
            0.5273675918579102,
            0.33313679695129395,
            1.5832762718200684,
            0.53399658203125,
            0.3179745674133301,
            1.4838778972625732,
            0.5773100852966309,
            0.3334231376647949,
            1.6824283599853516,
            0.5604941844940186,
            0.33428311347961426,
            1.495056390762329,
            0.5750706195831299,
            0.35254764556884766,
            1.5544695854187012,
            0.5802028179168701,
            0.3308846950531006,
            1.4500164985656738,
            0.5301275253295898,
            0.3324427604675293,
            1.4912776947021484,
            0.5311689376831055,
            0.36283087730407715,
            1.7543830871582031,
            0.5799205303192139,
            0.34615588188171387,
            1.7397141456604004,
            0.6539850234985352,
            0.3812289237976074,
            1.603609561920166,
            0.6763195991516113,
            0.36479687690734863,
            1.6046159267425537,
            0.5867352485656738,
            0.3897206783294678,
            1.623215913772583,
            0.5894722938537598,
            0.34543323516845703,
            1.4949955940246582,
            0.5023820400238037,
            0.38170623779296875,
            1.494105577468872,
            0.5750703811645508,
            0.3770112991333008,
            1.4201538562774658,
            0.5686540603637695,
            0.37026453018188477,
            1.6593718528747559,
            0.5177366733551025,
            0.3523437976837158,
            1.4844160079956055,
            0.6057381629943848,
            0.37385106086730957,
            1.4188611507415771,
            0.5598464012145996,
            0.3792412281036377,
            1.4211070537567139,
            0.5189146995544434,
            0.3719034194946289,
            1.4747226238250732,
            0.5373682975769043,
            0.38481807708740234,
            1.7313942909240723,
            0.5986573696136475,
            0.3704109191894531,
            1.5109987258911133,
            0.5516417026519775,
            0.37007975578308105,
            1.562774896621704,
            0.557746171951294,
            0.3725252151489258,
            1.3674182891845703,
            0.605515718460083,
            0.3734123706817627,
            1.5400524139404297,
            0.5319702625274658,
            0.35875391960144043,
            1.511704683303833,
            0.47844934463500977,
            0.3570692539215088,
            1.8606324195861816,
            0.5861237049102783,
            0.38854551315307617,
            1.5938289165496826,
            0.6008665561676025,
            0.37083864212036133,
            1.6470623016357422,
            0.6062054634094238,
            0.37956690788269043,
            1.558464765548706,
            0.5367434024810791,
            0.39115095138549805,
            1.481344223022461
        ],
        "fit_computation_times": [
            0.12513518333435059,
            0.12328839302062988,
            0.13420677185058594,
            0.1219778060913086,
            0.12022137641906738,
            0.1259326934814453,
            0.12601995468139648,
            0.12119221687316895
        ]
    },
    "elapsed": 98.38565731048584
}