{
    "tensor_name": "nell-2",
    "sampler": "efficient",
    "R": 125,
    "J": 196608,
    "trial": 3,
    "preprocessing": "log_count",
    "initialization": null,
    "max_iterations": 40,
    "stop_tolerance": 0.0001,
    "tensor_order": 3,
    "trace": {
        "iterations": [
            0,
            5,
            10,
            15,
            20,
            25,
            30,
            35,
            40
        ],
        "fits": [
            -1905.7171318969263,
            0.06985830870571441,
            0.0767522681049807,
            0.07992509494042321,
            0.08173677092117293,
            0.08241523311763432,
            0.08268982239940781,
            0.08294909323600397,
            0.08307802702249312
        ],
        "update_times": [
            0.6514706611633301,
            0.773672342300415,
            2.8321073055267334,
            1.046025037765503,
            0.9740791320800781,
            2.7287137508392334,
            1.31243896484375,
            1.0359947681427002,
            2.747858762741089,
            1.347470998764038,
            1.0518102645874023,
            2.9694221019744873,
            1.3375046253204346,
            1.036407232284546,
            2.726994514465332,
            1.3568449020385742,
            1.0219275951385498,
            3.0937023162841797,
            1.4206607341766357,
            1.0615565776824951,
            2.96565842628479,
            1.4388997554779053,
            1.0428383350372314,
            2.9212758541107178,
            1.402336597442627,
            1.083228588104248,
            2.9316816329956055,
            1.404149055480957,
            1.085796594619751,
            2.627397060394287,
            1.4127562046051025,
            1.0808227062225342,
            2.7233428955078125,
            1.391514778137207,
            1.1385726928710938,
            2.737272024154663,
            1.4750382900238037,
            1.1198363304138184,
            2.831017017364502,
            1.4561097621917725,
            1.1315531730651855,
            2.8095922470092773,
            1.467341423034668,
            1.1116676330566406,
            2.855001449584961,
            1.4321274757385254,
            1.1226019859313965,
            2.776378631591797,
            1.469078779220581,
            1.170837640762329,
            2.664386034011841,
            1.437117338180542,
            1.1477649211883545,
            2.6324925422668457,
            1.44197678565979,
            1.2251148223876953,
            2.662165403366089,
            1.423431158065796,
            1.154404640197754,
            2.650474786758423,
            1.3722450733184814,
            1.162761926651001,
            2.541674852371216,
            1.4140408039093018,
            1.1737937927246094,
            2.7062981128692627,
            1.4171531200408936,
            1.1296932697296143,
            2.7433574199676514,
            1.3877480030059814,
            1.1064012050628662,
            2.8039324283599854,
            1.4089996814727783,
            1.1553518772125244,
            2.590850353240967,
            1.3780491352081299,
            1.1486146450042725,
            2.6805996894836426,
            1.526581048965454,
            1.170036792755127,
            2.847198963165283,
            1.497330665588379,
            1.177415370941162,
            2.7725086212158203,
            1.4116430282592773,
            1.1210737228393555,
            2.8447582721710205,
            1.5518317222595215,
            1.1905605792999268,
            3.1547324657440186,
            1.4808852672576904,
            1.091860055923462,
            2.8813023567199707,
            1.437995433807373,
            1.1265065670013428,
            2.7333734035491943,
            1.5820322036743164,
            1.2615621089935303,
            3.2315480709075928,
            1.5848867893218994,
            1.1896343231201172,
            3.089477777481079,
            1.5935194492340088,
            1.1611723899841309,
            3.226433277130127,
            1.5653254985809326,
            1.135692834854126,
            3.1231398582458496,
            1.5597233772277832,
            1.146130084991455,
            2.9851136207580566,
            1.5234382152557373,
            1.1091945171356201,
            3.0009310245513916,
            1.5288889408111572,
            1.0791058540344238,
            2.98982310295105,
            1.4256043434143066,
            1.0800297260284424,
            2.8224925994873047
        ],
        "fit_computation_times": [
            0.13048386573791504,
            0.12039422988891602,
            0.1450669765472412,
            0.14194178581237793,
            0.1320972442626953,
            0.1277477741241455,
            0.12340283393859863,
            0.13181710243225098
        ]
    },
    "elapsed": 216.11361527442932
}