{
    "tensor_name": "nell-2",
    "sampler": "larsen_kolda_hybrid",
    "R": 100,
    "J": 163840,
    "trial": 3,
    "preprocessing": "log_count",
    "initialization": null,
    "max_iterations": 40,
    "stop_tolerance": 0.0001,
    "tensor_order": 3,
    "trace": {
        "iterations": [
            0,
            5,
            10,
            15,
            20,
            25,
            30,
            35,
            40
        ],
        "fits": [
            -1705.3616927074966,
            0.06504859151312947,
            0.07012041598457786,
            0.07249152817282634,
            0.07365770360192492,
            0.07452131727016331,
            0.07492461363166136,
            0.07518119763820208,
            0.07525121320652794
        ],
        "update_times": [
            0.06943225860595703,
            0.13812613487243652,
            0.7305920124053955,
            0.4041755199432373,
            0.28613734245300293,
            1.4073076248168945,
            0.3465149402618408,
            0.21440696716308594,
            0.8983404636383057,
            0.41462278366088867,
            0.20366334915161133,
            0.8879621028900146,
            0.5733141899108887,
            0.30634617805480957,
            1.3003897666931152,
            0.410980224609375,
            0.21626543998718262,
            0.9400827884674072,
            0.4097716808319092,
            0.22470688819885254,
            0.8967070579528809,
            0.4508390426635742,
            0.2322547435760498,
            0.9077646732330322,
            0.540947437286377,
            0.27182674407958984,
            1.3434779644012451,
            0.5599124431610107,
            0.2713947296142578,
            1.4290692806243896,
            0.4098241329193115,
            0.20426201820373535,
            0.9191741943359375,
            0.4508323669433594,
            0.2575345039367676,
            1.0808045864105225,
            0.44060444831848145,
            0.23647665977478027,
            1.111368179321289,
            0.4001884460449219,
            0.21747732162475586,
            1.03086256980896,
            0.4713149070739746,
            0.2837104797363281,
            1.1175179481506348,
            0.40285778045654297,
            0.2290210723876953,
            0.9888772964477539,
            0.3911557197570801,
            0.21980643272399902,
            0.8365151882171631,
            0.36394262313842773,
            0.20734572410583496,
            0.838151216506958,
            0.3217902183532715,
            0.1960146427154541,
            0.8750836849212646,
            0.38410186767578125,
            0.2121288776397705,
            0.7628951072692871,
            0.3424718379974365,
            0.21320462226867676,
            0.7743895053863525,
            0.3553955554962158,
            0.20236515998840332,
            0.9293184280395508,
            0.36197757720947266,
            0.20116066932678223,
            0.7762136459350586,
            0.3822591304779053,
            0.25308680534362793,
            0.9856374263763428,
            0.348987340927124,
            0.2291274070739746,
            1.1700074672698975,
            0.37195801734924316,
            0.22443246841430664,
            1.110874891281128,
            0.39840126037597656,
            0.24309039115905762,
            1.003295660018921,
            0.45711803436279297,
            0.27820491790771484,
            1.3914475440979004,
            0.3478212356567383,
            0.21029186248779297,
            0.828594446182251,
            0.34653186798095703,
            0.2145845890045166,
            0.9323136806488037,
            0.46065425872802734,
            0.2529942989349365,
            1.154951810836792,
            0.4425334930419922,
            0.4107823371887207,
            1.1979691982269287,
            0.33701229095458984,
            0.2096250057220459,
            1.0709822177886963,
            0.4744393825531006,
            0.27961134910583496,
            1.0865700244903564,
            0.47043633460998535,
            0.28449010848999023,
            1.5275235176086426,
            0.3472590446472168,
            0.2043139934539795,
            0.8810214996337891,
            0.33812570571899414,
            0.21316862106323242,
            0.8400087356567383,
            0.37589383125305176,
            0.20371174812316895,
            0.8783402442932129,
            0.36092662811279297,
            0.1954936981201172,
            0.8043806552886963,
            0.4250071048736572,
            0.1839771270751953,
            0.8591535091400146
        ],
        "fit_computation_times": [
            0.11214780807495117,
            0.10210800170898438,
            0.10643672943115234,
            0.10341501235961914,
            0.10182571411132812,
            0.1106100082397461,
            0.12298464775085449,
            0.11100387573242188
        ]
    },
    "elapsed": 66.80747437477112
}