{
    "tensor_name": "enron",
    "sampler": "efficient",
    "R": 25,
    "J": 1638400,
    "trial": 0,
    "preprocessing": "log_count",
    "initialization": "rrf",
    "max_iterations": 40,
    "stop_tolerance": 0.0001,
    "tensor_order": 4,
    "trace": {
        "iterations": [
            0,
            5,
            10,
            15,
            20,
            25,
            30,
            35,
            40
        ],
        "fits": [
            -8289241236724.075,
            0.08967064270270297,
            0.09297917789954735,
            0.09333068820182688,
            0.09346244058628472,
            0.09353461276269537,
            0.0935789832325572,
            0.09361422708387412,
            0.09363921213978565
        ],
        "update_times": [
            1.081885814666748,
            0.9567997455596924,
            0.9898049831390381,
            1.043504238128662,
            1.1292591094970703,
            1.0713491439819336,
            1.2182505130767822,
            1.091916799545288,
            1.3187201023101807,
            1.1583611965179443,
            1.0863525867462158,
            1.3007779121398926,
            1.1599781513214111,
            1.2704801559448242,
            1.197049617767334,
            1.255211591720581,
            1.1261143684387207,
            1.0998334884643555,
            1.0435941219329834,
            1.106830358505249,
            1.236555576324463,
            1.1252219676971436,
            1.1691863536834717,
            1.0940349102020264,
            1.2166297435760498,
            1.0672688484191895,
            1.0319817066192627,
            1.2393600940704346,
            1.198772668838501,
            1.0314757823944092,
            1.0323586463928223,
            1.1369400024414062,
            1.1570956707000732,
            1.0045361518859863,
            1.0370371341705322,
            1.1453094482421875,
            1.2104344367980957,
            1.1301977634429932,
            1.1050972938537598,
            1.2181296348571777,
            1.1506328582763672,
            1.0023503303527832,
            1.0358726978302002,
            1.0936362743377686,
            1.2051479816436768,
            1.0535452365875244,
            1.0900835990905762,
            1.1423206329345703,
            1.217404842376709,
            1.1175854206085205,
            1.3708009719848633,
            1.3781423568725586,
            1.1936774253845215,
            1.0081639289855957,
            1.1205511093139648,
            1.2130787372589111,
            1.3583998680114746,
            1.2059919834136963,
            1.092686414718628,
            1.0507376194000244,
            1.131183385848999,
            1.0171897411346436,
            1.186840534210205,
            1.1053595542907715,
            1.1751818656921387,
            1.0981671810150146,
            1.059708833694458,
            1.1737802028656006,
            1.2612643241882324,
            1.1689386367797852,
            1.0292351245880127,
            1.032588243484497,
            1.1605265140533447,
            1.0652165412902832,
            1.177140235900879,
            1.201138973236084,
            1.3105783462524414,
            1.1897788047790527,
            1.190368413925171,
            1.2228436470031738,
            1.2805070877075195,
            1.120180606842041,
            1.142611026763916,
            1.326056957244873,
            1.2716140747070312,
            1.2021970748901367,
            1.1196997165679932,
            1.0444557666778564,
            1.1598961353302002,
            1.028419017791748,
            1.119765043258667,
            1.162552833557129,
            1.228379249572754,
            1.0803358554840088,
            1.071498155593872,
            1.2173945903778076,
            1.3895597457885742,
            1.1500601768493652,
            1.1011266708374023,
            1.0497682094573975,
            1.151108980178833,
            1.020585060119629,
            1.0405158996582031,
            1.0573596954345703,
            1.179192066192627,
            1.0014715194702148,
            1.0617234706878662,
            1.0322034358978271,
            1.1512248516082764,
            1.049198865890503,
            1.2646558284759521,
            1.1420364379882812,
            1.2274441719055176,
            1.0597097873687744,
            1.0818870067596436,
            1.1293888092041016,
            1.3214290142059326,
            1.0744080543518066,
            1.078430414199829,
            1.039045810699463,
            1.1969749927520752,
            1.124058723449707,
            1.4440648555755615,
            1.4556095600128174,
            1.243422508239746,
            1.2419681549072266,
            1.3365120887756348,
            1.134291648864746,
            1.2702810764312744,
            1.22666597366333,
            1.191366195678711,
            1.221928596496582,
            1.3918037414550781,
            1.2492218017578125,
            1.2054839134216309,
            1.2645092010498047,
            1.2989203929901123,
            1.312042474746704,
            1.0548477172851562,
            1.1449759006500244,
            1.2253317832946777,
            1.2614717483520508,
            1.3891870975494385,
            1.0979762077331543,
            1.2511961460113525,
            1.0826661586761475,
            1.0823333263397217,
            1.126875638961792,
            1.260486125946045,
            1.0643880367279053,
            1.2351868152618408,
            1.1227083206176758,
            1.3754937648773193,
            1.102952003479004,
            1.1680176258087158,
            1.1892755031585693,
            1.3379497528076172,
            1.1681787967681885,
            1.197136402130127,
            1.1677873134613037
        ],
        "fit_computation_times": [
            0.07361936569213867,
            0.07387089729309082,
            0.07163310050964355,
            0.07281637191772461,
            0.07731246948242188,
            0.07188248634338379,
            0.07491087913513184,
            0.07514476776123047
        ]
    },
    "elapsed": 186.3785843849182
}