{
    "tensor_name": "enron",
    "sampler": "efficient",
    "R": 100,
    "J": 1245184,
    "trial": 0,
    "preprocessing": "log_count",
    "initialization": "rrf",
    "max_iterations": 40,
    "stop_tolerance": 0.0001,
    "tensor_order": 4,
    "trace": {
        "iterations": [
            0,
            5,
            10,
            15,
            20,
            25,
            30,
            35,
            40
        ],
        "fits": [
            -17383884648466.004,
            0.14624976797222855,
            0.15324780370152713,
            0.15455725801482423,
            0.1555731561872883,
            0.15655989379288582,
            0.1569535411859403,
            0.15747368504695847,
            0.15769763307674822
        ],
        "update_times": [
            5.764751434326172,
            5.798433065414429,
            5.307781934738159,
            6.414040803909302,
            5.593710660934448,
            5.667731285095215,
            5.335346221923828,
            6.6758952140808105,
            5.876528263092041,
            6.159830331802368,
            5.025733947753906,
            6.962845802307129,
            5.7799694538116455,
            6.081991910934448,
            5.771464109420776,
            6.53568434715271,
            5.799008131027222,
            6.009616851806641,
            5.563254356384277,
            6.665424585342407,
            6.1665778160095215,
            6.500065565109253,
            5.62531304359436,
            6.887235403060913,
            5.816603660583496,
            6.005520820617676,
            5.508552074432373,
            7.247989654541016,
            5.814041376113892,
            6.080148696899414,
            5.332590579986572,
            6.549895524978638,
            5.865825176239014,
            6.053200960159302,
            5.55405592918396,
            6.566162347793579,
            5.848663091659546,
            5.909693479537964,
            5.608035087585449,
            6.521822929382324,
            5.602614164352417,
            6.264866352081299,
            5.402230262756348,
            6.835474014282227,
            5.668560028076172,
            5.877784729003906,
            5.520528793334961,
            6.918691158294678,
            5.79046630859375,
            5.834914207458496,
            5.2648632526397705,
            6.909918546676636,
            6.040926933288574,
            5.996731758117676,
            5.112809896469116,
            6.559187412261963,
            5.714420795440674,
            6.070234775543213,
            5.377632141113281,
            6.55449652671814,
            5.714379072189331,
            5.875873327255249,
            5.426568984985352,
            6.606977701187134,
            5.737628221511841,
            6.17767333984375,
            5.5882673263549805,
            6.85530161857605,
            5.773269176483154,
            6.064798593521118,
            5.514174938201904,
            6.691615343093872,
            5.841204404830933,
            6.1237616539001465,
            5.444186449050903,
            6.567399263381958,
            6.035989761352539,
            5.761656999588013,
            5.938245534896851,
            6.864655017852783,
            5.855319261550903,
            5.9476330280303955,
            5.582051515579224,
            6.621199607849121,
            5.880002021789551,
            6.251779794692993,
            5.83346962928772,
            6.786508321762085,
            5.878271818161011,
            5.878608226776123,
            6.045692682266235,
            6.991976022720337,
            6.065218210220337,
            6.407829999923706,
            5.623022079467773,
            6.678100109100342,
            5.751240253448486,
            6.017282724380493,
            5.49655294418335,
            6.7361626625061035,
            5.827327013015747,
            6.347901344299316,
            5.358654260635376,
            6.634701490402222,
            5.7504096031188965,
            6.11648416519165,
            5.4816508293151855,
            6.728019714355469,
            5.882663011550903,
            5.926071405410767,
            5.359278917312622,
            6.456024646759033,
            5.724043846130371,
            5.98230504989624,
            5.4986865520477295,
            6.7617011070251465,
            5.627755165100098,
            6.532404899597168,
            5.508396148681641,
            6.828924655914307,
            5.817272901535034,
            5.91495680809021,
            7.057702302932739,
            6.404227018356323,
            5.69156289100647,
            5.981436014175415,
            5.409607172012329,
            6.649341821670532,
            5.836769342422485,
            6.125354290008545,
            8.216059446334839,
            6.534892797470093,
            5.868495464324951,
            5.891601800918579,
            6.826205253601074,
            6.619146108627319,
            5.9259583950042725,
            6.029629230499268,
            5.804844856262207,
            6.89775824546814,
            5.7254064083099365,
            5.696856260299683,
            5.403014421463013,
            7.37177300453186,
            6.361282110214233,
            6.656823396682739,
            5.84979248046875,
            6.786665439605713,
            5.839489698410034,
            5.932795524597168,
            5.867811918258667,
            6.78761887550354,
            5.939277172088623,
            6.017726898193359,
            5.8899712562561035,
            6.645208358764648,
            5.848559141159058,
            5.869720935821533,
            5.565394401550293,
            6.538343191146851
        ],
        "fit_computation_times": [
            0.6869163513183594,
            0.6955575942993164,
            0.6816353797912598,
            0.7075939178466797,
            0.6723031997680664,
            0.6788601875305176,
            0.6961314678192139,
            0.7322008609771729
        ]
    },
    "elapsed": 977.2478632926941
}