{
    "tensor_name": "enron",
    "sampler": "larsen_kolda_hybrid",
    "R": 100,
    "J": 163840,
    "trial": 3,
    "preprocessing": "log_count",
    "initialization": "rrf",
    "max_iterations": 40,
    "stop_tolerance": 0.0001,
    "tensor_order": 4,
    "trace": {
        "iterations": [
            0,
            5,
            10,
            15,
            20,
            25,
            30,
            35,
            40
        ],
        "fits": [
            -17440205837132.648,
            0.09720624079220219,
            0.10934538737620725,
            0.11013515782012961,
            0.11676520722534289,
            0.11865114727296044,
            0.10951458441828543,
            0.11533446438052197,
            0.11492524763706458
        ],
        "update_times": [
            0.08367919921875,
            0.09609651565551758,
            0.26994776725769043,
            0.07057952880859375,
            0.09108376502990723,
            0.09129929542541504,
            0.3467521667480469,
            0.07622838020324707,
            0.09514737129211426,
            0.08802962303161621,
            0.3623933792114258,
            0.06811952590942383,
            0.0846245288848877,
            0.08205795288085938,
            0.35577917098999023,
            0.07181096076965332,
            0.0896766185760498,
            0.10001659393310547,
            0.41660451889038086,
            0.06790590286254883,
            0.0722198486328125,
            0.08655810356140137,
            0.3671598434448242,
            0.0702674388885498,
            0.0851593017578125,
            0.085540771484375,
            0.3523595333099365,
            0.07093977928161621,
            0.09118509292602539,
            0.08705997467041016,
            0.34993553161621094,
            0.06533002853393555,
            0.08853578567504883,
            0.08650326728820801,
            0.36105990409851074,
            0.06456327438354492,
            0.08991694450378418,
            0.08998370170593262,
            0.32004427909851074,
            0.07399702072143555,
            0.06457400321960449,
            0.09251236915588379,
            0.32300901412963867,
            0.0691525936126709,
            0.09184694290161133,
            0.09990906715393066,
            0.4190027713775635,
            0.06848382949829102,
            0.1001596450805664,
            0.09491968154907227,
            0.35167980194091797,
            0.07100534439086914,
            0.09158444404602051,
            0.09522891044616699,
            0.40355348587036133,
            0.07731842994689941,
            0.09813737869262695,
            0.08323383331298828,
            0.3244447708129883,
            0.06760191917419434,
            0.07244420051574707,
            0.09706854820251465,
            0.4152507781982422,
            0.06999468803405762,
            0.09486269950866699,
            0.09174895286560059,
            0.355879545211792,
            0.06470274925231934,
            0.08937430381774902,
            0.0954136848449707,
            0.42137694358825684,
            0.06849312782287598,
            0.09879827499389648,
            0.08982205390930176,
            0.3290438652038574,
            0.06284832954406738,
            0.09135675430297852,
            0.09107208251953125,
            0.4082784652709961,
            0.07036566734313965,
            0.06739997863769531,
            0.0867621898651123,
            0.33077406883239746,
            0.0642240047454834,
            0.09541511535644531,
            0.08853745460510254,
            0.3821690082550049,
            0.062094926834106445,
            0.08931326866149902,
            0.08996701240539551,
            0.30399131774902344,
            0.0625925064086914,
            0.08713459968566895,
            0.09041476249694824,
            0.3858790397644043,
            0.07223629951477051,
            0.09430336952209473,
            0.0987100601196289,
            0.4281883239746094,
            0.06334781646728516,
            0.06842732429504395,
            0.09180712699890137,
            0.3950963020324707,
            0.06810617446899414,
            0.09607863426208496,
            0.09096288681030273,
            0.34694981575012207,
            0.06940150260925293,
            0.08313322067260742,
            0.08701014518737793,
            0.32732605934143066,
            0.0752251148223877,
            0.0916905403137207,
            0.0979771614074707,
            0.40660786628723145,
            0.07758927345275879,
            0.09812593460083008,
            0.09905052185058594,
            0.4184684753417969,
            0.08053731918334961,
            0.07676219940185547,
            0.10328912734985352,
            0.3278841972351074,
            0.0686028003692627,
            0.09740281105041504,
            0.0870065689086914,
            0.37114977836608887,
            0.07184672355651855,
            0.09159064292907715,
            0.08725666999816895,
            0.3728468418121338,
            0.06635165214538574,
            0.09205913543701172,
            0.0943300724029541,
            0.3746671676635742,
            0.07515072822570801,
            0.09096741676330566,
            0.09784626960754395,
            0.3054623603820801,
            0.06985068321228027,
            0.07683205604553223,
            0.09589290618896484,
            0.30621862411499023,
            0.06785750389099121,
            0.0900115966796875,
            0.08958625793457031,
            0.35793447494506836,
            0.08101058006286621,
            0.09477925300598145,
            0.10207176208496094,
            0.41454219818115234,
            0.06885433197021484,
            0.09887814521789551,
            0.10960817337036133,
            0.4607107639312744,
            0.08628582954406738,
            0.09973645210266113,
            0.1016080379486084,
            0.4507887363433838,
            0.07187867164611816
        ],
        "fit_computation_times": [
            0.669003963470459,
            0.6915631294250488,
            0.6554710865020752,
            0.6597228050231934,
            0.6586959362030029,
            0.701209545135498,
            0.6976728439331055,
            0.6642451286315918
        ]
    },
    "elapsed": 30.969263792037964
}