{
    "tensor_name": "enron",
    "sampler": "efficient",
    "R": 75,
    "J": 1507328,
    "trial": 2,
    "preprocessing": "log_count",
    "initialization": "rrf",
    "max_iterations": 40,
    "stop_tolerance": 0.0001,
    "tensor_order": 4,
    "trace": {
        "iterations": [
            0,
            5,
            10,
            15,
            20,
            25,
            30,
            35,
            40
        ],
        "fits": [
            -15661809496206.639,
            0.13966360863277028,
            0.14201750207152708,
            0.14302545106990994,
            0.14362931150478409,
            0.14391947147589645,
            0.14411229883002508,
            0.14426373065881182,
            0.14440973994453576
        ],
        "update_times": [
            4.814150094985962,
            5.510351657867432,
            5.288950443267822,
            5.250666856765747,
            5.3281331062316895,
            4.473240852355957,
            4.8398237228393555,
            5.092226982116699,
            4.673304080963135,
            4.67431902885437,
            5.021329402923584,
            5.5420191287994385,
            4.638941764831543,
            4.5910913944244385,
            4.659910440444946,
            5.322577238082886,
            5.155652761459351,
            5.004785060882568,
            4.979845285415649,
            5.517694473266602,
            4.739908695220947,
            5.220408916473389,
            5.076622247695923,
            5.722835302352905,
            5.124274969100952,
            4.824895143508911,
            4.963221549987793,
            5.2805140018463135,
            4.694607257843018,
            4.7614428997039795,
            4.810009241104126,
            5.316666126251221,
            4.6634228229522705,
            4.870352268218994,
            4.818899631500244,
            5.502279758453369,
            4.833009243011475,
            4.932449579238892,
            4.971349477767944,
            5.410283088684082,
            4.653523683547974,
            4.722100257873535,
            4.75342869758606,
            5.386669158935547,
            4.964346885681152,
            4.711652517318726,
            4.998845815658569,
            5.745509386062622,
            4.69734001159668,
            4.675076007843018,
            4.855915784835815,
            5.299105882644653,
            4.71604061126709,
            4.652474403381348,
            4.82970404624939,
            5.602336645126343,
            4.81104850769043,
            4.664125442504883,
            4.883033752441406,
            5.331412315368652,
            4.879678010940552,
            4.747373819351196,
            4.965087890625,
            5.403086185455322,
            5.1279754638671875,
            4.965977191925049,
            5.143690586090088,
            5.754098415374756,
            5.183931827545166,
            4.86155366897583,
            4.689613103866577,
            5.2550742626190186,
            4.634307146072388,
            4.767863512039185,
            4.847187519073486,
            5.488025426864624,
            4.8526060581207275,
            4.7519025802612305,
            4.79421854019165,
            5.326683759689331,
            4.680726528167725,
            4.726852655410767,
            5.048960208892822,
            5.345713376998901,
            4.918466091156006,
            4.752265214920044,
            5.229993104934692,
            5.512568235397339,
            4.799278259277344,
            4.578473091125488,
            4.935682535171509,
            5.539753198623657,
            5.339702129364014,
            5.065686464309692,
            4.698941469192505,
            5.291709661483765,
            5.377850770950317,
            4.586768865585327,
            4.76647686958313,
            5.295634746551514,
            4.824552536010742,
            4.629761219024658,
            4.666916847229004,
            5.274568796157837,
            4.750905990600586,
            4.725526809692383,
            4.870896339416504,
            5.485571384429932,
            4.742125034332275,
            4.6190712451934814,
            5.11220121383667,
            5.726637125015259,
            4.725096940994263,
            4.516422986984253,
            4.799941301345825,
            5.2878875732421875,
            4.841144800186157,
            4.601421117782593,
            4.684642314910889,
            5.333818197250366,
            4.716823577880859,
            4.517323017120361,
            4.952761888504028,
            5.427905082702637,
            4.770405292510986,
            4.7655417919158936,
            5.026551246643066,
            5.262010097503662,
            5.022264003753662,
            4.775602579116821,
            5.058777809143066,
            5.377758979797363,
            4.731276035308838,
            4.7025885581970215,
            4.933318138122559,
            5.428023099899292,
            4.89174222946167,
            4.812541246414185,
            4.983765125274658,
            5.204026937484741,
            5.059385061264038,
            4.694684982299805,
            4.821045160293579,
            5.35858416557312,
            4.9490180015563965,
            4.492058038711548,
            4.5847039222717285,
            5.1462695598602295,
            4.694774866104126,
            5.0058066844940186,
            4.994595050811768,
            5.607823610305786,
            4.945322275161743,
            4.721840143203735,
            4.9684998989105225,
            5.409581422805786,
            4.8403825759887695,
            4.754356622695923,
            4.949511528015137,
            5.496917247772217
        ],
        "fit_computation_times": [
            0.5584986209869385,
            0.5413517951965332,
            0.5800840854644775,
            0.5873494148254395,
            0.567725658416748,
            0.5855052471160889,
            0.5404727458953857,
            0.538658618927002
        ]
    },
    "elapsed": 802.9486300945282
}