{
    "tensor_name": "enron",
    "sampler": "larsen_kolda_hybrid",
    "R": 50,
    "J": 1245184,
    "trial": 3,
    "preprocessing": "log_count",
    "initialization": "rrf",
    "max_iterations": 40,
    "stop_tolerance": 0.0001,
    "tensor_order": 4,
    "trace": {
        "iterations": [
            0,
            5,
            10,
            15,
            20,
            25,
            30,
            35,
            40
        ],
        "fits": [
            -11920065792637.584,
            0.11720035883233326,
            0.12166997528849044,
            0.12343981770521428,
            0.1245211797798228,
            0.12370474328016079,
            0.12373030051719025,
            0.12476640989487064,
            0.12521631886064066
        ],
        "update_times": [
            0.2525668144226074,
            0.24009203910827637,
            0.6110386848449707,
            0.23549604415893555,
            0.26315879821777344,
            0.293318510055542,
            1.113300085067749,
            0.244429349899292,
            0.271700382232666,
            0.2736623287200928,
            0.9019827842712402,
            0.2488727569580078,
            0.28083109855651855,
            0.2940032482147217,
            0.8403213024139404,
            0.2378702163696289,
            0.26728200912475586,
            0.2820470333099365,
            0.8261816501617432,
            0.24201393127441406,
            0.24668145179748535,
            0.2935795783996582,
            1.0737130641937256,
            0.2528820037841797,
            0.29030466079711914,
            0.28728389739990234,
            0.9856607913970947,
            0.2401440143585205,
            0.2822682857513428,
            0.2944495677947998,
            1.250192403793335,
            0.2549762725830078,
            0.3038191795349121,
            0.2832150459289551,
            0.9901120662689209,
            0.24779105186462402,
            0.25848388671875,
            0.2886061668395996,
            1.204482078552246,
            0.23965668678283691,
            0.2493746280670166,
            0.296400785446167,
            1.0416619777679443,
            0.24901461601257324,
            0.2757413387298584,
            0.31096696853637695,
            1.0996434688568115,
            0.247175931930542,
            0.272305965423584,
            0.26590538024902344,
            1.0062720775604248,
            0.23950457572937012,
            0.2805521488189697,
            0.2872283458709717,
            1.029740333557129,
            0.24216103553771973,
            0.27405500411987305,
            0.28639745712280273,
            1.0573275089263916,
            0.24819064140319824,
            0.24044418334960938,
            0.28432631492614746,
            1.0449168682098389,
            0.26203203201293945,
            0.25904273986816406,
            0.29765892028808594,
            1.0637938976287842,
            0.28157949447631836,
            0.37759852409362793,
            0.3049747943878174,
            1.023155927658081,
            0.24788665771484375,
            0.270751953125,
            0.29739952087402344,
            1.0061869621276855,
            0.2554020881652832,
            0.2644815444946289,
            0.2691638469696045,
            1.0508942604064941,
            0.24573922157287598,
            0.2521529197692871,
            0.3019740581512451,
            1.0608792304992676,
            0.24936532974243164,
            0.26308751106262207,
            0.28432774543762207,
            0.9382681846618652,
            0.24096179008483887,
            0.2743561267852783,
            0.28015923500061035,
            1.0697307586669922,
            0.2329730987548828,
            0.25966882705688477,
            0.26970839500427246,
            1.0338528156280518,
            0.25116491317749023,
            0.27079081535339355,
            0.2722287178039551,
            1.1299715042114258,
            0.24453020095825195,
            0.2492663860321045,
            0.28233909606933594,
            0.9904942512512207,
            0.24295759201049805,
            0.2639739513397217,
            0.28066325187683105,
            0.9112064838409424,
            0.24069571495056152,
            0.2726473808288574,
            0.28250861167907715,
            1.008455753326416,
            0.2306830883026123,
            0.2510251998901367,
            0.2693047523498535,
            1.0327417850494385,
            0.23796296119689941,
            0.275254487991333,
            0.27278709411621094,
            0.8816900253295898,
            0.23745012283325195,
            0.24013066291809082,
            0.30604982376098633,
            1.030287742614746,
            0.2547922134399414,
            0.25067996978759766,
            0.27309107780456543,
            1.154357671737671,
            0.2460956573486328,
            0.27138519287109375,
            0.3153555393218994,
            1.0538554191589355,
            0.24848413467407227,
            0.2752401828765869,
            0.3025655746459961,
            1.1500635147094727,
            0.25344395637512207,
            0.26314353942871094,
            0.29065918922424316,
            1.0028860569000244,
            0.23792409896850586,
            0.2551891803741455,
            0.2752034664154053,
            0.9188456535339355,
            0.2386932373046875,
            0.2837648391723633,
            0.28857874870300293,
            0.9238078594207764,
            0.24649477005004883,
            0.2957911491394043,
            0.3094973564147949,
            1.0612637996673584,
            0.23141098022460938,
            0.2492542266845703,
            0.2701144218444824,
            1.0328102111816406,
            0.2340717315673828,
            0.25660204887390137,
            0.2914419174194336,
            1.0157833099365234,
            0.24465584754943848
        ],
        "fit_computation_times": [
            0.33435940742492676,
            0.3189671039581299,
            0.32820892333984375,
            0.31758809089660645,
            0.32912302017211914,
            0.31459736824035645,
            0.3507080078125,
            0.3294351100921631
        ]
    },
    "elapsed": 75.63274717330933
}