{
    "tensor_name": "enron",
    "sampler": "efficient",
    "R": 25,
    "J": 589824,
    "trial": 3,
    "preprocessing": "log_count",
    "initialization": "rrf",
    "max_iterations": 40,
    "stop_tolerance": 0.0001,
    "tensor_order": 4,
    "trace": {
        "iterations": [
            0,
            5,
            10,
            15,
            20,
            25,
            30,
            35,
            40
        ],
        "fits": [
            -8597721016329.487,
            0.08728154608261662,
            0.0922815409143064,
            0.09293646479379547,
            0.09306333669323397,
            0.09311234428921522,
            0.09315827478106731,
            0.09318310711338318,
            0.09320573223203443
        ],
        "update_times": [
            0.3484780788421631,
            0.35686206817626953,
            0.5476713180541992,
            0.39031147956848145,
            0.3722865581512451,
            0.3802804946899414,
            0.6355631351470947,
            0.3737010955810547,
            0.40459299087524414,
            0.36784791946411133,
            0.5334434509277344,
            0.38209056854248047,
            0.36403775215148926,
            0.3854804039001465,
            0.5148172378540039,
            0.3684070110321045,
            0.3749253749847412,
            0.38515353202819824,
            0.5944418907165527,
            0.37691545486450195,
            0.34087562561035156,
            0.3929882049560547,
            0.5625510215759277,
            0.3921353816986084,
            0.38590192794799805,
            0.3679025173187256,
            0.676210880279541,
            0.3786792755126953,
            0.39256739616394043,
            0.37507152557373047,
            0.6562423706054688,
            0.46701765060424805,
            0.3979792594909668,
            0.3768939971923828,
            0.6328129768371582,
            0.37909674644470215,
            0.39652013778686523,
            0.38263797760009766,
            0.6354267597198486,
            0.38710737228393555,
            0.37084054946899414,
            0.4339308738708496,
            0.6196019649505615,
            0.38797926902770996,
            0.3984847068786621,
            0.44008755683898926,
            0.6124403476715088,
            0.3886566162109375,
            0.39154958724975586,
            0.3946547508239746,
            0.5735111236572266,
            0.38001298904418945,
            0.3742048740386963,
            0.37957048416137695,
            0.632087230682373,
            0.37560200691223145,
            0.38047218322753906,
            0.3854255676269531,
            0.612088680267334,
            0.34933948516845703,
            0.34528326988220215,
            0.37125325202941895,
            0.5189542770385742,
            0.3563051223754883,
            0.37557387351989746,
            0.3738694190979004,
            0.5643773078918457,
            0.37613463401794434,
            0.38559532165527344,
            0.36889076232910156,
            0.5485587120056152,
            0.3775351047515869,
            0.38329577445983887,
            0.41829967498779297,
            0.5941109657287598,
            0.3558320999145508,
            0.44275760650634766,
            0.3744206428527832,
            0.5378870964050293,
            0.3669118881225586,
            0.34786009788513184,
            0.3623995780944824,
            0.5504958629608154,
            0.35262537002563477,
            0.3713953495025635,
            0.3659512996673584,
            0.5803110599517822,
            0.38195133209228516,
            0.383958101272583,
            0.38968610763549805,
            0.515648365020752,
            0.39211273193359375,
            0.37398386001586914,
            0.37053799629211426,
            0.5216407775878906,
            0.3617708683013916,
            0.4054877758026123,
            0.3761310577392578,
            0.5450127124786377,
            0.36809635162353516,
            0.36232519149780273,
            0.37100958824157715,
            0.5263185501098633,
            0.3779439926147461,
            0.3820154666900635,
            0.3664090633392334,
            0.5214576721191406,
            0.3953890800476074,
            0.3884859085083008,
            0.37235569953918457,
            0.5295627117156982,
            0.37590813636779785,
            0.3929932117462158,
            0.3558166027069092,
            0.5268049240112305,
            0.3696134090423584,
            0.39728379249572754,
            0.37023138999938965,
            0.5346517562866211,
            0.379711389541626,
            0.3637392520904541,
            0.359724760055542,
            0.5105106830596924,
            0.3668482303619385,
            0.38599324226379395,
            0.37939977645874023,
            0.6330628395080566,
            0.3830373287200928,
            0.39148950576782227,
            0.3800489902496338,
            0.635667085647583,
            0.39334964752197266,
            0.3907911777496338,
            0.37935853004455566,
            0.6268782615661621,
            0.38613319396972656,
            0.39211440086364746,
            0.38858652114868164,
            0.6521463394165039,
            0.39035820960998535,
            0.33638787269592285,
            0.3621082305908203,
            0.4989430904388428,
            0.37826085090637207,
            0.4528639316558838,
            0.3620269298553467,
            0.5389132499694824,
            0.3965427875518799,
            0.3845481872558594,
            0.382415771484375,
            0.5188882350921631,
            0.3794286251068115,
            0.3905680179595947,
            0.37420058250427246,
            0.5101075172424316,
            0.36603760719299316,
            0.40328335762023926,
            0.38005590438842773,
            0.6334981918334961,
            0.38551878929138184
        ],
        "fit_computation_times": [
            0.12097668647766113,
            0.10810971260070801,
            0.10685276985168457,
            0.1021878719329834,
            0.11378788948059082,
            0.10095071792602539,
            0.09540510177612305,
            0.10192537307739258
        ]
    },
    "elapsed": 69.55353689193726
}