{
    "tensor_name": "enron",
    "sampler": "efficient",
    "R": 125,
    "J": 1376256,
    "trial": 1,
    "preprocessing": "log_count",
    "initialization": "rrf",
    "max_iterations": 40,
    "stop_tolerance": 0.0001,
    "tensor_order": 4,
    "trace": {
        "iterations": [
            0,
            5,
            10,
            15,
            20,
            25,
            30,
            35,
            40
        ],
        "fits": [
            -20265213671886.883,
            0.17007109188357494,
            0.17569469846851127,
            0.17743500487224828,
            0.17843218568618124,
            0.17905362415465953,
            0.17949097332099417,
            0.17982973005545477,
            0.18007411918267358
        ],
        "update_times": [
            8.490962982177734,
            8.369066715240479,
            7.333594799041748,
            9.323700189590454,
            8.146913290023804,
            8.491989612579346,
            7.4515907764434814,
            9.62076187133789,
            8.553245544433594,
            8.645466566085815,
            7.528760194778442,
            9.944405555725098,
            8.703825235366821,
            8.841204643249512,
            7.480579614639282,
            10.177447080612183,
            8.880459070205688,
            9.258450508117676,
            7.600210905075073,
            10.07517671585083,
            9.268856763839722,
            9.101436138153076,
            7.3497841358184814,
            9.919144868850708,
            8.643150091171265,
            9.057735919952393,
            7.486180782318115,
            9.859513998031616,
            8.584167718887329,
            9.067677974700928,
            7.605097770690918,
            10.461337089538574,
            8.73712158203125,
            9.127665996551514,
            7.710642099380493,
            10.343781232833862,
            9.18066120147705,
            9.532450914382935,
            8.15056037902832,
            10.52835488319397,
            9.532002210617065,
            9.597542762756348,
            7.589277982711792,
            10.056553602218628,
            8.771952152252197,
            9.258636951446533,
            7.533097505569458,
            10.08473253250122,
            9.1372971534729,
            9.099882125854492,
            7.695688962936401,
            9.869221448898315,
            8.772445678710938,
            9.047029495239258,
            7.590189456939697,
            10.111660718917847,
            8.781559228897095,
            9.074109315872192,
            7.73633074760437,
            9.895903587341309,
            8.633042573928833,
            9.171636819839478,
            7.54128098487854,
            10.319850206375122,
            8.71585202217102,
            9.268694400787354,
            7.705296516418457,
            10.247656106948853,
            8.896790981292725,
            9.159819841384888,
            7.788817405700684,
            10.291117429733276,
            8.736712455749512,
            9.021549463272095,
            7.926588535308838,
            10.072401762008667,
            8.726035594940186,
            9.034384489059448,
            7.714233636856079,
            10.079188585281372,
            8.740747690200806,
            9.085259199142456,
            7.79549241065979,
            10.183636665344238,
            8.718741416931152,
            9.097901582717896,
            7.836509704589844,
            10.116326093673706,
            9.066765069961548,
            9.556482315063477,
            7.660983562469482,
            10.17600417137146,
            9.037115573883057,
            9.176990985870361,
            7.649666786193848,
            10.135763168334961,
            8.695980787277222,
            8.949884176254272,
            7.613800525665283,
            10.177066326141357,
            8.704331398010254,
            9.051831245422363,
            7.696142196655273,
            10.25886058807373,
            8.753318786621094,
            8.904582738876343,
            7.7077813148498535,
            10.085471153259277,
            8.55917763710022,
            8.97897982597351,
            7.299742937088013,
            10.256901025772095,
            9.113286972045898,
            8.947654724121094,
            7.677419185638428,
            10.129036664962769,
            9.003443956375122,
            9.014255285263062,
            7.6234095096588135,
            9.927162408828735,
            8.894471883773804,
            9.079706907272339,
            7.491172790527344,
            9.938333988189697,
            8.761882305145264,
            8.851116418838501,
            7.974801778793335,
            10.29283094406128,
            8.842015981674194,
            9.184412479400635,
            7.762056827545166,
            10.044369459152222,
            8.667571544647217,
            9.011634111404419,
            7.6770710945129395,
            10.280773162841797,
            8.964984893798828,
            9.327694177627563,
            7.951383113861084,
            10.06964373588562,
            8.853610038757324,
            9.124035120010376,
            7.582807779312134,
            10.150443315505981,
            8.932290315628052,
            9.388383388519287,
            7.755701780319214,
            10.323879718780518,
            9.147704124450684,
            9.35574460029602,
            7.578745126724243,
            10.20130729675293,
            8.807472229003906,
            9.123953104019165,
            7.648845434188843,
            10.131635189056396,
            8.91133189201355,
            9.19153380393982,
            7.530284404754639,
            10.112329483032227
        ],
        "fit_computation_times": [
            0.8084564208984375,
            0.8044743537902832,
            0.7812018394470215,
            0.7747540473937988,
            0.8118245601654053,
            0.7690794467926025,
            0.7765686511993408,
            0.7901890277862549
        ]
    },
    "elapsed": 1434.1259562969208
}