{
    "tensor_name": "enron",
    "sampler": "efficient",
    "R": 100,
    "J": 163840,
    "trial": 2,
    "preprocessing": "log_count",
    "initialization": "rrf",
    "max_iterations": 40,
    "stop_tolerance": 0.0001,
    "tensor_order": 4,
    "trace": {
        "iterations": [
            0,
            5,
            10,
            15,
            20,
            25,
            30,
            35,
            40
        ],
        "fits": [
            -18239483120052.07,
            0.1569628183625027,
            0.16026067001525646,
            0.16177112000080263,
            0.16275134274955105,
            0.16356174305196003,
            0.16401241703471536,
            0.16422073842200968,
            0.16447334746842557
        ],
        "update_times": [
            0.6761376857757568,
            0.6924877166748047,
            1.1015043258666992,
            0.6949357986450195,
            0.6779110431671143,
            0.7723791599273682,
            1.3477704524993896,
            0.7612416744232178,
            0.7382979393005371,
            0.8437104225158691,
            1.6297845840454102,
            0.732774019241333,
            0.7205140590667725,
            0.8089258670806885,
            1.5444180965423584,
            0.7435736656188965,
            0.672745943069458,
            0.7886958122253418,
            1.418952465057373,
            0.7152290344238281,
            0.6433947086334229,
            0.816497802734375,
            1.4677176475524902,
            0.746065616607666,
            0.7726895809173584,
            0.8404111862182617,
            1.462918758392334,
            0.754509449005127,
            0.7373199462890625,
            0.8780026435852051,
            1.4392993450164795,
            0.8035845756530762,
            0.738004207611084,
            0.8453114032745361,
            1.6047930717468262,
            0.7539489269256592,
            0.7161755561828613,
            0.8272664546966553,
            1.6516642570495605,
            0.7679898738861084,
            0.674821138381958,
            0.8421075344085693,
            1.588289737701416,
            0.7325320243835449,
            0.7306594848632812,
            0.8318116664886475,
            1.5505237579345703,
            0.7584667205810547,
            0.6609642505645752,
            0.7864410877227783,
            1.5255563259124756,
            0.7526805400848389,
            0.6997759342193604,
            0.8170068264007568,
            1.4896535873413086,
            0.7294776439666748,
            0.713444709777832,
            0.8073456287384033,
            1.5450716018676758,
            0.7374434471130371,
            0.6607108116149902,
            0.7803168296813965,
            1.4950687885284424,
            0.7477307319641113,
            0.7470064163208008,
            0.8059728145599365,
            1.5771567821502686,
            0.7301735877990723,
            0.7469160556793213,
            0.8244085311889648,
            1.5866327285766602,
            0.7342419624328613,
            0.7109460830688477,
            0.8213517665863037,
            1.5315709114074707,
            0.7180986404418945,
            0.7071962356567383,
            0.7980785369873047,
            1.5104138851165771,
            0.7058751583099365,
            0.6555595397949219,
            0.8149235248565674,
            1.5225768089294434,
            0.7838327884674072,
            0.7082393169403076,
            0.8087284564971924,
            1.5891790390014648,
            0.7145147323608398,
            0.687584638595581,
            0.8285455703735352,
            1.522916316986084,
            0.7290046215057373,
            0.7339038848876953,
            0.8176689147949219,
            1.6042051315307617,
            0.7462155818939209,
            0.7453305721282959,
            0.8339757919311523,
            1.567746877670288,
            0.7406930923461914,
            0.6734733581542969,
            0.8211913108825684,
            1.6612162590026855,
            0.7507789134979248,
            0.6875669956207275,
            0.8131389617919922,
            1.5118649005889893,
            0.7307465076446533,
            0.6993904113769531,
            0.8260791301727295,
            1.630098819732666,
            0.7267594337463379,
            0.6837170124053955,
            0.8069329261779785,
            1.6316874027252197,
            0.7512056827545166,
            0.725022554397583,
            0.7931439876556396,
            1.650233268737793,
            0.7270505428314209,
            0.6937427520751953,
            0.7915480136871338,
            1.4652395248413086,
            0.7152411937713623,
            0.6735436916351318,
            0.808525800704956,
            1.7242403030395508,
            0.7283780574798584,
            0.7097735404968262,
            0.8498711585998535,
            1.4435207843780518,
            0.7411365509033203,
            0.6751766204833984,
            0.8071534633636475,
            1.7423515319824219,
            0.7749381065368652,
            0.73040771484375,
            0.8204071521759033,
            1.6676311492919922,
            0.7412416934967041,
            0.6784787178039551,
            0.811898946762085,
            1.628946304321289,
            0.7208244800567627,
            0.6941070556640625,
            0.8066818714141846,
            1.7043585777282715,
            0.7573215961456299,
            0.7027709484100342,
            0.8198516368865967,
            1.7201683521270752,
            0.7590100765228271,
            0.6850087642669678,
            0.8033621311187744,
            1.7429661750793457,
            0.7616856098175049,
            0.6879515647888184,
            0.8328638076782227,
            1.664421796798706,
            0.7357423305511475
        ],
        "fit_computation_times": [
            0.6858117580413818,
            0.6892602443695068,
            0.6872899532318115,
            0.7071795463562012,
            0.701594352722168,
            0.6796813011169434,
            0.707005500793457,
            0.7020785808563232
        ]
    },
    "elapsed": 159.0295193195343
}