{
    "tensor_name": "enron",
    "sampler": "larsen_kolda_hybrid",
    "R": 125,
    "J": 229376,
    "trial": 2,
    "preprocessing": "log_count",
    "initialization": "rrf",
    "max_iterations": 40,
    "stop_tolerance": 0.0001,
    "tensor_order": 4,
    "trace": {
        "iterations": [
            0,
            5,
            10,
            15,
            20
        ],
        "fits": [
            -20056623537834.336,
            0.1249148578142748,
            0.11565358691707439,
            0.12452490042407927,
            0.12140484634283888
        ],
        "update_times": [
            0.10698342323303223,
            0.10486149787902832,
            0.280839204788208,
            0.09413528442382812,
            0.11411452293395996,
            0.11119508743286133,
            0.4065282344818115,
            0.11966896057128906,
            0.13352179527282715,
            0.11227250099182129,
            0.3736543655395508,
            0.09551024436950684,
            0.11898469924926758,
            0.11223673820495605,
            0.40247178077697754,
            0.09777355194091797,
            0.11892461776733398,
            0.1264207363128662,
            0.520857572555542,
            0.10422182083129883,
            0.10625958442687988,
            0.1275317668914795,
            0.4414365291595459,
            0.10167384147644043,
            0.1232304573059082,
            0.12885451316833496,
            0.4920368194580078,
            0.10763216018676758,
            0.1304931640625,
            0.12164545059204102,
            0.4801967144012451,
            0.10485386848449707,
            0.12465476989746094,
            0.12479162216186523,
            0.48470592498779297,
            0.11131429672241211,
            0.12076973915100098,
            0.1185617446899414,
            0.427109956741333,
            0.11066985130310059,
            0.09816813468933105,
            0.11884140968322754,
            0.4655797481536865,
            0.09859180450439453,
            0.11998891830444336,
            0.11128091812133789,
            0.4270439147949219,
            0.10497808456420898,
            0.15265488624572754,
            0.1451585292816162,
            0.41643619537353516,
            0.09523344039916992,
            0.13398003578186035,
            0.13781952857971191,
            0.41511988639831543,
            0.10238766670227051,
            0.1448500156402588,
            0.1315305233001709,
            0.4677083492279053,
            0.09635496139526367,
            0.0951375961303711,
            0.1322314739227295,
            0.5271849632263184,
            0.11209297180175781,
            0.1326298713684082,
            0.14390850067138672,
            0.5010733604431152,
            0.0956273078918457,
            0.11811447143554688,
            0.11843752861022949,
            0.4593930244445801,
            0.09788155555725098,
            0.13314533233642578,
            0.13665342330932617,
            0.45261645317077637,
            0.1024785041809082,
            0.12750887870788574,
            0.11216259002685547,
            0.44692039489746094,
            0.10106134414672852
        ],
        "fit_computation_times": [
            0.7467219829559326,
            0.7448480129241943,
            0.7099885940551758,
            0.7843153476715088
        ]
    },
    "elapsed": 19.748173713684082
}