{
    "tensor_name": "enron",
    "sampler": "larsen_kolda_hybrid",
    "R": 100,
    "J": 1769472,
    "trial": 3,
    "preprocessing": "log_count",
    "initialization": "rrf",
    "max_iterations": 40,
    "stop_tolerance": 0.0001,
    "tensor_order": 4,
    "trace": {
        "iterations": [
            0,
            5,
            10,
            15,
            20,
            25,
            30,
            35,
            40
        ],
        "fits": [
            -17543940731152.16,
            0.14523841039781238,
            0.14668397322401194,
            0.14875612887961476,
            0.1493034411892047,
            0.1511349730652093,
            0.14979434154749316,
            0.15130725538645817,
            0.15199238545666904
        ],
        "update_times": [
            0.6047623157501221,
            0.5866212844848633,
            1.2122387886047363,
            0.5754272937774658,
            0.5708260536193848,
            0.5889241695404053,
            2.2796342372894287,
            0.5691485404968262,
            0.5872786045074463,
            0.6366450786590576,
            2.4254910945892334,
            0.6125562191009521,
            0.6169984340667725,
            0.6460061073303223,
            1.9416122436523438,
            0.5947511196136475,
            0.6143512725830078,
            0.6311318874359131,
            1.9618263244628906,
            0.6075985431671143,
            0.6148025989532471,
            0.6493849754333496,
            2.2962045669555664,
            0.6066305637359619,
            0.6144862174987793,
            0.6527309417724609,
            2.013960123062134,
            0.602586030960083,
            0.6067483425140381,
            0.621891975402832,
            2.243194818496704,
            0.5966694355010986,
            0.611304759979248,
            0.6321015357971191,
            2.244814872741699,
            0.6042759418487549,
            0.6250839233398438,
            0.6222753524780273,
            2.3131542205810547,
            0.5983242988586426,
            0.5893943309783936,
            0.6188797950744629,
            2.0947811603546143,
            0.6041619777679443,
            0.6097691059112549,
            0.6422464847564697,
            1.7910726070404053,
            0.6132180690765381,
            0.6178584098815918,
            0.6280934810638428,
            1.8981378078460693,
            0.5969855785369873,
            0.5904417037963867,
            0.6258091926574707,
            2.0096871852874756,
            0.5868966579437256,
            0.614189863204956,
            0.6388692855834961,
            2.063762903213501,
            0.609778642654419,
            0.618100643157959,
            0.6220347881317139,
            2.0450453758239746,
            0.5733568668365479,
            0.5828244686126709,
            0.6013739109039307,
            2.021796703338623,
            0.5887062549591064,
            0.6284635066986084,
            0.6512491703033447,
            1.9963746070861816,
            0.6157557964324951,
            0.624046802520752,
            0.6168320178985596,
            2.0055222511291504,
            0.607987642288208,
            0.6182456016540527,
            0.640967845916748,
            1.9941191673278809,
            0.6017825603485107,
            0.6164278984069824,
            0.640570878982544,
            2.209393262863159,
            0.6026632785797119,
            0.6246833801269531,
            0.6382706165313721,
            2.0635714530944824,
            0.6275196075439453,
            0.5902910232543945,
            0.6154589653015137,
            2.101736307144165,
            0.612067699432373,
            0.6157045364379883,
            0.6497101783752441,
            1.883129596710205,
            0.5937802791595459,
            0.5846071243286133,
            0.6037149429321289,
            1.9893865585327148,
            0.5883834362030029,
            0.598034143447876,
            0.6171016693115234,
            1.9349169731140137,
            0.6035757064819336,
            0.6069798469543457,
            0.6176183223724365,
            2.0837347507476807,
            0.5821425914764404,
            0.5921492576599121,
            0.6056783199310303,
            2.1061904430389404,
            0.587277889251709,
            0.5936548709869385,
            0.6863934993743896,
            1.9407882690429688,
            0.592613935470581,
            0.5914306640625,
            0.6149330139160156,
            2.1233606338500977,
            0.60060715675354,
            0.5944828987121582,
            0.6588535308837891,
            2.2338297367095947,
            0.6034510135650635,
            0.5833730697631836,
            0.5962731838226318,
            2.0347628593444824,
            0.601973295211792,
            0.6230900287628174,
            0.6349184513092041,
            2.310929775238037,
            0.585608720779419,
            0.5978078842163086,
            0.6163437366485596,
            2.3565680980682373,
            0.5785825252532959,
            0.5870165824890137,
            0.5872204303741455,
            2.2009615898132324,
            0.594883918762207,
            0.5873723030090332,
            0.6259875297546387,
            1.9074923992156982,
            0.6135954856872559,
            0.6250026226043701,
            0.6482985019683838,
            2.48006534576416,
            0.5933525562286377,
            0.5857808589935303,
            0.6027467250823975,
            2.1237709522247314,
            0.5841357707977295,
            0.6120243072509766,
            0.6323826313018799,
            2.1853597164154053,
            0.6027979850769043,
            0.6132073402404785,
            0.626762866973877,
            2.2768714427948,
            0.5980970859527588
        ],
        "fit_computation_times": [
            0.7325596809387207,
            0.6844460964202881,
            0.704340934753418,
            0.7113766670227051,
            0.7476041316986084,
            0.7252929210662842,
            0.7136714458465576,
            0.733100175857544
        ]
    },
    "elapsed": 163.12195754051208
}