{
    "tensor_name": "enron",
    "sampler": "efficient",
    "R": 75,
    "J": 524288,
    "trial": 3,
    "preprocessing": "log_count",
    "initialization": "rrf",
    "max_iterations": 40,
    "stop_tolerance": 0.0001,
    "tensor_order": 4,
    "trace": {
        "iterations": [
            0,
            5,
            10,
            15,
            20,
            25,
            30,
            35,
            40
        ],
        "fits": [
            -15103381585701.0,
            0.14107045295582032,
            0.1453129223922488,
            0.14648515833839837,
            0.14685647801096635,
            0.14727368322420475,
            0.14747175421011127,
            0.14764693467100387,
            0.14776427866183595
        ],
        "update_times": [
            1.3477489948272705,
            1.4863905906677246,
            1.7137832641601562,
            1.5326595306396484,
            1.4598777294158936,
            1.5516090393066406,
            2.026585817337036,
            1.6427333354949951,
            1.4725556373596191,
            1.6377220153808594,
            2.06286883354187,
            1.725525140762329,
            1.6154019832611084,
            1.548063039779663,
            2.585069179534912,
            1.8213894367218018,
            1.426811933517456,
            1.4879722595214844,
            1.986802101135254,
            1.687436819076538,
            1.4490854740142822,
            1.497666358947754,
            1.935293197631836,
            1.672680377960205,
            1.5285530090332031,
            1.5828688144683838,
            2.02962589263916,
            1.7069017887115479,
            1.4971048831939697,
            1.5102508068084717,
            1.949141502380371,
            1.6441497802734375,
            1.4746708869934082,
            1.6113908290863037,
            2.030266761779785,
            1.6430878639221191,
            1.4599809646606445,
            1.508542776107788,
            2.063133478164673,
            1.7831225395202637,
            1.534912109375,
            1.5119853019714355,
            2.022897958755493,
            1.7343213558197021,
            1.595733642578125,
            1.6299057006835938,
            2.0516252517700195,
            1.7010557651519775,
            1.5414934158325195,
            1.425663709640503,
            1.9121499061584473,
            1.7085528373718262,
            1.4705877304077148,
            1.5065243244171143,
            1.953784465789795,
            1.6981565952301025,
            1.5262653827667236,
            1.6125128269195557,
            2.0165915489196777,
            1.744276523590088,
            1.5465731620788574,
            1.5005042552947998,
            1.937394618988037,
            1.7032945156097412,
            1.4714069366455078,
            1.4723412990570068,
            1.893106460571289,
            1.701923131942749,
            1.4966344833374023,
            1.4642002582550049,
            1.971060037612915,
            1.649939775466919,
            1.4515283107757568,
            1.4733014106750488,
            2.1032402515411377,
            1.8347952365875244,
            1.4604825973510742,
            1.675804853439331,
            2.122753858566284,
            1.6762683391571045,
            1.4782609939575195,
            1.5050888061523438,
            2.0785882472991943,
            1.840893030166626,
            1.6477572917938232,
            1.5008904933929443,
            1.9575660228729248,
            1.6714441776275635,
            1.5841257572174072,
            1.555321216583252,
            2.033719778060913,
            1.7146861553192139,
            1.5590400695800781,
            1.416656494140625,
            1.888932704925537,
            1.6617047786712646,
            1.4697911739349365,
            1.5288774967193604,
            2.0546822547912598,
            1.71881103515625,
            1.5391218662261963,
            1.5189406871795654,
            2.037616729736328,
            1.6808819770812988,
            1.5106220245361328,
            1.5541410446166992,
            2.1332168579101562,
            1.713749885559082,
            1.5059733390808105,
            1.6172513961791992,
            2.0540122985839844,
            1.7377347946166992,
            1.5752110481262207,
            1.61273193359375,
            2.0837252140045166,
            1.715536117553711,
            1.4881963729858398,
            1.5190880298614502,
            2.1685190200805664,
            1.764434814453125,
            1.5730116367340088,
            1.5368826389312744,
            1.8167731761932373,
            1.7123744487762451,
            1.456697702407837,
            1.4754638671875,
            1.7940258979797363,
            1.749500036239624,
            1.5305469036102295,
            1.4774589538574219,
            2.1170411109924316,
            1.7902519702911377,
            1.528432846069336,
            1.5987911224365234,
            1.8941190242767334,
            1.7825546264648438,
            1.4870612621307373,
            1.5155038833618164,
            2.1901931762695312,
            1.8327558040618896,
            1.70098876953125,
            1.608259916305542,
            2.0746045112609863,
            1.6698474884033203,
            1.5316035747528076,
            1.5583593845367432,
            2.0375099182128906,
            1.7795941829681396,
            1.5150518417358398,
            1.5363597869873047,
            2.025388240814209,
            1.7567634582519531,
            1.497917890548706,
            1.4836723804473877,
            2.0453574657440186,
            1.7339067459106445,
            1.6151883602142334,
            1.566922903060913,
            2.024390459060669,
            1.724097728729248
        ],
        "fit_computation_times": [
            0.564594030380249,
            0.5944778919219971,
            0.6052350997924805,
            0.5914533138275146,
            0.5567142963409424,
            0.5847547054290771,
            0.6016199588775635,
            0.6000697612762451
        ]
    },
    "elapsed": 276.93866515159607
}