{
    "tensor_name": "enron",
    "sampler": "efficient",
    "R": 125,
    "J": 327680,
    "trial": 0,
    "preprocessing": "log_count",
    "initialization": "rrf",
    "max_iterations": 40,
    "stop_tolerance": 0.0001,
    "tensor_order": 4,
    "trace": {
        "iterations": [
            0,
            5,
            10,
            15,
            20,
            25,
            30,
            35,
            40
        ],
        "fits": [
            -20720288736136.742,
            0.16991868218877382,
            0.17401720797788178,
            0.17531918291442206,
            0.17595300997542362,
            0.17613596790826036,
            0.17677214312976197,
            0.17707677449312387,
            0.17727677362000527
        ],
        "update_times": [
            1.960322380065918,
            2.0752177238464355,
            2.692462682723999,
            2.4081058502197266,
            2.1652965545654297,
            2.268693447113037,
            2.7556283473968506,
            2.461498975753784,
            2.18202543258667,
            2.45279598236084,
            2.9424092769622803,
            2.585073709487915,
            2.186046600341797,
            2.504117012023926,
            2.849271059036255,
            2.3476710319519043,
            2.1786060333251953,
            2.5616931915283203,
            2.737091064453125,
            2.5192177295684814,
            2.257854461669922,
            2.3676631450653076,
            2.821596384048462,
            2.5049962997436523,
            2.217423439025879,
            2.288081407546997,
            2.6754987239837646,
            2.502246618270874,
            2.3927383422851562,
            2.2559902667999268,
            2.7130420207977295,
            2.530473470687866,
            2.1750845909118652,
            2.33017897605896,
            2.7900431156158447,
            2.605026960372925,
            2.259162664413452,
            2.260599136352539,
            2.760409355163574,
            2.510878562927246,
            2.131371021270752,
            2.40857195854187,
            2.6215872764587402,
            2.5079522132873535,
            2.1542294025421143,
            2.193851947784424,
            2.712890148162842,
            2.615272045135498,
            2.1806833744049072,
            2.3012144565582275,
            2.865305185317993,
            2.553605556488037,
            2.2705445289611816,
            2.3300600051879883,
            2.727928876876831,
            2.5537030696868896,
            2.242011547088623,
            2.28415584564209,
            2.682838201522827,
            2.4945247173309326,
            2.092007637023926,
            2.2137110233306885,
            2.773524761199951,
            2.5404679775238037,
            2.1313648223876953,
            2.3036577701568604,
            2.6645641326904297,
            2.5708537101745605,
            2.252197504043579,
            2.273084878921509,
            2.6225013732910156,
            2.5493710041046143,
            2.1486008167266846,
            2.231137990951538,
            2.752190589904785,
            2.558677911758423,
            2.1750495433807373,
            2.180609703063965,
            2.725062370300293,
            2.5112438201904297,
            2.098085641860962,
            2.4056596755981445,
            2.6847710609436035,
            2.5509650707244873,
            2.2696871757507324,
            2.2898995876312256,
            2.673670768737793,
            2.527876138687134,
            2.1645383834838867,
            2.272993564605713,
            2.7171881198883057,
            2.5515928268432617,
            2.2223730087280273,
            2.3540878295898438,
            2.7497293949127197,
            2.554687976837158,
            2.24760103225708,
            2.3231775760650635,
            2.789762020111084,
            2.5622692108154297,
            2.2956337928771973,
            2.354076862335205,
            2.787280559539795,
            2.5732946395874023,
            2.2794947624206543,
            2.279613971710205,
            3.002000331878662,
            2.5866260528564453,
            2.248865842819214,
            2.326079845428467,
            2.84842848777771,
            2.7631747722625732,
            2.067164659500122,
            2.010558605194092,
            2.296060085296631,
            2.523409128189087,
            2.279508590698242,
            2.4011263847351074,
            2.895185708999634,
            2.5683846473693848,
            2.053457736968994,
            2.2205209732055664,
            2.71983003616333,
            2.5284202098846436,
            2.240523338317871,
            2.145707368850708,
            2.583486557006836,
            2.6167080402374268,
            2.263282299041748,
            2.2646453380584717,
            2.657604932785034,
            2.403723955154419,
            2.12062406539917,
            2.1674728393554688,
            2.6962966918945312,
            2.488281011581421,
            2.1954727172851562,
            2.2958426475524902,
            2.894338846206665,
            2.4801509380340576,
            2.315352439880371,
            2.167121648788452,
            2.5998406410217285,
            2.4763004779815674,
            2.252978563308716,
            2.315657138824463,
            2.8402621746063232,
            2.521679162979126,
            2.1432130336761475,
            2.2390615940093994,
            2.757028102874756,
            2.5216054916381836,
            2.2338905334472656,
            2.3141636848449707,
            2.6217548847198486,
            2.4850306510925293,
            2.139591693878174,
            2.3161988258361816,
            2.9855005741119385,
            2.48634672164917
        ],
        "fit_computation_times": [
            0.8369371891021729,
            0.8568530082702637,
            0.798069953918457,
            0.7752039432525635,
            0.8336098194122314,
            0.8168931007385254,
            0.8337624073028564,
            0.816929817199707
        ]
    },
    "elapsed": 397.67862343788147
}