{
    "tensor_name": "enron",
    "sampler": "efficient",
    "R": 50,
    "J": 65536,
    "trial": 2,
    "preprocessing": "log_count",
    "initialization": "rrf",
    "max_iterations": 40,
    "stop_tolerance": 0.0001,
    "tensor_order": 4,
    "trace": {
        "iterations": [
            0,
            5,
            10,
            15,
            20,
            25,
            30,
            35,
            40
        ],
        "fits": [
            -12443581205901.95,
            0.12252119371048154,
            0.12610833862835702,
            0.12685650071336174,
            0.127208591753165,
            0.1271992176459672,
            0.1275167326744907,
            0.12743659561648135,
            0.1276681630227292
        ],
        "update_times": [
            0.09285306930541992,
            0.11545062065124512,
            0.29250383377075195,
            0.12543749809265137,
            0.1012887954711914,
            0.11213350296020508,
            0.442401647567749,
            0.1084907054901123,
            0.09102058410644531,
            0.125596284866333,
            0.532341480255127,
            0.10342788696289062,
            0.10882425308227539,
            0.14149212837219238,
            0.6020963191986084,
            0.1084284782409668,
            0.09742569923400879,
            0.13669252395629883,
            0.5446295738220215,
            0.1069953441619873,
            0.10922527313232422,
            0.13643097877502441,
            0.5441577434539795,
            0.11773157119750977,
            0.11802387237548828,
            0.16638565063476562,
            0.557410717010498,
            0.11499619483947754,
            0.10363173484802246,
            0.13131260871887207,
            0.4895336627960205,
            0.10899662971496582,
            0.10218644142150879,
            0.1431255340576172,
            0.5748050212860107,
            0.10216736793518066,
            0.10096859931945801,
            0.13930130004882812,
            0.5620086193084717,
            0.1007230281829834,
            0.1116034984588623,
            0.16067790985107422,
            0.5536954402923584,
            0.11302471160888672,
            0.10388898849487305,
            0.13410663604736328,
            0.5731477737426758,
            0.10264754295349121,
            0.10183572769165039,
            0.12578892707824707,
            0.5795845985412598,
            0.10492968559265137,
            0.10216712951660156,
            0.1381828784942627,
            0.5441064834594727,
            0.1038353443145752,
            0.10332036018371582,
            0.12995100021362305,
            0.5778636932373047,
            0.10419583320617676,
            0.09183883666992188,
            0.142608642578125,
            0.5798435211181641,
            0.1012716293334961,
            0.10080647468566895,
            0.13103580474853516,
            0.46627354621887207,
            0.10377216339111328,
            0.09821486473083496,
            0.13835358619689941,
            0.4558370113372803,
            0.10293149948120117,
            0.1024327278137207,
            0.1486806869506836,
            0.5860922336578369,
            0.10486054420471191,
            0.09380269050598145,
            0.13290166854858398,
            0.587475061416626,
            0.10257577896118164,
            0.09899234771728516,
            0.14336776733398438,
            0.5099856853485107,
            0.10919785499572754,
            0.10840439796447754,
            0.1295309066772461,
            0.6014828681945801,
            0.10475707054138184,
            0.09387540817260742,
            0.1440885066986084,
            0.5671560764312744,
            0.11194133758544922,
            0.09596920013427734,
            0.1294558048248291,
            0.5514185428619385,
            0.1031637191772461,
            0.10440802574157715,
            0.1416943073272705,
            0.5906517505645752,
            0.10100221633911133,
            0.10338902473449707,
            0.1331942081451416,
            0.5398883819580078,
            0.1061563491821289,
            0.10615205764770508,
            0.1338186264038086,
            0.5541670322418213,
            0.1042320728302002,
            0.10746598243713379,
            0.13344383239746094,
            0.5247511863708496,
            0.10614275932312012,
            0.11920523643493652,
            0.15494418144226074,
            0.5952813625335693,
            0.1160893440246582,
            0.11440587043762207,
            0.14208436012268066,
            0.5523061752319336,
            0.11420941352844238,
            0.10310649871826172,
            0.14592909812927246,
            0.5080158710479736,
            0.11203241348266602,
            0.10636258125305176,
            0.13408112525939941,
            0.5187673568725586,
            0.1051793098449707,
            0.1045372486114502,
            0.1328136920928955,
            0.5144731998443604,
            0.1072077751159668,
            0.10580110549926758,
            0.14697909355163574,
            0.54776930809021,
            0.10745692253112793,
            0.10745382308959961,
            0.15096688270568848,
            0.5043470859527588,
            0.10632514953613281,
            0.09995508193969727,
            0.14107894897460938,
            0.5203564167022705,
            0.11132407188415527,
            0.10528278350830078,
            0.13362979888916016,
            0.5212719440460205,
            0.10615253448486328,
            0.1039130687713623,
            0.13469290733337402,
            0.489851713180542,
            0.11321377754211426,
            0.10441088676452637,
            0.13308024406433105,
            0.48135805130004883,
            0.11288881301879883,
            0.10238838195800781,
            0.13205599784851074,
            0.5771827697753906,
            0.10899090766906738
        ],
        "fit_computation_times": [
            0.3230276107788086,
            0.31990647315979004,
            0.32202911376953125,
            0.32395124435424805,
            0.32572221755981445,
            0.30690598487854004,
            0.32319068908691406,
            0.33801865577697754
        ]
    },
    "elapsed": 38.31916046142578
}