{
    "tensor_name": "enron",
    "sampler": "larsen_kolda_hybrid",
    "R": 50,
    "J": 393216,
    "trial": 1,
    "preprocessing": "log_count",
    "initialization": "rrf",
    "max_iterations": 40,
    "stop_tolerance": 0.0001,
    "tensor_order": 4,
    "trace": {
        "iterations": [
            0,
            5,
            10,
            15,
            20,
            25,
            30,
            35,
            40
        ],
        "fits": [
            -13017304769927.02,
            0.10024928462058391,
            0.10704109231311887,
            0.1077863197522706,
            0.10945399828510316,
            0.10988748234276946,
            0.10942993540013723,
            0.10909617194915067,
            0.11040595175316892
        ],
        "update_times": [
            0.11017584800720215,
            0.10580587387084961,
            0.29924750328063965,
            0.09414482116699219,
            0.1120748519897461,
            0.11167287826538086,
            0.5680673122406006,
            0.0883331298828125,
            0.11647939682006836,
            0.11206746101379395,
            0.6233789920806885,
            0.0881502628326416,
            0.12026381492614746,
            0.11174154281616211,
            0.5311083793640137,
            0.09104084968566895,
            0.11445307731628418,
            0.11890935897827148,
            0.603449821472168,
            0.08932852745056152,
            0.08906054496765137,
            0.12675213813781738,
            0.6925597190856934,
            0.09279656410217285,
            0.12584877014160156,
            0.1304643154144287,
            0.6200566291809082,
            0.09222626686096191,
            0.11002612113952637,
            0.11719036102294922,
            0.6792314052581787,
            0.08604049682617188,
            0.10598516464233398,
            0.11258411407470703,
            0.5767841339111328,
            0.0860898494720459,
            0.10808229446411133,
            0.12314224243164062,
            0.5612525939941406,
            0.07500481605529785,
            0.08300948143005371,
            0.10318136215209961,
            0.5906109809875488,
            0.07453632354736328,
            0.11194324493408203,
            0.11422920227050781,
            0.5402450561523438,
            0.07587003707885742,
            0.1110069751739502,
            0.1032264232635498,
            0.6029841899871826,
            0.08035564422607422,
            0.10846590995788574,
            0.10745096206665039,
            0.5567448139190674,
            0.07380557060241699,
            0.10932588577270508,
            0.10846114158630371,
            0.5472791194915771,
            0.08614516258239746,
            0.09453368186950684,
            0.10843801498413086,
            0.6483356952667236,
            0.09050440788269043,
            0.11585664749145508,
            0.12624907493591309,
            0.5485200881958008,
            0.07918381690979004,
            0.10824155807495117,
            0.11314725875854492,
            0.6607775688171387,
            0.11664915084838867,
            0.12346172332763672,
            0.1135869026184082,
            0.6397507190704346,
            0.08857846260070801,
            0.11889290809631348,
            0.12056398391723633,
            0.5287356376647949,
            0.10478353500366211,
            0.09569859504699707,
            0.12195205688476562,
            0.5548710823059082,
            0.09284186363220215,
            0.11857867240905762,
            0.10236096382141113,
            0.5628707408905029,
            0.07718992233276367,
            0.10680055618286133,
            0.11274600028991699,
            0.7298564910888672,
            0.0812978744506836,
            0.10126638412475586,
            0.11355948448181152,
            0.6731524467468262,
            0.08963847160339355,
            0.10690450668334961,
            0.12184977531433105,
            0.5622568130493164,
            0.08357977867126465,
            0.07909941673278809,
            0.1086266040802002,
            0.5838356018066406,
            0.08246898651123047,
            0.10725545883178711,
            0.1070103645324707,
            0.6055912971496582,
            0.08024382591247559,
            0.11126112937927246,
            0.10474801063537598,
            0.6205809116363525,
            0.08147859573364258,
            0.10564136505126953,
            0.10999393463134766,
            0.6317663192749023,
            0.08609557151794434,
            0.12026262283325195,
            0.11995697021484375,
            0.6039547920227051,
            0.0884103775024414,
            0.08966994285583496,
            0.1268148422241211,
            0.5218729972839355,
            0.0853569507598877,
            0.1190187931060791,
            0.11772441864013672,
            0.6297588348388672,
            0.07961416244506836,
            0.1172335147857666,
            0.11542415618896484,
            0.4762756824493408,
            0.08451104164123535,
            0.1219782829284668,
            0.11445975303649902,
            0.6334640979766846,
            0.0799562931060791,
            0.1241142749786377,
            0.11429905891418457,
            0.6237614154815674,
            0.08176136016845703,
            0.08687305450439453,
            0.11270689964294434,
            0.6451294422149658,
            0.0734405517578125,
            0.11036419868469238,
            0.11802482604980469,
            0.5345025062561035,
            0.08996748924255371,
            0.1204226016998291,
            0.1200718879699707,
            0.48402929306030273,
            0.08714962005615234,
            0.10953283309936523,
            0.12263274192810059,
            0.5462167263031006,
            0.08519816398620605,
            0.12203168869018555,
            0.11968517303466797,
            0.6243374347686768,
            0.09288382530212402
        ],
        "fit_computation_times": [
            0.30924034118652344,
            0.32024669647216797,
            0.3039124011993408,
            0.28218984603881836,
            0.3030872344970703,
            0.30843377113342285,
            0.311352014541626,
            0.3021225929260254
        ]
    },
    "elapsed": 38.693660497665405
}