{
    "tensor_name": "enron",
    "sampler": "larsen_kolda_hybrid",
    "R": 75,
    "J": 1114112,
    "trial": 1,
    "preprocessing": "log_count",
    "initialization": "rrf",
    "max_iterations": 40,
    "stop_tolerance": 0.0001,
    "tensor_order": 4,
    "trace": {
        "iterations": [
            0,
            5,
            10,
            15,
            20,
            25,
            30,
            35,
            40
        ],
        "fits": [
            -15862023354755.182,
            0.12801492326882702,
            0.1309322021021444,
            0.13280948090375921,
            0.13309480764897952,
            0.1341577526966975,
            0.13379141173194853,
            0.13403232093123052,
            0.13348856263887776
        ],
        "update_times": [
            0.31665849685668945,
            0.3214085102081299,
            0.7541091442108154,
            0.3024485111236572,
            0.3028371334075928,
            0.33136940002441406,
            1.2063148021697998,
            0.31946468353271484,
            0.3308711051940918,
            0.3350687026977539,
            1.4633939266204834,
            0.32172632217407227,
            0.32290029525756836,
            0.3325815200805664,
            1.5339932441711426,
            0.308840274810791,
            0.32534313201904297,
            0.33771443367004395,
            1.2241935729980469,
            0.3151397705078125,
            0.32074737548828125,
            0.35422492027282715,
            1.427124261856079,
            0.33199381828308105,
            0.33862948417663574,
            0.36427807807922363,
            1.4561047554016113,
            0.33664798736572266,
            0.3133258819580078,
            0.3336615562438965,
            1.2438700199127197,
            0.31194114685058594,
            0.33058857917785645,
            0.35922789573669434,
            1.3552043437957764,
            0.3264806270599365,
            0.31803464889526367,
            0.35073089599609375,
            1.505169153213501,
            0.31560659408569336,
            0.33145713806152344,
            0.3449747562408447,
            1.3125934600830078,
            0.3201773166656494,
            0.35519862174987793,
            0.35132622718811035,
            1.5494704246520996,
            0.32836198806762695,
            0.3374752998352051,
            0.32860374450683594,
            1.314061164855957,
            0.29339146614074707,
            0.31368541717529297,
            0.3445761203765869,
            1.347029447555542,
            0.32008838653564453,
            0.33265066146850586,
            0.3377683162689209,
            1.432823896408081,
            0.31730127334594727,
            0.3301992416381836,
            0.34493064880371094,
            1.2992045879364014,
            0.3241617679595947,
            0.31594228744506836,
            0.3402564525604248,
            1.2390594482421875,
            0.31620121002197266,
            0.29950785636901855,
            0.32859349250793457,
            1.3778045177459717,
            0.2925608158111572,
            0.3017005920410156,
            0.33541369438171387,
            1.720421314239502,
            0.30969667434692383,
            0.32550954818725586,
            0.34319257736206055,
            1.3897838592529297,
            0.30594587326049805,
            0.31278347969055176,
            0.3231809139251709,
            1.2338416576385498,
            0.3160130977630615,
            0.3404362201690674,
            0.3294370174407959,
            1.4716920852661133,
            0.3110501766204834,
            0.32408571243286133,
            0.361954927444458,
            1.2778971195220947,
            0.2974221706390381,
            0.3095228672027588,
            0.35134029388427734,
            1.242720365524292,
            0.2954745292663574,
            0.30443644523620605,
            0.3301882743835449,
            1.4371280670166016,
            0.2884643077850342,
            0.3134796619415283,
            0.3306574821472168,
            1.3933110237121582,
            0.2905759811401367,
            0.31040096282958984,
            0.3213832378387451,
            1.2652945518493652,
            0.306593656539917,
            0.302248477935791,
            0.3279581069946289,
            1.3404099941253662,
            0.29938793182373047,
            0.3070080280303955,
            0.32289576530456543,
            1.3875668048858643,
            0.3134615421295166,
            0.318239688873291,
            0.3653602600097656,
            1.1792659759521484,
            0.31644463539123535,
            0.3229546546936035,
            0.3218505382537842,
            1.365788221359253,
            0.31336283683776855,
            0.3206188678741455,
            0.33692431449890137,
            1.3543779850006104,
            0.3210878372192383,
            0.31765103340148926,
            0.32696533203125,
            1.4950201511383057,
            0.3000359535217285,
            0.31295061111450195,
            0.3245372772216797,
            1.456024169921875,
            0.3021690845489502,
            0.3098773956298828,
            0.3371727466583252,
            1.5149283409118652,
            0.3128650188446045,
            0.3252408504486084,
            0.35748744010925293,
            1.5019705295562744,
            0.30706334114074707,
            0.33671045303344727,
            0.3584566116333008,
            1.4197208881378174,
            0.3342602252960205,
            0.36300134658813477,
            0.35120534896850586,
            1.3974401950836182,
            0.30742931365966797,
            0.33425378799438477,
            0.3436617851257324,
            1.6833300590515137,
            0.3270144462585449,
            0.319735050201416,
            0.3345916271209717,
            1.6199426651000977,
            0.2931528091430664
        ],
        "fit_computation_times": [
            0.5544393062591553,
            0.5202381610870361,
            0.5823771953582764,
            0.5126409530639648,
            0.5193905830383301,
            0.4982917308807373,
            0.5449268817901611,
            0.5164124965667725
        ]
    },
    "elapsed": 98.95378828048706
}