{
    "tensor_name": "enron",
    "sampler": "efficient",
    "R": 50,
    "J": 655360,
    "trial": 3,
    "preprocessing": "log_count",
    "initialization": "rrf",
    "max_iterations": 40,
    "stop_tolerance": 0.0001,
    "tensor_order": 4,
    "trace": {
        "iterations": [
            0,
            5,
            10,
            15,
            20,
            25,
            30,
            35,
            40
        ],
        "fits": [
            -14010549901960.303,
            0.12000413063105386,
            0.1224857908102045,
            0.12327565803549023,
            0.12362958412895053,
            0.12388329667324693,
            0.12406134138815905,
            0.12419037450074655,
            0.12430245929311079
        ],
        "update_times": [
            0.8101873397827148,
            0.8218004703521729,
            1.1094801425933838,
            0.8575167655944824,
            0.8653140068054199,
            0.9046018123626709,
            1.3088529109954834,
            0.9238541126251221,
            0.9204027652740479,
            0.9699535369873047,
            1.4207186698913574,
            0.9653546810150146,
            0.9723258018493652,
            0.9949681758880615,
            1.4374563694000244,
            0.9866375923156738,
            1.0039341449737549,
            0.950308084487915,
            1.4460639953613281,
            0.983281135559082,
            0.9430491924285889,
            0.9671471118927002,
            1.4879589080810547,
            0.9485540390014648,
            0.9634501934051514,
            0.9924733638763428,
            1.4388155937194824,
            1.1083600521087646,
            1.0624394416809082,
            0.967949390411377,
            1.4369192123413086,
            1.0690698623657227,
            0.924370527267456,
            0.9557793140411377,
            1.1866481304168701,
            0.9190597534179688,
            0.9240477085113525,
            1.0138216018676758,
            1.5088417530059814,
            1.2175207138061523,
            0.8715379238128662,
            0.9506824016571045,
            1.3238604068756104,
            1.0042502880096436,
            0.9002959728240967,
            0.9405558109283447,
            1.389150857925415,
            0.9596085548400879,
            0.9615199565887451,
            1.0328283309936523,
            1.3738915920257568,
            0.9693470001220703,
            0.9871232509613037,
            0.9731631278991699,
            1.3731670379638672,
            0.9595980644226074,
            0.9729099273681641,
            0.9454488754272461,
            1.3480098247528076,
            0.9128437042236328,
            0.9056215286254883,
            0.9647791385650635,
            1.3478364944458008,
            0.9540948867797852,
            0.9822132587432861,
            0.9178714752197266,
            1.3400375843048096,
            0.9383881092071533,
            0.9834103584289551,
            0.9088306427001953,
            1.5407357215881348,
            0.9297788143157959,
            0.9732444286346436,
            0.993067741394043,
            1.4474248886108398,
            1.0691883563995361,
            1.0227901935577393,
            1.015542984008789,
            1.6022307872772217,
            0.9030635356903076,
            0.8850431442260742,
            0.93141770362854,
            1.147350549697876,
            0.9047620296478271,
            0.9107325077056885,
            0.9038176536560059,
            1.2025840282440186,
            0.8752009868621826,
            0.8861205577850342,
            0.897660493850708,
            1.4649286270141602,
            0.974860429763794,
            0.980841875076294,
            0.9909782409667969,
            1.9917993545532227,
            1.0855076313018799,
            1.1512484550476074,
            1.0137217044830322,
            1.4343152046203613,
            0.9093973636627197,
            0.9140522480010986,
            0.9317858219146729,
            1.2422492504119873,
            0.9426441192626953,
            1.3508610725402832,
            1.0107836723327637,
            1.4799275398254395,
            1.101897954940796,
            1.0069713592529297,
            0.9501981735229492,
            1.2292375564575195,
            0.9445288181304932,
            0.9475035667419434,
            0.9634139537811279,
            1.3119525909423828,
            0.9118738174438477,
            0.933330774307251,
            0.9018239974975586,
            1.1825978755950928,
            0.9934051036834717,
            0.9817512035369873,
            1.02290678024292,
            1.2261085510253906,
            1.0033130645751953,
            0.9966776371002197,
            1.0172719955444336,
            1.2809216976165771,
            0.9890182018280029,
            0.9959828853607178,
            0.9729819297790527,
            1.2480993270874023,
            1.0540940761566162,
            1.0186409950256348,
            1.0353822708129883,
            1.3678569793701172,
            1.0266613960266113,
            1.0251009464263916,
            1.0394129753112793,
            1.4084868431091309,
            0.9989769458770752,
            0.9321279525756836,
            0.9633224010467529,
            1.3737990856170654,
            0.9951038360595703,
            1.1148359775543213,
            1.0110011100769043,
            1.454197645187378,
            0.9546782970428467,
            0.9503786563873291,
            0.9496352672576904,
            1.3164503574371338,
            0.9834573268890381,
            0.9842147827148438,
            0.9845411777496338,
            1.312495231628418,
            0.986771821975708,
            0.9592669010162354,
            0.9432306289672852,
            1.3065354824066162,
            1.001420259475708
        ],
        "fit_computation_times": [
            0.09972000122070312,
            0.10567545890808105,
            0.10708832740783691,
            0.10736489295959473,
            0.10129213333129883,
            0.10112452507019043,
            0.1084904670715332,
            0.10571527481079102
        ]
    },
    "elapsed": 172.5221495628357
}