{
    "tensor_name": "enron",
    "sampler": "larsen_kolda_hybrid",
    "R": 50,
    "J": 98304,
    "trial": 3,
    "preprocessing": "log_count",
    "initialization": "rrf",
    "max_iterations": 40,
    "stop_tolerance": 0.0001,
    "tensor_order": 4,
    "trace": {
        "iterations": [
            0,
            5,
            10,
            15,
            20,
            25,
            30
        ],
        "fits": [
            -12823566946778.717,
            0.09320938066878282,
            0.09253536474237722,
            0.10082536547367127,
            0.09985867686768524,
            0.09619395233078931,
            0.0992889803889836
        ],
        "update_times": [
            0.04461669921875,
            0.06546258926391602,
            0.12790775299072266,
            0.0399935245513916,
            0.04733753204345703,
            0.06172347068786621,
            0.14482975006103516,
            0.03531002998352051,
            0.04495525360107422,
            0.06696367263793945,
            0.2068920135498047,
            0.03455781936645508,
            0.04462075233459473,
            0.043076515197753906,
            0.22427034378051758,
            0.0313718318939209,
            0.04260611534118652,
            0.038504600524902344,
            0.17109894752502441,
            0.029518604278564453,
            0.030467510223388672,
            0.04703044891357422,
            0.23491358757019043,
            0.03128218650817871,
            0.05864095687866211,
            0.03857302665710449,
            0.1649465560913086,
            0.03180837631225586,
            0.035930633544921875,
            0.0492863655090332,
            0.20897698402404785,
            0.031064271926879883,
            0.04517626762390137,
            0.05111074447631836,
            0.22005009651184082,
            0.03326821327209473,
            0.04913735389709473,
            0.04680037498474121,
            0.24568486213684082,
            0.03163766860961914,
            0.04837203025817871,
            0.055281877517700195,
            0.22380661964416504,
            0.03094005584716797,
            0.0417635440826416,
            0.04238080978393555,
            0.18573880195617676,
            0.03038477897644043,
            0.04265332221984863,
            0.04868006706237793,
            0.21286654472351074,
            0.031270503997802734,
            0.04070639610290527,
            0.047842979431152344,
            0.1960611343383789,
            0.03222036361694336,
            0.04838967323303223,
            0.04866170883178711,
            0.23019766807556152,
            0.03152894973754883,
            0.026976346969604492,
            0.04682421684265137,
            0.22271347045898438,
            0.029400348663330078,
            0.0432736873626709,
            0.05344057083129883,
            0.23856329917907715,
            0.031163930892944336,
            0.04980015754699707,
            0.06350135803222656,
            0.25215888023376465,
            0.03990316390991211,
            0.04794192314147949,
            0.06327939033508301,
            0.16601347923278809,
            0.033708810806274414,
            0.04250645637512207,
            0.0400547981262207,
            0.21351385116577148,
            0.032219886779785156,
            0.0335087776184082,
            0.041439056396484375,
            0.19402146339416504,
            0.03188276290893555,
            0.0373377799987793,
            0.03667569160461426,
            0.20346856117248535,
            0.03239631652832031,
            0.03427457809448242,
            0.039676666259765625,
            0.2012171745300293,
            0.035086631774902344,
            0.041046857833862305,
            0.048981666564941406,
            0.25517916679382324,
            0.029670000076293945,
            0.039980411529541016,
            0.043988704681396484,
            0.24368548393249512,
            0.028253793716430664,
            0.02932906150817871,
            0.03708148002624512,
            0.21964168548583984,
            0.029304027557373047,
            0.04117155075073242,
            0.050968170166015625,
            0.23563790321350098,
            0.028887033462524414,
            0.042540550231933594,
            0.0600125789642334,
            0.19223761558532715,
            0.029636859893798828,
            0.04653525352478027,
            0.043351173400878906,
            0.196915864944458,
            0.030452728271484375,
            0.04825401306152344,
            0.04319405555725098,
            0.20724797248840332,
            0.03039693832397461
        ],
        "fit_computation_times": [
            0.31433534622192383,
            0.3297567367553711,
            0.35207104682922363,
            0.31021809577941895,
            0.3244462013244629,
            0.33520007133483887
        ]
    },
    "elapsed": 12.24419355392456
}