{
    "tensor_name": "enron",
    "sampler": "larsen_kolda_hybrid",
    "R": 75,
    "J": 98304,
    "trial": 3,
    "preprocessing": "log_count",
    "initialization": "rrf",
    "max_iterations": 40,
    "stop_tolerance": 0.0001,
    "tensor_order": 4,
    "trace": {
        "iterations": [
            0,
            5,
            10,
            15,
            20,
            25,
            30,
            35,
            40
        ],
        "fits": [
            -15444778485477.293,
            0.09154405823599288,
            0.09423244663299957,
            0.08667420643816004,
            0.0966501814223758,
            0.09766055758117087,
            0.09970668484020828,
            0.09607635851391427,
            0.10017507464340258
        ],
        "update_times": [
            0.04466438293457031,
            0.051201820373535156,
            0.1373593807220459,
            0.040412187576293945,
            0.05941367149353027,
            0.054895639419555664,
            0.2753868103027344,
            0.03930020332336426,
            0.05082964897155762,
            0.05069923400878906,
            0.2679893970489502,
            0.036461830139160156,
            0.049455881118774414,
            0.04994559288024902,
            0.2216932773590088,
            0.03575563430786133,
            0.0508270263671875,
            0.0499117374420166,
            0.26578640937805176,
            0.04277372360229492,
            0.04323887825012207,
            0.05765032768249512,
            0.2786104679107666,
            0.03700518608093262,
            0.06490492820739746,
            0.06201934814453125,
            0.2780585289001465,
            0.0394597053527832,
            0.062337398529052734,
            0.06850433349609375,
            0.22475671768188477,
            0.036565303802490234,
            0.05504274368286133,
            0.05439615249633789,
            0.2511725425720215,
            0.03631401062011719,
            0.05618596076965332,
            0.052892446517944336,
            0.25664567947387695,
            0.03713083267211914,
            0.03806614875793457,
            0.05188798904418945,
            0.26664209365844727,
            0.042397260665893555,
            0.0561220645904541,
            0.05469942092895508,
            0.26692771911621094,
            0.03915691375732422,
            0.049208641052246094,
            0.0575103759765625,
            0.20831060409545898,
            0.040392160415649414,
            0.0488889217376709,
            0.055669546127319336,
            0.22177982330322266,
            0.04080462455749512,
            0.04844069480895996,
            0.05848336219787598,
            0.27901506423950195,
            0.03962516784667969,
            0.04266977310180664,
            0.05442380905151367,
            0.24166464805603027,
            0.04091787338256836,
            0.051911354064941406,
            0.05308055877685547,
            0.2232074737548828,
            0.03589129447937012,
            0.05295538902282715,
            0.05372428894042969,
            0.2224712371826172,
            0.03629612922668457,
            0.05641674995422363,
            0.06280040740966797,
            0.2079324722290039,
            0.03771376609802246,
            0.05195474624633789,
            0.05464649200439453,
            0.25048828125,
            0.04142475128173828,
            0.03915715217590332,
            0.05612540245056152,
            0.24045062065124512,
            0.04435420036315918,
            0.05605506896972656,
            0.06585359573364258,
            0.27130651473999023,
            0.03857707977294922,
            0.05214118957519531,
            0.05284762382507324,
            0.23169279098510742,
            0.03789639472961426,
            0.054705142974853516,
            0.05363965034484863,
            0.27835917472839355,
            0.03713202476501465,
            0.05336713790893555,
            0.053679466247558594,
            0.2611081600189209,
            0.035951852798461914,
            0.037668704986572266,
            0.05613541603088379,
            0.2598404884338379,
            0.04500079154968262,
            0.060776710510253906,
            0.05304121971130371,
            0.24481987953186035,
            0.04141354560852051,
            0.053640127182006836,
            0.05462145805358887,
            0.2567098140716553,
            0.036985158920288086,
            0.05946612358093262,
            0.054961442947387695,
            0.21112298965454102,
            0.040984153747558594,
            0.05686593055725098,
            0.05956220626831055,
            0.2713499069213867,
            0.03943133354187012,
            0.04071187973022461,
            0.05336618423461914,
            0.2365713119506836,
            0.04201483726501465,
            0.05509805679321289,
            0.054315805435180664,
            0.2371811866760254,
            0.03876185417175293,
            0.05162954330444336,
            0.05236315727233887,
            0.22937870025634766,
            0.048531532287597656,
            0.05927467346191406,
            0.05800032615661621,
            0.2579467296600342,
            0.04037165641784668,
            0.0571444034576416,
            0.059060096740722656,
            0.2410111427307129,
            0.03959918022155762,
            0.03827381134033203,
            0.05228877067565918,
            0.22203755378723145,
            0.03903770446777344,
            0.04724287986755371,
            0.04916524887084961,
            0.23569965362548828,
            0.037160396575927734,
            0.051980018615722656,
            0.0529170036315918,
            0.23285984992980957,
            0.03656339645385742,
            0.04697012901306152,
            0.05474066734313965,
            0.2525036334991455,
            0.039963483810424805,
            0.05563998222351074,
            0.04975557327270508,
            0.22452282905578613,
            0.040358543395996094
        ],
        "fit_computation_times": [
            0.5738732814788818,
            0.5875298976898193,
            0.590097188949585,
            0.5809614658355713,
            0.5801916122436523,
            0.6047406196594238,
            0.5876777172088623,
            0.5863187313079834
        ]
    },
    "elapsed": 20.934152603149414
}