{
    "tensor_name": "enron",
    "sampler": "efficient",
    "R": 125,
    "J": 983040,
    "trial": 3,
    "preprocessing": "log_count",
    "initialization": "rrf",
    "max_iterations": 40,
    "stop_tolerance": 0.0001,
    "tensor_order": 4,
    "trace": {
        "iterations": [
            0,
            5,
            10,
            15,
            20,
            25,
            30,
            35,
            40
        ],
        "fits": [
            -20077125543025.043,
            0.17313249440527467,
            0.17942915529153114,
            0.18196024450396797,
            0.18286595459576227,
            0.18343192420735555,
            0.18382722432326482,
            0.18412399943065827,
            0.18436681015692358
        ],
        "update_times": [
            5.963023900985718,
            6.010074138641357,
            5.386643409729004,
            6.5712127685546875,
            5.846016883850098,
            6.0256993770599365,
            5.826916217803955,
            7.147172212600708,
            6.563797950744629,
            6.689406156539917,
            6.141401767730713,
            7.129961729049683,
            6.059051990509033,
            6.257311820983887,
            5.750210523605347,
            7.555895090103149,
            6.240191698074341,
            6.223694801330566,
            5.7717039585113525,
            6.810076713562012,
            6.2245306968688965,
            6.9137396812438965,
            5.74618673324585,
            7.093893527984619,
            6.108330726623535,
            6.310624122619629,
            5.980610132217407,
            7.07077169418335,
            6.107823848724365,
            6.2481842041015625,
            5.717297315597534,
            7.20288610458374,
            6.0653767585754395,
            6.284345626831055,
            5.857587575912476,
            7.593820095062256,
            6.544774770736694,
            6.618360757827759,
            5.690471172332764,
            7.216590166091919,
            7.049070119857788,
            6.20745587348938,
            5.675994157791138,
            7.57210898399353,
            6.167373180389404,
            6.437771797180176,
            5.904731035232544,
            7.139573812484741,
            6.061650991439819,
            5.946419954299927,
            5.959510087966919,
            7.235507488250732,
            6.036154747009277,
            6.335435628890991,
            5.726534128189087,
            7.199577808380127,
            6.100821256637573,
            6.822064638137817,
            5.946683883666992,
            7.258209705352783,
            6.056440591812134,
            6.182322025299072,
            5.936956882476807,
            7.089106559753418,
            6.116220235824585,
            6.221813678741455,
            5.935911178588867,
            7.121009588241577,
            6.057481527328491,
            6.163381814956665,
            5.593286752700806,
            7.229436635971069,
            6.285052299499512,
            6.040633201599121,
            5.857302904129028,
            7.074869155883789,
            5.961781740188599,
            6.325617551803589,
            5.852218389511108,
            7.089487552642822,
            6.046692132949829,
            6.097774028778076,
            5.803526878356934,
            7.0421247482299805,
            5.937084197998047,
            6.0734171867370605,
            5.834629535675049,
            7.304910659790039,
            5.911379814147949,
            5.934651136398315,
            5.914407730102539,
            7.064213514328003,
            5.944777727127075,
            6.6555492877960205,
            6.637153625488281,
            7.106323003768921,
            6.130419731140137,
            6.364415645599365,
            5.90290379524231,
            7.216121435165405,
            6.494946002960205,
            6.38425874710083,
            6.160834312438965,
            7.728111267089844,
            6.063015699386597,
            6.275303840637207,
            5.976649045944214,
            7.194544315338135,
            6.043552875518799,
            6.124597072601318,
            6.311562776565552,
            7.277506589889526,
            6.1315507888793945,
            6.145344495773315,
            5.879498481750488,
            7.1035096645355225,
            6.016117811203003,
            6.097270488739014,
            5.80613374710083,
            7.114962339401245,
            5.980428695678711,
            6.2741029262542725,
            5.8346335887908936,
            7.165077209472656,
            6.112656116485596,
            6.205749988555908,
            6.104873418807983,
            7.356305122375488,
            6.066231966018677,
            6.178859710693359,
            5.759873628616333,
            7.034802198410034,
            6.127340078353882,
            6.120529413223267,
            5.859482765197754,
            7.140471696853638,
            6.12884521484375,
            6.104659557342529,
            5.7528650760650635,
            7.14562463760376,
            6.102056264877319,
            6.11283016204834,
            5.834634780883789,
            7.139375925064087,
            6.222538471221924,
            6.162788152694702,
            5.689999103546143,
            7.0484607219696045,
            5.988176345825195,
            6.0669779777526855,
            5.935357332229614,
            8.021193981170654,
            6.62704610824585,
            6.545112133026123,
            5.874796628952026,
            7.1489481925964355,
            6.04823637008667,
            6.054374694824219,
            5.692077159881592,
            7.055547714233398
        ],
        "fit_computation_times": [
            0.7791116237640381,
            0.7873342037200928,
            0.8146193027496338,
            0.7790160179138184,
            0.7602856159210205,
            0.834618091583252,
            0.8029453754425049,
            0.7911345958709717
        ]
    },
    "elapsed": 1025.7476613521576
}