{
    "tensor_name": "enron",
    "sampler": "efficient",
    "R": 75,
    "J": 655360,
    "trial": 0,
    "preprocessing": "log_count",
    "initialization": "rrf",
    "max_iterations": 40,
    "stop_tolerance": 0.0001,
    "tensor_order": 4,
    "trace": {
        "iterations": [
            0,
            5,
            10,
            15,
            20,
            25,
            30,
            35,
            40
        ],
        "fits": [
            -15479324684204.543,
            0.14345562186090244,
            0.14976406637813466,
            0.15066513561822648,
            0.15107917646535207,
            0.15131806557370164,
            0.1515065307415131,
            0.15168522177749333,
            0.15180213419377075
        ],
        "update_times": [
            1.7565350532531738,
            1.7890503406524658,
            2.1193811893463135,
            1.968810796737671,
            2.01910400390625,
            2.1451451778411865,
            2.367413282394409,
            2.0077638626098633,
            1.7911171913146973,
            2.129331111907959,
            2.3620495796203613,
            2.150797128677368,
            1.8603901863098145,
            2.2434816360473633,
            2.6887047290802,
            2.261618137359619,
            1.888105869293213,
            2.0872714519500732,
            2.290375232696533,
            2.060999870300293,
            1.8228135108947754,
            1.979433298110962,
            2.3675167560577393,
            2.1045167446136475,
            1.7761051654815674,
            1.965416669845581,
            2.4023656845092773,
            2.1411819458007812,
            1.823225736618042,
            1.9754066467285156,
            2.2016255855560303,
            2.113675117492676,
            1.814791202545166,
            2.0254719257354736,
            2.318347215652466,
            2.179884433746338,
            1.9305524826049805,
            2.2012879848480225,
            2.633650541305542,
            2.204798936843872,
            1.9728102684020996,
            2.0089023113250732,
            2.5401194095611572,
            2.2134506702423096,
            1.9486656188964844,
            2.018925189971924,
            2.5452983379364014,
            2.228548526763916,
            1.8958592414855957,
            2.151665449142456,
            2.4164090156555176,
            2.1357533931732178,
            1.9057657718658447,
            2.0475974082946777,
            2.2227466106414795,
            2.1065547466278076,
            1.8637545108795166,
            1.9848220348358154,
            2.2142298221588135,
            2.1790592670440674,
            2.0054845809936523,
            2.0635972023010254,
            2.5233395099639893,
            2.2783942222595215,
            1.7859797477722168,
            1.9896728992462158,
            2.2652525901794434,
            2.140901565551758,
            1.8437306880950928,
            2.0012803077697754,
            2.547910451889038,
            2.263209819793701,
            1.948441505432129,
            2.0643768310546875,
            2.6070947647094727,
            2.25036883354187,
            1.8324787616729736,
            2.003232717514038,
            2.3845999240875244,
            2.144483804702759,
            1.805102825164795,
            1.9748127460479736,
            2.300830602645874,
            2.1676723957061768,
            1.8548948764801025,
            1.9868659973144531,
            2.2850160598754883,
            2.137596845626831,
            1.85215163230896,
            2.0427193641662598,
            2.3520240783691406,
            2.1645913124084473,
            1.8501856327056885,
            2.101755380630493,
            2.4739105701446533,
            2.223362922668457,
            1.836031436920166,
            2.032470941543579,
            2.270036220550537,
            2.1825785636901855,
            1.8235201835632324,
            2.0369999408721924,
            2.6032252311706543,
            2.3792548179626465,
            1.822875738143921,
            1.9457364082336426,
            2.2006969451904297,
            2.217953681945801,
            1.862544298171997,
            2.0099849700927734,
            2.4525294303894043,
            2.264782667160034,
            1.997910737991333,
            2.090968370437622,
            2.3834939002990723,
            2.2201144695281982,
            1.8869743347167969,
            2.0186429023742676,
            2.5194246768951416,
            2.212045669555664,
            2.0671238899230957,
            2.045994758605957,
            2.4342122077941895,
            2.118074655532837,
            1.8695366382598877,
            1.9417884349822998,
            2.42336106300354,
            2.122387170791626,
            1.8840060234069824,
            2.1830193996429443,
            2.61010479927063,
            2.206387996673584,
            1.9947447776794434,
            2.013935089111328,
            2.2052419185638428,
            2.199902057647705,
            1.8826870918273926,
            2.0283966064453125,
            2.2227487564086914,
            2.19781231880188,
            1.8085176944732666,
            2.0207600593566895,
            2.4831628799438477,
            2.1679065227508545,
            2.042419910430908,
            2.1442253589630127,
            2.451697587966919,
            2.3112008571624756,
            1.9423587322235107,
            2.0377085208892822,
            2.4681503772735596,
            2.1528713703155518,
            1.8116471767425537,
            1.9926486015319824,
            2.3635027408599854,
            2.1257824897766113,
            1.8297061920166016,
            1.907243251800537,
            2.5021114349365234,
            2.196532726287842
        ],
        "fit_computation_times": [
            0.5751335620880127,
            0.5699074268341064,
            0.5741162300109863,
            0.5634169578552246,
            0.5326809883117676,
            0.5841999053955078,
            0.5655901432037354,
            0.5614356994628906
        ]
    },
    "elapsed": 344.88028502464294
}