{
    "tensor_name": "enron",
    "sampler": "efficient",
    "R": 100,
    "J": 163840,
    "trial": 1,
    "preprocessing": "log_count",
    "initialization": "rrf",
    "max_iterations": 40,
    "stop_tolerance": 0.0001,
    "tensor_order": 4,
    "trace": {
        "iterations": [
            0,
            5,
            10,
            15,
            20,
            25,
            30,
            35,
            40
        ],
        "fits": [
            -17226010196101.035,
            0.16059647904043783,
            0.1648983106214511,
            0.16637352638293268,
            0.16694829405021838,
            0.16740383898837252,
            0.16765338726944512,
            0.16780498921314757,
            0.16789916539160588
        ],
        "update_times": [
            0.7041127681732178,
            0.6665022373199463,
            1.0564043521881104,
            0.6704905033111572,
            0.6936821937561035,
            0.7728283405303955,
            1.4673981666564941,
            0.7471609115600586,
            0.7024016380310059,
            0.875845193862915,
            1.46051025390625,
            0.7958993911743164,
            0.70220947265625,
            0.8123073577880859,
            1.699974775314331,
            0.8081941604614258,
            0.6903626918792725,
            0.8210883140563965,
            1.6828343868255615,
            0.8042232990264893,
            0.7083373069763184,
            0.8569939136505127,
            1.6731281280517578,
            0.7873437404632568,
            0.7114367485046387,
            0.8187339305877686,
            1.4985833168029785,
            0.8204941749572754,
            0.7207512855529785,
            0.8671951293945312,
            1.6233582496643066,
            0.7888247966766357,
            0.712688684463501,
            0.8556742668151855,
            1.694185733795166,
            0.7926516532897949,
            0.7052280902862549,
            0.780487060546875,
            1.7376623153686523,
            0.8175125122070312,
            0.6428148746490479,
            0.8416917324066162,
            1.6178979873657227,
            0.8042857646942139,
            0.6986396312713623,
            0.730461835861206,
            1.498143196105957,
            0.7780771255493164,
            0.6856718063354492,
            0.8108992576599121,
            1.5281422138214111,
            0.7978949546813965,
            0.7162632942199707,
            0.814810037612915,
            1.6710784435272217,
            0.8246111869812012,
            0.7010624408721924,
            0.8631048202514648,
            1.59718918800354,
            0.7680869102478027,
            0.6518738269805908,
            0.8278183937072754,
            1.6017136573791504,
            0.7960877418518066,
            0.6716406345367432,
            0.8239767551422119,
            1.6013474464416504,
            0.7754030227661133,
            0.6994667053222656,
            0.8375973701477051,
            1.567446231842041,
            0.7963054180145264,
            0.7621793746948242,
            0.8830323219299316,
            1.6202423572540283,
            0.8176181316375732,
            0.7238538265228271,
            0.8251473903656006,
            1.6651315689086914,
            0.7742154598236084,
            0.6653132438659668,
            0.8342068195343018,
            1.7153353691101074,
            0.7867655754089355,
            0.6264536380767822,
            0.8307573795318604,
            1.5047385692596436,
            0.7769746780395508,
            0.7016315460205078,
            0.8324477672576904,
            1.5665407180786133,
            0.7917304039001465,
            0.7729034423828125,
            0.8614990711212158,
            1.5440309047698975,
            0.78745436668396,
            0.8031587600708008,
            0.883289098739624,
            1.6733365058898926,
            0.824866533279419,
            0.728102445602417,
            0.8760514259338379,
            1.72127103805542,
            0.8071451187133789,
            0.6728525161743164,
            0.8468837738037109,
            1.6664907932281494,
            0.8048951625823975,
            0.7069535255432129,
            0.7182269096374512,
            1.4779558181762695,
            0.7288408279418945,
            0.7297041416168213,
            0.8476817607879639,
            1.44614839553833,
            0.7985167503356934,
            0.75020432472229,
            0.9651899337768555,
            1.5083239078521729,
            0.7838642597198486,
            0.7396528720855713,
            1.115351676940918,
            1.7040729522705078,
            0.7887070178985596,
            0.7019169330596924,
            0.8659718036651611,
            1.584183931350708,
            0.7734694480895996,
            0.6851742267608643,
            0.8504621982574463,
            1.5108890533447266,
            0.8024239540100098,
            0.7214398384094238,
            0.8746886253356934,
            1.6778252124786377,
            0.7731189727783203,
            0.692227840423584,
            0.946483850479126,
            1.6011011600494385,
            0.7939491271972656,
            0.6507797241210938,
            0.8368780612945557,
            1.593559741973877,
            0.7866451740264893,
            0.6845989227294922,
            0.8696961402893066,
            1.6093697547912598,
            0.7639298439025879,
            0.6655764579772949,
            0.8096432685852051,
            1.5755457878112793,
            0.7822897434234619,
            0.6726236343383789,
            0.8396494388580322,
            1.676443338394165,
            0.7860302925109863,
            0.741591215133667,
            1.1531133651733398,
            1.5195691585540771,
            0.7963526248931885
        ],
        "fit_computation_times": [
            0.696136474609375,
            0.7077317237854004,
            0.661020040512085,
            0.6931972503662109,
            0.7155640125274658,
            0.7036716938018799,
            0.6615090370178223,
            0.7033488750457764
        ]
    },
    "elapsed": 163.38022017478943
}