{
    "tensor_name": "enron",
    "sampler": "efficient",
    "R": 75,
    "J": 1638400,
    "trial": 0,
    "preprocessing": "log_count",
    "initialization": "rrf",
    "max_iterations": 40,
    "stop_tolerance": 0.0001,
    "tensor_order": 4,
    "trace": {
        "iterations": [
            0,
            5,
            10,
            15,
            20,
            25,
            30,
            35,
            40
        ],
        "fits": [
            -15806160275435.875,
            0.13300513565851213,
            0.13891989132138027,
            0.14048051088750624,
            0.14110268822969962,
            0.14141354369130943,
            0.1416432245890783,
            0.14180897622083255,
            0.14191086767239225
        ],
        "update_times": [
            4.802125930786133,
            4.77282190322876,
            4.750325441360474,
            5.210031747817993,
            4.826960563659668,
            4.822728395462036,
            5.011568784713745,
            5.343490362167358,
            4.953402757644653,
            4.974413633346558,
            5.208653211593628,
            5.437239408493042,
            4.937135696411133,
            4.897926330566406,
            4.771118402481079,
            5.428410530090332,
            4.862200736999512,
            5.068918466567993,
            4.933598518371582,
            5.42788290977478,
            5.044937372207642,
            5.0896406173706055,
            5.156096935272217,
            5.668612480163574,
            5.036595106124878,
            5.1308019161224365,
            5.445580005645752,
            5.905295372009277,
            4.854375839233398,
            5.039158582687378,
            5.022157669067383,
            5.578749895095825,
            4.919064521789551,
            5.00850510597229,
            5.0057525634765625,
            5.5706000328063965,
            5.178043365478516,
            5.277866363525391,
            4.966154336929321,
            5.769169807434082,
            5.748350381851196,
            5.421767473220825,
            5.287077903747559,
            5.556265115737915,
            4.956095457077026,
            5.096866607666016,
            4.928524017333984,
            5.521256685256958,
            5.137502431869507,
            5.160006284713745,
            4.8148884773254395,
            5.828466176986694,
            5.216227054595947,
            5.157077312469482,
            4.89506196975708,
            5.607954025268555,
            5.146313428878784,
            5.023850202560425,
            5.122625350952148,
            5.543234825134277,
            4.9955360889434814,
            5.056268692016602,
            5.457691669464111,
            5.661985874176025,
            5.017824649810791,
            5.510254859924316,
            4.966201066970825,
            5.722334861755371,
            5.2625555992126465,
            5.379668474197388,
            4.9416656494140625,
            5.4897356033325195,
            5.235462188720703,
            5.208948612213135,
            5.699268817901611,
            5.4478373527526855,
            4.984314680099487,
            5.181299924850464,
            5.140577793121338,
            5.511863470077515,
            5.046092510223389,
            5.005436897277832,
            4.87936806678772,
            5.6022422313690186,
            5.801534652709961,
            5.8687355518341064,
            5.762920618057251,
            6.3141868114471436,
            6.02633261680603,
            5.919512033462524,
            4.979212045669556,
            5.9283764362335205,
            5.210548162460327,
            5.086193323135376,
            5.0268237590789795,
            5.418854236602783,
            5.109296083450317,
            5.173705816268921,
            5.091377019882202,
            5.909843683242798,
            5.426630973815918,
            5.1110429763793945,
            5.230004787445068,
            5.598785161972046,
            5.104336738586426,
            5.7243616580963135,
            5.140284776687622,
            6.2678000926971436,
            5.916576862335205,
            5.19038724899292,
            5.358603477478027,
            5.685378074645996,
            5.293841123580933,
            5.3601531982421875,
            5.271918296813965,
            5.7665135860443115,
            4.95697808265686,
            5.066343069076538,
            5.595173358917236,
            5.4998414516448975,
            5.215320348739624,
            5.260471343994141,
            5.184685230255127,
            5.695192813873291,
            5.207786798477173,
            5.208439588546753,
            5.239621162414551,
            5.620631217956543,
            5.505486726760864,
            4.9873833656311035,
            5.149033784866333,
            5.5224199295043945,
            5.217307090759277,
            5.212594270706177,
            5.173431634902954,
            5.772603988647461,
            5.094147205352783,
            4.934073209762573,
            5.289891004562378,
            5.420574188232422,
            5.010912895202637,
            5.2018678188323975,
            5.025543689727783,
            5.41766357421875,
            5.191665887832642,
            5.294877767562866,
            4.945057392120361,
            5.782459259033203,
            5.185208559036255,
            5.283153295516968,
            4.943788766860962,
            6.132749795913696,
            4.96994948387146,
            5.153820037841797,
            5.282565355300903,
            5.514209032058716,
            5.11484694480896,
            5.548713207244873,
            5.406520366668701,
            5.88122296333313
        ],
        "fit_computation_times": [
            0.554614782333374,
            0.563676118850708,
            0.5996358394622803,
            0.5484545230865479,
            0.5439512729644775,
            0.5592870712280273,
            0.5416662693023682,
            0.5442686080932617
        ]
    },
    "elapsed": 851.1147651672363
}