{
    "tensor_name": "enron",
    "sampler": "larsen_kolda_hybrid",
    "R": 25,
    "J": 1507328,
    "trial": 3,
    "preprocessing": "log_count",
    "initialization": "rrf",
    "max_iterations": 40,
    "stop_tolerance": 0.0001,
    "tensor_order": 4,
    "trace": {
        "iterations": [
            0,
            5,
            10,
            15,
            20,
            25,
            30,
            35,
            40
        ],
        "fits": [
            -8809702011103.453,
            0.084138150913182,
            0.08679240955432566,
            0.0873019490738306,
            0.08742546073194601,
            0.08752456809375098,
            0.08763023928711366,
            0.08766508794695238,
            0.08769923858616957
        ],
        "update_times": [
            0.17679309844970703,
            0.19195818901062012,
            0.541750431060791,
            0.17780351638793945,
            0.18773603439331055,
            0.22344446182250977,
            0.7711672782897949,
            0.19492268562316895,
            0.19686388969421387,
            0.23815035820007324,
            0.7343909740447998,
            0.18681621551513672,
            0.2039012908935547,
            0.23755645751953125,
            0.7778353691101074,
            0.17983460426330566,
            0.19399333000183105,
            0.22331929206848145,
            0.7553043365478516,
            0.19742608070373535,
            0.1790456771850586,
            0.22974181175231934,
            0.7110755443572998,
            0.20354819297790527,
            0.22693395614624023,
            0.24014711380004883,
            0.7013189792633057,
            0.17818522453308105,
            0.17926239967346191,
            0.2050156593322754,
            0.7020301818847656,
            0.17853045463562012,
            0.19258570671081543,
            0.2365877628326416,
            0.7484288215637207,
            0.17306280136108398,
            0.17148756980895996,
            0.2120060920715332,
            0.819859504699707,
            0.1812911033630371,
            0.17961406707763672,
            0.22878551483154297,
            0.6173257827758789,
            0.1837630271911621,
            0.18226957321166992,
            0.21442079544067383,
            0.6609394550323486,
            0.18265533447265625,
            0.18366265296936035,
            0.2395327091217041,
            0.6453540325164795,
            0.18439292907714844,
            0.18896889686584473,
            0.22023844718933105,
            0.76507568359375,
            0.1976935863494873,
            0.20702028274536133,
            0.21283602714538574,
            0.7093391418457031,
            0.17454886436462402,
            0.1789391040802002,
            0.2437756061553955,
            0.7163558006286621,
            0.17648959159851074,
            0.1943044662475586,
            0.2175137996673584,
            0.6349437236785889,
            0.17981863021850586,
            0.20073962211608887,
            0.2279953956604004,
            0.786395788192749,
            0.18955612182617188,
            0.21839332580566406,
            0.23585867881774902,
            0.7076807022094727,
            0.21161365509033203,
            0.21438145637512207,
            0.23953795433044434,
            0.7294652462005615,
            0.18378710746765137,
            0.1720876693725586,
            0.21667957305908203,
            0.7348933219909668,
            0.1989288330078125,
            0.20528936386108398,
            0.23908615112304688,
            0.7232820987701416,
            0.19908595085144043,
            0.21671104431152344,
            0.25421595573425293,
            0.7666959762573242,
            0.19086670875549316,
            0.20128870010375977,
            0.24830937385559082,
            0.7359116077423096,
            0.19765257835388184,
            0.2182140350341797,
            0.2513771057128906,
            0.7408614158630371,
            0.1816539764404297,
            0.18079185485839844,
            0.23728680610656738,
            0.7462446689605713,
            0.20185542106628418,
            0.22707009315490723,
            0.23380064964294434,
            0.8461146354675293,
            0.18226909637451172,
            0.19132137298583984,
            0.22658824920654297,
            0.6761813163757324,
            0.17258238792419434,
            0.20248007774353027,
            0.22862744331359863,
            0.7259459495544434,
            0.17157244682312012,
            0.19025468826293945,
            0.23019933700561523,
            0.771981954574585,
            0.18184113502502441,
            0.17009854316711426,
            0.221757173538208,
            0.7724809646606445,
            0.18481874465942383,
            0.20121359825134277,
            0.22133898735046387,
            0.708643913269043,
            0.18578386306762695,
            0.1864452362060547,
            0.2247917652130127,
            0.6928689479827881,
            0.1797347068786621,
            0.18855905532836914,
            0.2229747772216797,
            0.6535766124725342,
            0.17172861099243164,
            0.1882007122039795,
            0.2422032356262207,
            0.6939263343811035,
            0.181535005569458,
            0.1741952896118164,
            0.21556758880615234,
            0.6499216556549072,
            0.1731264591217041,
            0.20029115676879883,
            0.2260420322418213,
            0.6122057437896729,
            0.19396615028381348,
            0.2141716480255127,
            0.2255849838256836,
            0.6180815696716309,
            0.18700408935546875,
            0.21778440475463867,
            0.23487091064453125,
            0.7032754421234131,
            0.1794600486755371,
            0.1966416835784912,
            0.23323822021484375,
            0.7613298892974854,
            0.18798470497131348
        ],
        "fit_computation_times": [
            0.09810519218444824,
            0.09804868698120117,
            0.09434986114501953,
            0.10439562797546387,
            0.1055760383605957,
            0.09715843200683594,
            0.09583234786987305,
            0.09265851974487305
        ]
    },
    "elapsed": 53.8620867729187
}