{
    "tensor_name": "enron",
    "sampler": "larsen_kolda_hybrid",
    "R": 100,
    "J": 262144,
    "trial": 2,
    "preprocessing": "log_count",
    "initialization": "rrf",
    "max_iterations": 40,
    "stop_tolerance": 0.0001,
    "tensor_order": 4,
    "trace": {
        "iterations": [
            0,
            5,
            10,
            15,
            20
        ],
        "fits": [
            -17663071795577.734,
            0.12273566424560689,
            0.12139303482410924,
            0.11951853086027453,
            0.12239990514933408
        ],
        "update_times": [
            0.11796212196350098,
            0.11167430877685547,
            0.3036305904388428,
            0.09093713760375977,
            0.11707806587219238,
            0.11603140830993652,
            0.42406487464904785,
            0.10759520530700684,
            0.12906289100646973,
            0.13981151580810547,
            0.5287971496582031,
            0.09523844718933105,
            0.11170315742492676,
            0.11516094207763672,
            0.5718200206756592,
            0.09165573120117188,
            0.11585426330566406,
            0.11532759666442871,
            0.4711437225341797,
            0.09110617637634277,
            0.08973479270935059,
            0.11587691307067871,
            0.553213357925415,
            0.08726978302001953,
            0.1079096794128418,
            0.12027335166931152,
            0.49617719650268555,
            0.1008155345916748,
            0.13255667686462402,
            0.1272284984588623,
            0.554591178894043,
            0.10287809371948242,
            0.12232398986816406,
            0.15105032920837402,
            0.46363162994384766,
            0.09172654151916504,
            0.15073823928833008,
            0.1445770263671875,
            0.5508301258087158,
            0.09443378448486328,
            0.11660003662109375,
            0.11966562271118164,
            0.5671932697296143,
            0.10380125045776367,
            0.1180417537689209,
            0.1431732177734375,
            0.561290979385376,
            0.08649826049804688,
            0.11428475379943848,
            0.11303472518920898,
            0.47432923316955566,
            0.08911561965942383,
            0.11789774894714355,
            0.11681485176086426,
            0.4941525459289551,
            0.08850693702697754,
            0.11606717109680176,
            0.10807037353515625,
            0.43714475631713867,
            0.0930948257446289,
            0.09811782836914062,
            0.1316535472869873,
            0.46549367904663086,
            0.08941817283630371,
            0.11295056343078613,
            0.11428236961364746,
            0.4410979747772217,
            0.0880427360534668,
            0.12808895111083984,
            0.11474895477294922,
            0.4960596561431885,
            0.09650850296020508,
            0.11871504783630371,
            0.1143348217010498,
            0.4302854537963867,
            0.09151864051818848,
            0.1240227222442627,
            0.117767333984375,
            0.5273013114929199,
            0.08709192276000977
        ],
        "fit_computation_times": [
            0.7100930213928223,
            0.6827836036682129,
            0.7184872627258301,
            0.6727721691131592
        ]
    },
    "elapsed": 20.091867208480835
}