{
    "tensor_name": "enron",
    "sampler": "efficient",
    "R": 75,
    "J": 1376256,
    "trial": 2,
    "preprocessing": "log_count",
    "initialization": "rrf",
    "max_iterations": 40,
    "stop_tolerance": 0.0001,
    "tensor_order": 4,
    "trace": {
        "iterations": [
            0,
            5,
            10,
            15,
            20,
            25,
            30,
            35,
            40
        ],
        "fits": [
            -15327048227336.426,
            0.14095525013625232,
            0.1451867078564677,
            0.1464018094669337,
            0.1476288096830909,
            0.14795546560236872,
            0.14818073281065347,
            0.14837693766277293,
            0.14850227810185823
        ],
        "update_times": [
            4.321560859680176,
            4.440414905548096,
            4.217776536941528,
            4.543921232223511,
            4.8121466636657715,
            4.425905227661133,
            4.399607419967651,
            4.726943254470825,
            4.314328193664551,
            4.584919452667236,
            4.66894793510437,
            4.818147420883179,
            4.562359571456909,
            4.709747791290283,
            4.4857237339019775,
            4.569920301437378,
            4.187695503234863,
            4.636517524719238,
            4.726587295532227,
            4.753892183303833,
            4.662274122238159,
            4.504012107849121,
            4.333031177520752,
            5.022511720657349,
            4.406985759735107,
            4.846120595932007,
            4.3370044231414795,
            4.427505016326904,
            4.066669940948486,
            4.291010856628418,
            4.309057712554932,
            4.486290454864502,
            4.187943696975708,
            4.3944995403289795,
            4.433614253997803,
            4.694260358810425,
            4.099477767944336,
            4.169275760650635,
            4.299750089645386,
            4.6687493324279785,
            4.120945453643799,
            4.476317405700684,
            4.6289050579071045,
            4.588190793991089,
            4.041569948196411,
            4.228006839752197,
            4.573679685592651,
            4.827555894851685,
            4.483659267425537,
            4.527585744857788,
            4.790991544723511,
            5.3301310539245605,
            4.427995681762695,
            4.37394380569458,
            4.500324010848999,
            4.946888446807861,
            5.085922718048096,
            4.826314687728882,
            4.8126609325408936,
            5.31094765663147,
            4.416242599487305,
            4.479154586791992,
            4.905837774276733,
            5.157142162322998,
            4.641414165496826,
            4.950366258621216,
            4.809031248092651,
            5.233382225036621,
            4.468292951583862,
            5.107468843460083,
            4.926506042480469,
            5.2652552127838135,
            4.966958045959473,
            5.08358097076416,
            4.59196662902832,
            4.897657155990601,
            4.432584524154663,
            4.643495082855225,
            4.643933057785034,
            5.3468239307403564,
            4.597326993942261,
            5.092090129852295,
            5.069650888442993,
            5.429780721664429,
            4.653597354888916,
            4.842425584793091,
            4.695374488830566,
            5.165902376174927,
            4.629173278808594,
            4.694640636444092,
            4.953887224197388,
            4.863449811935425,
            4.027465581893921,
            4.207125425338745,
            4.799945592880249,
            4.852217435836792,
            4.378692626953125,
            4.580100774765015,
            4.158923625946045,
            4.429693222045898,
            4.065684080123901,
            4.194435358047485,
            4.385417461395264,
            4.510411977767944,
            4.1725969314575195,
            4.0992512702941895,
            4.4351489543914795,
            4.522151947021484,
            4.013490676879883,
            4.573656797409058,
            4.453334808349609,
            4.4400341510772705,
            4.407666206359863,
            4.577799558639526,
            4.83324933052063,
            4.755916357040405,
            4.22959566116333,
            4.1638383865356445,
            4.634670972824097,
            4.741947174072266,
            4.751115798950195,
            4.349263906478882,
            4.15708065032959,
            5.321124792098999,
            4.1444196701049805,
            4.162922143936157,
            4.920954465866089,
            4.833948850631714,
            4.093904256820679,
            4.8971874713897705,
            4.678760290145874,
            5.468407392501831,
            4.617258548736572,
            4.694086074829102,
            4.445817232131958,
            4.785832643508911,
            4.369013786315918,
            4.26326060295105,
            4.3680644035339355,
            4.609238624572754,
            4.232434511184692,
            4.263540744781494,
            4.432429552078247,
            4.421454906463623,
            4.2049291133880615,
            4.359475374221802,
            4.397695541381836,
            4.931406259536743,
            4.3914995193481445,
            4.362766981124878,
            4.022522211074829,
            4.541780233383179,
            4.06877875328064,
            4.367153882980347,
            4.065550088882446,
            4.452116012573242,
            4.386047601699829,
            4.575202941894531,
            4.9331374168396,
            5.2449188232421875
        ],
        "fit_computation_times": [
            0.5872392654418945,
            0.5837380886077881,
            0.600935697555542,
            0.5909061431884766,
            0.5795683860778809,
            0.602062463760376,
            0.5836000442504883,
            0.6083078384399414
        ]
    },
    "elapsed": 737.6773080825806
}