{
    "tensor_name": "enron",
    "sampler": "larsen_kolda_hybrid",
    "R": 125,
    "J": 655360,
    "trial": 1,
    "preprocessing": "log_count",
    "initialization": "rrf",
    "max_iterations": 40,
    "stop_tolerance": 0.0001,
    "tensor_order": 4,
    "trace": {
        "iterations": [
            0,
            5,
            10,
            15,
            20,
            25,
            30,
            35
        ],
        "fits": [
            -19202326041935.074,
            0.141667143921419,
            0.14319843860743953,
            0.15030464378413289,
            0.15501233728938213,
            0.15074874128979543,
            0.1518182092208683,
            0.1544253166311591
        ],
        "update_times": [
            0.3153345584869385,
            0.2936391830444336,
            0.5536329746246338,
            0.26717615127563477,
            0.2749326229095459,
            0.30034518241882324,
            0.9847443103790283,
            0.2632622718811035,
            0.28404855728149414,
            0.3072183132171631,
            0.884331464767456,
            0.2633051872253418,
            0.3059263229370117,
            0.3017456531524658,
            0.8881292343139648,
            0.30374646186828613,
            0.33361148834228516,
            0.3115525245666504,
            0.832268476486206,
            0.28044772148132324,
            0.35143375396728516,
            0.30914306640625,
            0.8196601867675781,
            0.28231263160705566,
            0.2880380153656006,
            0.30419397354125977,
            0.9485118389129639,
            0.26392221450805664,
            0.27478504180908203,
            0.28267502784729004,
            0.8881521224975586,
            0.28003787994384766,
            0.28687596321105957,
            0.31477808952331543,
            0.8792111873626709,
            0.28348541259765625,
            0.29654598236083984,
            0.30267834663391113,
            0.997847318649292,
            0.2717134952545166,
            0.28966236114501953,
            0.3205442428588867,
            0.7530517578125,
            0.28983116149902344,
            0.28643035888671875,
            0.307206392288208,
            0.9763891696929932,
            0.28192949295043945,
            0.30393147468566895,
            0.31378960609436035,
            0.8419976234436035,
            0.2758364677429199,
            0.3005948066711426,
            0.31000256538391113,
            0.8849778175354004,
            0.3012840747833252,
            0.29670214653015137,
            0.3018150329589844,
            0.7761831283569336,
            0.26810741424560547,
            0.282454252243042,
            0.31789135932922363,
            0.8986005783081055,
            0.30452394485473633,
            0.3069150447845459,
            0.30252814292907715,
            0.921187162399292,
            0.27817797660827637,
            0.29619932174682617,
            0.3242464065551758,
            0.8139867782592773,
            0.30615234375,
            0.31572771072387695,
            0.3005332946777344,
            0.9390184879302979,
            0.2890808582305908,
            0.2944948673248291,
            0.2934091091156006,
            0.7838740348815918,
            0.2784249782562256,
            0.29169368743896484,
            0.3083834648132324,
            0.9224646091461182,
            0.3139646053314209,
            0.3111274242401123,
            0.3124687671661377,
            1.014822006225586,
            0.29332542419433594,
            0.30513548851013184,
            0.3150622844696045,
            0.9193375110626221,
            0.29689550399780273,
            0.29466724395751953,
            0.30496835708618164,
            0.9426722526550293,
            0.2921271324157715,
            0.28554439544677734,
            0.2954139709472656,
            0.9339568614959717,
            0.272890567779541,
            0.28011012077331543,
            0.2952885627746582,
            1.0793519020080566,
            0.27788853645324707,
            0.285952091217041,
            0.2925426959991455,
            0.9822502136230469,
            0.2852349281311035,
            0.31232452392578125,
            0.31183314323425293,
            0.7944128513336182,
            0.28794217109680176,
            0.3019726276397705,
            0.3067302703857422,
            0.9701178073883057,
            0.2725942134857178,
            0.29627418518066406,
            0.3011283874511719,
            1.0415632724761963,
            0.28435373306274414,
            0.28341221809387207,
            0.2992839813232422,
            1.1571097373962402,
            0.26251769065856934,
            0.28415489196777344,
            0.28841733932495117,
            0.9296271800994873,
            0.2775003910064697,
            0.287886381149292,
            0.3006722927093506,
            0.8707396984100342,
            0.29567742347717285,
            0.3075568675994873,
            0.2951233386993408,
            0.8783435821533203,
            0.2743399143218994,
            0.3046455383300781,
            0.28546977043151855,
            0.9374258518218994,
            0.28880953788757324
        ],
        "fit_computation_times": [
            0.8095636367797852,
            0.7583601474761963,
            0.7650678157806396,
            0.7508156299591064,
            0.7738940715789795,
            0.7885222434997559,
            0.8252325057983398
        ]
    },
    "elapsed": 68.95300722122192
}