{
    "tensor_name": "enron",
    "sampler": "efficient",
    "R": 25,
    "J": 229376,
    "trial": 2,
    "preprocessing": "log_count",
    "initialization": "rrf",
    "max_iterations": 40,
    "stop_tolerance": 0.0001,
    "tensor_order": 4,
    "trace": {
        "iterations": [
            0,
            5,
            10,
            15,
            20,
            25,
            30,
            35,
            40
        ],
        "fits": [
            -8885739267841.111,
            0.08937989254669187,
            0.09167302786308917,
            0.09261162482715846,
            0.09299319766128888,
            0.09313267122300695,
            0.09316821654275198,
            0.09321901251888032,
            0.09324660321335809
        ],
        "update_times": [
            0.15825843811035156,
            0.15619611740112305,
            0.3292710781097412,
            0.18073701858520508,
            0.17214155197143555,
            0.18381214141845703,
            0.3872640132904053,
            0.17869877815246582,
            0.1800839900970459,
            0.17357468605041504,
            0.3816642761230469,
            0.1778247356414795,
            0.19205546379089355,
            0.17957758903503418,
            0.3605921268463135,
            0.27824854850769043,
            0.2432544231414795,
            0.2545487880706787,
            0.40762782096862793,
            0.19256091117858887,
            0.1974806785583496,
            0.2701454162597656,
            0.44170546531677246,
            0.2142784595489502,
            0.2011241912841797,
            0.17798399925231934,
            0.38042187690734863,
            0.1795487403869629,
            0.1657695770263672,
            0.17699813842773438,
            0.3999903202056885,
            0.1831049919128418,
            0.18419122695922852,
            0.18169760704040527,
            0.39427971839904785,
            0.18929362297058105,
            0.35701918601989746,
            0.171647310256958,
            0.38770174980163574,
            0.19956421852111816,
            0.15662217140197754,
            0.18976640701293945,
            0.38190650939941406,
            0.1831529140472412,
            0.18931055068969727,
            0.17679166793823242,
            0.3711733818054199,
            0.1735365390777588,
            0.16554546356201172,
            0.25084590911865234,
            0.3824043273925781,
            0.179793119430542,
            0.24727559089660645,
            0.17880034446716309,
            0.38002586364746094,
            0.19771242141723633,
            0.18927431106567383,
            0.19116711616516113,
            0.35149168968200684,
            0.1675114631652832,
            0.1596965789794922,
            0.1878960132598877,
            0.3820977210998535,
            0.23478055000305176,
            0.19215655326843262,
            0.19816946983337402,
            0.38906311988830566,
            0.18193912506103516,
            0.2457566261291504,
            0.26711583137512207,
            0.3940742015838623,
            0.18150639533996582,
            0.17036771774291992,
            0.18937277793884277,
            0.3820333480834961,
            0.18992376327514648,
            0.1740250587463379,
            0.18852543830871582,
            0.3951761722564697,
            0.189131498336792,
            0.15755581855773926,
            0.1911630630493164,
            0.39032554626464844,
            0.18410897254943848,
            0.16931748390197754,
            0.18710899353027344,
            0.3784911632537842,
            0.1897296905517578,
            0.17690205574035645,
            0.18045544624328613,
            0.38080477714538574,
            0.17957162857055664,
            0.16998076438903809,
            0.17968249320983887,
            0.3909299373626709,
            0.19251203536987305,
            0.17010140419006348,
            0.18542838096618652,
            0.3957376480102539,
            0.1768794059753418,
            0.1576225757598877,
            0.18323564529418945,
            0.38301730155944824,
            0.17688679695129395,
            0.16907429695129395,
            0.1871955394744873,
            0.3971078395843506,
            0.18470048904418945,
            0.17786359786987305,
            0.1842331886291504,
            0.42774224281311035,
            0.20581269264221191,
            0.22110366821289062,
            0.2674424648284912,
            0.3996913433074951,
            0.18721961975097656,
            0.18079137802124023,
            0.1900041103363037,
            0.3806607723236084,
            0.19278788566589355,
            0.16100454330444336,
            0.18315434455871582,
            0.3785524368286133,
            0.19608211517333984,
            0.18285417556762695,
            0.18641877174377441,
            0.39678382873535156,
            0.18390560150146484,
            0.19797134399414062,
            0.1997385025024414,
            0.38236379623413086,
            0.18795442581176758,
            0.17033934593200684,
            0.18851900100708008,
            0.3979220390319824,
            0.18441319465637207,
            0.19618892669677734,
            0.22417783737182617,
            0.38793063163757324,
            0.18203258514404297,
            0.17203807830810547,
            0.28762316703796387,
            0.3670783042907715,
            0.1661083698272705,
            0.17337441444396973,
            0.1940784454345703,
            0.4083900451660156,
            0.18731236457824707,
            0.2594306468963623,
            0.1739189624786377,
            0.3874495029449463,
            0.18548583984375,
            0.268831729888916,
            0.1783897876739502,
            0.3708229064941406,
            0.16840243339538574,
            0.16743016242980957,
            0.19455528259277344,
            0.3706176280975342,
            0.19894957542419434
        ],
        "fit_computation_times": [
            0.11822724342346191,
            0.11799478530883789,
            0.11055779457092285,
            0.10236740112304688,
            0.11223292350769043,
            0.10519886016845703,
            0.10288190841674805,
            0.10840702056884766
        ]
    },
    "elapsed": 39.5469172000885
}