{
    "tensor_name": "enron",
    "sampler": "efficient",
    "R": 25,
    "J": 1638400,
    "trial": 3,
    "preprocessing": "log_count",
    "initialization": "rrf",
    "max_iterations": 40,
    "stop_tolerance": 0.0001,
    "tensor_order": 4,
    "trace": {
        "iterations": [
            0,
            5,
            10,
            15,
            20,
            25,
            30,
            35,
            40
        ],
        "fits": [
            -9294955088283.24,
            0.09142521593469943,
            0.09315768011202874,
            0.09351983967493382,
            0.09361755956318152,
            0.09366922975978209,
            0.09370781097976466,
            0.09373945269845818,
            0.0937666507134205
        ],
        "update_times": [
            1.0687415599822998,
            1.0490708351135254,
            1.094393253326416,
            1.2441458702087402,
            1.3102540969848633,
            1.1190669536590576,
            1.277297019958496,
            1.2379682064056396,
            1.2805027961730957,
            1.0905580520629883,
            1.090618371963501,
            1.0708494186401367,
            1.0717976093292236,
            1.009382724761963,
            1.0456273555755615,
            1.1075925827026367,
            1.1045358180999756,
            1.1281890869140625,
            1.0123677253723145,
            1.0525295734405518,
            1.0283126831054688,
            1.06382155418396,
            1.1510329246520996,
            1.0936017036437988,
            1.0861361026763916,
            1.1884047985076904,
            1.066624641418457,
            1.0597617626190186,
            1.0433518886566162,
            1.027890682220459,
            1.015864372253418,
            1.1451082229614258,
            1.1315362453460693,
            1.136028528213501,
            1.0655086040496826,
            1.2546916007995605,
            1.0620172023773193,
            1.059980869293213,
            0.9945847988128662,
            1.0361545085906982,
            1.0282602310180664,
            1.074181079864502,
            1.167083978652954,
            1.2536795139312744,
            1.172433614730835,
            1.1116490364074707,
            1.1243877410888672,
            1.1138701438903809,
            1.1392488479614258,
            1.1033549308776855,
            1.2122063636779785,
            1.1273717880249023,
            1.142927885055542,
            1.1401748657226562,
            1.21260666847229,
            1.2191150188446045,
            1.242208480834961,
            1.1004269123077393,
            1.1786701679229736,
            1.1380712985992432,
            1.1497151851654053,
            1.0167572498321533,
            1.0562374591827393,
            1.1016111373901367,
            1.0930533409118652,
            1.0544118881225586,
            1.1350922584533691,
            1.1083641052246094,
            1.1204307079315186,
            1.1015396118164062,
            1.1854169368743896,
            1.181384801864624,
            1.1032249927520752,
            1.1685867309570312,
            1.1902360916137695,
            1.137000560760498,
            1.2474007606506348,
            1.183030128479004,
            1.1265842914581299,
            1.2419052124023438,
            1.1627466678619385,
            1.1879138946533203,
            1.1034934520721436,
            1.2831220626831055,
            1.2236964702606201,
            1.286733865737915,
            1.131302833557129,
            1.4148375988006592,
            1.3514750003814697,
            1.104264497756958,
            1.143418550491333,
            1.2205862998962402,
            1.2573087215423584,
            1.1665515899658203,
            1.11031174659729,
            1.2022569179534912,
            1.2005200386047363,
            1.0661535263061523,
            1.1158640384674072,
            1.0857272148132324,
            1.028890609741211,
            1.001652479171753,
            1.056757926940918,
            1.0824894905090332,
            1.3210053443908691,
            1.3245832920074463,
            1.238642930984497,
            1.2220921516418457,
            1.2186498641967773,
            1.30368971824646,
            1.1824791431427002,
            1.0465319156646729,
            1.2328298091888428,
            1.0752151012420654,
            1.1259708404541016,
            1.2558777332305908,
            1.2863154411315918,
            1.4131157398223877,
            1.2535686492919922,
            1.330655574798584,
            1.1854217052459717,
            1.2207863330841064,
            1.0811083316802979,
            1.0459089279174805,
            1.0665431022644043,
            1.0272390842437744,
            1.016444206237793,
            1.0460052490234375,
            1.2252514362335205,
            1.2525100708007812,
            1.1342432498931885,
            1.1386260986328125,
            1.2891981601715088,
            1.2089288234710693,
            1.1194360256195068,
            1.1703646183013916,
            1.1254208087921143,
            1.0945000648498535,
            1.2560069561004639,
            1.0945045948028564,
            1.125307321548462,
            1.0853569507598877,
            1.1221659183502197,
            1.1584758758544922,
            1.2272825241088867,
            1.0784671306610107,
            1.0227406024932861,
            1.076690673828125,
            1.066652774810791,
            1.0612671375274658,
            1.0126392841339111,
            1.048830270767212,
            1.0766282081604004,
            1.052586317062378,
            1.1056549549102783,
            1.070016622543335,
            1.1469461917877197,
            1.067847728729248,
            1.066941261291504,
            1.1353740692138672
        ],
        "fit_computation_times": [
            0.08174967765808105,
            0.07860994338989258,
            0.07968616485595703,
            0.07567167282104492,
            0.07630443572998047,
            0.07732319831848145,
            0.07798504829406738,
            0.07739806175231934
        ]
    },
    "elapsed": 183.0237672328949
}