{
    "tensor_name": "enron",
    "sampler": "efficient",
    "R": 125,
    "J": 262144,
    "trial": 0,
    "preprocessing": "log_count",
    "initialization": "rrf",
    "max_iterations": 40,
    "stop_tolerance": 0.0001,
    "tensor_order": 4,
    "trace": {
        "iterations": [
            0,
            5,
            10,
            15,
            20,
            25,
            30,
            35,
            40
        ],
        "fits": [
            -20362019252813.39,
            0.17603317401178176,
            0.18186247492971075,
            0.1832627058495674,
            0.18408177523547764,
            0.18472907991982346,
            0.18516316762356722,
            0.18549154442500992,
            0.18576165396504352
        ],
        "update_times": [
            1.5004844665527344,
            1.6327235698699951,
            2.089369058609009,
            1.7458860874176025,
            1.5962624549865723,
            1.7793550491333008,
            2.554743528366089,
            1.8832707405090332,
            1.6827270984649658,
            1.9839270114898682,
            2.651279926300049,
            1.963353157043457,
            1.6624655723571777,
            2.0241429805755615,
            2.4542171955108643,
            1.9307947158813477,
            1.7844738960266113,
            2.0328421592712402,
            2.388871908187866,
            1.9836063385009766,
            1.6758852005004883,
            2.069908380508423,
            2.484161615371704,
            1.9659008979797363,
            1.8476123809814453,
            2.0236704349517822,
            2.5709426403045654,
            1.9663639068603516,
            1.6608548164367676,
            2.007429599761963,
            2.5776758193969727,
            1.947260856628418,
            1.7151479721069336,
            2.1613950729370117,
            2.4864230155944824,
            2.030099630355835,
            1.7685813903808594,
            2.1762003898620605,
            2.313081741333008,
            2.0250470638275146,
            1.5822391510009766,
            2.018092155456543,
            2.4201581478118896,
            1.9856255054473877,
            1.8349075317382812,
            1.85455322265625,
            2.531964063644409,
            1.924856424331665,
            1.7368993759155273,
            1.997809648513794,
            2.487062931060791,
            2.00114369392395,
            1.7558603286743164,
            1.9676477909088135,
            2.431959629058838,
            2.0002143383026123,
            1.7771875858306885,
            1.8800394535064697,
            2.587388515472412,
            2.075981855392456,
            1.7291789054870605,
            1.8263740539550781,
            2.5408096313476562,
            2.020620107650757,
            1.6811206340789795,
            1.926832675933838,
            2.5526063442230225,
            2.0277891159057617,
            1.6190309524536133,
            1.7516586780548096,
            2.483988046646118,
            1.9570586681365967,
            1.7278833389282227,
            1.8107843399047852,
            2.672743082046509,
            2.024665594100952,
            1.684769630432129,
            1.8152685165405273,
            2.432645082473755,
            2.0121359825134277,
            1.5898423194885254,
            1.8186302185058594,
            2.300811290740967,
            2.0118534564971924,
            1.7071800231933594,
            1.813603162765503,
            2.3925728797912598,
            2.0114593505859375,
            1.7434110641479492,
            1.9528577327728271,
            2.375697612762451,
            1.901451587677002,
            1.7160694599151611,
            1.862999677658081,
            2.404466152191162,
            1.9991893768310547,
            1.7744193077087402,
            1.8373908996582031,
            2.536531925201416,
            1.973818063735962,
            1.6383156776428223,
            1.8576767444610596,
            2.4244017601013184,
            1.9704508781433105,
            1.6910042762756348,
            1.7821640968322754,
            2.5565834045410156,
            1.9808261394500732,
            1.6437971591949463,
            1.7621734142303467,
            2.4503440856933594,
            1.9540741443634033,
            1.648606300354004,
            1.8669252395629883,
            2.4294424057006836,
            1.9702098369598389,
            1.7047548294067383,
            1.8187379837036133,
            2.3625590801239014,
            1.941887378692627,
            1.7124011516571045,
            1.8397104740142822,
            2.3340985774993896,
            1.9699366092681885,
            1.7361679077148438,
            1.8572640419006348,
            2.535463809967041,
            1.9499468803405762,
            1.7022459506988525,
            1.8694431781768799,
            2.57830548286438,
            1.9975640773773193,
            1.6598868370056152,
            1.7476491928100586,
            2.4478108882904053,
            1.9935483932495117,
            1.6621675491333008,
            1.7778911590576172,
            2.5180490016937256,
            1.950143575668335,
            1.689847469329834,
            1.8260681629180908,
            2.391030788421631,
            1.9962048530578613,
            1.692432165145874,
            1.8047213554382324,
            2.3313815593719482,
            1.9389007091522217,
            1.7170190811157227,
            1.8370320796966553,
            2.634742498397827,
            1.9674842357635498,
            1.6626627445220947,
            1.7752864360809326,
            2.5828826427459717,
            2.0258731842041016,
            1.6436924934387207,
            1.7645339965820312,
            2.4980082511901855,
            1.9890000820159912
        ],
        "fit_computation_times": [
            0.8635923862457275,
            0.8624613285064697,
            0.7937440872192383,
            0.9207088947296143,
            0.8538112640380859,
            0.8388171195983887,
            0.8365578651428223,
            0.8458828926086426
        ]
    },
    "elapsed": 328.4655051231384
}