{
    "tensor_name": "enron",
    "sampler": "efficient",
    "R": 50,
    "J": 196608,
    "trial": 2,
    "preprocessing": "log_count",
    "initialization": "rrf",
    "max_iterations": 40,
    "stop_tolerance": 0.0001,
    "tensor_order": 4,
    "trace": {
        "iterations": [
            0,
            5,
            10,
            15,
            20,
            25,
            30,
            35,
            40
        ],
        "fits": [
            -11926575538194.89,
            0.11496404492135426,
            0.11783220641752823,
            0.11871931990702367,
            0.11913388244326373,
            0.11929873875976638,
            0.11941311738790117,
            0.1194776727686071,
            0.11953110188154814
        ],
        "update_times": [
            0.30170321464538574,
            0.2972400188446045,
            0.5320687294006348,
            0.2755446434020996,
            0.3052494525909424,
            0.35244321823120117,
            0.6926543712615967,
            0.30830860137939453,
            0.2949190139770508,
            0.3385345935821533,
            0.6792914867401123,
            0.34848713874816895,
            0.28389453887939453,
            0.3364536762237549,
            0.7269802093505859,
            0.33911895751953125,
            0.2953794002532959,
            0.3225076198577881,
            0.6822888851165771,
            0.3098127841949463,
            0.27905964851379395,
            0.3226792812347412,
            0.755389928817749,
            0.3210728168487549,
            0.2951033115386963,
            0.3590877056121826,
            0.7185719013214111,
            0.3387141227722168,
            0.3045308589935303,
            0.41204833984375,
            0.8435144424438477,
            0.33603596687316895,
            0.2952399253845215,
            0.4030892848968506,
            0.7223162651062012,
            0.3172321319580078,
            0.30217742919921875,
            0.3929331302642822,
            0.7334036827087402,
            0.3340184688568115,
            0.26519036293029785,
            0.3255019187927246,
            0.6706550121307373,
            0.32185959815979004,
            0.2811241149902344,
            0.3074173927307129,
            0.6695334911346436,
            0.31392788887023926,
            0.28385376930236816,
            0.3254413604736328,
            0.7879788875579834,
            0.3238215446472168,
            0.3027768135070801,
            0.3069190979003906,
            0.727703332901001,
            0.3242151737213135,
            0.303525447845459,
            0.31044602394104004,
            0.7078216075897217,
            0.3224759101867676,
            0.26949071884155273,
            0.3059651851654053,
            0.7170217037200928,
            0.30713343620300293,
            0.28252649307250977,
            0.292583703994751,
            0.6786444187164307,
            0.31309056282043457,
            0.27297329902648926,
            0.2945876121520996,
            0.6890676021575928,
            0.3207237720489502,
            0.29184889793395996,
            0.34723401069641113,
            0.7150726318359375,
            0.3284156322479248,
            0.34056830406188965,
            0.3354027271270752,
            0.7124626636505127,
            0.33296799659729004,
            0.28690457344055176,
            0.3190124034881592,
            0.720916748046875,
            0.3354337215423584,
            0.3293576240539551,
            0.2941277027130127,
            0.6983814239501953,
            0.3185100555419922,
            0.3367440700531006,
            0.3079228401184082,
            0.6687173843383789,
            0.3410794734954834,
            0.33632612228393555,
            0.3504042625427246,
            0.7439639568328857,
            0.3121190071105957,
            0.2924344539642334,
            0.3090386390686035,
            0.7172348499298096,
            0.31958580017089844,
            0.34633660316467285,
            0.34353184700012207,
            0.693584680557251,
            0.32850122451782227,
            0.3271815776824951,
            0.32871079444885254,
            0.727898120880127,
            0.3290715217590332,
            0.31026339530944824,
            0.35326719284057617,
            0.7269408702850342,
            0.3267207145690918,
            0.29451727867126465,
            0.3332822322845459,
            0.7204220294952393,
            0.33753538131713867,
            0.381622314453125,
            0.3942594528198242,
            0.7442047595977783,
            0.3200371265411377,
            0.27407073974609375,
            0.3225278854370117,
            0.7252371311187744,
            0.3199763298034668,
            0.29162001609802246,
            0.3092501163482666,
            0.7321672439575195,
            0.3178212642669678,
            0.3478996753692627,
            0.33138513565063477,
            0.7494809627532959,
            0.34197473526000977,
            0.3042643070220947,
            0.32712578773498535,
            0.7289958000183105,
            0.33152174949645996,
            0.3133809566497803,
            0.3260228633880615,
            0.7277193069458008,
            0.3198122978210449,
            0.27509617805480957,
            0.35391759872436523,
            0.8276362419128418,
            0.3611736297607422,
            0.3459141254425049,
            0.35465407371520996,
            0.5939414501190186,
            0.32551002502441406,
            0.3913722038269043,
            0.3193085193634033,
            0.5744292736053467,
            0.34767913818359375,
            0.3213374614715576,
            0.3358025550842285,
            0.5459640026092529,
            0.3204610347747803,
            0.3118247985839844,
            0.3968179225921631,
            0.5693299770355225,
            0.3367338180541992
        ],
        "fit_computation_times": [
            0.3222219944000244,
            0.3149580955505371,
            0.31928563117980957,
            0.3137950897216797,
            0.3310699462890625,
            0.3377406597137451,
            0.31119418144226074,
            0.3223741054534912
        ]
    },
    "elapsed": 69.7293438911438
}