{
    "tensor_name": "enron",
    "sampler": "larsen_kolda_hybrid",
    "R": 25,
    "J": 1114112,
    "trial": 2,
    "preprocessing": "log_count",
    "initialization": "rrf",
    "max_iterations": 40,
    "stop_tolerance": 0.0001,
    "tensor_order": 4,
    "trace": {
        "iterations": [
            0,
            5,
            10,
            15,
            20,
            25,
            30,
            35,
            40
        ],
        "fits": [
            -9277149501347.658,
            0.0787251310025261,
            0.08257117400561975,
            0.08311109937234307,
            0.0833584244016603,
            0.08350874263256325,
            0.08369256666098734,
            0.083807783828457,
            0.08384258280955448
        ],
        "update_times": [
            0.12134552001953125,
            0.13733768463134766,
            0.45308423042297363,
            0.12236499786376953,
            0.14423108100891113,
            0.17546296119689941,
            0.682307243347168,
            0.144059419631958,
            0.1435236930847168,
            0.17635703086853027,
            0.7934038639068604,
            0.1394357681274414,
            0.1440720558166504,
            0.16423583030700684,
            0.5123074054718018,
            0.14745688438415527,
            0.15599751472473145,
            0.1770923137664795,
            0.6091036796569824,
            0.13031864166259766,
            0.13258028030395508,
            0.15829157829284668,
            0.715162992477417,
            0.14405441284179688,
            0.16043853759765625,
            0.17430686950683594,
            0.6778459548950195,
            0.1386709213256836,
            0.13854718208312988,
            0.17491412162780762,
            0.6151599884033203,
            0.14072203636169434,
            0.17180585861206055,
            0.17940878868103027,
            0.8108241558074951,
            0.1356499195098877,
            0.15030813217163086,
            0.19328546524047852,
            0.6776635646820068,
            0.12459588050842285,
            0.12779688835144043,
            0.17271971702575684,
            0.7543189525604248,
            0.14377188682556152,
            0.14465808868408203,
            0.18638300895690918,
            0.6641802787780762,
            0.1436619758605957,
            0.15241026878356934,
            0.17861223220825195,
            0.6452875137329102,
            0.1308600902557373,
            0.1587209701538086,
            0.18085598945617676,
            0.7007875442504883,
            0.13477015495300293,
            0.14565205574035645,
            0.16350102424621582,
            0.7637183666229248,
            0.12648773193359375,
            0.12569451332092285,
            0.16738247871398926,
            0.7116298675537109,
            0.1335761547088623,
            0.16020822525024414,
            0.1726694107055664,
            0.6978785991668701,
            0.13926172256469727,
            0.14377260208129883,
            0.16724872589111328,
            0.750208854675293,
            0.13316893577575684,
            0.2042067050933838,
            0.16300463676452637,
            0.670806884765625,
            0.14316296577453613,
            0.15006637573242188,
            0.17865610122680664,
            0.7664279937744141,
            0.14459490776062012,
            0.1355900764465332,
            0.16170835494995117,
            0.7842061519622803,
            0.1612262725830078,
            0.1591355800628662,
            0.18752574920654297,
            0.6338586807250977,
            0.15010499954223633,
            0.15640521049499512,
            0.17332720756530762,
            0.7181353569030762,
            0.13965106010437012,
            0.16179180145263672,
            0.16389679908752441,
            0.7487270832061768,
            0.13264703750610352,
            0.14690232276916504,
            0.17144322395324707,
            0.7908430099487305,
            0.12961769104003906,
            0.1249241828918457,
            0.16182756423950195,
            0.594470739364624,
            0.14911413192749023,
            0.14704179763793945,
            0.16882538795471191,
            0.6361839771270752,
            0.13144898414611816,
            0.15239214897155762,
            0.1768326759338379,
            0.6794803142547607,
            0.13302183151245117,
            0.1524055004119873,
            0.1687328815460205,
            0.7191193103790283,
            0.1299285888671875,
            0.1452634334564209,
            0.1787123680114746,
            0.757051944732666,
            0.1298978328704834,
            0.11614036560058594,
            0.16599488258361816,
            0.6984274387359619,
            0.12988972663879395,
            0.16679620742797852,
            0.17272567749023438,
            0.6787028312683105,
            0.132232666015625,
            0.17389798164367676,
            0.1831073760986328,
            0.7437410354614258,
            0.1359102725982666,
            0.14914846420288086,
            0.1710343360900879,
            0.6091926097869873,
            0.13936829566955566,
            0.16112279891967773,
            0.1858055591583252,
            0.7763068675994873,
            0.1367502212524414,
            0.12177395820617676,
            0.19208765029907227,
            0.658618688583374,
            0.16638517379760742,
            0.18021059036254883,
            0.17752909660339355,
            0.6894426345825195,
            0.1318984031677246,
            0.1611957550048828,
            0.18001365661621094,
            0.7827987670898438,
            0.12970781326293945,
            0.1516437530517578,
            0.16518855094909668,
            0.674924373626709,
            0.1420271396636963,
            0.14269089698791504,
            0.15558409690856934,
            0.7092368602752686,
            0.13201284408569336
        ],
        "fit_computation_times": [
            0.07318925857543945,
            0.07836532592773438,
            0.07787775993347168,
            0.06810855865478516,
            0.07838129997253418,
            0.07849478721618652,
            0.07532072067260742,
            0.07656693458557129
        ]
    },
    "elapsed": 46.864755153656006
}