{
    "tensor_name": "enron",
    "sampler": "efficient",
    "R": 125,
    "J": 65536,
    "trial": 2,
    "preprocessing": "log_count",
    "initialization": "rrf",
    "max_iterations": 40,
    "stop_tolerance": 0.0001,
    "tensor_order": 4,
    "trace": {
        "iterations": [
            0,
            5,
            10,
            15,
            20,
            25,
            30,
            35,
            40
        ],
        "fits": [
            -19509855725852.41,
            0.17562818187283813,
            0.1821330434587225,
            0.18375217493308404,
            0.1847924427051314,
            0.18573002448427312,
            0.1860397572264315,
            0.18629418747469095,
            0.18657467838165387
        ],
        "update_times": [
            0.44377827644348145,
            0.4235200881958008,
            0.7710323333740234,
            0.43506550788879395,
            0.4348888397216797,
            0.4667952060699463,
            1.2787275314331055,
            0.5010092258453369,
            0.47720932960510254,
            0.5281901359558105,
            1.3286175727844238,
            0.4728107452392578,
            0.4147069454193115,
            0.5340368747711182,
            1.417783498764038,
            0.5049762725830078,
            0.505335807800293,
            0.6349847316741943,
            1.4912636280059814,
            0.5064635276794434,
            0.4417757987976074,
            0.5534985065460205,
            1.3250038623809814,
            0.4824831485748291,
            0.44728660583496094,
            0.5411481857299805,
            1.3907370567321777,
            0.49280524253845215,
            0.4434661865234375,
            0.5638506412506104,
            1.4158289432525635,
            0.4886198043823242,
            0.4542393684387207,
            0.6145012378692627,
            1.3932390213012695,
            0.5064380168914795,
            0.44814133644104004,
            0.598991870880127,
            1.430025339126587,
            0.4895601272583008,
            0.4440741539001465,
            0.5460205078125,
            1.4561223983764648,
            0.4886813163757324,
            0.43589162826538086,
            0.5710883140563965,
            1.428419828414917,
            0.5123865604400635,
            0.4666712284088135,
            0.5561509132385254,
            1.4827594757080078,
            0.5037674903869629,
            0.4488520622253418,
            0.5591158866882324,
            1.461151123046875,
            0.5278663635253906,
            0.432619571685791,
            0.569260835647583,
            1.3661465644836426,
            0.48824143409729004,
            0.4920682907104492,
            0.5354008674621582,
            1.5274815559387207,
            0.507627010345459,
            0.5073120594024658,
            0.5475146770477295,
            1.355696439743042,
            0.5038456916809082,
            0.43498849868774414,
            0.5568561553955078,
            1.4438951015472412,
            0.5156898498535156,
            0.6445198059082031,
            0.5879309177398682,
            1.53300142288208,
            0.5160388946533203,
            0.482330322265625,
            0.6060218811035156,
            1.4606423377990723,
            0.4976356029510498,
            0.43703746795654297,
            0.5348606109619141,
            1.5179145336151123,
            0.5277736186981201,
            0.6514286994934082,
            0.6501641273498535,
            1.621474266052246,
            0.5112125873565674,
            0.5260589122772217,
            0.6392183303833008,
            1.6650850772857666,
            0.5382115840911865,
            0.6431987285614014,
            0.7184927463531494,
            1.4789621829986572,
            0.4908912181854248,
            0.4269859790802002,
            0.5614814758300781,
            1.4100642204284668,
            0.475985050201416,
            0.4140169620513916,
            0.5657739639282227,
            1.4927332401275635,
            0.5113275051116943,
            0.4743528366088867,
            0.5522150993347168,
            1.6383650302886963,
            0.4978487491607666,
            0.4623677730560303,
            0.719886302947998,
            1.5967488288879395,
            0.50473952293396,
            0.4822695255279541,
            0.6180498600006104,
            1.4899003505706787,
            0.4993269443511963,
            0.4348430633544922,
            0.5463471412658691,
            1.5278241634368896,
            0.4930415153503418,
            0.4236562252044678,
            0.5306622982025146,
            1.4799578189849854,
            0.4965474605560303,
            0.4284214973449707,
            0.5957472324371338,
            1.5505285263061523,
            0.511345386505127,
            0.42818379402160645,
            0.559838056564331,
            1.5062716007232666,
            0.5055084228515625,
            0.4361572265625,
            0.5577065944671631,
            1.4650874137878418,
            0.49079060554504395,
            0.44656872749328613,
            0.5961740016937256,
            1.398674488067627,
            0.48390865325927734,
            0.4251575469970703,
            0.5415892601013184,
            1.4212913513183594,
            0.48184871673583984,
            0.4464585781097412,
            0.5336945056915283,
            1.4750068187713623,
            0.5157244205474854,
            0.4520263671875,
            0.576099157333374,
            1.3817460536956787,
            0.5069689750671387,
            0.49129700660705566,
            0.5434722900390625,
            1.4392409324645996,
            0.5033259391784668,
            0.5185277462005615,
            0.5910191535949707,
            1.3764050006866455,
            0.49584007263183594
        ],
        "fit_computation_times": [
            0.7579631805419922,
            0.8523552417755127,
            0.8189353942871094,
            0.8214609622955322,
            0.7758939266204834,
            0.7852911949157715,
            0.722386360168457,
            0.7403793334960938
        ]
    },
    "elapsed": 126.34718489646912
}