{
    "tensor_name": "enron",
    "sampler": "larsen_kolda_hybrid",
    "R": 75,
    "J": 393216,
    "trial": 3,
    "preprocessing": "log_count",
    "initialization": "rrf",
    "max_iterations": 40,
    "stop_tolerance": 0.0001,
    "tensor_order": 4,
    "trace": {
        "iterations": [
            0,
            5,
            10,
            15,
            20,
            25,
            30,
            35,
            40
        ],
        "fits": [
            -15310154759501.992,
            0.11592850004490252,
            0.12148135309855301,
            0.11452200852949213,
            0.12269368048910678,
            0.12595211363076653,
            0.12193895998377813,
            0.1272588831702931,
            0.12493036140030134
        ],
        "update_times": [
            0.12449765205383301,
            0.1303722858428955,
            0.3785419464111328,
            0.1107635498046875,
            0.12925100326538086,
            0.13221168518066406,
            0.6208653450012207,
            0.11033177375793457,
            0.14266562461853027,
            0.13320183753967285,
            0.5729150772094727,
            0.11351299285888672,
            0.14645767211914062,
            0.1342175006866455,
            0.5932769775390625,
            0.11104488372802734,
            0.14278411865234375,
            0.1333308219909668,
            0.6293635368347168,
            0.11317038536071777,
            0.10883522033691406,
            0.1553635597229004,
            0.6957876682281494,
            0.12650632858276367,
            0.15696287155151367,
            0.1600651741027832,
            0.5738277435302734,
            0.11076998710632324,
            0.14943552017211914,
            0.14560580253601074,
            0.6244547367095947,
            0.10922122001647949,
            0.15862202644348145,
            0.14954781532287598,
            0.5508098602294922,
            0.11923599243164062,
            0.14418315887451172,
            0.13904356956481934,
            0.6108689308166504,
            0.10895204544067383,
            0.10971403121948242,
            0.14611530303955078,
            0.5870101451873779,
            0.1112070083618164,
            0.13338756561279297,
            0.13063859939575195,
            0.564821720123291,
            0.11305570602416992,
            0.14604496955871582,
            0.13150262832641602,
            0.5868427753448486,
            0.12156414985656738,
            0.14857864379882812,
            0.14231204986572266,
            0.5365645885467529,
            0.10522580146789551,
            0.14078330993652344,
            0.13089323043823242,
            0.6924009323120117,
            0.1051030158996582,
            0.10381078720092773,
            0.14427852630615234,
            0.5886623859405518,
            0.11746478080749512,
            0.15818047523498535,
            0.14966869354248047,
            0.6326870918273926,
            0.12259721755981445,
            0.14758062362670898,
            0.14708590507507324,
            0.5727953910827637,
            0.10982942581176758,
            0.1567378044128418,
            0.13998723030090332,
            0.7155587673187256,
            0.1077878475189209,
            0.14867329597473145,
            0.13653206825256348,
            0.675910472869873,
            0.11076521873474121,
            0.1121065616607666,
            0.13695740699768066,
            0.6114089488983154,
            0.10162210464477539,
            0.12734246253967285,
            0.12109565734863281,
            0.6319694519042969,
            0.10161399841308594,
            0.13507819175720215,
            0.13003802299499512,
            0.6394543647766113,
            0.11106348037719727,
            0.1438450813293457,
            0.14702534675598145,
            0.5195772647857666,
            0.10247802734375,
            0.14289569854736328,
            0.1443319320678711,
            0.6719317436218262,
            0.10639047622680664,
            0.19755053520202637,
            0.14830636978149414,
            0.4918403625488281,
            0.11018776893615723,
            0.14959955215454102,
            0.15140628814697266,
            0.6390812397003174,
            0.1089620590209961,
            0.16533446311950684,
            0.16053032875061035,
            0.5541057586669922,
            0.10448408126831055,
            0.1654677391052246,
            0.1590893268585205,
            0.6901350021362305,
            0.11447548866271973,
            0.15275359153747559,
            0.16272640228271484,
            0.6225833892822266,
            0.10694026947021484,
            0.1340043544769287,
            0.1530773639678955,
            0.6197962760925293,
            0.106292724609375,
            0.14306139945983887,
            0.1333789825439453,
            0.6882479190826416,
            0.10790777206420898,
            0.1391441822052002,
            0.13032746315002441,
            0.6460361480712891,
            0.1194465160369873,
            0.15132880210876465,
            0.15101289749145508,
            0.4683852195739746,
            0.10375237464904785,
            0.1355419158935547,
            0.13899779319763184,
            0.6457550525665283,
            0.10816335678100586,
            0.1193075180053711,
            0.13228797912597656,
            0.5993847846984863,
            0.11221170425415039,
            0.13145184516906738,
            0.13207268714904785,
            0.6324844360351562,
            0.10876297950744629,
            0.13958001136779785,
            0.12972044944763184,
            0.5722100734710693,
            0.1127619743347168,
            0.12418437004089355,
            0.12682056427001953,
            0.6434299945831299,
            0.11095809936523438,
            0.1445176601409912,
            0.14887285232543945,
            0.6969842910766602,
            0.10605239868164062
        ],
        "fit_computation_times": [
            0.5482242107391357,
            0.5378012657165527,
            0.5329256057739258,
            0.5506894588470459,
            0.5235285758972168,
            0.5259687900543213,
            0.5255918502807617,
            0.5322155952453613
        ]
    },
    "elapsed": 44.89342641830444
}