{
    "tensor_name": "enron",
    "sampler": "larsen_kolda_hybrid",
    "R": 75,
    "J": 163840,
    "trial": 1,
    "preprocessing": "log_count",
    "initialization": "rrf",
    "max_iterations": 40,
    "stop_tolerance": 0.0001,
    "tensor_order": 4,
    "trace": {
        "iterations": [
            0,
            5,
            10,
            15,
            20
        ],
        "fits": [
            -15701301852443.15,
            0.11070249075902738,
            0.08905015977029962,
            0.060762623106295766,
            0.1047598411976739
        ],
        "update_times": [
            0.05505037307739258,
            0.07393169403076172,
            0.1808793544769287,
            0.04965472221374512,
            0.07732105255126953,
            0.07515501976013184,
            0.35741209983825684,
            0.047866106033325195,
            0.07250809669494629,
            0.07760238647460938,
            0.37267374992370605,
            0.05157589912414551,
            0.07599878311157227,
            0.08280682563781738,
            0.24867010116577148,
            0.04883623123168945,
            0.07199597358703613,
            0.07289886474609375,
            0.2613246440887451,
            0.047986745834350586,
            0.05591869354248047,
            0.0798032283782959,
            0.2838106155395508,
            0.05440568923950195,
            0.0745844841003418,
            0.0778510570526123,
            0.32941484451293945,
            0.04898500442504883,
            0.07476615905761719,
            0.07848286628723145,
            0.2741262912750244,
            0.05035877227783203,
            0.07712507247924805,
            0.07827615737915039,
            0.3770334720611572,
            0.05077934265136719,
            0.07673501968383789,
            0.07634258270263672,
            0.31374025344848633,
            0.052376747131347656,
            0.07446408271789551,
            0.07825779914855957,
            0.3177189826965332,
            0.05771374702453613,
            0.07450485229492188,
            0.07625937461853027,
            0.30598020553588867,
            0.055713653564453125,
            0.07931017875671387,
            0.07814741134643555,
            0.3354616165161133,
            0.0552678108215332,
            0.07579565048217773,
            0.08142662048339844,
            0.36487746238708496,
            0.05161690711975098,
            0.08376908302307129,
            0.07989931106567383,
            0.3112375736236572,
            0.04936575889587402,
            0.0545961856842041,
            0.07131123542785645,
            0.3813822269439697,
            0.050437211990356445,
            0.07197380065917969,
            0.07244014739990234,
            0.3387110233306885,
            0.04881930351257324,
            0.07170295715332031,
            0.06992149353027344,
            0.3618180751800537,
            0.04767870903015137,
            0.0716392993927002,
            0.07511258125305176,
            0.28435492515563965,
            0.04857158660888672,
            0.07122945785522461,
            0.06914424896240234,
            0.41507554054260254,
            0.05128026008605957
        ],
        "fit_computation_times": [
            0.533696174621582,
            0.537041187286377,
            0.5902857780456543,
            0.593437910079956
        ]
    },
    "elapsed": 13.237352132797241
}