{
    "tensor_name": "enron",
    "sampler": "larsen_kolda_hybrid",
    "R": 125,
    "J": 196608,
    "trial": 3,
    "preprocessing": "log_count",
    "initialization": "rrf",
    "max_iterations": 40,
    "stop_tolerance": 0.0001,
    "tensor_order": 4,
    "trace": {
        "iterations": [
            0,
            5,
            10,
            15,
            20,
            25,
            30,
            35,
            40
        ],
        "fits": [
            -20252701220802.37,
            0.08785206813878077,
            0.1177414468390382,
            0.11862427712438173,
            0.11123890218797117,
            0.12588841597829026,
            0.12071444492395156,
            0.1285610132611985,
            0.12402057132983668
        ],
        "update_times": [
            0.1063690185546875,
            0.11104178428649902,
            0.30138230323791504,
            0.0935816764831543,
            0.1217348575592041,
            0.10805368423461914,
            0.3476889133453369,
            0.0928502082824707,
            0.11564970016479492,
            0.11118125915527344,
            0.47452259063720703,
            0.09313654899597168,
            0.12805652618408203,
            0.11484193801879883,
            0.4935004711151123,
            0.09268450736999512,
            0.13128662109375,
            0.11440491676330566,
            0.4083528518676758,
            0.09445405006408691,
            0.09389472007751465,
            0.1259322166442871,
            0.4233591556549072,
            0.08913111686706543,
            0.1350083351135254,
            0.1277604103088379,
            0.40067219734191895,
            0.09448456764221191,
            0.1321096420288086,
            0.12201046943664551,
            0.4579489231109619,
            0.0888676643371582,
            0.12543582916259766,
            0.10754990577697754,
            0.42995691299438477,
            0.08682465553283691,
            0.12915587425231934,
            0.11929583549499512,
            0.46393728256225586,
            0.08912229537963867,
            0.15130949020385742,
            0.12023353576660156,
            0.45345282554626465,
            0.09342551231384277,
            0.14493179321289062,
            0.13506722450256348,
            0.44405698776245117,
            0.09236621856689453,
            0.13200640678405762,
            0.12360930442810059,
            0.505988359451294,
            0.09262871742248535,
            0.13134169578552246,
            0.12630271911621094,
            0.5288586616516113,
            0.09390854835510254,
            0.1288440227508545,
            0.12146735191345215,
            0.3702049255371094,
            0.10310196876525879,
            0.10547542572021484,
            0.12093472480773926,
            0.38425183296203613,
            0.09061884880065918,
            0.11445903778076172,
            0.12067317962646484,
            0.3888106346130371,
            0.09030032157897949,
            0.138108491897583,
            0.11892127990722656,
            0.3920595645904541,
            0.0943601131439209,
            0.13105344772338867,
            0.12261295318603516,
            0.4236409664154053,
            0.08913540840148926,
            0.12290287017822266,
            0.11238837242126465,
            0.37280774116516113,
            0.08204936981201172,
            0.08627963066101074,
            0.10386514663696289,
            0.4116804599761963,
            0.10038208961486816,
            0.11830735206604004,
            0.1234428882598877,
            0.37525439262390137,
            0.10472750663757324,
            0.11679339408874512,
            0.11811208724975586,
            0.36670398712158203,
            0.08854913711547852,
            0.1213693618774414,
            0.12040352821350098,
            0.4269258975982666,
            0.08961606025695801,
            0.1117243766784668,
            0.11191344261169434,
            0.47983360290527344,
            0.09389209747314453,
            0.09320759773254395,
            0.12315750122070312,
            0.398970365524292,
            0.08959388732910156,
            0.12021732330322266,
            0.11370587348937988,
            0.4455831050872803,
            0.08504104614257812,
            0.11802220344543457,
            0.10962677001953125,
            0.39864253997802734,
            0.09511923789978027,
            0.1337261199951172,
            0.10675382614135742,
            0.3645045757293701,
            0.08684396743774414,
            0.11648344993591309,
            0.10281848907470703,
            0.42365550994873047,
            0.12569189071655273,
            0.09192252159118652,
            0.10315537452697754,
            0.35932040214538574,
            0.11117815971374512,
            0.12656831741333008,
            0.12224149703979492,
            0.3700838088989258,
            0.09061646461486816,
            0.11286640167236328,
            0.11098361015319824,
            0.4424920082092285,
            0.08794379234313965,
            0.13028907775878906,
            0.14183497428894043,
            0.5090587139129639,
            0.09251117706298828,
            0.13446640968322754,
            0.12811923027038574,
            0.4063239097595215,
            0.0970761775970459,
            0.09690451622009277,
            0.11780476570129395,
            0.35735154151916504,
            0.0899953842163086,
            0.12145566940307617,
            0.12485742568969727,
            0.5133435726165771,
            0.09090447425842285,
            0.132981538772583,
            0.1276233196258545,
            0.37360715866088867,
            0.09170269966125488,
            0.12537384033203125,
            0.12223482131958008,
            0.391019344329834,
            0.10778379440307617,
            0.13126564025878906,
            0.12540483474731445,
            0.389326810836792,
            0.10529041290283203
        ],
        "fit_computation_times": [
            0.7283074855804443,
            0.7296111583709717,
            0.8040487766265869,
            0.7271983623504639,
            0.7379412651062012,
            0.7378833293914795,
            0.7437539100646973,
            0.7438783645629883
        ]
    },
    "elapsed": 36.877551317214966
}