{
    "tensor_name": "enron",
    "sampler": "efficient",
    "R": 75,
    "J": 65536,
    "trial": 1,
    "preprocessing": "log_count",
    "initialization": "rrf",
    "max_iterations": 40,
    "stop_tolerance": 0.0001,
    "tensor_order": 4,
    "trace": {
        "iterations": [
            0,
            5,
            10,
            15,
            20,
            25,
            30,
            35,
            40
        ],
        "fits": [
            -15470383400008.117,
            0.12677527728881277,
            0.13301614390564054,
            0.1350622800339063,
            0.1357776108171871,
            0.13628894702665395,
            0.13639397813316323,
            0.13668980662917518,
            0.13693071475716057
        ],
        "update_times": [
            0.1982567310333252,
            0.20561647415161133,
            0.4988076686859131,
            0.19368195533752441,
            0.1873323917388916,
            0.22811579704284668,
            0.7103979587554932,
            0.21616315841674805,
            0.20496344566345215,
            0.23058557510375977,
            0.8871850967407227,
            0.2034003734588623,
            0.2384319305419922,
            0.22332191467285156,
            0.7162659168243408,
            0.20742344856262207,
            0.20255041122436523,
            0.22609281539916992,
            0.7378215789794922,
            0.20193767547607422,
            0.19110345840454102,
            0.2326498031616211,
            0.8163261413574219,
            0.20535969734191895,
            0.2041945457458496,
            0.23021674156188965,
            0.7977886199951172,
            0.2266228199005127,
            0.206451416015625,
            0.2576584815979004,
            0.761422872543335,
            0.2140648365020752,
            0.18744516372680664,
            0.22300004959106445,
            0.7671144008636475,
            0.19445538520812988,
            0.21636104583740234,
            0.24831342697143555,
            0.7925131320953369,
            0.2057948112487793,
            0.2066948413848877,
            0.22526192665100098,
            0.782468318939209,
            0.20139479637145996,
            0.20066475868225098,
            0.22289514541625977,
            0.8259735107421875,
            0.20100688934326172,
            0.20130085945129395,
            0.2199244499206543,
            0.7456049919128418,
            0.20389008522033691,
            0.19564032554626465,
            0.218522310256958,
            0.7904655933380127,
            0.2014939785003662,
            0.1965792179107666,
            0.2182767391204834,
            0.7948696613311768,
            0.1983625888824463,
            0.19218063354492188,
            0.2876102924346924,
            0.8340549468994141,
            0.20463204383850098,
            0.2006065845489502,
            0.22761249542236328,
            0.816063642501831,
            0.2025146484375,
            0.2040252685546875,
            0.23482537269592285,
            0.7735645771026611,
            0.205277681350708,
            0.20752787590026855,
            0.22733211517333984,
            0.7889900207519531,
            0.19588613510131836,
            0.2071371078491211,
            0.269089937210083,
            0.8672969341278076,
            0.20762300491333008,
            0.2132875919342041,
            0.2241194248199463,
            0.7535755634307861,
            0.19432497024536133,
            0.19542288780212402,
            0.24648571014404297,
            0.7773146629333496,
            0.2053849697113037,
            0.20013093948364258,
            0.23007535934448242,
            0.7918808460235596,
            0.20170378684997559,
            0.20148181915283203,
            0.26551222801208496,
            0.7901906967163086,
            0.20878314971923828,
            0.2002706527709961,
            0.23005294799804688,
            0.8265895843505859,
            0.2008206844329834,
            0.1885852813720703,
            0.2275376319885254,
            0.8311538696289062,
            0.19797348976135254,
            0.20721888542175293,
            0.24921607971191406,
            0.8500580787658691,
            0.2055206298828125,
            0.19894695281982422,
            0.2313847541809082,
            0.8395977020263672,
            0.22380518913269043,
            0.22112011909484863,
            0.22786593437194824,
            0.7998347282409668,
            0.19767069816589355,
            0.21777844429016113,
            0.23784089088439941,
            0.8114228248596191,
            0.20690011978149414,
            0.19393253326416016,
            0.22844481468200684,
            0.8241186141967773,
            0.2056128978729248,
            0.20013427734375,
            0.24013304710388184,
            0.7863621711730957,
            0.20662236213684082,
            0.21440982818603516,
            0.24945902824401855,
            0.7530567646026611,
            0.19484376907348633,
            0.20180606842041016,
            0.22972416877746582,
            0.7965965270996094,
            0.19669580459594727,
            0.20248866081237793,
            0.23305773735046387,
            0.8480637073516846,
            0.2019340991973877,
            0.19960904121398926,
            0.22554874420166016,
            0.772794246673584,
            0.20021581649780273,
            0.20202136039733887,
            0.22133445739746094,
            0.8076977729797363,
            0.19701600074768066,
            0.20311880111694336,
            0.2787806987762451,
            0.7654109001159668,
            0.20834779739379883,
            0.2012157440185547,
            0.23200201988220215,
            0.7489676475524902,
            0.19867539405822754,
            0.20331072807312012,
            0.23317337036132812,
            0.821282148361206,
            0.19902706146240234
        ],
        "fit_computation_times": [
            0.550952672958374,
            0.5488491058349609,
            0.5486762523651123,
            0.5109829902648926,
            0.5465247631072998,
            0.5568463802337646,
            0.549943208694458,
            0.5280404090881348
        ]
    },
    "elapsed": 62.08104968070984
}