{
    "tensor_name": "enron",
    "sampler": "efficient",
    "R": 125,
    "J": 1638400,
    "trial": 1,
    "preprocessing": "log_count",
    "initialization": "rrf",
    "max_iterations": 40,
    "stop_tolerance": 0.0001,
    "tensor_order": 4,
    "trace": {
        "iterations": [
            0,
            5,
            10,
            15,
            20,
            25,
            30,
            35,
            40
        ],
        "fits": [
            -20316901577585.04,
            0.1609231909658555,
            0.1666363982633724,
            0.16842651162582734,
            0.1695182318973335,
            0.17014063703981808,
            0.1706350954146919,
            0.17112398771079207,
            0.1713976576098467
        ],
        "update_times": [
            10.419923543930054,
            10.121231317520142,
            8.799161195755005,
            11.422940731048584,
            10.394459247589111,
            10.222367525100708,
            8.53453016281128,
            12.14324402809143,
            11.228837013244629,
            10.791526556015015,
            9.201956510543823,
            12.239511489868164,
            10.846893548965454,
            10.777682304382324,
            9.09311318397522,
            12.093531847000122,
            10.675471782684326,
            10.84844183921814,
            8.96507740020752,
            12.14335322380066,
            10.712822198867798,
            10.740158319473267,
            9.10808801651001,
            12.150321245193481,
            11.10999608039856,
            11.444419860839844,
            9.000655889511108,
            12.281665325164795,
            10.995810508728027,
            11.002052307128906,
            9.262515306472778,
            12.556718349456787,
            10.91514539718628,
            10.761478424072266,
            8.805800676345825,
            12.36412239074707,
            11.009004592895508,
            11.10080099105835,
            9.209937334060669,
            12.394392251968384,
            11.000970602035522,
            11.156880140304565,
            9.2874276638031,
            12.459267139434814,
            10.867720603942871,
            10.915957927703857,
            8.986169815063477,
            12.288261413574219,
            10.787781476974487,
            10.714616298675537,
            9.128377914428711,
            12.114343166351318,
            10.730412006378174,
            10.833585739135742,
            8.848135948181152,
            12.20174503326416,
            10.708561420440674,
            10.63039755821228,
            9.158709287643433,
            11.99317193031311,
            10.644395589828491,
            10.889467000961304,
            9.038815021514893,
            12.12175726890564,
            10.84838318824768,
            10.91126298904419,
            9.177696704864502,
            12.454420804977417,
            10.560113668441772,
            10.73196816444397,
            8.93503212928772,
            12.314953327178955,
            10.835514783859253,
            10.842783689498901,
            9.077925682067871,
            12.516631364822388,
            10.767865896224976,
            10.743952512741089,
            8.908674240112305,
            12.44879937171936,
            10.66381025314331,
            10.662035465240479,
            9.058224201202393,
            12.362228393554688,
            10.990816116333008,
            10.85789680480957,
            9.350250005722046,
            12.80643105506897,
            11.20515489578247,
            10.84750247001648,
            9.410213708877563,
            12.95304799079895,
            10.804290294647217,
            10.75850534439087,
            9.245647668838501,
            12.325745820999146,
            10.777183771133423,
            10.682937622070312,
            8.90213942527771,
            12.27385950088501,
            10.941517114639282,
            10.919778108596802,
            8.986161231994629,
            12.268850564956665,
            11.666798114776611,
            11.200475454330444,
            9.14985966682434,
            12.455613374710083,
            10.839643239974976,
            10.965946435928345,
            8.9945809841156,
            12.229043960571289,
            10.834203720092773,
            10.530601263046265,
            8.885036945343018,
            12.369623184204102,
            11.218189239501953,
            10.851154804229736,
            8.80788278579712,
            12.345173597335815,
            10.765912055969238,
            10.669239282608032,
            9.334567070007324,
            12.347037076950073,
            11.00988245010376,
            10.584085464477539,
            8.957516193389893,
            12.12805962562561,
            10.589763402938843,
            10.67702054977417,
            9.134453535079956,
            12.31062936782837,
            10.825917959213257,
            10.82201623916626,
            8.983247756958008,
            12.17372441291809,
            10.743085622787476,
            10.849768161773682,
            9.512990474700928,
            12.744626522064209,
            11.061909675598145,
            11.284624814987183,
            9.299605131149292,
            12.445235252380371,
            11.095179796218872,
            11.415968894958496,
            9.28737473487854,
            12.713786840438843,
            10.730732917785645,
            10.84399127960205,
            9.118107557296753,
            12.52788758277893,
            10.741441011428833,
            10.802501440048218,
            8.914552450180054,
            12.56165361404419,
            10.92366075515747,
            10.893321990966797,
            9.085360765457153,
            12.324356317520142
        ],
        "fit_computation_times": [
            0.7719206809997559,
            0.7859320640563965,
            0.7822265625,
            0.8069736957550049,
            0.8354902267456055,
            0.8082916736602783,
            0.794478178024292,
            0.7935276031494141
        ]
    },
    "elapsed": 1731.3178842067719
}