{
    "tensor_name": "enron",
    "sampler": "larsen_kolda_hybrid",
    "R": 25,
    "J": 327680,
    "trial": 0,
    "preprocessing": "log_count",
    "initialization": "rrf",
    "max_iterations": 40,
    "stop_tolerance": 0.0001,
    "tensor_order": 4,
    "trace": {
        "iterations": [
            0,
            5,
            10,
            15,
            20,
            25,
            30,
            35,
            40
        ],
        "fits": [
            -9123655638010.395,
            0.09134207321077381,
            0.09336123086767689,
            0.09384873408558869,
            0.09255553810933459,
            0.09401620494951235,
            0.09355623954628078,
            0.09360846578735504,
            0.0939618191934648
        ],
        "update_times": [
            0.05269217491149902,
            0.06905531883239746,
            0.1825401782989502,
            0.04882454872131348,
            0.06146693229675293,
            0.06422591209411621,
            0.31536364555358887,
            0.04992270469665527,
            0.058069705963134766,
            0.06556248664855957,
            0.24433588981628418,
            0.05846834182739258,
            0.06216883659362793,
            0.07144641876220703,
            0.3177187442779541,
            0.052378177642822266,
            0.05565643310546875,
            0.06577229499816895,
            0.28318309783935547,
            0.04732990264892578,
            0.04216361045837402,
            0.0753328800201416,
            0.3205845355987549,
            0.0503084659576416,
            0.05688810348510742,
            0.06511688232421875,
            0.2815384864807129,
            0.050069570541381836,
            0.057024240493774414,
            0.07777738571166992,
            0.31337976455688477,
            0.050244808197021484,
            0.05646872520446777,
            0.06650876998901367,
            0.3043081760406494,
            0.0496213436126709,
            0.06195855140686035,
            0.0640714168548584,
            0.318406343460083,
            0.047449350357055664,
            0.042055368423461914,
            0.06691789627075195,
            0.270369291305542,
            0.05305624008178711,
            0.061325788497924805,
            0.06588363647460938,
            0.29294276237487793,
            0.04951357841491699,
            0.05779099464416504,
            0.06277012825012207,
            0.23626208305358887,
            0.05502796173095703,
            0.05724954605102539,
            0.06533122062683105,
            0.2494518756866455,
            0.06235551834106445,
            0.07397246360778809,
            0.07062911987304688,
            0.24245142936706543,
            0.05055403709411621,
            0.04381918907165527,
            0.06529784202575684,
            0.3044404983520508,
            0.048828840255737305,
            0.06344103813171387,
            0.06709766387939453,
            0.2330789566040039,
            0.05216073989868164,
            0.07406783103942871,
            0.06632852554321289,
            0.29865527153015137,
            0.05630636215209961,
            0.0633552074432373,
            0.06372570991516113,
            0.25046753883361816,
            0.05247068405151367,
            0.061563968658447266,
            0.06823849678039551,
            0.23973941802978516,
            0.05355477333068848,
            0.05092215538024902,
            0.06508278846740723,
            0.31191539764404297,
            0.048554182052612305,
            0.06113171577453613,
            0.06806612014770508,
            0.2983846664428711,
            0.049657583236694336,
            0.06317281723022461,
            0.06527495384216309,
            0.26195263862609863,
            0.0534825325012207,
            0.05928158760070801,
            0.06730818748474121,
            0.30152344703674316,
            0.05269289016723633,
            0.06842541694641113,
            0.06902480125427246,
            0.2792201042175293,
            0.053743839263916016,
            0.048810720443725586,
            0.0640709400177002,
            0.3259091377258301,
            0.05161118507385254,
            0.10423731803894043,
            0.06582093238830566,
            0.28437328338623047,
            0.05033278465270996,
            0.09725666046142578,
            0.06248664855957031,
            0.2916707992553711,
            0.049912214279174805,
            0.06694293022155762,
            0.09006237983703613,
            0.29335641860961914,
            0.04973578453063965,
            0.06794118881225586,
            0.06900548934936523,
            0.3044607639312744,
            0.0496828556060791,
            0.0554044246673584,
            0.06859350204467773,
            0.23318171501159668,
            0.05216693878173828,
            0.07394623756408691,
            0.06776809692382812,
            0.22078490257263184,
            0.049941301345825195,
            0.06489229202270508,
            0.0662381649017334,
            0.23330378532409668,
            0.05498695373535156,
            0.06259274482727051,
            0.06995272636413574,
            0.24231600761413574,
            0.05464792251586914,
            0.061981916427612305,
            0.06707549095153809,
            0.29273080825805664,
            0.05207228660583496,
            0.04369521141052246,
            0.06588459014892578,
            0.28806519508361816,
            0.05507159233093262,
            0.0620272159576416,
            0.06530451774597168,
            0.27858614921569824,
            0.04808688163757324,
            0.074737548828125,
            0.0798349380493164,
            0.31795215606689453,
            0.09242010116577148,
            0.06884264945983887,
            0.07041001319885254,
            0.2749333381652832,
            0.05103588104248047,
            0.05383157730102539,
            0.0650787353515625,
            0.293656587600708,
            0.05116534233093262
        ],
        "fit_computation_times": [
            0.10320234298706055,
            0.10637545585632324,
            0.09896993637084961,
            0.10447430610656738,
            0.1021261215209961,
            0.10562252998352051,
            0.10118222236633301,
            0.10375547409057617
        ]
    },
    "elapsed": 19.504769563674927
}