{
    "tensor_name": "enron",
    "sampler": "larsen_kolda_hybrid",
    "R": 125,
    "J": 98304,
    "trial": 0,
    "preprocessing": "log_count",
    "initialization": "rrf",
    "max_iterations": 40,
    "stop_tolerance": 0.0001,
    "tensor_order": 4,
    "trace": {
        "iterations": [
            0,
            5,
            10,
            15,
            20,
            25
        ],
        "fits": [
            -19456757732803.2,
            0.0319120265953613,
            0.08685219757124085,
            0.02358190300890195,
            0.04971285686401039,
            0.08672620233994488
        ],
        "update_times": [
            0.07032036781311035,
            0.07713913917541504,
            0.22052454948425293,
            0.05701088905334473,
            0.08371901512145996,
            0.08035612106323242,
            0.25289082527160645,
            0.058096885681152344,
            0.07999730110168457,
            0.08293318748474121,
            0.2739119529724121,
            0.05853629112243652,
            0.07869791984558105,
            0.08955693244934082,
            0.2506427764892578,
            0.06109476089477539,
            0.07538437843322754,
            0.10164713859558105,
            0.2677185535430908,
            0.07874083518981934,
            0.07101988792419434,
            0.0836937427520752,
            0.29475998878479004,
            0.058968544006347656,
            0.08163142204284668,
            0.07994508743286133,
            0.25146484375,
            0.0684962272644043,
            0.08081388473510742,
            0.0794680118560791,
            0.2890925407409668,
            0.057341575622558594,
            0.07902193069458008,
            0.07578444480895996,
            0.2597653865814209,
            0.05613374710083008,
            0.08416962623596191,
            0.08432292938232422,
            0.3102297782897949,
            0.06062889099121094,
            0.11275315284729004,
            0.11358118057250977,
            0.2674977779388428,
            0.056493282318115234,
            0.10675644874572754,
            0.08649396896362305,
            0.27250218391418457,
            0.05962967872619629,
            0.1289684772491455,
            0.1250462532043457,
            0.2610018253326416,
            0.05777263641357422,
            0.12817978858947754,
            0.09847307205200195,
            0.26358604431152344,
            0.06399726867675781,
            0.165374755859375,
            0.08667159080505371,
            0.2725250720977783,
            0.06414365768432617,
            0.1057741641998291,
            0.08040261268615723,
            0.341717004776001,
            0.057831525802612305,
            0.08138370513916016,
            0.07990312576293945,
            0.253554105758667,
            0.05988144874572754,
            0.08119821548461914,
            0.08083558082580566,
            0.24573922157287598,
            0.05926394462585449,
            0.08434677124023438,
            0.07978367805480957,
            0.27918481826782227,
            0.06512308120727539,
            0.1287240982055664,
            0.09193944931030273,
            0.32053542137145996,
            0.06182694435119629,
            0.12321639060974121,
            0.10171985626220703,
            0.2707056999206543,
            0.06157422065734863,
            0.10176682472229004,
            0.0907597541809082,
            0.2789344787597656,
            0.060735464096069336,
            0.08703303337097168,
            0.08247995376586914,
            0.25949978828430176,
            0.06343364715576172,
            0.0823354721069336,
            0.0792703628540039,
            0.265578031539917,
            0.08022427558898926,
            0.09305024147033691,
            0.12525558471679688,
            0.2951624393463135,
            0.0633080005645752
        ],
        "fit_computation_times": [
            0.7458581924438477,
            0.7442610263824463,
            0.7710287570953369,
            0.7605929374694824,
            0.7430410385131836
        ]
    },
    "elapsed": 17.666584491729736
}