{
    "tensor_name": "enron",
    "sampler": "efficient",
    "R": 75,
    "J": 1114112,
    "trial": 2,
    "preprocessing": "log_count",
    "initialization": "rrf",
    "max_iterations": 40,
    "stop_tolerance": 0.0001,
    "tensor_order": 4,
    "trace": {
        "iterations": [
            0,
            5,
            10,
            15,
            20,
            25,
            30,
            35,
            40
        ],
        "fits": [
            -16584884925152.523,
            0.13104504495278357,
            0.13441713435504554,
            0.13544656515677012,
            0.13608875975713985,
            0.13651407994797482,
            0.1367746685397475,
            0.13693269131287322,
            0.13705289578754531
        ],
        "update_times": [
            3.343860626220703,
            3.616581916809082,
            3.787482500076294,
            4.162989377975464,
            3.6461355686187744,
            3.2562882900238037,
            3.8893635272979736,
            4.19696569442749,
            3.4303181171417236,
            3.771481990814209,
            3.9862782955169678,
            3.8562896251678467,
            3.886427879333496,
            3.3933846950531006,
            3.9641408920288086,
            4.250900030136108,
            3.6605420112609863,
            3.5641298294067383,
            3.6114814281463623,
            3.8762097358703613,
            3.3271584510803223,
            3.474985361099243,
            3.888458013534546,
            3.651777505874634,
            3.342508554458618,
            3.336721897125244,
            3.533759832382202,
            3.886197566986084,
            3.5295462608337402,
            3.462110996246338,
            4.186887502670288,
            3.9787282943725586,
            3.6611642837524414,
            3.8978145122528076,
            3.4039971828460693,
            3.7232182025909424,
            3.3386476039886475,
            3.84814190864563,
            4.029427766799927,
            3.9611620903015137,
            3.3567399978637695,
            3.6325578689575195,
            3.4606380462646484,
            3.6212286949157715,
            3.3242599964141846,
            3.4960999488830566,
            3.453028440475464,
            3.780888080596924,
            3.4188437461853027,
            3.401549816131592,
            3.98299241065979,
            4.234131813049316,
            3.94765305519104,
            3.530771255493164,
            3.9553561210632324,
            4.402719259262085,
            3.379716157913208,
            3.6919162273406982,
            3.4378795623779297,
            3.757963180541992,
            3.634674549102783,
            3.816383123397827,
            3.7952167987823486,
            4.253632307052612,
            3.6186208724975586,
            3.8310317993164062,
            3.8946645259857178,
            4.140602111816406,
            3.91400408744812,
            3.524665117263794,
            3.888587713241577,
            3.80881667137146,
            3.46883487701416,
            3.3196709156036377,
            3.3504412174224854,
            3.8103106021881104,
            3.465533971786499,
            3.396775007247925,
            3.408233165740967,
            3.7697207927703857,
            3.4481382369995117,
            3.33771014213562,
            3.533198118209839,
            4.216750144958496,
            3.7961747646331787,
            3.9228479862213135,
            3.6590516567230225,
            3.6818606853485107,
            3.3853673934936523,
            3.387739658355713,
            4.096803426742554,
            4.473844289779663,
            3.3873329162597656,
            3.652667760848999,
            3.659944534301758,
            3.836111307144165,
            3.3823230266571045,
            3.316769599914551,
            3.386519432067871,
            3.8003652095794678,
            3.556586265563965,
            3.4324116706848145,
            3.699876546859741,
            3.8809471130371094,
            3.579806327819824,
            3.615039348602295,
            3.59254789352417,
            3.960120439529419,
            3.4653615951538086,
            3.3771421909332275,
            3.493885040283203,
            3.860112190246582,
            3.4258251190185547,
            3.864513397216797,
            3.6341712474823,
            3.8669724464416504,
            3.5829713344573975,
            3.3997881412506104,
            4.019913196563721,
            3.8052761554718018,
            3.422820568084717,
            3.447506904602051,
            3.5985233783721924,
            3.656261920928955,
            3.4849274158477783,
            3.326080322265625,
            3.35459041595459,
            3.765348196029663,
            3.335707187652588,
            3.4031593799591064,
            3.5201122760772705,
            3.7486186027526855,
            3.374418258666992,
            3.588290214538574,
            3.457857608795166,
            3.9092178344726562,
            3.6032798290252686,
            3.418529987335205,
            3.7097325325012207,
            3.8851327896118164,
            3.4269025325775146,
            3.484755039215088,
            3.7144808769226074,
            4.0627641677856445,
            3.389894962310791,
            3.3806111812591553,
            3.642294406890869,
            3.8592376708984375,
            3.434032917022705,
            3.4707555770874023,
            3.5421345233917236,
            3.8480823040008545,
            3.402097463607788,
            3.492469072341919,
            3.408146619796753,
            3.8000378608703613,
            3.7873477935791016,
            3.5398952960968018,
            3.3743457794189453,
            3.868671178817749
        ],
        "fit_computation_times": [
            0.5822525024414062,
            0.5720903873443604,
            0.553748369216919,
            0.5550310611724854,
            0.5542464256286621,
            0.5569965839385986,
            0.5317025184631348,
            0.5528895854949951
        ]
    },
    "elapsed": 590.4384865760803
}