{
    "tensor_name": "enron",
    "sampler": "larsen_kolda_hybrid",
    "R": 100,
    "J": 720896,
    "trial": 0,
    "preprocessing": "log_count",
    "initialization": "rrf",
    "max_iterations": 40,
    "stop_tolerance": 0.0001,
    "tensor_order": 4,
    "trace": {
        "iterations": [
            0,
            5,
            10,
            15,
            20,
            25,
            30,
            35,
            40
        ],
        "fits": [
            -17290852181215.15,
            0.14129800383744417,
            0.14197265379403434,
            0.1459025814639172,
            0.14651500689676844,
            0.14870946687388376,
            0.1464632665149821,
            0.14820684973771792,
            0.14923367906202256
        ],
        "update_times": [
            0.28675198554992676,
            0.27642369270324707,
            0.6498925685882568,
            0.267927885055542,
            0.28097081184387207,
            0.26366662979125977,
            0.8215382099151611,
            0.24678659439086914,
            0.24590158462524414,
            0.2587721347808838,
            0.882239818572998,
            0.2562422752380371,
            0.27948427200317383,
            0.28627920150756836,
            0.9008316993713379,
            0.2451801300048828,
            0.2652397155761719,
            0.2707383632659912,
            0.7980446815490723,
            0.24461698532104492,
            0.27512288093566895,
            0.2752876281738281,
            0.8928592205047607,
            0.2434382438659668,
            0.2617833614349365,
            0.2653219699859619,
            0.9309659004211426,
            0.23212361335754395,
            0.257704496383667,
            0.2711460590362549,
            0.8372533321380615,
            0.23699522018432617,
            0.2500181198120117,
            0.26731181144714355,
            0.881824254989624,
            0.2423229217529297,
            0.26390862464904785,
            0.2645454406738281,
            1.0336840152740479,
            0.26816344261169434,
            0.25258731842041016,
            0.2643723487854004,
            1.1025922298431396,
            0.23413538932800293,
            0.25441408157348633,
            0.26297783851623535,
            0.8939235210418701,
            0.24010276794433594,
            0.24948692321777344,
            0.27017760276794434,
            0.9892606735229492,
            0.2384319305419922,
            0.2736968994140625,
            0.27939844131469727,
            0.8912093639373779,
            0.2405562400817871,
            0.26288580894470215,
            0.26321840286254883,
            0.9859178066253662,
            0.23728489875793457,
            0.2581651210784912,
            0.26967430114746094,
            0.9055778980255127,
            0.2432713508605957,
            0.26488804817199707,
            0.26676177978515625,
            1.032785177230835,
            0.253345251083374,
            0.2669525146484375,
            0.2746715545654297,
            0.9281141757965088,
            0.23683643341064453,
            0.24712443351745605,
            0.27469944953918457,
            1.0792016983032227,
            0.22241544723510742,
            0.24177813529968262,
            0.2746908664703369,
            0.950913667678833,
            0.23809432983398438,
            0.2621879577636719,
            0.27257657051086426,
            1.0849123001098633,
            0.25614190101623535,
            0.2482156753540039,
            0.25631237030029297,
            1.0045843124389648,
            0.23772192001342773,
            0.27881908416748047,
            0.28830933570861816,
            1.0619990825653076,
            0.24593567848205566,
            0.2628293037414551,
            0.2760734558105469,
            0.9953160285949707,
            0.2500646114349365,
            0.2618534564971924,
            0.27739500999450684,
            0.8749330043792725,
            0.2379007339477539,
            0.26300597190856934,
            0.26184940338134766,
            0.9033834934234619,
            0.2257227897644043,
            0.2608339786529541,
            0.2926030158996582,
            0.878486156463623,
            0.23419618606567383,
            0.24701595306396484,
            0.27758073806762695,
            1.0482923984527588,
            0.23779726028442383,
            0.26387906074523926,
            0.2711756229400635,
            0.9628546237945557,
            0.27568840980529785,
            0.2732584476470947,
            0.2633659839630127,
            1.0440788269042969,
            0.23177790641784668,
            0.2565124034881592,
            0.27028346061706543,
            1.0004644393920898,
            0.23473429679870605,
            0.2566678524017334,
            0.2774536609649658,
            0.8319873809814453,
            0.2353518009185791,
            0.25096654891967773,
            0.2579171657562256,
            1.0592725276947021,
            0.2429196834564209,
            0.2595341205596924,
            0.2913079261779785,
            0.8689754009246826,
            0.2608163356781006,
            0.2799701690673828,
            0.26866674423217773,
            0.9172201156616211,
            0.24901485443115234,
            0.28235840797424316,
            0.29148030281066895,
            0.8871610164642334,
            0.24832868576049805,
            0.26323723793029785,
            0.28556251525878906,
            0.9706864356994629,
            0.25501394271850586,
            0.2643091678619385,
            0.29860544204711914,
            0.9810309410095215,
            0.22206354141235352,
            0.2434089183807373,
            0.26917481422424316,
            0.9627571105957031,
            0.23444771766662598,
            0.2415609359741211,
            0.2498481273651123,
            1.0461277961730957,
            0.2532327175140381
        ],
        "fit_computation_times": [
            0.6794850826263428,
            0.6799685955047607,
            0.6547954082489014,
            0.6639995574951172,
            0.6223752498626709,
            0.6886920928955078,
            0.6384766101837158,
            0.6421091556549072
        ]
    },
    "elapsed": 74.91803121566772
}