{
    "tensor_name": "enron",
    "sampler": "efficient",
    "R": 25,
    "J": 1769472,
    "trial": 2,
    "preprocessing": "log_count",
    "initialization": "rrf",
    "max_iterations": 40,
    "stop_tolerance": 0.0001,
    "tensor_order": 4,
    "trace": {
        "iterations": [
            0,
            5,
            10,
            15,
            20,
            25,
            30,
            35,
            40
        ],
        "fits": [
            -8603458800621.162,
            0.09463656343426774,
            0.0976586532935102,
            0.09809552095614416,
            0.09829824192117809,
            0.09838813550942405,
            0.09842657656191156,
            0.09844789933048126,
            0.09846376967245507
        ],
        "update_times": [
            1.1901288032531738,
            1.1445846557617188,
            1.1740498542785645,
            1.2104594707489014,
            1.2709884643554688,
            1.188899040222168,
            1.2952685356140137,
            1.2261862754821777,
            1.2207531929016113,
            1.2049942016601562,
            1.104956865310669,
            1.259476900100708,
            1.2535409927368164,
            1.210902452468872,
            1.1146175861358643,
            1.2232255935668945,
            1.2264044284820557,
            1.1747469902038574,
            1.124202013015747,
            1.452704906463623,
            1.3945868015289307,
            1.3668417930603027,
            1.3341031074523926,
            1.8136820793151855,
            1.5823948383331299,
            1.5805771350860596,
            1.1250698566436768,
            1.1982173919677734,
            1.2964093685150146,
            1.2550897598266602,
            1.1726856231689453,
            1.2266948223114014,
            1.297975778579712,
            1.202481746673584,
            1.0835027694702148,
            1.227118968963623,
            1.2869691848754883,
            1.230888843536377,
            1.1133294105529785,
            1.2676501274108887,
            1.2593295574188232,
            1.1971261501312256,
            1.163330078125,
            1.28989839553833,
            1.3794100284576416,
            1.2060153484344482,
            1.1066594123840332,
            1.2123968601226807,
            1.2578892707824707,
            1.1974234580993652,
            1.104149580001831,
            1.217628002166748,
            1.336411476135254,
            1.1781995296478271,
            1.289032220840454,
            1.3307955265045166,
            1.505350112915039,
            1.3669145107269287,
            1.3777825832366943,
            1.3768401145935059,
            1.325268030166626,
            1.210172176361084,
            1.2049424648284912,
            1.2672944068908691,
            1.2981297969818115,
            1.2628858089447021,
            1.3275413513183594,
            1.5356078147888184,
            1.3976154327392578,
            1.1719093322753906,
            1.1086115837097168,
            1.2437777519226074,
            1.3042213916778564,
            1.2224996089935303,
            1.2470178604125977,
            1.2940340042114258,
            1.3276169300079346,
            1.204590082168579,
            1.2862796783447266,
            1.319688081741333,
            1.2990031242370605,
            1.2020080089569092,
            1.1245403289794922,
            1.2384753227233887,
            1.3336904048919678,
            1.213892936706543,
            1.1735355854034424,
            1.2880046367645264,
            1.375417709350586,
            1.2932648658752441,
            1.3977453708648682,
            1.2716915607452393,
            1.4040813446044922,
            1.291578769683838,
            1.1437230110168457,
            1.2560384273529053,
            1.3659586906433105,
            1.2076630592346191,
            1.6615700721740723,
            1.3331799507141113,
            1.4242238998413086,
            1.4336233139038086,
            1.3558247089385986,
            1.3993034362792969,
            1.504410743713379,
            1.353234052658081,
            1.2878966331481934,
            1.3284428119659424,
            1.4076199531555176,
            1.261831521987915,
            1.3055992126464844,
            1.36490797996521,
            1.4122223854064941,
            1.3162336349487305,
            1.3619749546051025,
            1.513474464416504,
            1.6855037212371826,
            1.2209811210632324,
            1.2077765464782715,
            1.337373971939087,
            1.4118051528930664,
            1.3552155494689941,
            1.184168815612793,
            1.3618979454040527,
            1.4048347473144531,
            1.322988510131836,
            1.1576437950134277,
            1.5017156600952148,
            1.3535919189453125,
            1.2597301006317139,
            1.1120777130126953,
            1.25758957862854,
            1.3041601181030273,
            1.1910285949707031,
            1.147634744644165,
            1.2698912620544434,
            1.3195338249206543,
            1.1890971660614014,
            1.1381242275238037,
            1.2408244609832764,
            1.2863101959228516,
            1.203669786453247,
            1.1305572986602783,
            1.2343182563781738,
            1.2984158992767334,
            1.1775853633880615,
            1.1239843368530273,
            1.2330775260925293,
            1.3223984241485596,
            1.2092888355255127,
            1.1233725547790527,
            1.209444284439087,
            1.3131885528564453,
            1.2997901439666748,
            1.196209192276001,
            1.351402759552002,
            1.350816011428833,
            1.3696672916412354,
            1.3083906173706055,
            1.2268812656402588
        ],
        "fit_computation_times": [
            0.07285094261169434,
            0.0682377815246582,
            0.07184004783630371,
            0.08096814155578613,
            0.07455730438232422,
            0.07836461067199707,
            0.0686190128326416,
            0.07244873046875
        ]
    },
    "elapsed": 205.7246081829071
}