{
    "tensor_name": "enron",
    "sampler": "efficient",
    "R": 125,
    "J": 32768,
    "trial": 3,
    "preprocessing": "log_count",
    "initialization": "rrf",
    "max_iterations": 40,
    "stop_tolerance": 0.0001,
    "tensor_order": 4,
    "trace": {
        "iterations": [
            0,
            5,
            10,
            15,
            20,
            25,
            30,
            35,
            40
        ],
        "fits": [
            -19819741926689.418,
            0.16779352181857832,
            0.17741095303496546,
            0.17901142747972043,
            0.17978974957565252,
            0.17997273328511776,
            0.18087261235155105,
            0.1800944997063011,
            0.18184737659521988
        ],
        "update_times": [
            0.26139140129089355,
            0.27277660369873047,
            0.5096137523651123,
            0.30806565284729004,
            0.2458810806274414,
            0.27437829971313477,
            1.0036354064941406,
            0.281780481338501,
            0.2483377456665039,
            0.2997777462005615,
            1.1472721099853516,
            0.272566556930542,
            0.2454206943511963,
            0.30302906036376953,
            1.1466965675354004,
            0.27120280265808105,
            0.25986695289611816,
            0.3026578426361084,
            1.2514886856079102,
            0.27066516876220703,
            0.23513412475585938,
            0.3051276206970215,
            1.2230477333068848,
            0.2709217071533203,
            0.24997162818908691,
            0.30602145195007324,
            1.2728533744812012,
            0.29351806640625,
            0.24702143669128418,
            0.323350191116333,
            1.136603832244873,
            0.2753431797027588,
            0.24393081665039062,
            0.3080885410308838,
            1.2468504905700684,
            0.279923677444458,
            0.24952244758605957,
            0.29489564895629883,
            1.1914405822753906,
            0.2759547233581543,
            0.24172306060791016,
            0.3138434886932373,
            1.1329374313354492,
            0.27324891090393066,
            0.24323606491088867,
            0.32181477546691895,
            1.215684175491333,
            0.2846074104309082,
            0.24544215202331543,
            0.3167870044708252,
            1.2442712783813477,
            0.28044557571411133,
            0.24457240104675293,
            0.30860447883605957,
            1.155515193939209,
            0.2804679870605469,
            0.24021005630493164,
            0.3052096366882324,
            1.1950690746307373,
            0.3095419406890869,
            0.23712587356567383,
            0.2995777130126953,
            1.2525205612182617,
            0.2736659049987793,
            0.26485586166381836,
            0.31588244438171387,
            1.2010838985443115,
            0.2712876796722412,
            0.26357007026672363,
            0.32782959938049316,
            1.1862919330596924,
            0.2767791748046875,
            0.24358654022216797,
            0.3101768493652344,
            1.1894190311431885,
            0.28046488761901855,
            0.2579224109649658,
            0.31667590141296387,
            1.207763433456421,
            0.277545690536499,
            0.2374889850616455,
            0.32695984840393066,
            1.2233667373657227,
            0.27687692642211914,
            0.2476949691772461,
            0.31276941299438477,
            1.2302687168121338,
            0.2805144786834717,
            0.2491014003753662,
            0.3029897212982178,
            1.3486433029174805,
            0.26650309562683105,
            0.24638772010803223,
            0.3170747756958008,
            1.2236573696136475,
            0.30612683296203613,
            0.25641703605651855,
            0.31299519538879395,
            1.2706687450408936,
            0.26805996894836426,
            0.2539987564086914,
            0.3231165409088135,
            1.2299160957336426,
            0.2870488166809082,
            0.24185824394226074,
            0.3276047706604004,
            1.2461423873901367,
            0.2784538269042969,
            0.23926448822021484,
            0.32242703437805176,
            1.2136201858520508,
            0.27514004707336426,
            0.23293185234069824,
            0.2991812229156494,
            1.20701265335083,
            0.2647418975830078,
            0.23257136344909668,
            0.3048744201660156,
            1.2392468452453613,
            0.27884888648986816,
            0.25115251541137695,
            0.3264012336730957,
            1.2256975173950195,
            0.28424739837646484,
            0.250760555267334,
            0.38588809967041016,
            1.2613470554351807,
            0.28194475173950195,
            0.24698901176452637,
            0.31243014335632324,
            1.2054710388183594,
            0.277177095413208,
            0.25343823432922363,
            0.2937803268432617,
            1.162494421005249,
            0.2667965888977051,
            0.25043296813964844,
            0.3116624355316162,
            1.2256033420562744,
            0.28737831115722656,
            0.2456376552581787,
            0.338930606842041,
            1.150578498840332,
            0.2801332473754883,
            0.26691389083862305,
            0.31783270835876465,
            1.1812903881072998,
            0.27089595794677734,
            0.25200676918029785,
            0.31162548065185547,
            1.1110732555389404,
            0.27158474922180176,
            0.23836445808410645,
            0.3064742088317871,
            1.1524488925933838,
            0.309481143951416,
            0.23933887481689453,
            0.30380797386169434,
            1.1585028171539307,
            0.2701151371002197
        ],
        "fit_computation_times": [
            0.7657907009124756,
            0.7263228893280029,
            0.759718656539917,
            0.7697770595550537,
            0.7789053916931152,
            0.7529840469360352,
            0.7645876407623291,
            0.748629093170166
        ]
    },
    "elapsed": 87.82456851005554
}