{
    "tensor_name": "enron",
    "sampler": "larsen_kolda_hybrid",
    "R": 50,
    "J": 196608,
    "trial": 1,
    "preprocessing": "log_count",
    "initialization": "rrf",
    "max_iterations": 40,
    "stop_tolerance": 0.0001,
    "tensor_order": 4,
    "trace": {
        "iterations": [
            0,
            5,
            10,
            15,
            20,
            25,
            30,
            35
        ],
        "fits": [
            -12555584789753.105,
            0.10064157188286782,
            0.10681811770341243,
            0.10826847050913213,
            0.11143136456349323,
            0.09108367439042453,
            0.10960463493623163,
            -0.006589083102530813
        ],
        "update_times": [
            0.05994153022766113,
            0.07535982131958008,
            0.21022510528564453,
            0.04644274711608887,
            0.07409405708312988,
            0.07817530632019043,
            0.3272244930267334,
            0.04741501808166504,
            0.07576465606689453,
            0.08294486999511719,
            0.3796653747558594,
            0.05549907684326172,
            0.08462214469909668,
            0.07980084419250488,
            0.37621450424194336,
            0.04967498779296875,
            0.07798171043395996,
            0.07487154006958008,
            0.38642024993896484,
            0.04869675636291504,
            0.04637575149536133,
            0.07245254516601562,
            0.3558385372161865,
            0.04602336883544922,
            0.06344342231750488,
            0.07310676574707031,
            0.3263568878173828,
            0.05274844169616699,
            0.07780075073242188,
            0.07573294639587402,
            0.3654773235321045,
            0.059290170669555664,
            0.06776642799377441,
            0.06816625595092773,
            0.2594475746154785,
            0.046070098876953125,
            0.0647435188293457,
            0.0678701400756836,
            0.28421902656555176,
            0.05783796310424805,
            0.05096554756164551,
            0.07010912895202637,
            0.267916202545166,
            0.05494236946105957,
            0.08064985275268555,
            0.07452154159545898,
            0.3773465156555176,
            0.04641866683959961,
            0.08275103569030762,
            0.07791280746459961,
            0.37975573539733887,
            0.04604339599609375,
            0.07422900199890137,
            0.10065007209777832,
            0.3110530376434326,
            0.04905891418457031,
            0.07262444496154785,
            0.07171845436096191,
            0.3889346122741699,
            0.05143475532531738,
            0.058716773986816406,
            0.0900881290435791,
            0.3598616123199463,
            0.04912376403808594,
            0.07149195671081543,
            0.08149456977844238,
            0.3637204170227051,
            0.044042348861694336,
            0.06799721717834473,
            0.06863212585449219,
            0.39367246627807617,
            0.05183839797973633,
            0.0863497257232666,
            0.07622671127319336,
            0.3982815742492676,
            0.04489636421203613,
            0.06392312049865723,
            0.07501888275146484,
            0.4007089138031006,
            0.04610419273376465,
            0.04877734184265137,
            0.07230401039123535,
            0.30517125129699707,
            0.050339698791503906,
            0.11080598831176758,
            0.08307361602783203,
            0.3038778305053711,
            0.04735898971557617,
            0.06272220611572266,
            0.0673069953918457,
            0.36052560806274414,
            0.0515599250793457,
            0.0693826675415039,
            0.07233452796936035,
            0.3313932418823242,
            0.04805779457092285,
            0.08304548263549805,
            0.07410287857055664,
            0.37163233757019043,
            0.052521467208862305,
            0.05200815200805664,
            0.06624841690063477,
            0.30782151222229004,
            0.05628347396850586,
            0.06692314147949219,
            0.07889151573181152,
            0.3948988914489746,
            0.05574798583984375,
            0.06899523735046387,
            0.06819295883178711,
            0.3688771724700928,
            0.05338406562805176,
            0.06951570510864258,
            0.07385587692260742,
            0.42057156562805176,
            0.054331302642822266,
            0.06474137306213379,
            0.07680273056030273,
            0.40964531898498535,
            0.05181431770324707,
            0.05653882026672363,
            0.1119387149810791,
            0.3320333957672119,
            0.05112481117248535,
            0.06710410118103027,
            0.06586241722106934,
            0.36735081672668457,
            0.04710078239440918,
            0.06264472007751465,
            0.06717753410339355,
            0.2810180187225342,
            0.04514646530151367,
            0.08693385124206543,
            0.08939027786254883,
            0.3808290958404541,
            0.052681684494018555,
            0.06647014617919922,
            0.07328104972839355,
            0.29104089736938477,
            0.05902981758117676
        ],
        "fit_computation_times": [
            0.30093884468078613,
            0.28812432289123535,
            0.2996487617492676,
            0.3079683780670166,
            0.3050072193145752,
            0.2938532829284668,
            0.32413578033447266
        ]
    },
    "elapsed": 21.492069244384766
}