{
    "tensor_name": "enron",
    "sampler": "efficient",
    "R": 75,
    "J": 65536,
    "trial": 3,
    "preprocessing": "log_count",
    "initialization": "rrf",
    "max_iterations": 40,
    "stop_tolerance": 0.0001,
    "tensor_order": 4,
    "trace": {
        "iterations": [
            0,
            5,
            10,
            15,
            20,
            25,
            30,
            35,
            40
        ],
        "fits": [
            -15653522899126.621,
            0.14145906302061395,
            0.14570839845002592,
            0.14673667095317589,
            0.14716292456904911,
            0.14754557662319245,
            0.1477918713890184,
            0.14803716822111324,
            0.14806776855660864
        ],
        "update_times": [
            0.20001435279846191,
            0.22144508361816406,
            0.513237476348877,
            0.2072129249572754,
            0.2010953426361084,
            0.23052692413330078,
            0.608471155166626,
            0.22123026847839355,
            0.2104644775390625,
            0.25152587890625,
            0.7423722743988037,
            0.23106169700622559,
            0.2158794403076172,
            0.24364614486694336,
            0.7588272094726562,
            0.22191071510314941,
            0.21841740608215332,
            0.2678678035736084,
            0.9390764236450195,
            0.21581673622131348,
            0.2102508544921875,
            0.27002406120300293,
            0.7026195526123047,
            0.21929407119750977,
            0.21234869956970215,
            0.2739875316619873,
            0.7333815097808838,
            0.22763848304748535,
            0.20383524894714355,
            0.24302887916564941,
            0.8341367244720459,
            0.22009897232055664,
            0.21631383895874023,
            0.256134033203125,
            0.7981395721435547,
            0.21177124977111816,
            0.20399975776672363,
            0.295795202255249,
            0.7958083152770996,
            0.22045683860778809,
            0.19611573219299316,
            0.24658703804016113,
            0.8627052307128906,
            0.21571040153503418,
            0.20881032943725586,
            0.2749619483947754,
            0.8468608856201172,
            0.21100926399230957,
            0.2065427303314209,
            0.265305757522583,
            0.8249993324279785,
            0.21530508995056152,
            0.22549962997436523,
            0.2592954635620117,
            0.871729850769043,
            0.21359729766845703,
            0.19568777084350586,
            0.25228118896484375,
            0.8542008399963379,
            0.21489930152893066,
            0.2050018310546875,
            0.2803506851196289,
            0.8570611476898193,
            0.214003324508667,
            0.21043181419372559,
            0.2571742534637451,
            0.8643839359283447,
            0.21305465698242188,
            0.21379303932189941,
            0.2521030902862549,
            0.822822093963623,
            0.21262001991271973,
            0.19777822494506836,
            0.2665984630584717,
            0.922022819519043,
            0.22584867477416992,
            0.19691872596740723,
            0.2381131649017334,
            0.7229881286621094,
            0.22025513648986816,
            0.20542073249816895,
            0.24952483177185059,
            0.8973848819732666,
            0.21818208694458008,
            0.22112464904785156,
            0.239854097366333,
            0.9611783027648926,
            0.21173834800720215,
            0.21015524864196777,
            0.2900669574737549,
            0.9185411930084229,
            0.22278809547424316,
            0.20480895042419434,
            0.24821972846984863,
            0.8672688007354736,
            0.2150123119354248,
            0.2096261978149414,
            0.25481653213500977,
            0.9362256526947021,
            0.2190403938293457,
            0.19555902481079102,
            0.2539534568786621,
            0.7556822299957275,
            0.22037363052368164,
            0.20941877365112305,
            0.2528727054595947,
            0.900583028793335,
            0.21494507789611816,
            0.21583271026611328,
            0.2841336727142334,
            0.918750524520874,
            0.21814441680908203,
            0.2067403793334961,
            0.24068450927734375,
            0.8892405033111572,
            0.21039581298828125,
            0.20703458786010742,
            0.24209213256835938,
            0.764122486114502,
            0.21125149726867676,
            0.20482397079467773,
            0.24920892715454102,
            0.9441967010498047,
            0.2122042179107666,
            0.20366191864013672,
            0.25078487396240234,
            0.9981653690338135,
            0.22173070907592773,
            0.2107248306274414,
            0.25954389572143555,
            0.996039628982544,
            0.2256302833557129,
            0.20148015022277832,
            0.2536594867706299,
            0.8121073246002197,
            0.21907258033752441,
            0.19509005546569824,
            0.24696063995361328,
            0.9052934646606445,
            0.21916937828063965,
            0.20450925827026367,
            0.27621936798095703,
            0.9314346313476562,
            0.20857810974121094,
            0.19937396049499512,
            0.2414240837097168,
            0.7497653961181641,
            0.19840216636657715,
            0.2032310962677002,
            0.306215763092041,
            0.7389793395996094,
            0.20830869674682617,
            0.2085881233215332,
            0.244659423828125,
            0.9001445770263672,
            0.21328163146972656,
            0.2043917179107666,
            0.23406052589416504,
            0.8420770168304443,
            0.21687555313110352
        ],
        "fit_computation_times": [
            0.5102310180664062,
            0.5138144493103027,
            0.5156705379486084,
            0.5378522872924805,
            0.5072746276855469,
            0.5472710132598877,
            0.6007747650146484,
            0.5404360294342041
        ]
    },
    "elapsed": 65.51967191696167
}