{
    "tensor_name": "enron",
    "sampler": "larsen_kolda_hybrid",
    "R": 75,
    "J": 458752,
    "trial": 0,
    "preprocessing": "log_count",
    "initialization": "rrf",
    "max_iterations": 40,
    "stop_tolerance": 0.0001,
    "tensor_order": 4,
    "trace": {
        "iterations": [
            0,
            5,
            10,
            15,
            20,
            25,
            30
        ],
        "fits": [
            -15013565116989.992,
            0.12237761669738945,
            0.12793193854508544,
            0.1306474403156106,
            0.12581597956038648,
            0.1268511946540889,
            0.12652633227961163
        ],
        "update_times": [
            0.14201569557189941,
            0.16595220565795898,
            0.42394161224365234,
            0.13424229621887207,
            0.16933703422546387,
            0.1739811897277832,
            0.8166744709014893,
            0.12907886505126953,
            0.15610909461975098,
            0.1596696376800537,
            0.6208055019378662,
            0.13365745544433594,
            0.16260218620300293,
            0.1725938320159912,
            0.8176064491271973,
            0.12693476676940918,
            0.16422653198242188,
            0.17449474334716797,
            0.7152390480041504,
            0.1316988468170166,
            0.1383528709411621,
            0.16497540473937988,
            0.7018468379974365,
            0.1293938159942627,
            0.21457457542419434,
            0.14977717399597168,
            0.8137197494506836,
            0.12677311897277832,
            0.15826940536499023,
            0.1602025032043457,
            0.8327810764312744,
            0.13101816177368164,
            0.15650153160095215,
            0.1621687412261963,
            0.7865657806396484,
            0.14199495315551758,
            0.16387152671813965,
            0.16522932052612305,
            0.8990569114685059,
            0.12791013717651367,
            0.1265578269958496,
            0.15655136108398438,
            0.7946817874908447,
            0.1295156478881836,
            0.16075444221496582,
            0.1716310977935791,
            0.7086544036865234,
            0.13643527030944824,
            0.1568760871887207,
            0.1585521697998047,
            0.7596118450164795,
            0.13207793235778809,
            0.1574563980102539,
            0.1495342254638672,
            0.7119882106781006,
            0.12549591064453125,
            0.17009592056274414,
            0.1691875457763672,
            0.7940869331359863,
            0.14078903198242188,
            0.1409282684326172,
            0.16550111770629883,
            0.8326916694641113,
            0.13469338417053223,
            0.16086101531982422,
            0.1674199104309082,
            0.7676119804382324,
            0.15247273445129395,
            0.16420388221740723,
            0.16913914680480957,
            0.8120594024658203,
            0.1308269500732422,
            0.161820650100708,
            0.17133498191833496,
            0.750312089920044,
            0.12065458297729492,
            0.15546250343322754,
            0.16330814361572266,
            0.8468658924102783,
            0.12374615669250488,
            0.1358780860900879,
            0.16489410400390625,
            0.856619119644165,
            0.12842154502868652,
            0.178544282913208,
            0.18250417709350586,
            0.9472522735595703,
            0.12111997604370117,
            0.15778827667236328,
            0.15578103065490723,
            0.8245279788970947,
            0.12139010429382324,
            0.15248417854309082,
            0.15650367736816406,
            0.8016479015350342,
            0.11806893348693848,
            0.17729878425598145,
            0.16582250595092773,
            0.6301085948944092,
            0.11671304702758789,
            0.1239922046661377,
            0.1701509952545166,
            0.6575441360473633,
            0.11605668067932129,
            0.1495053768157959,
            0.14774107933044434,
            0.719132661819458,
            0.12491989135742188,
            0.16329455375671387,
            0.15205907821655273,
            0.7311012744903564,
            0.1228024959564209,
            0.16784906387329102,
            0.17404413223266602,
            0.7968583106994629,
            0.1220393180847168,
            0.1723778247833252,
            0.18191170692443848,
            0.9331605434417725,
            0.13952064514160156
        ],
        "fit_computation_times": [
            0.5273542404174805,
            0.5440664291381836,
            0.5683958530426025,
            0.5314431190490723,
            0.5275619029998779,
            0.5171146392822266
        ]
    },
    "elapsed": 40.51291370391846
}