{
    "tensor_name": "enron",
    "sampler": "larsen_kolda_hybrid",
    "R": 100,
    "J": 196608,
    "trial": 2,
    "preprocessing": "log_count",
    "initialization": "rrf",
    "max_iterations": 40,
    "stop_tolerance": 0.0001,
    "tensor_order": 4,
    "trace": {
        "iterations": [
            0,
            5,
            10,
            15,
            20,
            25,
            30,
            35,
            40
        ],
        "fits": [
            -18837862520412.098,
            0.1080520613275745,
            0.11519480602235588,
            0.0942079037410053,
            0.10547922822310074,
            0.11840123360316357,
            0.11660264463228687,
            0.12453615492602033,
            0.10827706701650919
        ],
        "update_times": [
            0.08112788200378418,
            0.09588837623596191,
            0.22714638710021973,
            0.06945157051086426,
            0.09222888946533203,
            0.09596586227416992,
            0.3659961223602295,
            0.07072997093200684,
            0.1011514663696289,
            0.09649085998535156,
            0.38564252853393555,
            0.06705784797668457,
            0.10053610801696777,
            0.10251450538635254,
            0.4027419090270996,
            0.06662416458129883,
            0.10070943832397461,
            0.09953927993774414,
            0.3388063907623291,
            0.06874799728393555,
            0.07028579711914062,
            0.10858893394470215,
            0.3884398937225342,
            0.07438206672668457,
            0.10890936851501465,
            0.10242056846618652,
            0.3969614505767822,
            0.07437968254089355,
            0.11020493507385254,
            0.10132932662963867,
            0.4228346347808838,
            0.07299518585205078,
            0.10363173484802246,
            0.11295819282531738,
            0.4046328067779541,
            0.07152247428894043,
            0.11246395111083984,
            0.10209131240844727,
            0.3853907585144043,
            0.0722653865814209,
            0.07239079475402832,
            0.09366011619567871,
            0.4255988597869873,
            0.06909847259521484,
            0.09546589851379395,
            0.09718441963195801,
            0.4351491928100586,
            0.07027387619018555,
            0.09765172004699707,
            0.09871745109558105,
            0.41487646102905273,
            0.06905269622802734,
            0.09896087646484375,
            0.09612441062927246,
            0.42217183113098145,
            0.06988930702209473,
            0.10135865211486816,
            0.10707354545593262,
            0.4104118347167969,
            0.07413840293884277,
            0.06799507141113281,
            0.09835004806518555,
            0.475078821182251,
            0.06946015357971191,
            0.09624195098876953,
            0.10036373138427734,
            0.32979321479797363,
            0.07212471961975098,
            0.10311317443847656,
            0.09373641014099121,
            0.34618711471557617,
            0.0729684829711914,
            0.10484743118286133,
            0.0975196361541748,
            0.41081762313842773,
            0.06989121437072754,
            0.10638856887817383,
            0.10175251960754395,
            0.3992502689361572,
            0.07395577430725098,
            0.07041263580322266,
            0.10306859016418457,
            0.45496439933776855,
            0.07586479187011719,
            0.10294294357299805,
            0.10012412071228027,
            0.3578665256500244,
            0.13596153259277344,
            0.11045360565185547,
            0.1065833568572998,
            0.3661677837371826,
            0.06871724128723145,
            0.10042810440063477,
            0.10999846458435059,
            0.4124631881713867,
            0.07118940353393555,
            0.1990363597869873,
            0.10495853424072266,
            0.44536280632019043,
            0.07278156280517578,
            0.07684183120727539,
            0.0916745662689209,
            0.42199277877807617,
            0.06986832618713379,
            0.09244847297668457,
            0.09584212303161621,
            0.37923598289489746,
            0.07796454429626465,
            0.10493087768554688,
            0.11168146133422852,
            0.37235021591186523,
            0.07689189910888672,
            0.10977458953857422,
            0.11594700813293457,
            0.38015151023864746,
            0.07613039016723633,
            0.1015157699584961,
            0.09980916976928711,
            0.4363720417022705,
            0.06610894203186035,
            0.08668804168701172,
            0.10588216781616211,
            0.43935728073120117,
            0.07164621353149414,
            0.10693669319152832,
            0.11308121681213379,
            0.35401034355163574,
            0.07166528701782227,
            0.11060738563537598,
            0.11061739921569824,
            0.40197253227233887,
            0.07239365577697754,
            0.10558795928955078,
            0.10136842727661133,
            0.31461477279663086,
            0.07102394104003906,
            0.10628843307495117,
            0.1079094409942627,
            0.41292285919189453,
            0.07167482376098633,
            0.06616973876953125,
            0.09732580184936523,
            0.40915703773498535,
            0.08673429489135742,
            0.09980583190917969,
            0.1085197925567627,
            0.43947744369506836,
            0.07157301902770996,
            0.09665966033935547,
            0.10221219062805176,
            0.4107074737548828,
            0.07200980186462402,
            0.10843372344970703,
            0.1123499870300293,
            0.42372941970825195,
            0.07178950309753418,
            0.11262917518615723,
            0.10891509056091309,
            0.36720848083496094,
            0.07547402381896973
        ],
        "fit_computation_times": [
            0.6898798942565918,
            0.669053316116333,
            0.6828477382659912,
            0.685476541519165,
            0.6857380867004395,
            0.6977837085723877,
            0.6855876445770264,
            0.7036974430084229
        ]
    },
    "elapsed": 33.14893198013306
}