{
    "tensor_name": "enron",
    "sampler": "larsen_kolda_hybrid",
    "R": 75,
    "J": 983040,
    "trial": 3,
    "preprocessing": "log_count",
    "initialization": "rrf",
    "max_iterations": 40,
    "stop_tolerance": 0.0001,
    "tensor_order": 4,
    "trace": {
        "iterations": [
            0,
            5,
            10,
            15,
            20,
            25,
            30,
            35,
            40
        ],
        "fits": [
            -15156970435785.162,
            0.13478757578515965,
            0.1385959209208355,
            0.13931862910545934,
            0.14108110490628256,
            0.14013380867245095,
            0.141270186304149,
            0.1412225964235917,
            0.1408759255408114
        ],
        "update_times": [
            0.2743685245513916,
            0.2812960147857666,
            0.6903495788574219,
            0.2549102306365967,
            0.26410555839538574,
            0.28618788719177246,
            1.1107549667358398,
            0.24741888046264648,
            0.27462029457092285,
            0.2845475673675537,
            1.157120943069458,
            0.2425382137298584,
            0.2689018249511719,
            0.30119800567626953,
            1.1445865631103516,
            0.23893523216247559,
            0.2687828540802002,
            0.2735097408294678,
            1.1504881381988525,
            0.26709556579589844,
            0.2976398468017578,
            0.30028486251831055,
            1.37919282913208,
            0.25771522521972656,
            0.2889885902404785,
            0.2953310012817383,
            1.261425495147705,
            0.2487468719482422,
            0.28580141067504883,
            0.29037904739379883,
            1.313328742980957,
            0.24477887153625488,
            0.27721500396728516,
            0.27320241928100586,
            0.9592642784118652,
            0.25088000297546387,
            0.27279138565063477,
            0.27733945846557617,
            0.9589741230010986,
            0.26830387115478516,
            0.2715930938720703,
            0.28903746604919434,
            1.1012639999389648,
            0.2502133846282959,
            0.2811131477355957,
            0.28527331352233887,
            1.1666743755340576,
            0.28709936141967773,
            0.2704343795776367,
            0.2916891574859619,
            0.9712052345275879,
            0.24440312385559082,
            0.2815437316894531,
            0.2816431522369385,
            1.1451799869537354,
            0.2516601085662842,
            0.2800168991088867,
            0.30159592628479004,
            1.1797869205474854,
            0.2414538860321045,
            0.2821629047393799,
            0.2737560272216797,
            0.9944970607757568,
            0.23527836799621582,
            0.28447747230529785,
            0.2765023708343506,
            0.9390828609466553,
            0.24551606178283691,
            0.2956197261810303,
            0.30887484550476074,
            0.9631335735321045,
            0.249741792678833,
            0.2987844944000244,
            0.2845151424407959,
            1.1293916702270508,
            0.24830055236816406,
            0.2829091548919678,
            0.3313779830932617,
            1.2517850399017334,
            0.23655200004577637,
            0.26464343070983887,
            0.29470205307006836,
            1.0620625019073486,
            0.23520898818969727,
            0.28848981857299805,
            0.3005523681640625,
            1.0692393779754639,
            0.2423701286315918,
            0.2755086421966553,
            0.2812025547027588,
            1.0894074440002441,
            0.26721763610839844,
            0.28501367568969727,
            0.30032873153686523,
            1.1536295413970947,
            0.2685832977294922,
            0.2953484058380127,
            0.2950301170349121,
            0.9732649326324463,
            0.25215959548950195,
            0.2791728973388672,
            0.29425549507141113,
            1.1236727237701416,
            0.25615859031677246,
            0.2625424861907959,
            0.2764780521392822,
            1.188969373703003,
            0.2669813632965088,
            0.28426289558410645,
            0.27504706382751465,
            1.0864884853363037,
            0.24314332008361816,
            0.27001023292541504,
            0.27709507942199707,
            1.0741775035858154,
            0.26120615005493164,
            0.285888671875,
            0.29157114028930664,
            1.1658761501312256,
            0.2549402713775635,
            0.29100966453552246,
            0.3241453170776367,
            1.0342702865600586,
            0.25224995613098145,
            0.27756714820861816,
            0.2924692630767822,
            1.4486134052276611,
            0.2620084285736084,
            0.2800157070159912,
            0.3035545349121094,
            1.3210933208465576,
            0.26187872886657715,
            0.29223036766052246,
            0.2948317527770996,
            1.331979513168335,
            0.26024818420410156,
            0.27120065689086914,
            0.3008692264556885,
            1.1876327991485596,
            0.24553966522216797,
            0.2614314556121826,
            0.2926347255706787,
            1.2651879787445068,
            0.2594332695007324,
            0.26624059677124023,
            0.28827977180480957,
            1.1274118423461914,
            0.25859975814819336,
            0.2895960807800293,
            0.29406070709228516,
            1.0889747142791748,
            0.2520875930786133,
            0.2762293815612793,
            0.30489277839660645,
            0.9655094146728516,
            0.26525115966796875,
            0.2909421920776367,
            0.2870523929595947,
            1.2049026489257812,
            0.2751126289367676
        ],
        "fit_computation_times": [
            0.6141467094421387,
            0.5673050880432129,
            0.5368022918701172,
            0.5645067691802979,
            0.5896885395050049,
            0.5498075485229492,
            0.5750894546508789,
            0.590186357498169
        ]
    },
    "elapsed": 83.13358306884766
}