{
    "tensor_name": "enron",
    "sampler": "larsen_kolda_hybrid",
    "R": 75,
    "J": 655360,
    "trial": 3,
    "preprocessing": "log_count",
    "initialization": "rrf",
    "max_iterations": 40,
    "stop_tolerance": 0.0001,
    "tensor_order": 4,
    "trace": {
        "iterations": [
            0,
            5,
            10,
            15,
            20,
            25,
            30,
            35,
            40
        ],
        "fits": [
            -15926024787654.324,
            0.11945144571064115,
            0.12063919957533353,
            0.12087406236402476,
            0.12413617227290019,
            0.124510964460818,
            0.12578414173593677,
            0.12433765664767416,
            0.12312409037241723
        ],
        "update_times": [
            0.215087890625,
            0.19588923454284668,
            0.48465585708618164,
            0.17094969749450684,
            0.19745612144470215,
            0.2389233112335205,
            0.943411111831665,
            0.1811363697052002,
            0.21471047401428223,
            0.21198010444641113,
            0.886974573135376,
            0.1796703338623047,
            0.24044299125671387,
            0.2199714183807373,
            0.9974105358123779,
            0.1803874969482422,
            0.21560454368591309,
            0.2051868438720703,
            1.0137114524841309,
            0.1728076934814453,
            0.19128155708312988,
            0.20935845375061035,
            1.066159725189209,
            0.19779562950134277,
            0.2447798252105713,
            0.22573184967041016,
            1.2347996234893799,
            0.1783766746520996,
            0.21982717514038086,
            0.21980834007263184,
            0.9101240634918213,
            0.1883997917175293,
            0.22147417068481445,
            0.20264887809753418,
            1.0384995937347412,
            0.17585372924804688,
            0.21178817749023438,
            0.21439814567565918,
            1.0625715255737305,
            0.17664241790771484,
            0.18553519248962402,
            0.20899009704589844,
            1.0257441997528076,
            0.17694354057312012,
            0.20355987548828125,
            0.20143437385559082,
            1.124807596206665,
            0.1785569190979004,
            0.22682571411132812,
            0.21506738662719727,
            1.0212526321411133,
            0.1930537223815918,
            0.2089676856994629,
            0.21481728553771973,
            1.0682644844055176,
            0.17407822608947754,
            0.21191048622131348,
            0.20976781845092773,
            1.037900686264038,
            0.16841673851013184,
            0.187605619430542,
            0.20889830589294434,
            0.8984341621398926,
            0.17206335067749023,
            0.22215557098388672,
            0.21793723106384277,
            1.0000665187835693,
            0.18222904205322266,
            0.2165510654449463,
            0.21622204780578613,
            0.9888780117034912,
            0.17162132263183594,
            0.23347949981689453,
            0.22942280769348145,
            1.1218416690826416,
            0.17949938774108887,
            0.2115921974182129,
            0.24639344215393066,
            1.05405855178833,
            0.16605782508850098,
            0.1887199878692627,
            0.21036171913146973,
            0.9194724559783936,
            0.18141722679138184,
            0.2081747055053711,
            0.2126457691192627,
            1.1492340564727783,
            0.18061351776123047,
            0.21837806701660156,
            0.2144927978515625,
            1.084803581237793,
            0.17448115348815918,
            0.21454334259033203,
            0.21779394149780273,
            0.8171999454498291,
            0.17833423614501953,
            0.2213881015777588,
            0.2096092700958252,
            0.8656134605407715,
            0.18053817749023438,
            0.1814122200012207,
            0.21538090705871582,
            1.2330381870269775,
            0.17124390602111816,
            0.22012996673583984,
            0.2456357479095459,
            1.1007506847381592,
            0.18452072143554688,
            0.2088489532470703,
            0.2393479347229004,
            0.8677840232849121,
            0.17977046966552734,
            0.21065139770507812,
            0.2158365249633789,
            0.821540355682373,
            0.18198299407958984,
            0.21210479736328125,
            0.20458626747131348,
            0.8774611949920654,
            0.17705392837524414,
            0.18764615058898926,
            0.2063288688659668,
            0.7720150947570801,
            0.16393685340881348,
            0.20128631591796875,
            0.19893312454223633,
            1.036055326461792,
            0.1772761344909668,
            0.19914913177490234,
            0.19522595405578613,
            1.1776304244995117,
            0.17691254615783691,
            0.24498605728149414,
            0.21291756629943848,
            0.9489336013793945,
            0.16961336135864258,
            0.20546317100524902,
            0.21013808250427246,
            1.1113033294677734,
            0.17490386962890625,
            0.1952681541442871,
            0.22741031646728516,
            1.1988458633422852,
            0.18024802207946777,
            0.21614527702331543,
            0.23052072525024414,
            1.0327987670898438,
            0.1830427646636963,
            0.22147321701049805,
            0.2222611904144287,
            1.0434308052062988,
            0.18097782135009766,
            0.22043085098266602,
            0.21741580963134766,
            0.9852714538574219,
            0.1832427978515625,
            0.21166348457336426,
            0.20993351936340332,
            0.9239509105682373,
            0.17886686325073242
        ],
        "fit_computation_times": [
            0.6160860061645508,
            0.5561513900756836,
            0.5987646579742432,
            0.576401948928833,
            0.5955328941345215,
            0.6004199981689453,
            0.5432338714599609,
            0.6019372940063477
        ]
    },
    "elapsed": 69.53721117973328
}