{
    "tensor_name": "enron",
    "sampler": "efficient",
    "R": 50,
    "J": 851968,
    "trial": 3,
    "preprocessing": "log_count",
    "initialization": "rrf",
    "max_iterations": 40,
    "stop_tolerance": 0.0001,
    "tensor_order": 4,
    "trace": {
        "iterations": [
            0,
            5,
            10,
            15,
            20,
            25,
            30,
            35,
            40
        ],
        "fits": [
            -12956922544653.592,
            0.1100456628655212,
            0.11358191551681784,
            0.11494352015642939,
            0.1153198342023517,
            0.11563134811484721,
            0.11579083025464132,
            0.11588542809518787,
            0.11595930762776996
        ],
        "update_times": [
            1.296325445175171,
            1.2555546760559082,
            1.5155529975891113,
            1.4417996406555176,
            1.2404210567474365,
            1.2487666606903076,
            1.6670916080474854,
            1.4805138111114502,
            1.2813210487365723,
            1.3459913730621338,
            1.6663835048675537,
            1.4977142810821533,
            1.369692087173462,
            1.287665605545044,
            1.5553009510040283,
            1.3355505466461182,
            1.3018312454223633,
            1.2828640937805176,
            1.619823932647705,
            1.3355026245117188,
            1.2008888721466064,
            1.2886271476745605,
            1.7333259582519531,
            1.4547474384307861,
            1.4048855304718018,
            1.3363115787506104,
            1.564119815826416,
            1.5823631286621094,
            1.477581262588501,
            1.2389769554138184,
            1.6839771270751953,
            1.3621623516082764,
            1.2848806381225586,
            1.2233381271362305,
            1.5239477157592773,
            1.457578182220459,
            1.3246278762817383,
            1.3885400295257568,
            1.753781795501709,
            1.458223819732666,
            1.409611463546753,
            1.354036808013916,
            1.5814971923828125,
            1.444093942642212,
            1.267326831817627,
            1.3484809398651123,
            1.5380916595458984,
            1.4092676639556885,
            1.3489530086517334,
            1.2546882629394531,
            1.5180766582489014,
            1.373591423034668,
            1.3848276138305664,
            1.3233489990234375,
            1.7688589096069336,
            1.488386869430542,
            1.523139238357544,
            1.757162094116211,
            1.7354798316955566,
            1.5855398178100586,
            1.5242218971252441,
            1.3719937801361084,
            1.607656478881836,
            1.4478065967559814,
            1.2761173248291016,
            1.233712911605835,
            1.5558576583862305,
            1.3606455326080322,
            1.3161656856536865,
            1.2462468147277832,
            1.4782493114471436,
            1.3734750747680664,
            1.2902631759643555,
            1.5164599418640137,
            1.6715168952941895,
            1.5406413078308105,
            1.4785823822021484,
            1.327744483947754,
            1.555741310119629,
            1.5895943641662598,
            1.4390413761138916,
            1.3896989822387695,
            1.5692808628082275,
            1.5426585674285889,
            1.381284475326538,
            1.3815264701843262,
            1.5566794872283936,
            1.3612401485443115,
            1.2831623554229736,
            1.3608355522155762,
            1.5068178176879883,
            1.6660878658294678,
            1.4953691959381104,
            1.3051085472106934,
            1.5389819145202637,
            1.335538625717163,
            1.3366541862487793,
            1.2058651447296143,
            1.5797467231750488,
            1.39229416847229,
            1.4923038482666016,
            1.2829139232635498,
            1.5903661251068115,
            1.4582734107971191,
            1.4292652606964111,
            1.2816064357757568,
            1.505005121231079,
            1.3680777549743652,
            1.271132230758667,
            1.2763941287994385,
            1.553952932357788,
            1.416689395904541,
            1.3919992446899414,
            1.3012545108795166,
            1.6332659721374512,
            1.3549304008483887,
            1.378483533859253,
            1.3549058437347412,
            1.6554880142211914,
            1.3847908973693848,
            1.4423556327819824,
            1.4407002925872803,
            1.5123682022094727,
            1.469165563583374,
            1.492650032043457,
            1.3593389987945557,
            1.617485523223877,
            1.6836750507354736,
            1.611480951309204,
            1.4978232383728027,
            1.7150557041168213,
            1.3325228691101074,
            1.2790048122406006,
            1.2393770217895508,
            1.5351636409759521,
            1.3334038257598877,
            1.3073437213897705,
            1.2325172424316406,
            1.524411916732788,
            1.4794819355010986,
            1.7464711666107178,
            1.4211182594299316,
            1.6215360164642334,
            1.3743727207183838,
            1.26436185836792,
            1.2121222019195557,
            1.5399575233459473,
            1.7596957683563232,
            1.3453350067138672,
            1.2689976692199707,
            1.5717086791992188,
            1.395296573638916,
            1.3535196781158447,
            1.3759961128234863,
            1.55377197265625,
            1.4571254253387451,
            1.2940258979797363,
            1.418825626373291,
            1.8165457248687744,
            1.5098397731781006
        ],
        "fit_computation_times": [
            0.33495426177978516,
            0.34958744049072266,
            0.34887051582336426,
            0.3353424072265625,
            0.3425147533416748,
            0.33205699920654297,
            0.3335726261138916,
            0.33153843879699707
        ]
    },
    "elapsed": 233.4303765296936
}