{
    "tensor_name": "enron",
    "sampler": "efficient",
    "R": 125,
    "J": 131072,
    "trial": 2,
    "preprocessing": "log_count",
    "initialization": "rrf",
    "max_iterations": 40,
    "stop_tolerance": 0.0001,
    "tensor_order": 4,
    "trace": {
        "iterations": [
            0,
            5,
            10,
            15,
            20,
            25,
            30,
            35,
            40
        ],
        "fits": [
            -20494777596189.637,
            0.16329522649682626,
            0.16779395685115217,
            0.16956359357269868,
            0.17048879378984116,
            0.17108050262223384,
            0.17137294127414693,
            0.17185523979812134,
            0.17227567115467735
        ],
        "update_times": [
            0.7515921592712402,
            0.77066969871521,
            1.1915676593780518,
            0.8393256664276123,
            0.7871787548065186,
            0.9644985198974609,
            1.859419584274292,
            0.9521851539611816,
            0.7985525131225586,
            0.9678759574890137,
            1.7204468250274658,
            0.9762899875640869,
            0.8503596782684326,
            1.0698676109313965,
            1.5733833312988281,
            0.9629459381103516,
            0.8073821067810059,
            1.0392041206359863,
            1.7305238246917725,
            0.9965181350708008,
            0.7755639553070068,
            1.0070805549621582,
            1.6945672035217285,
            0.9779438972473145,
            0.827953577041626,
            1.0628082752227783,
            1.7383244037628174,
            0.9907071590423584,
            0.8622865676879883,
            1.1890168190002441,
            1.6813900470733643,
            0.9906411170959473,
            0.837996244430542,
            1.0613536834716797,
            1.7950680255889893,
            1.0050525665283203,
            0.8456175327301025,
            1.0848515033721924,
            1.7332911491394043,
            0.9899294376373291,
            0.811413049697876,
            1.04594087600708,
            1.7128467559814453,
            0.9814586639404297,
            0.8232150077819824,
            1.1014244556427002,
            1.7490127086639404,
            0.9841094017028809,
            0.7409319877624512,
            0.8991806507110596,
            1.654498815536499,
            0.9608852863311768,
            0.8342704772949219,
            1.025468349456787,
            1.6503822803497314,
            0.9638245105743408,
            0.9006340503692627,
            1.0049195289611816,
            1.811824083328247,
            0.9331848621368408,
            0.7979586124420166,
            0.9808785915374756,
            1.8119535446166992,
            0.9254634380340576,
            0.7677047252655029,
            1.028134822845459,
            1.7719054222106934,
            0.9764654636383057,
            0.7864375114440918,
            0.9922206401824951,
            1.746713638305664,
            0.9809370040893555,
            0.7916598320007324,
            1.0708625316619873,
            1.8072233200073242,
            0.9681606292724609,
            0.8128273487091064,
            1.041616439819336,
            1.7628223896026611,
            0.9876182079315186,
            0.7877795696258545,
            1.0149550437927246,
            1.6813647747039795,
            0.9604723453521729,
            0.8359973430633545,
            1.0684704780578613,
            1.640763759613037,
            0.9749104976654053,
            0.7969551086425781,
            1.1139039993286133,
            1.7214725017547607,
            0.9500019550323486,
            0.7910184860229492,
            1.024540662765503,
            1.674750804901123,
            0.9882750511169434,
            0.7969949245452881,
            1.0599145889282227,
            1.7989518642425537,
            0.9828379154205322,
            0.7415444850921631,
            1.0109739303588867,
            1.806213140487671,
            0.9787120819091797,
            0.7256317138671875,
            0.9957895278930664,
            1.7066996097564697,
            0.977886438369751,
            0.8011682033538818,
            0.917466402053833,
            1.6627638339996338,
            0.9700970649719238,
            0.8074424266815186,
            1.055574655532837,
            1.7869329452514648,
            0.9759726524353027,
            0.7928919792175293,
            1.1116013526916504,
            1.8157708644866943,
            0.9663257598876953,
            0.8195230960845947,
            1.0148844718933105,
            1.6971232891082764,
            0.9817490577697754,
            0.7263345718383789,
            0.9303798675537109,
            1.838585376739502,
            0.9807469844818115,
            0.8182072639465332,
            1.0258090496063232,
            1.8273189067840576,
            0.9688177108764648,
            0.8228721618652344,
            1.0985567569732666,
            1.8687529563903809,
            0.981215238571167,
            0.8260822296142578,
            1.0444419384002686,
            1.8287115097045898,
            0.9385941028594971,
            0.7961602210998535,
            0.9992983341217041,
            1.7536778450012207,
            0.9505126476287842,
            0.7877814769744873,
            0.9978573322296143,
            1.7801518440246582,
            0.9331521987915039,
            0.8189311027526855,
            0.9955170154571533,
            1.7588965892791748,
            0.9637010097503662,
            0.8050012588500977,
            1.0211994647979736,
            1.9178595542907715,
            0.9603548049926758,
            0.8072719573974609,
            0.9975583553314209,
            1.7328498363494873,
            0.958526611328125
        ],
        "fit_computation_times": [
            0.8039474487304688,
            0.7275521755218506,
            0.7594678401947021,
            0.7801494598388672,
            0.7685751914978027,
            0.7664783000946045,
            0.7948448657989502,
            0.8335773944854736
        ]
    },
    "elapsed": 188.22412967681885
}