{
    "tensor_name": "enron",
    "sampler": "larsen_kolda_hybrid",
    "R": 75,
    "J": 851968,
    "trial": 2,
    "preprocessing": "log_count",
    "initialization": "rrf",
    "max_iterations": 40,
    "stop_tolerance": 0.0001,
    "tensor_order": 4,
    "trace": {
        "iterations": [
            0,
            5,
            10,
            15,
            20,
            25,
            30
        ],
        "fits": [
            -15463113289514.896,
            0.12440439144315374,
            0.13023011536485418,
            0.13223541456582122,
            0.12655996335912711,
            0.1309395104436596,
            0.13187630853748677
        ],
        "update_times": [
            0.2538032531738281,
            0.2459874153137207,
            0.6486852169036865,
            0.23176908493041992,
            0.26888513565063477,
            0.26631665229797363,
            1.0637524127960205,
            0.22055983543395996,
            0.24195575714111328,
            0.24982428550720215,
            1.0548315048217773,
            0.23316693305969238,
            0.259019136428833,
            0.28092265129089355,
            1.1847484111785889,
            0.24112987518310547,
            0.2633678913116455,
            0.2781083583831787,
            1.2213609218597412,
            0.22580265998840332,
            0.23144221305847168,
            0.2466130256652832,
            1.295665979385376,
            0.22043180465698242,
            0.25737476348876953,
            0.26444482803344727,
            1.1778180599212646,
            0.2267591953277588,
            0.2572619915008545,
            0.25992870330810547,
            1.0423285961151123,
            0.21611642837524414,
            0.24436450004577637,
            0.25712132453918457,
            1.2667768001556396,
            0.25487232208251953,
            0.26854658126831055,
            0.2922337055206299,
            1.2289938926696777,
            0.23259568214416504,
            0.23691129684448242,
            0.2814035415649414,
            1.019441843032837,
            0.22277212142944336,
            0.266369104385376,
            0.2716045379638672,
            1.2513189315795898,
            0.2439289093017578,
            0.2823483943939209,
            0.28837108612060547,
            1.2322676181793213,
            0.24097585678100586,
            0.2613046169281006,
            0.27773618698120117,
            1.030541181564331,
            0.2638978958129883,
            0.29207777976989746,
            0.3003683090209961,
            1.2755787372589111,
            0.24322295188903809,
            0.25586462020874023,
            0.26508450508117676,
            1.2885520458221436,
            0.2487163543701172,
            0.27539634704589844,
            0.26123690605163574,
            1.3254437446594238,
            0.24436187744140625,
            0.2856767177581787,
            0.28174686431884766,
            1.0464105606079102,
            0.2430131435394287,
            0.2570528984069824,
            0.26694178581237793,
            1.200455665588379,
            0.2725512981414795,
            0.2978701591491699,
            0.31996846199035645,
            1.2933459281921387,
            0.2543058395385742,
            0.24748826026916504,
            0.2673954963684082,
            1.1103489398956299,
            0.2462007999420166,
            0.2790400981903076,
            0.2904398441314697,
            1.2601501941680908,
            0.24106669425964355,
            0.28383851051330566,
            0.29436588287353516,
            1.1825799942016602,
            0.24621248245239258,
            0.26436281204223633,
            0.2735466957092285,
            1.182668685913086,
            0.2511725425720215,
            0.27076029777526855,
            0.28426098823547363,
            1.319615364074707,
            0.25221872329711914,
            0.2562892436981201,
            0.30201292037963867,
            1.2702183723449707,
            0.28592562675476074,
            0.2770230770111084,
            0.29346704483032227,
            0.9476463794708252,
            0.24891376495361328,
            0.26439428329467773,
            0.2685103416442871,
            1.2179198265075684,
            0.24545669555664062,
            0.27635741233825684,
            0.29604411125183105,
            1.2337522506713867,
            0.2374105453491211,
            0.2513008117675781,
            0.2723391056060791,
            1.2295663356781006,
            0.23885488510131836
        ],
        "fit_computation_times": [
            0.5353686809539795,
            0.4648418426513672,
            0.5044200420379639,
            0.5451738834381104,
            0.5253777503967285,
            0.5223124027252197
        ]
    },
    "elapsed": 62.30390024185181
}