{
    "tensor_name": "enron",
    "sampler": "efficient",
    "R": 125,
    "J": 458752,
    "trial": 0,
    "preprocessing": "log_count",
    "initialization": "rrf",
    "max_iterations": 40,
    "stop_tolerance": 0.0001,
    "tensor_order": 4,
    "trace": {
        "iterations": [
            0,
            5,
            10,
            15,
            20,
            25,
            30,
            35,
            40
        ],
        "fits": [
            -20109292020926.297,
            0.1731883951649711,
            0.17879667794508824,
            0.18046675927779732,
            0.18167298516687447,
            0.18225851832884887,
            0.18260810891446833,
            0.18288116619255124,
            0.18309548650155705
        ],
        "update_times": [
            2.8973872661590576,
            2.8504574298858643,
            3.24802565574646,
            3.3188233375549316,
            2.8929355144500732,
            3.3920388221740723,
            3.4902753829956055,
            3.331390380859375,
            3.078946590423584,
            3.4936280250549316,
            3.612884998321533,
            3.5267019271850586,
            3.0804848670959473,
            3.398592710494995,
            3.5565264225006104,
            3.541594982147217,
            3.1148133277893066,
            3.311819314956665,
            3.7496650218963623,
            3.4750232696533203,
            2.958258628845215,
            3.4477274417877197,
            3.6387522220611572,
            3.5533409118652344,
            3.1398420333862305,
            3.509176015853882,
            3.7877354621887207,
            3.395134925842285,
            3.145108222961426,
            3.303311824798584,
            3.8291919231414795,
            3.5335357189178467,
            3.298257350921631,
            3.2507989406585693,
            3.7183446884155273,
            3.4646737575531006,
            3.1348752975463867,
            3.361299753189087,
            3.5381417274475098,
            3.3887124061584473,
            3.0775368213653564,
            3.2949352264404297,
            3.172661781311035,
            3.4497735500335693,
            3.1154210567474365,
            3.3246872425079346,
            4.014792203903198,
            3.448014259338379,
            3.3987820148468018,
            3.3479249477386475,
            3.565769910812378,
            3.385589838027954,
            3.200927972793579,
            3.2880172729492188,
            3.4429476261138916,
            3.3659310340881348,
            3.0280184745788574,
            3.30751895904541,
            3.635209321975708,
            3.4336044788360596,
            2.893998622894287,
            3.622431993484497,
            3.878230571746826,
            3.5058341026306152,
            3.2329022884368896,
            3.335939645767212,
            3.6181418895721436,
            3.3955576419830322,
            3.1215908527374268,
            3.5850963592529297,
            3.601111650466919,
            3.6111834049224854,
            3.130457639694214,
            3.3528881072998047,
            3.6069257259368896,
            3.433617353439331,
            3.098017692565918,
            3.4374747276306152,
            3.546563148498535,
            3.538907766342163,
            3.1438324451446533,
            3.455988883972168,
            3.5473930835723877,
            3.4837615489959717,
            3.3443665504455566,
            3.7243382930755615,
            3.6453030109405518,
            3.374821901321411,
            3.0545477867126465,
            3.413109540939331,
            3.742004871368408,
            3.441566228866577,
            2.9470744132995605,
            3.320075035095215,
            3.725783109664917,
            3.3285655975341797,
            3.0969159603118896,
            3.2725353240966797,
            3.5945162773132324,
            3.327446699142456,
            3.082275152206421,
            3.348677635192871,
            3.610827684402466,
            3.382237434387207,
            3.0766239166259766,
            3.2880873680114746,
            3.589127779006958,
            3.4432225227355957,
            3.047584056854248,
            3.266126871109009,
            3.2917122840881348,
            3.3961081504821777,
            3.0639727115631104,
            3.3749516010284424,
            3.6988606452941895,
            3.371587038040161,
            2.9772751331329346,
            3.23435640335083,
            3.2425057888031006,
            3.4247446060180664,
            2.9729249477386475,
            3.193247079849243,
            3.495339870452881,
            3.4103121757507324,
            3.0518600940704346,
            3.3436357975006104,
            3.4435296058654785,
            3.3994715213775635,
            3.0074329376220703,
            3.2669663429260254,
            3.5414419174194336,
            3.3708724975585938,
            3.1171884536743164,
            3.3299951553344727,
            3.7740464210510254,
            3.475691080093384,
            3.132399082183838,
            3.270141363143921,
            3.4967586994171143,
            3.4568817615509033,
            2.8969409465789795,
            3.204056978225708,
            3.460660696029663,
            3.3444442749023438,
            3.256261110305786,
            3.3647072315216064,
            3.783724546432495,
            3.2732348442077637,
            3.0956969261169434,
            2.88405704498291,
            3.165692090988159,
            3.3979172706604004,
            2.999229669570923,
            3.275219202041626,
            3.461217164993286,
            3.3869564533233643,
            2.9933979511260986,
            3.2726006507873535,
            3.5785024166107178,
            3.399533271789551
        ],
        "fit_computation_times": [
            0.8206448554992676,
            0.8376779556274414,
            0.8457505702972412,
            0.8710112571716309,
            0.7968924045562744,
            0.7610611915588379,
            0.861544132232666,
            0.804349422454834
        ]
    },
    "elapsed": 544.2927131652832
}