{
    "tensor_name": "enron",
    "sampler": "larsen_kolda_hybrid",
    "R": 125,
    "J": 720896,
    "trial": 2,
    "preprocessing": "log_count",
    "initialization": "rrf",
    "max_iterations": 40,
    "stop_tolerance": 0.0001,
    "tensor_order": 4,
    "trace": {
        "iterations": [
            0,
            5,
            10,
            15,
            20,
            25
        ],
        "fits": [
            -19983018741760.676,
            0.14747448552685793,
            0.16408999887198028,
            0.15952746009341923,
            0.15834598079507278,
            0.15874724988313116
        ],
        "update_times": [
            0.33239054679870605,
            0.3110036849975586,
            0.716954231262207,
            0.29817795753479004,
            0.31702256202697754,
            0.31592512130737305,
            1.0566751956939697,
            0.31880664825439453,
            0.460629940032959,
            0.33364129066467285,
            1.0885188579559326,
            0.3021113872528076,
            0.3186800479888916,
            0.33922386169433594,
            1.0755982398986816,
            0.29515814781188965,
            0.3078281879425049,
            0.31957364082336426,
            0.9354157447814941,
            0.30889248847961426,
            0.32660531997680664,
            0.32784318923950195,
            1.008471965789795,
            0.3031039237976074,
            0.3083035945892334,
            0.3427236080169678,
            1.0879762172698975,
            0.295123815536499,
            0.32720303535461426,
            0.34442734718322754,
            0.9103543758392334,
            0.30138134956359863,
            0.30774950981140137,
            0.3226146697998047,
            1.0657963752746582,
            0.2927587032318115,
            0.316678524017334,
            0.31096458435058594,
            1.077038288116455,
            0.2920398712158203,
            0.2920534610748291,
            0.3239781856536865,
            1.0603787899017334,
            0.307772159576416,
            0.31128716468811035,
            0.3317599296569824,
            0.9656224250793457,
            0.3119540214538574,
            0.3399169445037842,
            0.34773707389831543,
            0.8662228584289551,
            0.28830599784851074,
            0.29779529571533203,
            0.3121926784515381,
            0.9121968746185303,
            0.30320310592651367,
            0.30933308601379395,
            0.3288848400115967,
            1.0353503227233887,
            0.3109002113342285,
            0.32311487197875977,
            0.32172632217407227,
            0.8891465663909912,
            0.3149750232696533,
            0.3252553939819336,
            0.3296799659729004,
            1.0711305141448975,
            0.3008148670196533,
            0.3062632083892822,
            0.30353617668151855,
            0.8993403911590576,
            0.279491662979126,
            0.3028597831726074,
            0.31258392333984375,
            0.9297275543212891,
            0.307464599609375,
            0.3100581169128418,
            0.32230472564697266,
            1.0059924125671387,
            0.29917097091674805,
            0.32925844192504883,
            0.31873297691345215,
            0.9115309715270996,
            0.30344557762145996,
            0.30832600593566895,
            0.32561302185058594,
            0.8977892398834229,
            0.2889242172241211,
            0.3055908679962158,
            0.31830835342407227,
            1.1864724159240723,
            0.3133516311645508,
            0.33243894577026367,
            0.34496140480041504,
            1.114248275756836,
            0.29802441596984863,
            0.3041262626647949,
            0.30870938301086426,
            0.8714392185211182,
            0.30527687072753906
        ],
        "fit_computation_times": [
            0.7695245742797852,
            0.8047223091125488,
            0.8473811149597168,
            0.7818562984466553,
            0.7480053901672363
        ]
    },
    "elapsed": 53.121631383895874
}