{
    "tensor_name": "enron",
    "sampler": "efficient",
    "R": 75,
    "J": 1114112,
    "trial": 0,
    "preprocessing": "log_count",
    "initialization": "rrf",
    "max_iterations": 40,
    "stop_tolerance": 0.0001,
    "tensor_order": 4,
    "trace": {
        "iterations": [
            0,
            5,
            10,
            15,
            20,
            25,
            30,
            35,
            40
        ],
        "fits": [
            -15028862731273.89,
            0.13274529399263435,
            0.13670660401852353,
            0.13816481144280301,
            0.13881183386636042,
            0.13921354220706172,
            0.13954105196059552,
            0.1398603449143937,
            0.1400275495206047
        ],
        "update_times": [
            3.5273995399475098,
            3.5301287174224854,
            3.83217453956604,
            3.9750313758850098,
            3.568606376647949,
            3.5788252353668213,
            3.829017162322998,
            4.00870418548584,
            3.529780149459839,
            3.4622550010681152,
            3.4385974407196045,
            3.7640774250030518,
            3.2359464168548584,
            3.465747117996216,
            3.5641303062438965,
            3.856698989868164,
            3.3007421493530273,
            3.487636089324951,
            3.490870475769043,
            3.893406867980957,
            3.3635780811309814,
            3.5143535137176514,
            3.578974485397339,
            3.7838642597198486,
            3.377349853515625,
            3.631497383117676,
            3.6341452598571777,
            3.828840732574463,
            3.3385517597198486,
            3.551643133163452,
            3.6995866298675537,
            3.837646484375,
            3.3451597690582275,
            3.39003324508667,
            3.4441280364990234,
            3.699878454208374,
            3.382784128189087,
            3.567852258682251,
            3.714303731918335,
            3.842108726501465,
            3.53617787361145,
            3.7813565731048584,
            3.8602912425994873,
            3.99078369140625,
            3.786618709564209,
            4.062833309173584,
            3.8078880310058594,
            3.9542250633239746,
            3.5385348796844482,
            3.746870756149292,
            3.6585140228271484,
            3.7626266479492188,
            3.391871690750122,
            3.639288902282715,
            3.700528383255005,
            3.886702537536621,
            3.4698646068573,
            3.6066200733184814,
            3.5860447883605957,
            3.8308613300323486,
            3.459022045135498,
            3.8088321685791016,
            3.852550745010376,
            3.964189291000366,
            3.256389617919922,
            3.5091004371643066,
            3.803354024887085,
            4.067718982696533,
            3.5051817893981934,
            3.576420783996582,
            3.6203527450561523,
            3.810999631881714,
            3.3922433853149414,
            3.5168166160583496,
            3.675649642944336,
            3.8868565559387207,
            3.413846015930176,
            3.625403881072998,
            3.6892335414886475,
            4.035696983337402,
            3.822620153427124,
            3.7349915504455566,
            3.480893611907959,
            3.803557872772217,
            3.3534770011901855,
            3.608128786087036,
            3.534097909927368,
            3.869520425796509,
            3.4098267555236816,
            3.5159125328063965,
            3.709970235824585,
            3.8420021533966064,
            3.4188477993011475,
            3.5887436866760254,
            3.7003793716430664,
            3.844008207321167,
            3.4442636966705322,
            3.7922585010528564,
            3.884737730026245,
            4.087088108062744,
            3.885812759399414,
            4.2063210010528564,
            3.6109001636505127,
            4.096717596054077,
            3.338752269744873,
            3.5714073181152344,
            3.5500645637512207,
            3.6488490104675293,
            3.4938621520996094,
            3.423255443572998,
            3.5951526165008545,
            3.83784818649292,
            3.4490320682525635,
            3.480837821960449,
            3.539957284927368,
            3.7640559673309326,
            3.3634145259857178,
            3.467421054840088,
            3.79451060295105,
            3.8644886016845703,
            3.5338025093078613,
            3.5887303352355957,
            3.444540023803711,
            3.7927496433258057,
            3.286285877227783,
            3.473449468612671,
            3.968717098236084,
            3.9338557720184326,
            3.4506850242614746,
            3.552399158477783,
            3.6481833457946777,
            3.7064006328582764,
            3.3507816791534424,
            3.745177984237671,
            3.627824544906616,
            3.833625555038452,
            3.432344675064087,
            3.5242443084716797,
            3.428025007247925,
            3.842822551727295,
            3.3323116302490234,
            3.561204195022583,
            3.3646466732025146,
            3.661003828048706,
            3.4160399436950684,
            3.629415988922119,
            3.7869272232055664,
            3.866590738296509,
            3.507415771484375,
            3.6954591274261475,
            3.7905337810516357,
            3.892775774002075,
            3.499896287918091,
            3.609468698501587,
            3.408308267593384,
            3.665742874145508,
            3.3881278038024902,
            3.5259623527526855,
            3.8146631717681885,
            3.8454091548919678
        ],
        "fit_computation_times": [
            0.5918276309967041,
            0.5971367359161377,
            0.6302635669708252,
            0.5573580265045166,
            0.5763680934906006,
            0.5927705764770508,
            0.5772323608398438,
            0.6106123924255371
        ]
    },
    "elapsed": 588.1363949775696
}