{
    "tensor_name": "enron",
    "sampler": "larsen_kolda_hybrid",
    "R": 75,
    "J": 1114112,
    "trial": 3,
    "preprocessing": "log_count",
    "initialization": "rrf",
    "max_iterations": 40,
    "stop_tolerance": 0.0001,
    "tensor_order": 4,
    "trace": {
        "iterations": [
            0,
            5,
            10,
            15,
            20,
            25,
            30,
            35,
            40
        ],
        "fits": [
            -15378288327937.191,
            0.13299079891775545,
            0.13762730525190736,
            0.138513582904206,
            0.13939416833156182,
            0.13933339740751227,
            0.1406652596774587,
            0.13758767929208515,
            0.13977865666976008
        ],
        "update_times": [
            0.30745959281921387,
            0.3072328567504883,
            0.8155632019042969,
            0.2782893180847168,
            0.293194055557251,
            0.3331170082092285,
            1.604741096496582,
            0.28986191749572754,
            0.30345606803894043,
            0.3358769416809082,
            1.2908878326416016,
            0.3025953769683838,
            0.3006443977355957,
            0.3260810375213623,
            1.3321170806884766,
            0.29634952545166016,
            0.30644726753234863,
            0.3394947052001953,
            1.4178059101104736,
            0.2948575019836426,
            0.2900209426879883,
            0.3117399215698242,
            1.3422935009002686,
            0.29797792434692383,
            0.29240894317626953,
            0.3113090991973877,
            1.2398364543914795,
            0.2998814582824707,
            0.29340624809265137,
            0.3221273422241211,
            1.2353315353393555,
            0.2975597381591797,
            0.29416489601135254,
            0.31435418128967285,
            1.2522566318511963,
            0.2903859615325928,
            0.2942361831665039,
            0.30779004096984863,
            1.1602602005004883,
            0.2988600730895996,
            0.28540968894958496,
            0.3120107650756836,
            1.5130321979522705,
            0.2836611270904541,
            0.2835390567779541,
            0.3138265609741211,
            1.5278689861297607,
            0.28142333030700684,
            0.29942870140075684,
            0.30415892601013184,
            1.152874231338501,
            0.293137788772583,
            0.29849863052368164,
            0.3205842971801758,
            1.524855613708496,
            0.2924473285675049,
            0.2905542850494385,
            0.32500505447387695,
            1.3550751209259033,
            0.2979271411895752,
            0.3125026226043701,
            0.32410478591918945,
            0.9985997676849365,
            0.29278135299682617,
            0.3087289333343506,
            0.3284451961517334,
            1.219343900680542,
            0.290569543838501,
            0.28737974166870117,
            0.2992217540740967,
            1.180912733078003,
            0.28659510612487793,
            0.29999709129333496,
            0.3145315647125244,
            1.2564146518707275,
            0.2861306667327881,
            0.30568814277648926,
            0.3208615779876709,
            1.2912297248840332,
            0.30155372619628906,
            0.29981422424316406,
            0.34032249450683594,
            1.256523609161377,
            0.3031656742095947,
            0.2948474884033203,
            0.3390800952911377,
            1.2695014476776123,
            0.31923651695251465,
            0.31342101097106934,
            0.3431987762451172,
            1.4278430938720703,
            0.30360937118530273,
            0.3065626621246338,
            0.34159255027770996,
            1.3802967071533203,
            0.2963905334472656,
            0.30228471755981445,
            0.3250598907470703,
            1.29197096824646,
            0.30158138275146484,
            0.5907783508300781,
            0.33052921295166016,
            1.2040355205535889,
            0.2814631462097168,
            0.2926654815673828,
            0.31560754776000977,
            1.1565415859222412,
            0.2959926128387451,
            0.3060574531555176,
            0.3219735622406006,
            1.6147515773773193,
            0.28737306594848633,
            0.2921638488769531,
            0.3075535297393799,
            1.1759440898895264,
            0.2802126407623291,
            0.3046131134033203,
            0.3363497257232666,
            1.2448725700378418,
            0.3077356815338135,
            0.3080484867095947,
            0.33908939361572266,
            1.2171626091003418,
            0.2854959964752197,
            0.30207014083862305,
            0.30878639221191406,
            1.3404483795166016,
            0.28424715995788574,
            0.2893805503845215,
            0.3270993232727051,
            1.137803077697754,
            0.2988157272338867,
            0.29700398445129395,
            0.31205296516418457,
            1.3758952617645264,
            0.29167652130126953,
            0.30233216285705566,
            0.32630133628845215,
            1.2112095355987549,
            0.31161022186279297,
            0.3022737503051758,
            0.33151841163635254,
            1.468658208847046,
            0.2854745388031006,
            0.2958192825317383,
            0.31853652000427246,
            1.5288615226745605,
            0.2916858196258545,
            0.2904243469238281,
            0.3178725242614746,
            1.2719411849975586,
            0.290219783782959,
            0.31722426414489746,
            0.32805657386779785,
            1.3647613525390625,
            0.3050200939178467,
            0.31313538551330566,
            0.3334004878997803,
            1.2640771865844727,
            0.30660152435302734
        ],
        "fit_computation_times": [
            0.5479903221130371,
            0.5375626087188721,
            0.5277998447418213,
            0.5379054546356201,
            0.5435616970062256,
            0.5049290657043457,
            0.5142343044281006,
            0.5126464366912842
        ]
    },
    "elapsed": 93.72155451774597
}