{
    "tensor_name": "enron",
    "sampler": "larsen_kolda_hybrid",
    "R": 75,
    "J": 229376,
    "trial": 3,
    "preprocessing": "log_count",
    "initialization": "rrf",
    "max_iterations": 40,
    "stop_tolerance": 0.0001,
    "tensor_order": 4,
    "trace": {
        "iterations": [
            0,
            5,
            10,
            15,
            20,
            25,
            30,
            35,
            40
        ],
        "fits": [
            -15710828517362.984,
            0.11022427238079746,
            0.11112837427232225,
            0.05892320008868013,
            0.07867199266854463,
            0.11961684831688235,
            0.11367569258951782,
            0.11478391000968347,
            0.11827119581622225
        ],
        "update_times": [
            0.07916450500488281,
            0.09181809425354004,
            0.25885868072509766,
            0.08030104637145996,
            0.10320281982421875,
            0.10443902015686035,
            0.40738773345947266,
            0.08125948905944824,
            0.10484886169433594,
            0.10061454772949219,
            0.444063663482666,
            0.0679481029510498,
            0.09103751182556152,
            0.08497118949890137,
            0.4629781246185303,
            0.07125186920166016,
            0.0897367000579834,
            0.08634424209594727,
            0.3354179859161377,
            0.06844902038574219,
            0.07069277763366699,
            0.09008002281188965,
            0.3652763366699219,
            0.06716060638427734,
            0.0928494930267334,
            0.08669471740722656,
            0.43157529830932617,
            0.07638072967529297,
            0.1084446907043457,
            0.10846877098083496,
            0.44650816917419434,
            0.07106733322143555,
            0.09981656074523926,
            0.09667634963989258,
            0.401202917098999,
            0.07643508911132812,
            0.09488153457641602,
            0.0927274227142334,
            0.4221653938293457,
            0.07854437828063965,
            0.09289741516113281,
            0.1012258529663086,
            0.45288634300231934,
            0.08591604232788086,
            0.09821534156799316,
            0.10599207878112793,
            0.5037999153137207,
            0.07680916786193848,
            0.09920167922973633,
            0.09279799461364746,
            0.37430405616760254,
            0.0792074203491211,
            0.11359214782714844,
            0.09925174713134766,
            0.38822484016418457,
            0.0789949893951416,
            0.09682369232177734,
            0.10218381881713867,
            0.35618042945861816,
            0.0822761058807373,
            0.08585524559020996,
            0.09532427787780762,
            0.41108059883117676,
            0.07716250419616699,
            0.09846687316894531,
            0.1064763069152832,
            0.3884551525115967,
            0.0727543830871582,
            0.09738755226135254,
            0.0913848876953125,
            0.31281375885009766,
            0.07917356491088867,
            0.10911130905151367,
            0.09283113479614258,
            0.43683815002441406,
            0.07871031761169434,
            0.10210204124450684,
            0.09462285041809082,
            0.4411182403564453,
            0.07745671272277832,
            0.07448053359985352,
            0.11569476127624512,
            0.42499208450317383,
            0.0794532299041748,
            0.09414911270141602,
            0.0973825454711914,
            0.34494638442993164,
            0.07244062423706055,
            0.09518861770629883,
            0.09775114059448242,
            0.40901613235473633,
            0.07881808280944824,
            0.0941166877746582,
            0.08998751640319824,
            0.40097999572753906,
            0.07194375991821289,
            0.08988738059997559,
            0.09768366813659668,
            0.39250946044921875,
            0.07865405082702637,
            0.10425424575805664,
            0.09282398223876953,
            0.4184846878051758,
            0.08276748657226562,
            0.09703350067138672,
            0.09911489486694336,
            0.3385648727416992,
            0.07820487022399902,
            0.10493016242980957,
            0.10259795188903809,
            0.3743479251861572,
            0.07103776931762695,
            0.08975028991699219,
            0.10332155227661133,
            0.35021281242370605,
            0.08081221580505371,
            0.09849667549133301,
            0.10323548316955566,
            0.3915083408355713,
            0.06928706169128418,
            0.08264565467834473,
            0.08767509460449219,
            0.32167959213256836,
            0.06274533271789551,
            0.08341288566589355,
            0.09202051162719727,
            0.39105224609375,
            0.07414603233337402,
            0.11926794052124023,
            0.0934133529663086,
            0.3592813014984131,
            0.08333969116210938,
            0.09624671936035156,
            0.1036531925201416,
            0.38568854331970215,
            0.07262921333312988,
            0.09603500366210938,
            0.08852386474609375,
            0.41971373558044434,
            0.07353067398071289,
            0.15915298461914062,
            0.09127593040466309,
            0.4317953586578369,
            0.07332682609558105,
            0.09504485130310059,
            0.09185576438903809,
            0.3966391086578369,
            0.07370734214782715,
            0.09587979316711426,
            0.08754253387451172,
            0.4160158634185791,
            0.08665752410888672,
            0.09807991981506348,
            0.10238885879516602,
            0.3659958839416504,
            0.08073210716247559,
            0.09577393531799316,
            0.11439228057861328,
            0.4151275157928467,
            0.0783989429473877
        ],
        "fit_computation_times": [
            0.5320355892181396,
            0.5305020809173584,
            0.546281099319458,
            0.5311224460601807,
            0.5482022762298584,
            0.4911818504333496,
            0.524864912033081,
            0.47937798500061035
        ]
    },
    "elapsed": 31.449580669403076
}