{
    "tensor_name": "enron",
    "sampler": "efficient",
    "R": 25,
    "J": 589824,
    "trial": 2,
    "preprocessing": "log_count",
    "initialization": "rrf",
    "max_iterations": 40,
    "stop_tolerance": 0.0001,
    "tensor_order": 4,
    "trace": {
        "iterations": [
            0,
            5,
            10,
            15,
            20,
            25,
            30,
            35,
            40
        ],
        "fits": [
            -8820754582895.86,
            0.09287194532431775,
            0.0956809508139208,
            0.09642587647208778,
            0.09663302739281943,
            0.09669142678288078,
            0.09672302128577548,
            0.09674194341075071,
            0.0967613355900736
        ],
        "update_times": [
            0.32146143913269043,
            0.3355250358581543,
            0.46564650535583496,
            0.3618490695953369,
            0.3877737522125244,
            0.37679338455200195,
            0.5870013236999512,
            0.4049074649810791,
            0.38755011558532715,
            0.37735795974731445,
            0.5694434642791748,
            0.39943647384643555,
            0.38283371925354004,
            0.39884066581726074,
            0.5493650436401367,
            0.38665175437927246,
            0.382526159286499,
            0.39702463150024414,
            0.6094295978546143,
            0.3958108425140381,
            0.3511991500854492,
            0.3846118450164795,
            0.512441873550415,
            0.4156813621520996,
            0.376162052154541,
            0.3944408893585205,
            0.6289141178131104,
            0.44730114936828613,
            0.41956591606140137,
            0.4219181537628174,
            0.6876721382141113,
            0.521648645401001,
            0.4094092845916748,
            0.40088939666748047,
            0.6101412773132324,
            0.4183237552642822,
            0.389995813369751,
            0.4044342041015625,
            0.634962797164917,
            0.4114341735839844,
            0.3812520503997803,
            0.4033541679382324,
            0.6157503128051758,
            0.4331972599029541,
            0.4140596389770508,
            0.4043424129486084,
            0.6403734683990479,
            0.4364759922027588,
            0.40915870666503906,
            0.3908829689025879,
            0.7071244716644287,
            0.41533637046813965,
            0.39426493644714355,
            0.3832545280456543,
            0.6037366390228271,
            0.3959324359893799,
            0.3937804698944092,
            0.40512919425964355,
            0.6316335201263428,
            0.40613412857055664,
            0.37714457511901855,
            0.37438082695007324,
            0.5814869403839111,
            0.4002501964569092,
            0.3995339870452881,
            0.3932535648345947,
            0.5947086811065674,
            0.4003148078918457,
            0.3928985595703125,
            0.4023585319519043,
            0.6238362789154053,
            0.4175984859466553,
            0.3763601779937744,
            0.3788330554962158,
            0.5581529140472412,
            0.44619059562683105,
            0.392136812210083,
            0.39029622077941895,
            0.48384809494018555,
            0.406749963760376,
            0.36635565757751465,
            0.396561861038208,
            0.529569149017334,
            0.3921363353729248,
            0.39013671875,
            0.4130237102508545,
            0.520836591720581,
            0.4566483497619629,
            0.39696335792541504,
            0.40680384635925293,
            0.51088547706604,
            0.42415833473205566,
            0.38091158866882324,
            0.39084839820861816,
            0.5174145698547363,
            0.420438289642334,
            0.40975141525268555,
            0.39394617080688477,
            0.5269217491149902,
            0.402193546295166,
            0.38062477111816406,
            0.3833198547363281,
            0.6665036678314209,
            0.442366361618042,
            0.43102407455444336,
            0.39778661727905273,
            0.5903410911560059,
            0.40341806411743164,
            0.3954734802246094,
            0.38711047172546387,
            0.4856681823730469,
            0.3850529193878174,
            0.3766756057739258,
            0.3795502185821533,
            0.5151581764221191,
            0.3877546787261963,
            0.38958740234375,
            0.38399386405944824,
            0.5393776893615723,
            0.4384336471557617,
            0.3771381378173828,
            0.39859819412231445,
            0.5353305339813232,
            0.41176533699035645,
            0.4024996757507324,
            0.39487218856811523,
            0.6310634613037109,
            0.39153265953063965,
            0.39507317543029785,
            0.3914504051208496,
            0.6373670101165771,
            0.3974795341491699,
            0.39665794372558594,
            0.3995387554168701,
            0.7132046222686768,
            0.39328598976135254,
            0.4022378921508789,
            0.3956272602081299,
            0.6804060935974121,
            0.4392094612121582,
            0.40712881088256836,
            0.43918561935424805,
            0.5171456336975098,
            0.47681593894958496,
            0.42171812057495117,
            0.41110658645629883,
            0.6922383308410645,
            0.4460947513580322,
            0.43038129806518555,
            0.4378340244293213,
            0.684187650680542,
            0.41849493980407715,
            0.41492724418640137,
            0.41054320335388184,
            0.6806397438049316,
            0.4289083480834961,
            0.42081141471862793,
            0.39317750930786133,
            0.6688604354858398,
            0.41889071464538574
        ],
        "fit_computation_times": [
            0.0902101993560791,
            0.08583784103393555,
            0.08841896057128906,
            0.08561205863952637,
            0.08805441856384277,
            0.08564639091491699,
            0.08897280693054199,
            0.08705520629882812
        ]
    },
    "elapsed": 72.77783250808716
}