{
    "tensor_name": "enron",
    "sampler": "efficient",
    "R": 125,
    "J": 262144,
    "trial": 3,
    "preprocessing": "log_count",
    "initialization": "rrf",
    "max_iterations": 40,
    "stop_tolerance": 0.0001,
    "tensor_order": 4,
    "trace": {
        "iterations": [
            0,
            5,
            10,
            15,
            20,
            25,
            30,
            35,
            40
        ],
        "fits": [
            -20145880378882.67,
            0.16589109407171942,
            0.17062146097287934,
            0.17197756108144335,
            0.17302820426339405,
            0.173512665375535,
            0.1739205992736177,
            0.17415414548708064,
            0.17441665786922445
        ],
        "update_times": [
            1.4565472602844238,
            1.4562623500823975,
            1.976191759109497,
            1.7162463665008545,
            1.6470057964324951,
            1.867326021194458,
            2.24265193939209,
            1.7642178535461426,
            1.7186775207519531,
            1.8622779846191406,
            2.3708715438842773,
            1.840001106262207,
            1.7458844184875488,
            1.9117300510406494,
            2.296564817428589,
            1.8427097797393799,
            1.6904306411743164,
            1.8926985263824463,
            2.467721462249756,
            1.8441178798675537,
            1.74501371383667,
            1.794593334197998,
            2.543853521347046,
            1.8160772323608398,
            1.741410493850708,
            1.9688231945037842,
            2.3271470069885254,
            1.8129420280456543,
            1.7653355598449707,
            1.9488403797149658,
            2.4013659954071045,
            1.7746868133544922,
            1.7299137115478516,
            1.9449362754821777,
            2.4294636249542236,
            1.7944538593292236,
            1.7940945625305176,
            1.8880093097686768,
            2.4210708141326904,
            1.79714035987854,
            1.7408676147460938,
            1.8867297172546387,
            2.4159095287323,
            1.7580323219299316,
            1.6140258312225342,
            1.905975341796875,
            2.631258726119995,
            1.8205597400665283,
            1.6665866374969482,
            1.8856613636016846,
            2.326651096343994,
            1.7697789669036865,
            1.6225190162658691,
            1.877697229385376,
            2.29585599899292,
            1.795924425125122,
            1.7292399406433105,
            1.9480869770050049,
            2.4593474864959717,
            1.8608195781707764,
            1.8206698894500732,
            1.9862635135650635,
            2.631727457046509,
            1.8100900650024414,
            1.7420694828033447,
            1.9085893630981445,
            2.333804130554199,
            1.7477662563323975,
            1.636763095855713,
            1.8478093147277832,
            2.532738208770752,
            1.8505730628967285,
            1.6899008750915527,
            1.9002065658569336,
            2.3338394165039062,
            1.7771446704864502,
            1.7587029933929443,
            1.9654877185821533,
            2.5402958393096924,
            1.8419148921966553,
            1.601125717163086,
            1.8595285415649414,
            2.272256851196289,
            1.7975289821624756,
            1.709686279296875,
            1.8990943431854248,
            2.505756139755249,
            1.7964816093444824,
            1.6200861930847168,
            1.8943562507629395,
            2.4660229682922363,
            1.7420294284820557,
            1.6108953952789307,
            1.9411721229553223,
            2.4602580070495605,
            1.7660253047943115,
            1.650127649307251,
            1.867396354675293,
            2.428877353668213,
            1.793914556503296,
            1.6003096103668213,
            1.8782470226287842,
            2.5449676513671875,
            1.7870934009552002,
            1.6193363666534424,
            1.9011170864105225,
            2.3758087158203125,
            1.9635820388793945,
            1.762939691543579,
            1.929628610610962,
            2.3667678833007812,
            1.842782735824585,
            1.768913745880127,
            1.9607245922088623,
            2.453045606613159,
            1.8205852508544922,
            1.7035231590270996,
            1.8627469539642334,
            2.3385226726531982,
            1.8303616046905518,
            1.6347417831420898,
            1.7996609210968018,
            2.587805986404419,
            1.8575470447540283,
            1.7305192947387695,
            1.9213643074035645,
            2.391096591949463,
            1.7914013862609863,
            1.6481471061706543,
            1.9556512832641602,
            2.4491569995880127,
            1.8511161804199219,
            1.6785826683044434,
            1.9221441745758057,
            2.3343019485473633,
            1.8427014350891113,
            1.7245631217956543,
            1.8952107429504395,
            2.391481399536133,
            1.8291826248168945,
            1.6687400341033936,
            1.9151322841644287,
            2.7160563468933105,
            1.9403996467590332,
            1.8458428382873535,
            1.9953768253326416,
            2.6028008460998535,
            1.8314359188079834,
            1.6597888469696045,
            1.8881006240844727,
            2.544477701187134,
            1.763380527496338,
            1.595245122909546,
            1.8670310974121094,
            2.387326955795288,
            1.8007197380065918,
            1.7024180889129639,
            1.8961031436920166,
            2.501944065093994,
            1.8039875030517578
        ],
        "fit_computation_times": [
            0.7879421710968018,
            0.7942788600921631,
            0.775731086730957,
            0.7731311321258545,
            0.7994749546051025,
            0.7579135894775391,
            0.8057653903961182,
            0.8013193607330322
        ]
    },
    "elapsed": 319.9573211669922
}