{
    "tensor_name": "enron",
    "sampler": "efficient",
    "R": 125,
    "J": 65536,
    "trial": 3,
    "preprocessing": "log_count",
    "initialization": "rrf",
    "max_iterations": 40,
    "stop_tolerance": 0.0001,
    "tensor_order": 4,
    "trace": {
        "iterations": [
            0,
            5,
            10,
            15,
            20,
            25,
            30,
            35,
            40
        ],
        "fits": [
            -19937191809168.47,
            0.1708061499203649,
            0.17741084115781958,
            0.17916469869929075,
            0.1799565213786093,
            0.1804839323899794,
            0.18104545347153744,
            0.18128320829318978,
            0.18165805253200262
        ],
        "update_times": [
            0.45913243293762207,
            0.4374251365661621,
            0.8218305110931396,
            0.450178861618042,
            0.4285855293273926,
            0.5294384956359863,
            1.2429049015045166,
            0.505286455154419,
            0.45403218269348145,
            0.6019141674041748,
            1.2443182468414307,
            0.5286874771118164,
            0.4520697593688965,
            0.5590097904205322,
            1.5200779438018799,
            0.5119926929473877,
            0.44469594955444336,
            0.582291841506958,
            1.4666495323181152,
            0.5205442905426025,
            0.4253535270690918,
            0.5582160949707031,
            1.3763620853424072,
            0.4956784248352051,
            0.44052553176879883,
            0.5868053436279297,
            1.431366205215454,
            0.5164027214050293,
            0.47232556343078613,
            0.6703248023986816,
            1.566298484802246,
            0.5150043964385986,
            0.440643310546875,
            0.5919821262359619,
            1.305783987045288,
            0.5220556259155273,
            0.4409472942352295,
            0.6274099349975586,
            1.3708910942077637,
            0.5219769477844238,
            0.45772385597229004,
            0.6196885108947754,
            1.5775325298309326,
            0.5235660076141357,
            0.45604705810546875,
            0.6518828868865967,
            1.3594002723693848,
            0.5320136547088623,
            0.4987165927886963,
            0.616574764251709,
            1.563561201095581,
            0.52297043800354,
            0.48018455505371094,
            0.5879542827606201,
            1.347193717956543,
            0.49654412269592285,
            0.44507861137390137,
            0.6284420490264893,
            1.3964755535125732,
            0.5177631378173828,
            0.42415285110473633,
            0.5881569385528564,
            1.4482619762420654,
            0.5125539302825928,
            0.436368465423584,
            0.5736532211303711,
            1.395613670349121,
            0.5128798484802246,
            0.47339558601379395,
            0.5622570514678955,
            1.3789119720458984,
            0.5132005214691162,
            0.45082950592041016,
            0.5834474563598633,
            1.4126591682434082,
            0.5184650421142578,
            0.46016359329223633,
            0.6218817234039307,
            1.4704782962799072,
            0.5168642997741699,
            0.4189121723175049,
            0.6064765453338623,
            1.5031962394714355,
            0.5027139186859131,
            0.42752885818481445,
            0.5770857334136963,
            1.4075558185577393,
            0.5108661651611328,
            0.43392014503479004,
            0.6060161590576172,
            1.39235258102417,
            0.5254745483398438,
            0.431485652923584,
            0.5776615142822266,
            1.5012519359588623,
            0.5177083015441895,
            0.4794962406158447,
            0.5668094158172607,
            1.387866497039795,
            0.5092146396636963,
            0.4610610008239746,
            0.5740227699279785,
            1.3377606868743896,
            0.5060229301452637,
            0.44287538528442383,
            0.5789847373962402,
            1.421797752380371,
            0.5228896141052246,
            0.44457316398620605,
            0.5957612991333008,
            1.3975598812103271,
            0.5111360549926758,
            0.47336578369140625,
            0.5701234340667725,
            1.3753607273101807,
            0.483379602432251,
            0.43849730491638184,
            0.5842180252075195,
            1.4018115997314453,
            0.5155293941497803,
            0.43961000442504883,
            0.6119928359985352,
            1.4039485454559326,
            0.5127696990966797,
            0.444962739944458,
            0.5870952606201172,
            1.450904130935669,
            0.5106151103973389,
            0.43454527854919434,
            0.6251683235168457,
            1.4870836734771729,
            0.5203313827514648,
            0.44268369674682617,
            0.6127016544342041,
            1.4790713787078857,
            0.5058879852294922,
            0.4268229007720947,
            0.6063394546508789,
            1.37506103515625,
            0.5042622089385986,
            0.4421975612640381,
            0.5727035999298096,
            1.3463985919952393,
            0.508526086807251,
            0.4581305980682373,
            0.5780136585235596,
            1.3906049728393555,
            0.5123715400695801,
            0.43398022651672363,
            0.5611732006072998,
            1.3910162448883057,
            0.5200610160827637,
            0.426424503326416,
            0.5888566970825195,
            1.4506981372833252,
            0.5120425224304199,
            0.4627389907836914,
            0.6164126396179199,
            1.4495110511779785,
            0.5064830780029297
        ],
        "fit_computation_times": [
            0.7960648536682129,
            0.7676091194152832,
            0.8175549507141113,
            0.788865327835083,
            0.7366416454315186,
            0.7753217220306396,
            0.826923131942749,
            0.7988882064819336
        ]
    },
    "elapsed": 125.05551195144653
}