{
    "tensor_name": "enron",
    "sampler": "larsen_kolda_hybrid",
    "R": 100,
    "J": 983040,
    "trial": 2,
    "preprocessing": "log_count",
    "initialization": "rrf",
    "max_iterations": 40,
    "stop_tolerance": 0.0001,
    "tensor_order": 4,
    "trace": {
        "iterations": [
            0,
            5,
            10,
            15,
            20,
            25,
            30,
            35,
            40
        ],
        "fits": [
            -17579773764033.691,
            0.13647385760736797,
            0.14238847539430854,
            0.1437606031325489,
            0.14429870819725854,
            0.14400241018925075,
            0.14408965423653652,
            0.14508225928909713,
            0.1450901213372956
        ],
        "update_times": [
            0.35308146476745605,
            0.33559179306030273,
            0.7903792858123779,
            0.30954456329345703,
            0.334061861038208,
            0.3493025302886963,
            1.2746126651763916,
            0.3288593292236328,
            0.3444507122039795,
            0.3491697311401367,
            1.358250617980957,
            0.32537007331848145,
            0.3609602451324463,
            0.3503305912017822,
            1.3483095169067383,
            0.33707189559936523,
            0.35468268394470215,
            0.3692913055419922,
            1.3287348747253418,
            0.3137331008911133,
            0.33313608169555664,
            0.3308250904083252,
            1.2847940921783447,
            0.31885576248168945,
            0.3247060775756836,
            0.32898831367492676,
            1.3086731433868408,
            0.31011533737182617,
            0.3212106227874756,
            0.3569529056549072,
            1.3134737014770508,
            0.30359768867492676,
            0.33315563201904297,
            0.35129237174987793,
            1.102684736251831,
            0.3167705535888672,
            0.35028982162475586,
            0.36905765533447266,
            1.3944237232208252,
            0.3414723873138428,
            0.3404116630554199,
            0.36940717697143555,
            1.2273533344268799,
            0.3159670829772949,
            0.3384416103363037,
            0.34126925468444824,
            1.158346176147461,
            0.3251211643218994,
            0.36129283905029297,
            0.3555483818054199,
            1.454627513885498,
            0.326216459274292,
            0.3508615493774414,
            0.36695313453674316,
            1.1842601299285889,
            0.3311915397644043,
            0.3342118263244629,
            0.358536958694458,
            1.2429568767547607,
            0.3257277011871338,
            0.3381009101867676,
            0.3577134609222412,
            1.261056661605835,
            0.3340585231781006,
            0.3515801429748535,
            0.35385727882385254,
            1.3379008769989014,
            0.32885050773620605,
            0.3390777111053467,
            0.36384081840515137,
            1.261345386505127,
            0.3217766284942627,
            0.3378009796142578,
            0.35128355026245117,
            1.4158918857574463,
            0.3224599361419678,
            0.34409189224243164,
            0.36406898498535156,
            1.1611881256103516,
            0.3243112564086914,
            0.3405570983886719,
            0.3459818363189697,
            1.4161264896392822,
            0.3084285259246826,
            0.3346719741821289,
            0.33859682083129883,
            1.190441608428955,
            0.32345032691955566,
            0.34589648246765137,
            0.3350183963775635,
            1.3713338375091553,
            0.3321511745452881,
            0.34497809410095215,
            0.34853625297546387,
            1.5154528617858887,
            0.3196389675140381,
            0.34134531021118164,
            0.36356663703918457,
            1.1663246154785156,
            0.323089599609375,
            0.3210029602050781,
            0.3379378318786621,
            1.2979803085327148,
            0.3150632381439209,
            0.3423774242401123,
            0.36151552200317383,
            1.2728564739227295,
            0.3326072692871094,
            0.34961414337158203,
            0.34711718559265137,
            1.2378430366516113,
            0.3212742805480957,
            0.3465902805328369,
            0.35174012184143066,
            1.5092411041259766,
            0.3416166305541992,
            0.34760308265686035,
            0.36704158782958984,
            1.1132419109344482,
            0.3444540500640869,
            0.352053165435791,
            0.374981164932251,
            1.0978984832763672,
            0.34351086616516113,
            0.3528263568878174,
            0.34563589096069336,
            1.2064852714538574,
            0.3353714942932129,
            0.3489089012145996,
            0.3363044261932373,
            1.187972068786621,
            0.3211188316345215,
            0.344921350479126,
            0.34162068367004395,
            1.122838020324707,
            0.3180227279663086,
            0.3457980155944824,
            0.3477959632873535,
            1.2480599880218506,
            0.3163611888885498,
            0.3279917240142822,
            0.33662962913513184,
            1.226912260055542,
            0.29863572120666504,
            0.3512916564941406,
            0.3559441566467285,
            1.3250758647918701,
            0.32070064544677734,
            0.34468841552734375,
            0.35428524017333984,
            1.1814539432525635,
            0.3142828941345215,
            0.34974098205566406,
            0.34482359886169434,
            1.2155869007110596,
            0.2982447147369385,
            0.33239316940307617,
            0.33624696731567383,
            1.2647333145141602,
            0.3156716823577881
        ],
        "fit_computation_times": [
            0.7882785797119141,
            0.8088414669036865,
            0.823998212814331,
            0.813230037689209,
            0.7748568058013916,
            0.795008659362793,
            0.7955272197723389,
            0.7671689987182617
        ]
    },
    "elapsed": 98.23792219161987
}