{
    "tensor_name": "enron",
    "sampler": "efficient",
    "R": 100,
    "J": 1376256,
    "trial": 0,
    "preprocessing": "log_count",
    "initialization": "rrf",
    "max_iterations": 40,
    "stop_tolerance": 0.0001,
    "tensor_order": 4,
    "trace": {
        "iterations": [
            0,
            5,
            10,
            15,
            20,
            25,
            30,
            35,
            40
        ],
        "fits": [
            -17503623409360.17,
            0.148139716031908,
            0.15305528479338326,
            0.1551820190537747,
            0.1562927141134416,
            0.15669228990087802,
            0.1569947052157673,
            0.1571993370597894,
            0.15735304091054048
        ],
        "update_times": [
            6.468087196350098,
            6.303213596343994,
            5.36502480506897,
            6.848018169403076,
            6.460575580596924,
            6.810491323471069,
            6.093318462371826,
            7.561583042144775,
            7.263084411621094,
            7.008883953094482,
            6.607610702514648,
            7.520587205886841,
            6.852216958999634,
            7.2044384479522705,
            6.596158266067505,
            7.902910232543945,
            7.143756866455078,
            7.15252161026001,
            6.537404775619507,
            8.024138927459717,
            7.130655765533447,
            7.2037084102630615,
            6.405310153961182,
            7.793349266052246,
            7.000284910202026,
            7.106591463088989,
            6.335708379745483,
            7.9968953132629395,
            7.059463262557983,
            7.024906396865845,
            6.459725856781006,
            7.841301679611206,
            7.129225730895996,
            7.081784725189209,
            6.7716224193573,
            8.005443096160889,
            6.939122676849365,
            7.238501071929932,
            6.320985317230225,
            7.932927846908569,
            7.05072808265686,
            7.202286720275879,
            6.0219810009002686,
            7.897620677947998,
            6.607339143753052,
            6.826500415802002,
            5.947631120681763,
            7.415334224700928,
            6.450141429901123,
            6.6722211837768555,
            5.73617959022522,
            7.272893667221069,
            6.343460559844971,
            6.685465335845947,
            6.087332725524902,
            7.2057719230651855,
            6.385308742523193,
            6.5182154178619385,
            5.8723344802856445,
            7.204108715057373,
            6.911669015884399,
            7.063164949417114,
            6.327934741973877,
            7.641406774520874,
            7.069303274154663,
            7.208423614501953,
            6.39822244644165,
            8.24722933769226,
            7.088424205780029,
            7.276996374130249,
            6.563080310821533,
            8.342661142349243,
            7.062199831008911,
            7.19624400138855,
            6.631907224655151,
            7.796712875366211,
            7.101468801498413,
            6.953683614730835,
            6.477574348449707,
            7.73627233505249,
            7.07744026184082,
            6.922718286514282,
            6.985291004180908,
            7.855194091796875,
            6.8728368282318115,
            7.342157602310181,
            6.834850072860718,
            7.967695951461792,
            6.854607582092285,
            6.906781435012817,
            6.071972370147705,
            7.188009262084961,
            6.656742334365845,
            7.024235725402832,
            6.493672847747803,
            7.5052101612091064,
            6.80194091796875,
            6.655238151550293,
            6.116755723953247,
            7.239077568054199,
            6.394981384277344,
            6.530474901199341,
            6.244631290435791,
            7.3173136711120605,
            6.45194411277771,
            6.606907844543457,
            6.419737815856934,
            7.671793460845947,
            6.903174161911011,
            7.069182395935059,
            6.454933404922485,
            8.235668420791626,
            7.800664901733398,
            7.251959800720215,
            6.275146245956421,
            7.693345069885254,
            6.922381162643433,
            7.203747272491455,
            6.412603855133057,
            7.7047648429870605,
            6.911618232727051,
            7.0421106815338135,
            6.180987596511841,
            7.669698476791382,
            6.817036390304565,
            6.999792098999023,
            6.1136510372161865,
            7.682475328445435,
            6.963705778121948,
            7.186196804046631,
            6.678055047988892,
            8.174038171768188,
            7.211346387863159,
            7.113959074020386,
            6.465327024459839,
            7.504160404205322,
            6.564958095550537,
            6.609705209732056,
            6.030810594558716,
            7.070620059967041,
            6.512573719024658,
            6.546047925949097,
            5.712141990661621,
            7.067325830459595,
            6.522965431213379,
            6.664465665817261,
            6.0865068435668945,
            7.190844774246216,
            6.785345077514648,
            6.645663738250732,
            6.386600732803345,
            7.499818801879883,
            6.51306939125061,
            6.513592720031738,
            5.84591817855835,
            7.098767280578613,
            6.53798508644104,
            7.335672855377197,
            6.611675024032593,
            8.075414657592773
        ],
        "fit_computation_times": [
            0.6710808277130127,
            0.7106320858001709,
            0.7306973934173584,
            0.6402158737182617,
            0.7072131633758545,
            0.6815145015716553,
            0.7023420333862305,
            0.663590669631958
        ]
    },
    "elapsed": 1115.292064189911
}