{
    "tensor_name": "enron",
    "sampler": "larsen_kolda_hybrid",
    "R": 75,
    "J": 1114112,
    "trial": 2,
    "preprocessing": "log_count",
    "initialization": "rrf",
    "max_iterations": 40,
    "stop_tolerance": 0.0001,
    "tensor_order": 4,
    "trace": {
        "iterations": [
            0,
            5,
            10,
            15,
            20,
            25,
            30,
            35,
            40
        ],
        "fits": [
            -15209064580177.457,
            0.129076040669855,
            0.13212704777019613,
            0.13425829077067664,
            0.13439070855080038,
            0.134309189244758,
            0.13614424058477448,
            0.13592585282912273,
            0.13396444593605372
        ],
        "update_times": [
            0.31957221031188965,
            0.3052244186401367,
            0.7718720436096191,
            0.3180525302886963,
            0.3117551803588867,
            0.3338959217071533,
            1.3108789920806885,
            0.29306650161743164,
            0.29964613914489746,
            0.3275411128997803,
            1.2250375747680664,
            0.2920393943786621,
            0.3079829216003418,
            0.32313108444213867,
            1.5613269805908203,
            0.3082704544067383,
            0.32390809059143066,
            0.3358275890350342,
            1.1169252395629883,
            0.3016321659088135,
            0.3029937744140625,
            0.3182644844055176,
            1.4073677062988281,
            0.30347418785095215,
            0.3151664733886719,
            0.34937191009521484,
            1.6492424011230469,
            0.303466796875,
            0.3217751979827881,
            0.3255329132080078,
            1.4849939346313477,
            0.29656314849853516,
            0.30895304679870605,
            0.34047460556030273,
            1.4050462245941162,
            0.30716657638549805,
            0.324495792388916,
            0.34145188331604004,
            1.2781922817230225,
            0.30844974517822266,
            0.3176259994506836,
            0.3466815948486328,
            1.3758633136749268,
            0.3086819648742676,
            0.3191554546356201,
            0.347182035446167,
            1.3773338794708252,
            0.3171212673187256,
            0.332791805267334,
            0.33092713356018066,
            1.134958028793335,
            0.29749131202697754,
            0.2982978820800781,
            0.3260653018951416,
            1.1558949947357178,
            0.2933540344238281,
            0.3061487674713135,
            0.33414435386657715,
            1.2201426029205322,
            0.3137979507446289,
            0.31786656379699707,
            0.33396124839782715,
            1.3446204662322998,
            0.3050270080566406,
            0.3442270755767822,
            0.3261411190032959,
            1.1972007751464844,
            0.30330729484558105,
            0.33275842666625977,
            0.33986711502075195,
            1.409769058227539,
            0.30824804306030273,
            0.31346654891967773,
            0.3326876163482666,
            1.5314033031463623,
            0.31345033645629883,
            0.32213830947875977,
            0.31555938720703125,
            1.3263604640960693,
            0.29810428619384766,
            0.30997586250305176,
            0.31713438034057617,
            1.1089856624603271,
            0.29848551750183105,
            0.2987236976623535,
            0.31801390647888184,
            1.417881727218628,
            0.29026150703430176,
            0.3099966049194336,
            0.3270261287689209,
            1.3939056396484375,
            0.31313633918762207,
            0.3157806396484375,
            0.3632988929748535,
            1.3545904159545898,
            0.3022887706756592,
            0.2924509048461914,
            0.3286128044128418,
            1.168076992034912,
            0.29580163955688477,
            0.2923603057861328,
            0.33216166496276855,
            1.151653528213501,
            0.29787492752075195,
            0.32581663131713867,
            0.33719658851623535,
            1.311234712600708,
            0.3146686553955078,
            0.3103489875793457,
            0.3258481025695801,
            1.250124216079712,
            0.31081604957580566,
            0.315885066986084,
            0.3289220333099365,
            1.5745277404785156,
            0.30472779273986816,
            0.3178725242614746,
            0.33931589126586914,
            1.4150590896606445,
            0.31258606910705566,
            0.31429290771484375,
            0.3407480716705322,
            1.2010531425476074,
            0.3012385368347168,
            0.32010865211486816,
            0.34871602058410645,
            1.6086270809173584,
            0.29068779945373535,
            0.30797362327575684,
            0.3252270221710205,
            1.177483320236206,
            0.29407358169555664,
            0.3018836975097656,
            0.32911038398742676,
            1.1489176750183105,
            0.3158130645751953,
            0.3162572383880615,
            0.3377695083618164,
            1.4454913139343262,
            0.3086569309234619,
            0.312345027923584,
            0.34732866287231445,
            1.369605302810669,
            0.3018209934234619,
            0.3178825378417969,
            0.314481258392334,
            1.078141450881958,
            0.2995443344116211,
            0.31793212890625,
            0.3072373867034912,
            1.1910109519958496,
            0.3052682876586914,
            0.3090846538543701,
            0.3418569564819336,
            1.2179691791534424,
            0.3007659912109375,
            0.31876540184020996,
            0.3281693458557129,
            1.2894008159637451,
            0.3029510974884033
        ],
        "fit_computation_times": [
            0.5275917053222656,
            0.561687707901001,
            0.5518667697906494,
            0.5133230686187744,
            0.5199522972106934,
            0.5255420207977295,
            0.5514991283416748,
            0.560197114944458
        ]
    },
    "elapsed": 95.06894564628601
}