{
    "tensor_name": "enron",
    "sampler": "efficient",
    "R": 25,
    "J": 458752,
    "trial": 0,
    "preprocessing": "log_count",
    "initialization": "rrf",
    "max_iterations": 40,
    "stop_tolerance": 0.0001,
    "tensor_order": 4,
    "trace": {
        "iterations": [
            0,
            5,
            10,
            15,
            20,
            25,
            30,
            35,
            40
        ],
        "fits": [
            -8997699816458.863,
            0.09393112327565822,
            0.09526410979632705,
            0.09592031118980404,
            0.09619281414473924,
            0.09631544654804514,
            0.09637225216091727,
            0.0964103117200602,
            0.09643206182900343
        ],
        "update_times": [
            0.29590702056884766,
            0.31418728828430176,
            0.4634709358215332,
            0.3071737289428711,
            0.31650781631469727,
            0.33063364028930664,
            0.48197293281555176,
            0.3053860664367676,
            0.30489349365234375,
            0.34776878356933594,
            0.5500915050506592,
            0.3087291717529297,
            0.3146069049835205,
            0.35281968116760254,
            0.4821901321411133,
            0.30881381034851074,
            0.32879066467285156,
            0.3344149589538574,
            0.4843881130218506,
            0.31385135650634766,
            0.2940480709075928,
            0.33107423782348633,
            0.4999253749847412,
            0.2926445007324219,
            0.3146066665649414,
            0.33801817893981934,
            0.5036494731903076,
            0.33382630348205566,
            0.3244011402130127,
            0.3349795341491699,
            0.477062463760376,
            0.3037431240081787,
            0.31659841537475586,
            0.33965086936950684,
            0.47421908378601074,
            0.29500865936279297,
            0.3205142021179199,
            0.3305213451385498,
            0.4733846187591553,
            0.30547475814819336,
            0.2914905548095703,
            0.3414032459259033,
            0.4841477870941162,
            0.2999699115753174,
            0.34027767181396484,
            0.34888553619384766,
            0.4744527339935303,
            0.3061525821685791,
            0.31284141540527344,
            0.3342256546020508,
            0.4659309387207031,
            0.3053557872772217,
            0.3215024471282959,
            0.3242940902709961,
            0.5223822593688965,
            0.3054158687591553,
            0.31834888458251953,
            0.33001017570495605,
            0.5143461227416992,
            0.2907083034515381,
            0.2922666072845459,
            0.3206462860107422,
            0.5145273208618164,
            0.32089972496032715,
            0.36276721954345703,
            0.3490109443664551,
            0.518566370010376,
            0.29962921142578125,
            0.33951234817504883,
            0.3395364284515381,
            0.5344338417053223,
            0.29997920989990234,
            0.3129599094390869,
            0.3226888179779053,
            0.5176031589508057,
            0.27918171882629395,
            0.28980588912963867,
            0.32314443588256836,
            0.5074453353881836,
            0.30218935012817383,
            0.29384493827819824,
            0.39074063301086426,
            0.5103936195373535,
            0.2845606803894043,
            0.2972595691680908,
            0.3172464370727539,
            0.507404088973999,
            0.2892732620239258,
            0.32128238677978516,
            0.3518834114074707,
            0.5868082046508789,
            0.29142117500305176,
            0.3142120838165283,
            0.3417544364929199,
            0.5081446170806885,
            0.3257758617401123,
            0.34503626823425293,
            0.33827805519104004,
            0.5528743267059326,
            0.2853689193725586,
            0.34106898307800293,
            0.34990644454956055,
            0.5030393600463867,
            0.29412102699279785,
            0.3540925979614258,
            0.3661515712738037,
            0.5750460624694824,
            0.2900874614715576,
            0.34368371963500977,
            0.3387906551361084,
            0.47910451889038086,
            0.2966187000274658,
            0.33994412422180176,
            0.3603031635284424,
            0.4539790153503418,
            0.3141767978668213,
            0.3265106678009033,
            0.33566927909851074,
            0.5717549324035645,
            0.29936671257019043,
            0.3156869411468506,
            0.3392491340637207,
            0.617300271987915,
            0.2935793399810791,
            0.3268773555755615,
            0.336317777633667,
            0.5459849834442139,
            0.2992517948150635,
            0.31346750259399414,
            0.33307576179504395,
            0.5431554317474365,
            0.297208309173584,
            0.3203773498535156,
            0.3312702178955078,
            0.5492684841156006,
            0.2819492816925049,
            0.33701395988464355,
            0.3472566604614258,
            0.4587588310241699,
            0.32720136642456055,
            0.3115875720977783,
            0.3411424160003662,
            0.5424463748931885,
            0.2915322780609131,
            0.322829008102417,
            0.3298666477203369,
            0.4806854724884033,
            0.3306393623352051,
            0.3413214683532715,
            0.3423116207122803,
            0.4970424175262451,
            0.29748058319091797,
            0.3273909091949463,
            0.3428919315338135,
            0.4692258834838867,
            0.2929384708404541,
            0.3152036666870117,
            0.3389551639556885,
            0.5043716430664062,
            0.31020545959472656
        ],
        "fit_computation_times": [
            0.14276766777038574,
            0.14705705642700195,
            0.14304542541503906,
            0.14238190650939941,
            0.1387012004852295,
            0.14759302139282227,
            0.15011167526245117,
            0.1450035572052002
        ]
    },
    "elapsed": 60.18841910362244
}