{
    "tensor_name": "enron",
    "sampler": "larsen_kolda_hybrid",
    "R": 25,
    "J": 655360,
    "trial": 2,
    "preprocessing": "log_count",
    "initialization": "rrf",
    "max_iterations": 40,
    "stop_tolerance": 0.0001,
    "tensor_order": 4,
    "trace": {
        "iterations": [
            0,
            5,
            10,
            15,
            20,
            25,
            30,
            35,
            40
        ],
        "fits": [
            -8664082625953.401,
            0.09115968819577325,
            0.0941355271215728,
            0.09447059346912656,
            0.09471871971146284,
            0.09478283775618013,
            0.09480576232863691,
            0.09487212790939092,
            0.0951255044032564
        ],
        "update_times": [
            0.09948039054870605,
            0.12784314155578613,
            0.3729236125946045,
            0.09762859344482422,
            0.11114859580993652,
            0.12136340141296387,
            0.4215056896209717,
            0.09678888320922852,
            0.11783790588378906,
            0.1295304298400879,
            0.48480677604675293,
            0.10563158988952637,
            0.12618517875671387,
            0.12716150283813477,
            0.5004158020019531,
            0.09169936180114746,
            0.10762715339660645,
            0.1250002384185791,
            0.526451826095581,
            0.08907794952392578,
            0.09947538375854492,
            0.12940502166748047,
            0.4535672664642334,
            0.09277033805847168,
            0.10724544525146484,
            0.12367606163024902,
            0.4649238586425781,
            0.10337972640991211,
            0.10250473022460938,
            0.11706995964050293,
            0.5052552223205566,
            0.08682131767272949,
            0.10630679130554199,
            0.10771965980529785,
            0.4806385040283203,
            0.08805680274963379,
            0.11780261993408203,
            0.13656067848205566,
            0.48494887351989746,
            0.08897113800048828,
            0.09196686744689941,
            0.13072943687438965,
            0.47127556800842285,
            0.10057282447814941,
            0.11133956909179688,
            0.135145902633667,
            0.4552154541015625,
            0.08155202865600586,
            0.10601401329040527,
            0.11868476867675781,
            0.48797106742858887,
            0.08825039863586426,
            0.1163334846496582,
            0.12378907203674316,
            0.3977336883544922,
            0.09623384475708008,
            0.11548376083374023,
            0.12986230850219727,
            0.47920656204223633,
            0.09766006469726562,
            0.09023571014404297,
            0.11724638938903809,
            0.5115597248077393,
            0.09682154655456543,
            0.10677599906921387,
            0.12900638580322266,
            0.4599795341491699,
            0.09630417823791504,
            0.11670541763305664,
            0.13230609893798828,
            0.5046699047088623,
            0.09505629539489746,
            0.10880708694458008,
            0.12830328941345215,
            0.5086283683776855,
            0.09267592430114746,
            0.10630059242248535,
            0.11836767196655273,
            0.47644567489624023,
            0.0960700511932373,
            0.0875709056854248,
            0.12272262573242188,
            0.5106935501098633,
            0.09849429130554199,
            0.11521434783935547,
            0.11970353126525879,
            0.45854783058166504,
            0.0937192440032959,
            0.11814165115356445,
            0.12523627281188965,
            0.4348158836364746,
            0.09651899337768555,
            0.11641049385070801,
            0.11842679977416992,
            0.46317458152770996,
            0.09314370155334473,
            0.10544514656066895,
            0.12439322471618652,
            0.4468574523925781,
            0.10419702529907227,
            0.0839996337890625,
            0.12642312049865723,
            0.4291980266571045,
            0.10943174362182617,
            0.11005377769470215,
            0.12551474571228027,
            0.4555928707122803,
            0.09281754493713379,
            0.11958742141723633,
            0.1145164966583252,
            0.4708881378173828,
            0.09765481948852539,
            0.11520028114318848,
            0.11664795875549316,
            0.4468867778778076,
            0.08754944801330566,
            0.10709118843078613,
            0.12016487121582031,
            0.48477792739868164,
            0.09436774253845215,
            0.09124159812927246,
            0.12247586250305176,
            0.4926309585571289,
            0.09131121635437012,
            0.11725139617919922,
            0.1293964385986328,
            0.4314455986022949,
            0.10120201110839844,
            0.11840987205505371,
            0.12069177627563477,
            0.4059419631958008,
            0.09227252006530762,
            0.1197500228881836,
            0.11583209037780762,
            0.4405093193054199,
            0.09167146682739258,
            0.11591005325317383,
            0.12932944297790527,
            0.49798154830932617,
            0.09336280822753906,
            0.08924150466918945,
            0.11915445327758789,
            0.5056097507476807,
            0.10439014434814453,
            0.1100471019744873,
            0.1246798038482666,
            0.48404693603515625,
            0.09949803352355957,
            0.1057736873626709,
            0.1268303394317627,
            0.49085497856140137,
            0.09357595443725586,
            0.12597274780273438,
            0.12040066719055176,
            0.4286212921142578,
            0.0970005989074707,
            0.11979913711547852,
            0.1205134391784668,
            0.4504818916320801,
            0.10854768753051758
        ],
        "fit_computation_times": [
            0.10767531394958496,
            0.09779763221740723,
            0.10656952857971191,
            0.10619091987609863,
            0.10579776763916016,
            0.10384011268615723,
            0.1040811538696289,
            0.1045994758605957
        ]
    },
    "elapsed": 32.77483773231506
}