{
    "tensor_name": "enron",
    "sampler": "efficient",
    "R": 100,
    "J": 851968,
    "trial": 1,
    "preprocessing": "log_count",
    "initialization": "rrf",
    "max_iterations": 40,
    "stop_tolerance": 0.0001,
    "tensor_order": 4,
    "trace": {
        "iterations": [
            0,
            5,
            10,
            15,
            20,
            25,
            30,
            35,
            40
        ],
        "fits": [
            -17771446114454.844,
            0.1612503476616255,
            0.16631849098061469,
            0.16727767454371312,
            0.16785922967902023,
            0.1682825224270159,
            0.1685537747156457,
            0.1687809287069435,
            0.1689342913513706
        ],
        "update_times": [
            3.7306361198425293,
            4.311742544174194,
            4.374969244003296,
            4.189861297607422,
            3.729046106338501,
            3.728450298309326,
            4.051622629165649,
            4.257056713104248,
            3.5868914127349854,
            3.97015118598938,
            3.6030759811401367,
            4.375593900680542,
            3.6770923137664795,
            3.7295427322387695,
            4.13030219078064,
            4.396981716156006,
            3.6669058799743652,
            4.001939058303833,
            3.9730703830718994,
            4.23487114906311,
            3.663086175918579,
            4.284160137176514,
            4.048912286758423,
            4.380429267883301,
            3.8517234325408936,
            3.573071002960205,
            3.420191764831543,
            4.474910736083984,
            3.806908369064331,
            4.114404678344727,
            3.803558826446533,
            4.615570783615112,
            3.833364725112915,
            4.041046142578125,
            4.001118898391724,
            4.514774799346924,
            4.313102722167969,
            4.2909321784973145,
            4.110383033752441,
            4.748213768005371,
            3.85037899017334,
            4.120816946029663,
            4.07747745513916,
            4.454505443572998,
            3.8068902492523193,
            4.033961057662964,
            4.1444878578186035,
            4.372361183166504,
            3.810169219970703,
            4.037606239318848,
            3.9860830307006836,
            4.409134149551392,
            3.671241283416748,
            4.5516462326049805,
            4.061827898025513,
            4.65967059135437,
            4.045700311660767,
            4.071281909942627,
            3.9972543716430664,
            4.6618492603302,
            3.831193685531616,
            4.337502717971802,
            4.175495147705078,
            4.5724546909332275,
            3.8263163566589355,
            4.128045558929443,
            4.071354866027832,
            4.563758850097656,
            3.9038445949554443,
            4.1792755126953125,
            3.9932656288146973,
            4.521049976348877,
            3.9307968616485596,
            4.098992347717285,
            4.087376356124878,
            4.427803039550781,
            4.0221521854400635,
            4.448048114776611,
            4.07875394821167,
            4.54295802116394,
            4.067501783370972,
            4.2799084186553955,
            4.148040056228638,
            4.448765993118286,
            3.9452064037323,
            3.980135917663574,
            3.971290111541748,
            4.439283609390259,
            4.056975364685059,
            4.039696455001831,
            4.115141153335571,
            4.522248268127441,
            3.903277635574341,
            4.122591733932495,
            3.9875435829162598,
            4.586748123168945,
            3.9231457710266113,
            4.095365285873413,
            4.190901756286621,
            4.522099733352661,
            3.892921209335327,
            4.0989062786102295,
            3.950622797012329,
            4.439029693603516,
            4.087101459503174,
            4.111271858215332,
            4.00209379196167,
            4.232568264007568,
            3.78951096534729,
            3.689753532409668,
            4.22170877456665,
            4.421627998352051,
            3.786210060119629,
            3.916530132293701,
            4.086162328720093,
            4.413096904754639,
            4.001206636428833,
            4.2522478103637695,
            4.093569278717041,
            4.698990106582642,
            3.9397270679473877,
            3.703908920288086,
            4.188556432723999,
            4.464639902114868,
            3.7484512329101562,
            3.921989679336548,
            3.7565183639526367,
            4.5646867752075195,
            4.028392553329468,
            4.187898874282837,
            4.084449529647827,
            4.447312593460083,
            3.8037025928497314,
            4.029290676116943,
            4.109329700469971,
            4.493165016174316,
            3.832822799682617,
            4.5765461921691895,
            4.326444149017334,
            4.4293012619018555,
            3.886512279510498,
            3.959803342819214,
            4.058400869369507,
            4.838815212249756,
            3.952678680419922,
            4.229328870773315,
            4.137481212615967,
            4.510926008224487,
            3.923676013946533,
            3.9740445613861084,
            3.909451723098755,
            4.6086931228637695,
            3.904728889465332,
            4.080001592636108,
            4.082396745681763,
            4.417832612991333,
            3.9059534072875977,
            4.0677478313446045,
            4.135745286941528,
            4.537661790847778
        ],
        "fit_computation_times": [
            0.7705419063568115,
            0.7521853446960449,
            0.7749135494232178,
            0.7474818229675293,
            0.7348542213439941,
            0.7275385856628418,
            0.7378640174865723,
            0.748131513595581
        ]
    },
    "elapsed": 666.2079846858978
}