{
    "tensor_name": "enron",
    "sampler": "larsen_kolda_hybrid",
    "R": 25,
    "J": 1245184,
    "trial": 1,
    "preprocessing": "log_count",
    "initialization": "rrf",
    "max_iterations": 40,
    "stop_tolerance": 0.0001,
    "tensor_order": 4,
    "trace": {
        "iterations": [
            0,
            5,
            10,
            15,
            20,
            25,
            30,
            35,
            40
        ],
        "fits": [
            -9559643000988.61,
            0.08846835161803424,
            0.09038188925550505,
            0.0911220595510096,
            0.09140406641956422,
            0.0915175214148175,
            0.09162662315793357,
            0.09170321313524232,
            0.0917692094266197
        ],
        "update_times": [
            0.1467146873474121,
            0.1684737205505371,
            0.5506851673126221,
            0.15496063232421875,
            0.17073965072631836,
            0.214857816696167,
            0.6336560249328613,
            0.16968607902526855,
            0.17287802696228027,
            0.19617509841918945,
            0.5987148284912109,
            0.17296051979064941,
            0.17631983757019043,
            0.19924259185791016,
            0.7191174030303955,
            0.16443562507629395,
            0.16831111907958984,
            0.19144940376281738,
            0.6631631851196289,
            0.15229558944702148,
            0.1343822479248047,
            0.2009899616241455,
            0.5944318771362305,
            0.1528947353363037,
            0.16863679885864258,
            0.18059182167053223,
            0.6209065914154053,
            0.16373395919799805,
            0.16461944580078125,
            0.19743967056274414,
            0.5436298847198486,
            0.14029979705810547,
            0.16298484802246094,
            0.19186735153198242,
            0.632889986038208,
            0.15733981132507324,
            0.16755342483520508,
            0.1797792911529541,
            0.6395528316497803,
            0.1458415985107422,
            0.1353151798248291,
            0.20413637161254883,
            0.5912306308746338,
            0.17226266860961914,
            0.1767735481262207,
            0.18471908569335938,
            0.5487706661224365,
            0.17308902740478516,
            0.19420719146728516,
            0.18506217002868652,
            0.6260771751403809,
            0.16782903671264648,
            0.17874479293823242,
            0.2066195011138916,
            0.6117634773254395,
            0.16033554077148438,
            0.17348146438598633,
            0.20671343803405762,
            0.5813181400299072,
            0.15692615509033203,
            0.14075827598571777,
            0.20349979400634766,
            0.5502016544342041,
            0.16400575637817383,
            0.1821269989013672,
            0.19697070121765137,
            0.6250362396240234,
            0.15491151809692383,
            0.16183924674987793,
            0.18835115432739258,
            0.6879796981811523,
            0.15248560905456543,
            0.167067289352417,
            0.19856858253479004,
            0.6240842342376709,
            0.16454625129699707,
            0.17375564575195312,
            0.17572832107543945,
            0.6022028923034668,
            0.1538405418395996,
            0.1453866958618164,
            0.2115623950958252,
            0.676203727722168,
            0.16420960426330566,
            0.18547272682189941,
            0.21295428276062012,
            0.6256232261657715,
            0.16699552536010742,
            0.15845441818237305,
            0.18573236465454102,
            0.6621372699737549,
            0.1572284698486328,
            0.16986727714538574,
            0.18935036659240723,
            0.6382393836975098,
            0.2035815715789795,
            0.17084836959838867,
            0.19408679008483887,
            0.6557009220123291,
            0.15713763236999512,
            0.1433086395263672,
            0.20958781242370605,
            0.7360453605651855,
            0.16803884506225586,
            0.1746819019317627,
            0.19154906272888184,
            0.6551477909088135,
            0.1572103500366211,
            0.16788339614868164,
            0.18069076538085938,
            0.6838431358337402,
            0.15607666969299316,
            0.14528322219848633,
            0.17726683616638184,
            0.648967981338501,
            0.15294647216796875,
            0.1759660243988037,
            0.18735194206237793,
            0.5939197540283203,
            0.14621901512145996,
            0.1385490894317627,
            0.20410490036010742,
            0.5758316516876221,
            0.14367294311523438,
            0.15595054626464844,
            0.19010472297668457,
            0.6553173065185547,
            0.1423933506011963,
            0.1570889949798584,
            0.18381142616271973,
            0.6416680812835693,
            0.14799761772155762,
            0.1706240177154541,
            0.21184420585632324,
            0.6649799346923828,
            0.14736151695251465,
            0.15579771995544434,
            0.1833038330078125,
            0.5961556434631348,
            0.15576648712158203,
            0.1560220718383789,
            0.2000117301940918,
            0.7236225605010986,
            0.16473054885864258,
            0.1811666488647461,
            0.19312500953674316,
            0.7481260299682617,
            0.15851521492004395,
            0.1564779281616211,
            0.20621633529663086,
            0.6987011432647705,
            0.15424323081970215,
            0.15875530242919922,
            0.22030949592590332,
            0.6702907085418701,
            0.15466094017028809,
            0.16362333297729492,
            0.2032926082611084,
            0.6100263595581055,
            0.17620182037353516
        ],
        "fit_computation_times": [
            0.06755208969116211,
            0.07066059112548828,
            0.0695643424987793,
            0.07412910461425781,
            0.07592248916625977,
            0.07712864875793457,
            0.07788372039794922,
            0.07094550132751465
        ]
    },
    "elapsed": 46.830060958862305
}