{
    "tensor_name": "enron",
    "sampler": "larsen_kolda_hybrid",
    "R": 100,
    "J": 720896,
    "trial": 3,
    "preprocessing": "log_count",
    "initialization": "rrf",
    "max_iterations": 40,
    "stop_tolerance": 0.0001,
    "tensor_order": 4,
    "trace": {
        "iterations": [
            0,
            5,
            10,
            15,
            20,
            25,
            30,
            35
        ],
        "fits": [
            -18479602700279.715,
            0.13639338483741803,
            0.13169184235765596,
            0.14537923102853167,
            0.14898366794829776,
            0.12942953126834023,
            0.14340672440783753,
            0.1388509404463143
        ],
        "update_times": [
            0.26885271072387695,
            0.27429914474487305,
            0.6074376106262207,
            0.2542915344238281,
            0.2926323413848877,
            0.29651713371276855,
            0.954603910446167,
            0.2773315906524658,
            0.3131411075592041,
            0.3014557361602783,
            0.8072962760925293,
            0.26369166374206543,
            0.2845578193664551,
            0.32859015464782715,
            0.9951341152191162,
            0.2621004581451416,
            0.289156436920166,
            0.30390119552612305,
            0.9506330490112305,
            0.2635970115661621,
            0.2867896556854248,
            0.30832862854003906,
            0.9469459056854248,
            0.25476694107055664,
            0.3041365146636963,
            0.3022608757019043,
            0.9057869911193848,
            0.26920485496520996,
            0.3039896488189697,
            0.31998753547668457,
            1.0509538650512695,
            0.2520406246185303,
            0.27173614501953125,
            0.27683281898498535,
            1.0705440044403076,
            0.28125476837158203,
            0.2828812599182129,
            0.28605031967163086,
            0.9691312313079834,
            0.25925207138061523,
            0.25679469108581543,
            0.2832362651824951,
            0.8173725605010986,
            0.24794554710388184,
            0.2756791114807129,
            0.2835276126861572,
            0.8687119483947754,
            0.25227952003479004,
            0.2887907028198242,
            0.300976037979126,
            0.8853580951690674,
            0.24410772323608398,
            0.3713243007659912,
            0.2914290428161621,
            0.943396806716919,
            0.26913881301879883,
            0.2677750587463379,
            0.29370737075805664,
            1.0531532764434814,
            0.2532658576965332,
            0.2531311511993408,
            0.27626562118530273,
            0.8858687877655029,
            0.2607095241546631,
            0.2656533718109131,
            0.2810952663421631,
            0.9642012119293213,
            0.2511484622955322,
            0.2650132179260254,
            0.29358530044555664,
            0.953603982925415,
            0.26352620124816895,
            0.27544713020324707,
            0.28708672523498535,
            1.037804365158081,
            0.2610738277435303,
            0.26320624351501465,
            0.27179431915283203,
            0.8522441387176514,
            0.2624070644378662,
            0.2552323341369629,
            0.272228479385376,
            0.9439527988433838,
            0.25555920600891113,
            0.2699463367462158,
            0.28723835945129395,
            0.8506622314453125,
            0.26445674896240234,
            0.2772507667541504,
            0.2831144332885742,
            1.0109174251556396,
            0.25890350341796875,
            0.2648739814758301,
            0.27699971199035645,
            0.8415930271148682,
            0.2643108367919922,
            0.2913069725036621,
            0.30826425552368164,
            0.9856500625610352,
            0.2582364082336426,
            0.2706568241119385,
            0.28757739067077637,
            0.7720324993133545,
            0.2554807662963867,
            0.26964759826660156,
            0.28849101066589355,
            1.0032846927642822,
            0.2796165943145752,
            0.2821223735809326,
            0.29985642433166504,
            1.1188793182373047,
            0.2808809280395508,
            0.2981281280517578,
            0.30080270767211914,
            1.0606679916381836,
            0.26018190383911133,
            0.26152706146240234,
            0.2827744483947754,
            1.0870862007141113,
            0.2702820301055908,
            0.3014073371887207,
            0.29537057876586914,
            0.8648779392242432,
            0.2571289539337158,
            0.28130197525024414,
            0.2925686836242676,
            1.094372034072876,
            0.27577638626098633,
            0.2804899215698242,
            0.28080272674560547,
            1.1022577285766602,
            0.2643256187438965,
            0.2650773525238037,
            0.28254222869873047,
            1.0966477394104004,
            0.2567727565765381,
            0.29051947593688965,
            0.2783668041229248,
            1.2268471717834473,
            0.2494955062866211
        ],
        "fit_computation_times": [
            0.6729438304901123,
            0.7020587921142578,
            0.6852960586547852,
            0.6948904991149902,
            0.7042031288146973,
            0.658933162689209,
            0.6757142543792725
        ]
    },
    "elapsed": 68.38077688217163
}