{
    "tensor_name": "enron",
    "sampler": "larsen_kolda_hybrid",
    "R": 75,
    "J": 262144,
    "trial": 0,
    "preprocessing": "log_count",
    "initialization": "rrf",
    "max_iterations": 40,
    "stop_tolerance": 0.0001,
    "tensor_order": 4,
    "trace": {
        "iterations": [
            0,
            5,
            10,
            15,
            20,
            25
        ],
        "fits": [
            -16509243452370.025,
            0.12112439863468527,
            0.12294585562967775,
            0.11780046390018684,
            0.11969115446689482,
            0.11774316477121938
        ],
        "update_times": [
            0.09557795524597168,
            0.0847785472869873,
            0.24227309226989746,
            0.07132601737976074,
            0.10148954391479492,
            0.10160088539123535,
            0.446087121963501,
            0.07454490661621094,
            0.0970602035522461,
            0.09496045112609863,
            0.47133541107177734,
            0.08378815650939941,
            0.10860776901245117,
            0.10237550735473633,
            0.42809200286865234,
            0.07946109771728516,
            0.10709428787231445,
            0.10908794403076172,
            0.4778914451599121,
            0.08186912536621094,
            0.10369348526000977,
            0.10631275177001953,
            0.5183863639831543,
            0.07852339744567871,
            0.0997779369354248,
            0.09271740913391113,
            0.4408426284790039,
            0.0921480655670166,
            0.09361577033996582,
            0.09952473640441895,
            0.48543286323547363,
            0.07941603660583496,
            0.10249114036560059,
            0.09805893898010254,
            0.48224377632141113,
            0.0820317268371582,
            0.09717798233032227,
            0.10206246376037598,
            0.5304241180419922,
            0.0822603702545166,
            0.10781192779541016,
            0.09904766082763672,
            0.47560954093933105,
            0.07608699798583984,
            0.09708595275878906,
            0.10046601295471191,
            0.4804670810699463,
            0.07826590538024902,
            0.09709477424621582,
            0.09926676750183105,
            0.4700772762298584,
            0.07256054878234863,
            0.10479617118835449,
            0.10091638565063477,
            0.4653964042663574,
            0.07856345176696777,
            0.10925030708312988,
            0.10189270973205566,
            0.523270845413208,
            0.07809305191040039,
            0.09615826606750488,
            0.11635160446166992,
            0.507307767868042,
            0.07644486427307129,
            0.10449671745300293,
            0.09657692909240723,
            0.49266695976257324,
            0.07807135581970215,
            0.09877324104309082,
            0.09527587890625,
            0.49480676651000977,
            0.07305479049682617,
            0.09714865684509277,
            0.10496330261230469,
            0.5685029029846191,
            0.07889199256896973,
            0.10164594650268555,
            0.09668707847595215,
            0.499051570892334,
            0.0728766918182373,
            0.07577371597290039,
            0.1031804084777832,
            0.42510294914245605,
            0.07773661613464355,
            0.10754919052124023,
            0.10859298706054688,
            0.4889533519744873,
            0.0737912654876709,
            0.1033625602722168,
            0.09706306457519531,
            0.5389065742492676,
            0.07739090919494629,
            0.09964108467102051,
            0.09282803535461426,
            0.3925662040710449,
            0.07660174369812012,
            0.10431265830993652,
            0.10909533500671387,
            0.42330503463745117,
            0.07122159004211426
        ],
        "fit_computation_times": [
            0.5298748016357422,
            0.5649535655975342,
            0.5423052310943604,
            0.5585992336273193,
            0.5236444473266602
        ]
    },
    "elapsed": 22.07357931137085
}