{
    "tensor_name": "enron",
    "sampler": "efficient",
    "R": 100,
    "J": 262144,
    "trial": 0,
    "preprocessing": "log_count",
    "initialization": "rrf",
    "max_iterations": 40,
    "stop_tolerance": 0.0001,
    "tensor_order": 4,
    "trace": {
        "iterations": [
            0,
            5,
            10,
            15,
            20,
            25,
            30,
            35,
            40
        ],
        "fits": [
            -18248309138193.082,
            0.15294494690154792,
            0.1578448187653949,
            0.1589714330102896,
            0.15952987867010615,
            0.15998938323009748,
            0.16032903842193402,
            0.16057786670556984,
            0.16075241703633092
        ],
        "update_times": [
            1.0103721618652344,
            1.057800054550171,
            1.4904067516326904,
            1.175896406173706,
            1.135206699371338,
            1.2499091625213623,
            1.84031081199646,
            1.2839956283569336,
            1.1446068286895752,
            1.2334012985229492,
            1.8881630897521973,
            1.265763759613037,
            1.0932838916778564,
            1.2101140022277832,
            1.9418094158172607,
            1.3216612339019775,
            1.074106216430664,
            1.1933631896972656,
            1.9456851482391357,
            1.2935693264007568,
            1.2650792598724365,
            1.3195035457611084,
            1.9065933227539062,
            1.3343322277069092,
            1.1116130352020264,
            1.2484111785888672,
            1.8988697528839111,
            1.361051321029663,
            1.1199703216552734,
            1.3450872898101807,
            1.8607418537139893,
            1.3348567485809326,
            1.0748257637023926,
            1.2287850379943848,
            1.7064850330352783,
            1.3447437286376953,
            1.0815062522888184,
            1.2452130317687988,
            1.9663174152374268,
            1.3618862628936768,
            1.1378002166748047,
            1.2554779052734375,
            1.7071483135223389,
            1.37141752243042,
            1.1030430793762207,
            1.2489185333251953,
            1.671231746673584,
            1.3642239570617676,
            1.134610891342163,
            1.3003427982330322,
            1.9208331108093262,
            1.3757400512695312,
            1.119480848312378,
            1.2768046855926514,
            1.891200065612793,
            1.409005880355835,
            1.1354143619537354,
            1.2804138660430908,
            1.7220830917358398,
            1.380697250366211,
            1.1067044734954834,
            1.2383625507354736,
            1.734431266784668,
            1.371478796005249,
            1.0922067165374756,
            1.2345125675201416,
            1.8296442031860352,
            1.280334234237671,
            1.1292448043823242,
            1.298058032989502,
            1.8686959743499756,
            1.3318331241607666,
            1.0875003337860107,
            1.2254018783569336,
            1.8900063037872314,
            1.3291840553283691,
            1.1172003746032715,
            1.272463083267212,
            1.946173906326294,
            1.3057892322540283,
            1.1096761226654053,
            1.2067878246307373,
            1.7709450721740723,
            1.2937004566192627,
            1.0564091205596924,
            1.3197648525238037,
            1.7301993370056152,
            1.3787527084350586,
            1.2058038711547852,
            1.3305652141571045,
            1.8897454738616943,
            1.3995985984802246,
            1.167832374572754,
            1.3593597412109375,
            1.99334716796875,
            1.3788042068481445,
            1.0964970588684082,
            1.2700920104980469,
            1.8036437034606934,
            1.36466383934021,
            1.0826587677001953,
            1.2730021476745605,
            1.8266372680664062,
            1.3901126384735107,
            1.1771914958953857,
            1.3037769794464111,
            1.8936328887939453,
            1.3416862487792969,
            1.0789599418640137,
            1.221235990524292,
            1.801140308380127,
            1.295665979385376,
            1.1019649505615234,
            1.2282013893127441,
            1.674921989440918,
            1.3529455661773682,
            1.0830652713775635,
            1.2230198383331299,
            1.806509017944336,
            1.3080503940582275,
            1.0166969299316406,
            1.191938877105713,
            1.6345922946929932,
            1.3812546730041504,
            1.1923270225524902,
            1.2420933246612549,
            1.70542573928833,
            1.385697841644287,
            1.1437585353851318,
            1.2786850929260254,
            2.0561628341674805,
            1.4193041324615479,
            1.1812665462493896,
            1.2481424808502197,
            1.929471731185913,
            1.473106861114502,
            1.1561484336853027,
            1.2753515243530273,
            1.9184484481811523,
            1.3435075283050537,
            1.1139459609985352,
            1.2542657852172852,
            1.7889306545257568,
            1.2653470039367676,
            1.0758841037750244,
            1.2667019367218018,
            1.8703725337982178,
            1.27687406539917,
            1.0673177242279053,
            1.2563881874084473,
            1.9299437999725342,
            1.25874924659729,
            1.0880415439605713,
            1.3167710304260254,
            1.7388768196105957,
            1.3308839797973633,
            1.10554838180542,
            1.2724738121032715,
            1.881629467010498,
            1.2664387226104736
        ],
        "fit_computation_times": [
            0.7422702312469482,
            0.7460763454437256,
            0.7132365703582764,
            0.7369847297668457,
            0.7098298072814941,
            0.6994194984436035,
            0.7282977104187012,
            0.6813597679138184
        ]
    },
    "elapsed": 228.15395641326904
}