{
    "tensor_name": "enron",
    "sampler": "efficient",
    "R": 125,
    "J": 393216,
    "trial": 2,
    "preprocessing": "log_count",
    "initialization": "rrf",
    "max_iterations": 40,
    "stop_tolerance": 0.0001,
    "tensor_order": 4,
    "trace": {
        "iterations": [
            0,
            5,
            10,
            15,
            20,
            25,
            30,
            35,
            40
        ],
        "fits": [
            -20741788684492.977,
            0.17383606950645114,
            0.17966134757051833,
            0.180658536714152,
            0.1815308972143853,
            0.18189817022423405,
            0.1823867981468823,
            0.18265864696036394,
            0.18297151514377763
        ],
        "update_times": [
            2.3312199115753174,
            2.450920343399048,
            2.8065876960754395,
            2.6778335571289062,
            2.451000452041626,
            2.634481191635132,
            3.465566873550415,
            2.9042952060699463,
            2.56689190864563,
            2.8423314094543457,
            3.1807403564453125,
            2.9139339923858643,
            2.648453712463379,
            2.9229507446289062,
            3.083143472671509,
            2.7938108444213867,
            2.488290786743164,
            2.729706287384033,
            3.321258783340454,
            2.8726603984832764,
            2.4922924041748047,
            2.9141345024108887,
            3.256472587585449,
            2.749357223510742,
            2.5016605854034424,
            2.7595057487487793,
            2.848268985748291,
            2.786766767501831,
            2.495140790939331,
            2.6765964031219482,
            2.9226789474487305,
            2.8264293670654297,
            2.5335135459899902,
            2.849621534347534,
            3.5524959564208984,
            2.864222764968872,
            2.5825583934783936,
            2.791666269302368,
            3.2320914268493652,
            2.8781466484069824,
            2.47491455078125,
            2.6610796451568604,
            2.9956324100494385,
            2.8165831565856934,
            2.5412769317626953,
            2.7768330574035645,
            3.377305507659912,
            2.967087507247925,
            2.7211966514587402,
            2.7771005630493164,
            3.126333475112915,
            2.8775601387023926,
            2.5429441928863525,
            2.8535311222076416,
            3.0402257442474365,
            2.8944873809814453,
            2.555087089538574,
            2.937795877456665,
            3.542395830154419,
            2.9405477046966553,
            2.5035488605499268,
            2.7970995903015137,
            3.514359474182129,
            2.9506585597991943,
            2.600794792175293,
            2.8987669944763184,
            3.3334884643554688,
            2.810546398162842,
            2.641003370285034,
            2.7288572788238525,
            3.617205858230591,
            2.9153709411621094,
            2.574000120162964,
            2.9084484577178955,
            2.8577616214752197,
            2.7544353008270264,
            2.5853395462036133,
            2.8815133571624756,
            2.9092233180999756,
            2.7684714794158936,
            2.57619571685791,
            2.89729905128479,
            3.3237216472625732,
            2.89247465133667,
            2.5970611572265625,
            2.8784854412078857,
            2.962087869644165,
            2.781738042831421,
            2.516960620880127,
            2.768458843231201,
            3.048558235168457,
            2.813994884490967,
            2.5241501331329346,
            2.816389799118042,
            3.2991268634796143,
            2.843130111694336,
            2.6505653858184814,
            2.916145086288452,
            3.0197572708129883,
            2.7852230072021484,
            2.489335298538208,
            2.8136672973632812,
            3.04621958732605,
            2.803954839706421,
            2.5244202613830566,
            2.8428971767425537,
            4.639313697814941,
            2.8229339122772217,
            2.5677177906036377,
            2.9902360439300537,
            3.2089037895202637,
            2.911190986633301,
            2.572540760040283,
            2.71677827835083,
            3.4541759490966797,
            2.8387093544006348,
            2.5726845264434814,
            2.822979688644409,
            3.348220109939575,
            2.8166301250457764,
            2.621171712875366,
            2.986722469329834,
            3.1915111541748047,
            2.8478407859802246,
            2.5177621841430664,
            2.772763729095459,
            3.0695676803588867,
            2.853849411010742,
            2.55879807472229,
            2.746891736984253,
            3.0524754524230957,
            2.8385114669799805,
            2.590426445007324,
            2.8959834575653076,
            3.2396771907806396,
            2.8781259059906006,
            2.552478790283203,
            2.888871669769287,
            3.3846607208251953,
            2.819612503051758,
            2.5441856384277344,
            2.8521339893341064,
            3.3061954975128174,
            2.8209495544433594,
            2.5149922370910645,
            2.823694944381714,
            2.9775474071502686,
            2.7900948524475098,
            2.5250442028045654,
            2.8508188724517822,
            3.3643994331359863,
            2.8564562797546387,
            2.5371017456054688,
            2.841264486312866,
            2.714909315109253,
            2.800497055053711,
            2.495258092880249,
            2.8785786628723145,
            2.990211009979248,
            2.842597484588623
        ],
        "fit_computation_times": [
            0.7560498714447021,
            0.7800273895263672,
            0.773108959197998,
            0.7659533023834229,
            0.7574045658111572,
            0.8469390869140625,
            0.784355878829956,
            0.7471718788146973
        ]
    },
    "elapsed": 463.96729826927185
}