{
    "tensor_name": "enron",
    "sampler": "efficient",
    "R": 25,
    "J": 163840,
    "trial": 2,
    "preprocessing": "log_count",
    "initialization": "rrf",
    "max_iterations": 40,
    "stop_tolerance": 0.0001,
    "tensor_order": 4,
    "trace": {
        "iterations": [
            0,
            5,
            10,
            15,
            20,
            25,
            30,
            35,
            40
        ],
        "fits": [
            -8780693579002.511,
            0.08291211748005445,
            0.086036421154153,
            0.08759514238793342,
            0.08776783469790106,
            0.08783974236708292,
            0.08788211058485562,
            0.08792828382460993,
            0.08794129612053747
        ],
        "update_times": [
            0.11376786231994629,
            0.10527157783508301,
            0.22132658958435059,
            0.11375284194946289,
            0.10663986206054688,
            0.12334108352661133,
            0.31855225563049316,
            0.11988639831542969,
            0.10878491401672363,
            0.11881256103515625,
            0.34881114959716797,
            0.1399853229522705,
            0.11345911026000977,
            0.1304950714111328,
            0.32549405097961426,
            0.1308302879333496,
            0.12324357032775879,
            0.13794612884521484,
            0.3282778263092041,
            0.13081717491149902,
            0.10524439811706543,
            0.12946772575378418,
            0.3221111297607422,
            0.13875293731689453,
            0.11854434013366699,
            0.1365056037902832,
            0.333575963973999,
            0.12262463569641113,
            0.11316871643066406,
            0.1250934600830078,
            0.37280964851379395,
            0.11610889434814453,
            0.11435985565185547,
            0.13144421577453613,
            0.3200657367706299,
            0.1292438507080078,
            0.11872005462646484,
            0.13735413551330566,
            0.35236549377441406,
            0.11991667747497559,
            0.10434770584106445,
            0.1343994140625,
            0.33922910690307617,
            0.1212613582611084,
            0.12494444847106934,
            0.1533031463623047,
            0.3099942207336426,
            0.13262462615966797,
            0.1178748607635498,
            0.14292120933532715,
            0.32221364974975586,
            0.15989375114440918,
            0.11641335487365723,
            0.14473724365234375,
            0.35651516914367676,
            0.12856197357177734,
            0.12709975242614746,
            0.18391895294189453,
            0.32889580726623535,
            0.12484359741210938,
            0.11172914505004883,
            0.1423788070678711,
            0.33582592010498047,
            0.12116479873657227,
            0.11870884895324707,
            0.13995122909545898,
            0.31507372856140137,
            0.1225888729095459,
            0.1203773021697998,
            0.14119982719421387,
            0.31508898735046387,
            0.1239323616027832,
            0.12211108207702637,
            0.1375720500946045,
            0.3334360122680664,
            0.12180304527282715,
            0.12155985832214355,
            0.13945913314819336,
            0.32373595237731934,
            0.1217195987701416,
            0.10823988914489746,
            0.1362452507019043,
            0.35027623176574707,
            0.12464785575866699,
            0.12464046478271484,
            0.13927078247070312,
            0.31614232063293457,
            0.13483071327209473,
            0.11732101440429688,
            0.13875293731689453,
            0.36006903648376465,
            0.1181955337524414,
            0.12050175666809082,
            0.1459810733795166,
            0.32523417472839355,
            0.12428498268127441,
            0.12191653251647949,
            0.15522980690002441,
            0.4780550003051758,
            0.1391758918762207,
            0.11058187484741211,
            0.13373446464538574,
            0.3611159324645996,
            0.11754608154296875,
            0.11940121650695801,
            0.1323254108428955,
            0.3656787872314453,
            0.11493682861328125,
            0.11752820014953613,
            0.1360788345336914,
            0.35762763023376465,
            0.12142014503479004,
            0.12087559700012207,
            0.1413421630859375,
            0.36115217208862305,
            0.125077486038208,
            0.1230020523071289,
            0.1382284164428711,
            0.3543856143951416,
            0.1228477954864502,
            0.10952544212341309,
            0.13991928100585938,
            0.34214091300964355,
            0.12078404426574707,
            0.12013578414916992,
            0.14136862754821777,
            0.339418888092041,
            0.12119102478027344,
            0.1227715015411377,
            0.14127278327941895,
            0.31319451332092285,
            0.12219619750976562,
            0.12252044677734375,
            0.1400291919708252,
            0.3352165222167969,
            0.12251830101013184,
            0.11879181861877441,
            0.14165759086608887,
            0.33728671073913574,
            0.11955118179321289,
            0.10832881927490234,
            0.137373685836792,
            0.3204174041748047,
            0.11964154243469238,
            0.12040472030639648,
            0.14526724815368652,
            0.3458428382873535,
            0.13145852088928223,
            0.12396049499511719,
            0.1419658660888672,
            0.3722090721130371,
            0.11947131156921387,
            0.1194756031036377,
            0.14264202117919922,
            0.3521759510040283,
            0.11994409561157227,
            0.12780976295471191,
            0.15762925148010254,
            0.3132920265197754,
            0.12559199333190918
        ],
        "fit_computation_times": [
            0.10985589027404785,
            0.11609482765197754,
            0.11261105537414551,
            0.11347842216491699,
            0.10879325866699219,
            0.11438393592834473,
            0.11557292938232422,
            0.11672377586364746
        ]
    },
    "elapsed": 29.826568603515625
}