{
    "tensor_name": "enron",
    "sampler": "efficient",
    "R": 100,
    "J": 524288,
    "trial": 1,
    "preprocessing": "log_count",
    "initialization": "rrf",
    "max_iterations": 40,
    "stop_tolerance": 0.0001,
    "tensor_order": 4,
    "trace": {
        "iterations": [
            0,
            5,
            10,
            15,
            20,
            25,
            30,
            35,
            40
        ],
        "fits": [
            -18535439517437.86,
            0.16123874230702107,
            0.16535101598627389,
            0.16659229492490846,
            0.16714130144587258,
            0.16755373133561646,
            0.1679756865886275,
            0.16787180153552783,
            0.16846266413886568
        ],
        "update_times": [
            2.242990016937256,
            2.2831008434295654,
            2.4278769493103027,
            2.5689358711242676,
            2.4219772815704346,
            2.518077850341797,
            3.289663791656494,
            2.839249849319458,
            2.4357364177703857,
            2.510056734085083,
            2.958653211593628,
            2.867234230041504,
            2.4218170642852783,
            2.7030067443847656,
            2.8370180130004883,
            2.8243064880371094,
            2.5031375885009766,
            2.7837975025177,
            2.860175132751465,
            2.8325891494750977,
            2.3727736473083496,
            2.5977375507354736,
            2.8397743701934814,
            2.7575831413269043,
            2.429060220718384,
            2.6480000019073486,
            2.907731294631958,
            2.9153199195861816,
            2.388378858566284,
            2.537879228591919,
            3.040022611618042,
            2.919767141342163,
            2.4589180946350098,
            2.628850221633911,
            2.8824799060821533,
            2.868616819381714,
            2.569086790084839,
            2.6333792209625244,
            2.8497228622436523,
            3.003878116607666,
            2.5060317516326904,
            2.667154550552368,
            2.9569036960601807,
            2.8370113372802734,
            2.302929162979126,
            2.631898880004883,
            3.001634359359741,
            2.798361301422119,
            2.5726892948150635,
            2.69098162651062,
            2.8943819999694824,
            2.8564112186431885,
            2.435877799987793,
            2.6378142833709717,
            2.963477373123169,
            2.8019700050354004,
            2.437927007675171,
            2.541224718093872,
            2.806084156036377,
            2.8516969680786133,
            2.318019390106201,
            2.526697874069214,
            2.89290714263916,
            2.8475089073181152,
            2.376451015472412,
            2.5355873107910156,
            2.950137138366699,
            2.7962396144866943,
            2.3694419860839844,
            2.5710666179656982,
            2.844736099243164,
            2.9443445205688477,
            2.340766429901123,
            2.4886813163757324,
            2.7776412963867188,
            2.8329479694366455,
            2.3813822269439697,
            2.439189910888672,
            3.076582908630371,
            3.0073790550231934,
            2.2773852348327637,
            2.458491325378418,
            3.0770931243896484,
            2.8573238849639893,
            2.530707597732544,
            2.478318452835083,
            3.0091381072998047,
            2.8413515090942383,
            2.4345624446868896,
            2.542585611343384,
            2.9436159133911133,
            2.9009363651275635,
            2.311333417892456,
            2.5528247356414795,
            2.9203433990478516,
            2.810838460922241,
            2.420822858810425,
            2.6020843982696533,
            2.8311469554901123,
            2.9286186695098877,
            2.4827687740325928,
            2.4966354370117188,
            2.7602124214172363,
            2.698547840118408,
            2.3014118671417236,
            2.4809679985046387,
            2.838747024536133,
            3.160738945007324,
            2.6672956943511963,
            2.597381591796875,
            2.7382359504699707,
            2.7353808879852295,
            2.2611887454986572,
            2.5502841472625732,
            3.0293991565704346,
            2.980598211288452,
            2.3649795055389404,
            2.4920051097869873,
            3.0496528148651123,
            2.832104206085205,
            2.4586431980133057,
            2.5089268684387207,
            3.2019095420837402,
            2.906813859939575,
            2.3973021507263184,
            2.4851529598236084,
            2.8760600090026855,
            2.880441188812256,
            2.592808246612549,
            2.4644646644592285,
            2.8718984127044678,
            2.830731153488159,
            2.422106981277466,
            2.512469530105591,
            3.0354082584381104,
            2.8455302715301514,
            2.3395655155181885,
            2.5602924823760986,
            3.088214874267578,
            2.8792147636413574,
            2.309802532196045,
            2.4816513061523438,
            2.8857760429382324,
            2.8520710468292236,
            2.448901414871216,
            2.6463863849639893,
            2.8115670680999756,
            2.8703458309173584,
            2.395719051361084,
            2.554614782333374,
            2.653441905975342,
            2.918243885040283,
            2.512012481689453,
            2.519988775253296,
            3.2567708492279053,
            2.9366438388824463,
            2.45631742477417,
            2.445880174636841,
            3.0935235023498535,
            2.8476929664611816
        ],
        "fit_computation_times": [
            0.7110402584075928,
            0.7294642925262451,
            0.7397058010101318,
            0.7680177688598633,
            0.7448334693908691,
            0.7302470207214355,
            0.7496776580810547,
            0.718639612197876
        ]
    },
    "elapsed": 436.8049635887146
}