{
    "tensor_name": "enron",
    "sampler": "larsen_kolda_hybrid",
    "R": 100,
    "J": 655360,
    "trial": 1,
    "preprocessing": "log_count",
    "initialization": "rrf",
    "max_iterations": 40,
    "stop_tolerance": 0.0001,
    "tensor_order": 4,
    "trace": {
        "iterations": [
            0,
            5,
            10,
            15,
            20,
            25,
            30,
            35
        ],
        "fits": [
            -17866976994688.28,
            0.13023648933897125,
            0.14115273164915554,
            0.1410171669169593,
            0.1430385818950516,
            0.1405899874130162,
            0.1379450822574647,
            0.13824206952693496
        ],
        "update_times": [
            0.24571681022644043,
            0.23251819610595703,
            0.524620771408081,
            0.23241829872131348,
            0.2412123680114746,
            0.24012494087219238,
            0.7287633419036865,
            0.21578121185302734,
            0.23981404304504395,
            0.247239351272583,
            0.7926883697509766,
            0.22855591773986816,
            0.2701997756958008,
            0.24655580520629883,
            0.8863725662231445,
            0.2279210090637207,
            0.23985958099365234,
            0.24477696418762207,
            0.9496476650238037,
            0.23931884765625,
            0.2567017078399658,
            0.27431654930114746,
            0.8928873538970947,
            0.23701953887939453,
            0.25948047637939453,
            0.23897409439086914,
            0.8351728916168213,
            0.22164225578308105,
            0.24572134017944336,
            0.24732184410095215,
            0.8478989601135254,
            0.22777390480041504,
            0.25015687942504883,
            0.2532002925872803,
            0.6985762119293213,
            0.22233366966247559,
            0.24650001525878906,
            0.2565188407897949,
            1.022400140762329,
            0.22403573989868164,
            0.24494266510009766,
            0.250507116317749,
            0.7419514656066895,
            0.23154854774475098,
            0.2631494998931885,
            0.2757606506347656,
            0.9823431968688965,
            0.2206718921661377,
            0.25029492378234863,
            0.2541770935058594,
            0.8465573787689209,
            0.23638486862182617,
            0.24341869354248047,
            0.26473045349121094,
            0.92630934715271,
            0.22826552391052246,
            0.26558351516723633,
            0.29444050788879395,
            0.8048324584960938,
            0.23343372344970703,
            0.23660826683044434,
            0.26795339584350586,
            1.1034488677978516,
            0.23291635513305664,
            0.2647526264190674,
            0.276630163192749,
            1.040956735610962,
            0.2602841854095459,
            0.26726531982421875,
            0.2708418369293213,
            0.9922559261322021,
            0.25661230087280273,
            0.24654316902160645,
            0.2716503143310547,
            1.1068353652954102,
            0.2319803237915039,
            0.24074459075927734,
            0.25336718559265137,
            0.7471797466278076,
            0.2248396873474121,
            0.22797083854675293,
            0.2500576972961426,
            1.0027618408203125,
            0.2279043197631836,
            0.26007890701293945,
            0.2588672637939453,
            0.8493819236755371,
            0.23092198371887207,
            0.250744104385376,
            0.2557792663574219,
            0.8670859336853027,
            0.24363398551940918,
            0.28516101837158203,
            0.26750779151916504,
            0.7713401317596436,
            0.24457120895385742,
            0.2743103504180908,
            0.26754260063171387,
            0.9014148712158203,
            0.22670197486877441,
            0.2537703514099121,
            0.27568721771240234,
            0.9831757545471191,
            0.23088812828063965,
            0.25746941566467285,
            0.29952311515808105,
            0.8983516693115234,
            0.23268365859985352,
            0.26007771492004395,
            0.2613987922668457,
            0.9502696990966797,
            0.22473406791687012,
            0.25664567947387695,
            0.2774806022644043,
            1.055081844329834,
            0.23419857025146484,
            0.24750709533691406,
            0.2531454563140869,
            0.9602463245391846,
            0.23209381103515625,
            0.2311251163482666,
            0.24515628814697266,
            0.8525388240814209,
            0.22287344932556152,
            0.2563638687133789,
            0.25291013717651367,
            0.8433854579925537,
            0.22414064407348633,
            0.2571992874145508,
            0.2546422481536865,
            0.8951742649078369,
            0.22397327423095703,
            0.26929283142089844,
            0.25893521308898926,
            1.019923210144043,
            0.22415804862976074,
            0.24860453605651855,
            0.2537989616394043,
            0.816725492477417,
            0.2383570671081543
        ],
        "fit_computation_times": [
            0.7058713436126709,
            0.704261064529419,
            0.7278599739074707,
            0.6685836315155029,
            0.644944429397583,
            0.7097711563110352,
            0.7544820308685303
        ]
    },
    "elapsed": 62.89126467704773
}