{
    "tensor_name": "enron",
    "sampler": "efficient",
    "R": 125,
    "J": 32768,
    "trial": 0,
    "preprocessing": "log_count",
    "initialization": "rrf",
    "max_iterations": 40,
    "stop_tolerance": 0.0001,
    "tensor_order": 4,
    "trace": {
        "iterations": [
            0,
            5,
            10,
            15,
            20,
            25,
            30,
            35,
            40
        ],
        "fits": [
            -20634275811011.176,
            0.1656795196399713,
            0.17148169326334028,
            0.17262166207896246,
            0.1738974551978888,
            0.17455554804904028,
            0.17488460495812774,
            0.17495134585918237,
            0.1753121721575288
        ],
        "update_times": [
            0.25672459602355957,
            0.2693629264831543,
            0.4851996898651123,
            0.25791001319885254,
            0.2544217109680176,
            0.27037596702575684,
            0.97381591796875,
            0.2761878967285156,
            0.240889310836792,
            0.2911403179168701,
            1.1091618537902832,
            0.28569483757019043,
            0.25945496559143066,
            0.29085516929626465,
            1.1457469463348389,
            0.2947518825531006,
            0.24242472648620605,
            0.3010599613189697,
            1.2076244354248047,
            0.28454113006591797,
            0.2563350200653076,
            0.3093678951263428,
            1.2903988361358643,
            0.2962169647216797,
            0.25757718086242676,
            0.27280640602111816,
            1.2087373733520508,
            0.27202892303466797,
            0.23489117622375488,
            0.2756204605102539,
            1.2429718971252441,
            0.2705264091491699,
            0.26578497886657715,
            0.28568363189697266,
            1.226067066192627,
            0.2762181758880615,
            0.23391437530517578,
            0.2844672203063965,
            1.0781657695770264,
            0.2782745361328125,
            0.24114155769348145,
            0.2758500576019287,
            1.2991552352905273,
            0.2886478900909424,
            0.24164652824401855,
            0.2841615676879883,
            1.1106038093566895,
            0.28283095359802246,
            0.2375011444091797,
            0.28094911575317383,
            1.1110777854919434,
            0.2913227081298828,
            0.2527139186859131,
            0.31994152069091797,
            1.2031021118164062,
            0.2731947898864746,
            0.23291635513305664,
            0.28820204734802246,
            1.0977540016174316,
            0.28842735290527344,
            0.25316333770751953,
            0.2884526252746582,
            1.1086039543151855,
            0.2847859859466553,
            0.24964666366577148,
            0.3039579391479492,
            1.1009111404418945,
            0.29848766326904297,
            0.24553203582763672,
            0.27779507637023926,
            1.2788736820220947,
            0.2995290756225586,
            0.2551887035369873,
            0.29808855056762695,
            1.105597972869873,
            0.28234267234802246,
            0.24639320373535156,
            0.30370140075683594,
            1.260474681854248,
            0.283066987991333,
            0.25721287727355957,
            0.27947258949279785,
            1.1962480545043945,
            0.28322649002075195,
            0.23956990242004395,
            0.29336047172546387,
            1.0989766120910645,
            0.286083459854126,
            0.23885798454284668,
            0.28502774238586426,
            1.0823307037353516,
            0.294696569442749,
            0.2319469451904297,
            0.2896301746368408,
            1.2392423152923584,
            0.2987484931945801,
            0.24734807014465332,
            0.29832005500793457,
            1.0686252117156982,
            0.27236509323120117,
            0.23449325561523438,
            0.2792212963104248,
            1.1319589614868164,
            0.2829127311706543,
            0.22929096221923828,
            0.27779531478881836,
            1.180238962173462,
            0.2804300785064697,
            0.2285478115081787,
            0.2746767997741699,
            1.1638600826263428,
            0.27354931831359863,
            0.24614810943603516,
            0.2635982036590576,
            1.1251554489135742,
            0.2757093906402588,
            0.23029327392578125,
            0.263073205947876,
            1.1223931312561035,
            0.2823774814605713,
            0.25036048889160156,
            0.2985384464263916,
            1.1427886486053467,
            0.27163219451904297,
            0.2276020050048828,
            0.2894718647003174,
            1.0694808959960938,
            0.28086423873901367,
            0.24513721466064453,
            0.2880239486694336,
            1.1105034351348877,
            0.27718496322631836,
            0.25075745582580566,
            0.28876280784606934,
            1.0556201934814453,
            0.2710988521575928,
            0.2441563606262207,
            0.28334999084472656,
            1.1280121803283691,
            0.27010369300842285,
            0.24770450592041016,
            0.29524898529052734,
            1.1248116493225098,
            0.2712733745574951,
            0.24019098281860352,
            0.2843444347381592,
            1.0718817710876465,
            0.2730982303619385,
            0.24618101119995117,
            0.2799685001373291,
            1.0551719665527344,
            0.2691059112548828,
            0.23687314987182617,
            0.2829411029815674,
            1.1022424697875977,
            0.29312777519226074,
            0.27043795585632324,
            0.2905733585357666,
            1.13926100730896,
            0.2840402126312256
        ],
        "fit_computation_times": [
            0.800727367401123,
            0.8313186168670654,
            0.7620642185211182,
            0.7883927822113037,
            0.7928988933563232,
            0.776038646697998,
            0.7773616313934326,
            0.7506890296936035
        ]
    },
    "elapsed": 84.67155861854553
}