{
    "tensor_name": "enron",
    "sampler": "efficient",
    "R": 50,
    "J": 720896,
    "trial": 0,
    "preprocessing": "log_count",
    "initialization": "rrf",
    "max_iterations": 40,
    "stop_tolerance": 0.0001,
    "tensor_order": 4,
    "trace": {
        "iterations": [
            0,
            5,
            10,
            15,
            20,
            25,
            30,
            35,
            40
        ],
        "fits": [
            -12857391006588.27,
            0.11683869843633365,
            0.11991021890737752,
            0.12245533807891584,
            0.12337381071299836,
            0.12355595025528143,
            0.123666026833118,
            0.12374510455491416,
            0.12380113726191289
        ],
        "update_times": [
            0.908574104309082,
            0.9121551513671875,
            1.2323448657989502,
            1.044938564300537,
            1.0243029594421387,
            1.043757677078247,
            1.5119614601135254,
            1.1948270797729492,
            0.9277184009552002,
            1.0977354049682617,
            1.4243934154510498,
            1.1567614078521729,
            0.9960930347442627,
            0.963219165802002,
            1.3655197620391846,
            1.0520727634429932,
            0.9340536594390869,
            0.9604535102844238,
            1.4327189922332764,
            1.1928021907806396,
            1.0718395709991455,
            1.103719711303711,
            1.4043536186218262,
            1.1005678176879883,
            1.061605453491211,
            1.086390495300293,
            1.58378267288208,
            1.1617422103881836,
            1.1642999649047852,
            1.0704154968261719,
            1.561621904373169,
            1.29905104637146,
            1.0100934505462646,
            0.9993896484375,
            1.3582074642181396,
            1.1117124557495117,
            1.0739445686340332,
            1.103773593902588,
            1.5028800964355469,
            1.1347482204437256,
            1.0570383071899414,
            1.0226209163665771,
            1.4779870510101318,
            1.1453440189361572,
            1.0735197067260742,
            1.082801103591919,
            1.4374196529388428,
            1.188413143157959,
            1.0361671447753906,
            0.9859814643859863,
            1.3722548484802246,
            1.1164488792419434,
            1.0278472900390625,
            0.9677822589874268,
            1.3612496852874756,
            1.0432748794555664,
            1.027818202972412,
            0.9458518028259277,
            1.4287362098693848,
            1.078031063079834,
            1.0522501468658447,
            1.0013723373413086,
            1.416884422302246,
            1.2354724407196045,
            1.0826478004455566,
            1.1485660076141357,
            1.3955106735229492,
            1.2968642711639404,
            1.1652979850769043,
            1.1673226356506348,
            1.6797070503234863,
            1.3494718074798584,
            1.1703646183013916,
            1.1736011505126953,
            1.4838292598724365,
            1.2943542003631592,
            1.2141692638397217,
            1.1336946487426758,
            1.469510793685913,
            1.1197125911712646,
            0.9853248596191406,
            0.9804985523223877,
            1.3828411102294922,
            1.1612439155578613,
            1.0980331897735596,
            1.0140211582183838,
            1.481996774673462,
            1.1511352062225342,
            1.0547006130218506,
            0.9801640510559082,
            1.3867075443267822,
            1.093475580215454,
            1.0130376815795898,
            0.9896574020385742,
            1.5095505714416504,
            1.191842794418335,
            1.1042628288269043,
            1.1467361450195312,
            1.445511817932129,
            1.218998908996582,
            1.1001050472259521,
            1.2019410133361816,
            1.439692735671997,
            1.3078725337982178,
            1.1589932441711426,
            1.1237428188323975,
            1.4617712497711182,
            1.23936128616333,
            1.1221656799316406,
            1.0719056129455566,
            1.4623463153839111,
            1.27036714553833,
            1.1794297695159912,
            1.0686161518096924,
            1.412193775177002,
            1.3072166442871094,
            1.1441335678100586,
            1.0379879474639893,
            1.4449636936187744,
            1.3042914867401123,
            1.139402151107788,
            1.0846753120422363,
            1.421976089477539,
            1.2175524234771729,
            1.0979926586151123,
            1.0583219528198242,
            1.4424965381622314,
            1.1250286102294922,
            1.0924866199493408,
            0.9791300296783447,
            1.401447057723999,
            1.0786123275756836,
            1.030200481414795,
            1.026322603225708,
            1.438779354095459,
            1.0465452671051025,
            0.9923181533813477,
            1.0756545066833496,
            1.485459804534912,
            1.1851990222930908,
            1.0371544361114502,
            1.0782842636108398,
            1.387404203414917,
            1.119873285293579,
            1.0329763889312744,
            1.0096430778503418,
            1.3530247211456299,
            1.062713384628296,
            1.0456101894378662,
            1.0441210269927979,
            1.3851308822631836,
            1.1025621891021729,
            1.0929458141326904,
            0.9894521236419678,
            1.3474187850952148,
            1.1367111206054688,
            1.0823924541473389,
            1.004321813583374,
            1.3253588676452637,
            1.1310017108917236
        ],
        "fit_computation_times": [
            0.1260662078857422,
            0.10471296310424805,
            0.10645484924316406,
            0.10740876197814941,
            0.10050129890441895,
            0.10486459732055664,
            0.10066747665405273,
            0.10103559494018555
        ]
    },
    "elapsed": 189.68671202659607
}