{
    "tensor_name": "enron",
    "sampler": "larsen_kolda_hybrid",
    "R": 75,
    "J": 1507328,
    "trial": 0,
    "preprocessing": "log_count",
    "initialization": "rrf",
    "max_iterations": 40,
    "stop_tolerance": 0.0001,
    "tensor_order": 4,
    "trace": {
        "iterations": [
            0,
            5,
            10,
            15,
            20,
            25,
            30,
            35,
            40
        ],
        "fits": [
            -15574013722536.945,
            0.13608651233203384,
            0.1408222281631194,
            0.14287624126695275,
            0.14262332120331989,
            0.1438819250300507,
            0.14288445650854853,
            0.14084842730169023,
            0.14164824820614608
        ],
        "update_times": [
            0.40108323097229004,
            0.3931145668029785,
            0.9904263019561768,
            0.39925289154052734,
            0.39198827743530273,
            0.4309539794921875,
            1.6469128131866455,
            0.38487720489501953,
            0.39734721183776855,
            0.42583346366882324,
            1.6756763458251953,
            0.3978900909423828,
            0.39614129066467285,
            0.4371013641357422,
            1.521970272064209,
            0.3856322765350342,
            0.3904716968536377,
            0.40773606300354004,
            1.795659065246582,
            0.37615180015563965,
            0.37459754943847656,
            0.4101877212524414,
            1.4284567832946777,
            0.3813157081604004,
            0.4031400680541992,
            0.4087975025177002,
            1.4633817672729492,
            0.3833801746368408,
            0.3871128559112549,
            0.4107198715209961,
            1.4005987644195557,
            0.3669416904449463,
            0.3878204822540283,
            0.41461896896362305,
            1.6002838611602783,
            0.3936145305633545,
            0.4065284729003906,
            0.43282485008239746,
            1.7349998950958252,
            0.36872172355651855,
            0.3753831386566162,
            0.40476417541503906,
            1.4123916625976562,
            0.38304853439331055,
            0.38573718070983887,
            0.4005007743835449,
            1.5673363208770752,
            0.38078832626342773,
            0.3987705707550049,
            0.40763068199157715,
            1.3809893131256104,
            0.3927576541900635,
            0.38559389114379883,
            0.41279029846191406,
            1.339148759841919,
            0.36786341667175293,
            0.4057796001434326,
            0.4247894287109375,
            1.5560669898986816,
            0.3722665309906006,
            0.37491416931152344,
            0.40407776832580566,
            1.3903148174285889,
            0.39388251304626465,
            0.39652323722839355,
            0.426699161529541,
            1.5183985233306885,
            0.38776326179504395,
            0.38712406158447266,
            0.4178760051727295,
            1.5964863300323486,
            0.3957691192626953,
            0.40794825553894043,
            0.42009568214416504,
            1.7201879024505615,
            0.39252424240112305,
            0.4156062602996826,
            0.4197723865509033,
            1.6516897678375244,
            0.389207124710083,
            0.3974161148071289,
            0.42380213737487793,
            1.6448376178741455,
            0.3885769844055176,
            0.4004678726196289,
            0.42087602615356445,
            1.521761417388916,
            0.3815014362335205,
            0.38448548316955566,
            0.40258002281188965,
            1.6886696815490723,
            0.3759939670562744,
            0.3999485969543457,
            0.41323161125183105,
            1.6007592678070068,
            0.39275288581848145,
            0.3851461410522461,
            0.4051692485809326,
            1.638139247894287,
            0.38663434982299805,
            0.3769242763519287,
            0.4359281063079834,
            1.662369966506958,
            0.3795168399810791,
            0.40540289878845215,
            0.4285564422607422,
            1.6921627521514893,
            0.38474583625793457,
            0.40620970726013184,
            0.3951728343963623,
            1.5501484870910645,
            0.37833333015441895,
            0.39572930335998535,
            0.4344925880432129,
            1.592031478881836,
            0.3908522129058838,
            0.39103174209594727,
            0.4069817066192627,
            1.6517658233642578,
            0.3768758773803711,
            0.39577317237854004,
            0.4102513790130615,
            1.5475516319274902,
            0.362750768661499,
            0.375140905380249,
            0.4125499725341797,
            1.5239365100860596,
            0.38217639923095703,
            0.391690731048584,
            0.4250462055206299,
            1.5537903308868408,
            0.4159238338470459,
            0.40329480171203613,
            0.4413268566131592,
            1.7043178081512451,
            0.4086334705352783,
            0.41533684730529785,
            0.42624831199645996,
            1.5214788913726807,
            0.3848564624786377,
            0.39166951179504395,
            0.41379427909851074,
            1.429457426071167,
            0.384995698928833,
            0.4020857810974121,
            0.41892123222351074,
            1.35215425491333,
            0.3739464282989502,
            0.3906435966491699,
            0.4311649799346924,
            1.3396258354187012,
            0.37921786308288574,
            0.39111852645874023,
            0.4013998508453369,
            1.3272573947906494,
            0.3668365478515625,
            0.38565993309020996,
            0.40015578269958496,
            1.583784818649292,
            0.3676717281341553
        ],
        "fit_computation_times": [
            0.5530619621276855,
            0.5630712509155273,
            0.5555846691131592,
            0.5667212009429932,
            0.5505411624908447,
            0.5360255241394043,
            0.566624641418457,
            0.5404486656188965
        ]
    },
    "elapsed": 114.3052453994751
}