{
    "tensor_name": "enron",
    "sampler": "larsen_kolda_hybrid",
    "R": 25,
    "J": 393216,
    "trial": 0,
    "preprocessing": "log_count",
    "initialization": "rrf",
    "max_iterations": 40,
    "stop_tolerance": 0.0001,
    "tensor_order": 4,
    "trace": {
        "iterations": [
            0,
            5,
            10,
            15,
            20,
            25,
            30,
            35,
            40
        ],
        "fits": [
            -9936342920369.092,
            0.08980132599725132,
            0.09399691862731485,
            0.0946257943521831,
            0.09470751415972956,
            0.09496802770470769,
            0.09480044618895811,
            0.0948559804681931,
            0.09492094145278962
        ],
        "update_times": [
            0.07635807991027832,
            0.09387683868408203,
            0.2694377899169922,
            0.06386637687683105,
            0.06905651092529297,
            0.07515811920166016,
            0.4836304187774658,
            0.0545811653137207,
            0.07567381858825684,
            0.07764697074890137,
            0.34595417976379395,
            0.050140380859375,
            0.07526707649230957,
            0.0727689266204834,
            0.41060423851013184,
            0.052945613861083984,
            0.07790064811706543,
            0.08137226104736328,
            0.34934425354003906,
            0.0642397403717041,
            0.05173182487487793,
            0.07142138481140137,
            0.43413448333740234,
            0.053591012954711914,
            0.06942605972290039,
            0.10207843780517578,
            0.4265022277832031,
            0.06473135948181152,
            0.07328248023986816,
            0.07884478569030762,
            0.3941342830657959,
            0.05605673789978027,
            0.07383370399475098,
            0.08779072761535645,
            0.4344944953918457,
            0.05725526809692383,
            0.06717586517333984,
            0.07736682891845703,
            0.3850069046020508,
            0.056656837463378906,
            0.049713134765625,
            0.08241605758666992,
            0.3515307903289795,
            0.06357669830322266,
            0.06973886489868164,
            0.07667255401611328,
            0.35355114936828613,
            0.05380129814147949,
            0.07166171073913574,
            0.07450985908508301,
            0.30299806594848633,
            0.06320858001708984,
            0.06855320930480957,
            0.07391762733459473,
            0.32898855209350586,
            0.05764055252075195,
            0.06809830665588379,
            0.08184123039245605,
            0.3304710388183594,
            0.058769941329956055,
            0.04674243927001953,
            0.07259035110473633,
            0.3239164352416992,
            0.05631852149963379,
            0.06975054740905762,
            0.07567930221557617,
            0.3325836658477783,
            0.06832766532897949,
            0.08185362815856934,
            0.08819389343261719,
            0.33222365379333496,
            0.062262773513793945,
            0.0764622688293457,
            0.10211348533630371,
            0.3995981216430664,
            0.055658817291259766,
            0.08471369743347168,
            0.0712738037109375,
            0.39850473403930664,
            0.052459716796875,
            0.04548168182373047,
            0.07581686973571777,
            0.3229799270629883,
            0.053174734115600586,
            0.08207321166992188,
            0.07408690452575684,
            0.32016682624816895,
            0.05542731285095215,
            0.06941103935241699,
            0.07710599899291992,
            0.4003880023956299,
            0.05767989158630371,
            0.06424403190612793,
            0.07195615768432617,
            0.3535916805267334,
            0.053539276123046875,
            0.08062100410461426,
            0.08465242385864258,
            0.2790951728820801,
            0.05605888366699219,
            0.05649709701538086,
            0.08173179626464844,
            0.31845521926879883,
            0.07542109489440918,
            0.07193779945373535,
            0.08013749122619629,
            0.4431941509246826,
            0.06955265998840332,
            0.07261824607849121,
            0.090484619140625,
            0.4046316146850586,
            0.05811429023742676,
            0.06802511215209961,
            0.07412219047546387,
            0.38405585289001465,
            0.056272029876708984,
            0.06876349449157715,
            0.08400416374206543,
            0.36017894744873047,
            0.06121182441711426,
            0.05272674560546875,
            0.07475423812866211,
            0.39594364166259766,
            0.055905818939208984,
            0.06635236740112305,
            0.08497190475463867,
            0.3833765983581543,
            0.055937767028808594,
            0.0684804916381836,
            0.07949352264404297,
            0.4076578617095947,
            0.05607008934020996,
            0.06607937812805176,
            0.08145666122436523,
            0.3521757125854492,
            0.05587053298950195,
            0.07081055641174316,
            0.0840764045715332,
            0.30229663848876953,
            0.05149388313293457,
            0.04738879203796387,
            0.07519078254699707,
            0.4190661907196045,
            0.05981922149658203,
            0.06833004951477051,
            0.07879471778869629,
            0.3272874355316162,
            0.05220603942871094,
            0.07316112518310547,
            0.07783746719360352,
            0.3991706371307373,
            0.054685115814208984,
            0.07813191413879395,
            0.07776379585266113,
            0.3522169589996338,
            0.05833792686462402,
            0.0692133903503418,
            0.07539868354797363,
            0.35891270637512207,
            0.061434030532836914
        ],
        "fit_computation_times": [
            0.11085653305053711,
            0.12175750732421875,
            0.12035226821899414,
            0.11858844757080078,
            0.10864663124084473,
            0.11225605010986328,
            0.11864709854125977,
            0.1059572696685791
        ]
    },
    "elapsed": 24.11271381378174
}