{
    "tensor_name": "enron",
    "sampler": "efficient",
    "R": 75,
    "J": 327680,
    "trial": 3,
    "preprocessing": "log_count",
    "initialization": "rrf",
    "max_iterations": 40,
    "stop_tolerance": 0.0001,
    "tensor_order": 4,
    "trace": {
        "iterations": [
            0,
            5,
            10,
            15,
            20,
            25,
            30,
            35,
            40
        ],
        "fits": [
            -15508167339294.227,
            0.1358904269248179,
            0.14038937815995756,
            0.14122725073580533,
            0.14168793484945275,
            0.1419942235464765,
            0.14219615862020585,
            0.14240908799772423,
            0.14253411361761137
        ],
        "update_times": [
            0.7854089736938477,
            0.8872599601745605,
            1.2504158020019531,
            0.8527288436889648,
            0.8607065677642822,
            0.9303140640258789,
            1.5886471271514893,
            1.0549581050872803,
            0.9117734432220459,
            0.9983944892883301,
            1.3438003063201904,
            1.018446445465088,
            0.8599948883056641,
            0.9907898902893066,
            1.8921775817871094,
            1.0815277099609375,
            0.9034895896911621,
            1.1261694431304932,
            1.7677667140960693,
            1.1350622177124023,
            0.9532434940338135,
            1.030306339263916,
            1.6850597858428955,
            1.0238008499145508,
            0.9667911529541016,
            1.012326717376709,
            1.3565094470977783,
            1.0197887420654297,
            0.8693985939025879,
            0.9941575527191162,
            1.4227221012115479,
            1.013110637664795,
            0.8800473213195801,
            0.9949088096618652,
            1.384166955947876,
            1.0119259357452393,
            0.887141227722168,
            1.0163145065307617,
            1.6431913375854492,
            1.0395417213439941,
            0.898472785949707,
            1.0378389358520508,
            1.6536872386932373,
            1.0477900505065918,
            0.8842453956604004,
            0.9956271648406982,
            1.3869411945343018,
            1.0521349906921387,
            0.9590625762939453,
            0.9969897270202637,
            1.707960605621338,
            1.0657155513763428,
            1.0332379341125488,
            1.0413987636566162,
            1.4190144538879395,
            1.0680100917816162,
            0.8831298351287842,
            1.0405378341674805,
            1.6610560417175293,
            1.0932626724243164,
            0.8813095092773438,
            1.0242557525634766,
            1.6793203353881836,
            1.0456111431121826,
            0.9370176792144775,
            1.0237655639648438,
            1.4325542449951172,
            1.0294740200042725,
            0.8532238006591797,
            1.0394651889801025,
            1.693648338317871,
            1.0436124801635742,
            0.9274153709411621,
            1.0151982307434082,
            1.614290714263916,
            1.0454668998718262,
            0.9518857002258301,
            1.0054585933685303,
            1.5146665573120117,
            0.9731936454772949,
            0.8179514408111572,
            1.0584087371826172,
            1.4878571033477783,
            0.9942576885223389,
            0.8924894332885742,
            1.005579948425293,
            1.5021326541900635,
            0.9476180076599121,
            0.8885703086853027,
            1.0428543090820312,
            1.5433242321014404,
            0.9763052463531494,
            0.8576164245605469,
            1.0896029472351074,
            1.4362468719482422,
            1.0251171588897705,
            0.8826606273651123,
            0.9883100986480713,
            1.3502871990203857,
            1.0470125675201416,
            0.8412911891937256,
            1.0092670917510986,
            1.3606650829315186,
            1.0155842304229736,
            0.8831145763397217,
            1.0130541324615479,
            1.346560001373291,
            1.01741623878479,
            0.9399080276489258,
            1.0432500839233398,
            1.3443477153778076,
            1.0312108993530273,
            0.9090611934661865,
            1.0092780590057373,
            1.5998797416687012,
            1.0635707378387451,
            0.9434971809387207,
            1.0426690578460693,
            1.6437687873840332,
            1.0345373153686523,
            0.8537795543670654,
            1.026418685913086,
            1.3708438873291016,
            1.0324325561523438,
            0.902092456817627,
            0.9972610473632812,
            1.345329761505127,
            1.0498883724212646,
            0.8907127380371094,
            1.026907205581665,
            1.3416774272918701,
            1.1009411811828613,
            0.9263334274291992,
            1.066843032836914,
            1.6267247200012207,
            1.1134188175201416,
            0.9222838878631592,
            1.1013445854187012,
            1.5798585414886475,
            1.1001136302947998,
            0.8938696384429932,
            1.0638015270233154,
            1.5828773975372314,
            1.0543291568756104,
            0.9208660125732422,
            1.0315711498260498,
            1.5270395278930664,
            1.0596988201141357,
            0.9105570316314697,
            1.031825304031372,
            1.4350380897521973,
            1.022761583328247,
            0.9121122360229492,
            1.0011754035949707,
            1.4735877513885498,
            0.9640462398529053,
            0.8771333694458008,
            0.9520349502563477,
            1.540942668914795,
            0.9517321586608887
        ],
        "fit_computation_times": [
            0.4945054054260254,
            0.5254037380218506,
            0.5330948829650879,
            0.5300631523132324,
            0.501474142074585,
            0.5081205368041992,
            0.5332543849945068,
            0.511437177658081
        ]
    },
    "elapsed": 183.32784962654114
}