{
    "tensor_name": "enron",
    "sampler": "larsen_kolda_hybrid",
    "R": 125,
    "J": 589824,
    "trial": 2,
    "preprocessing": "log_count",
    "initialization": "rrf",
    "max_iterations": 40,
    "stop_tolerance": 0.0001,
    "tensor_order": 4,
    "trace": {
        "iterations": [
            0,
            5,
            10,
            15,
            20,
            25,
            30
        ],
        "fits": [
            -19700537085238.082,
            0.1436550907867581,
            0.1500389826506775,
            0.15484173711569937,
            0.14312255846449318,
            0.15028863424286587,
            0.1512719906237875
        ],
        "update_times": [
            0.29703807830810547,
            0.27222204208374023,
            0.5243768692016602,
            0.2539243698120117,
            0.2642834186553955,
            0.2812168598175049,
            0.8308994770050049,
            0.25074291229248047,
            0.26070737838745117,
            0.2659494876861572,
            1.0248267650604248,
            0.24437689781188965,
            0.2618412971496582,
            0.276580810546875,
            0.8504054546356201,
            0.25545501708984375,
            0.27664852142333984,
            0.28536534309387207,
            0.7259671688079834,
            0.28068041801452637,
            0.2669339179992676,
            0.2940664291381836,
            0.7790505886077881,
            0.2688896656036377,
            0.2762939929962158,
            0.2868061065673828,
            0.844738245010376,
            0.2694976329803467,
            0.30408549308776855,
            0.28681015968322754,
            0.8123643398284912,
            0.2549266815185547,
            0.28112268447875977,
            0.2947390079498291,
            0.741178035736084,
            0.2542121410369873,
            0.26654934883117676,
            0.26490187644958496,
            0.9105076789855957,
            0.2669551372528076,
            0.27017879486083984,
            0.28600382804870605,
            0.8148765563964844,
            0.26757240295410156,
            0.2759251594543457,
            0.28803586959838867,
            0.9737200736999512,
            0.2821481227874756,
            0.29534173011779785,
            0.3085048198699951,
            0.9447276592254639,
            0.25176024436950684,
            0.2782306671142578,
            0.2873997688293457,
            0.8651983737945557,
            0.2597200870513916,
            0.2694432735443115,
            0.2705228328704834,
            0.8191845417022705,
            0.26729869842529297,
            0.2639455795288086,
            0.2761828899383545,
            0.9156510829925537,
            0.2693161964416504,
            0.2884664535522461,
            0.30222201347351074,
            0.7609694004058838,
            0.26469898223876953,
            0.28604650497436523,
            0.2810196876525879,
            0.9055712223052979,
            0.26833486557006836,
            0.2727956771850586,
            0.2823343276977539,
            0.8159294128417969,
            0.2765316963195801,
            0.2870597839355469,
            0.27537989616394043,
            0.7331194877624512,
            0.25230979919433594,
            0.27293992042541504,
            0.2828710079193115,
            0.8187298774719238,
            0.25178003311157227,
            0.2716026306152344,
            0.27646446228027344,
            0.9144854545593262,
            0.28156161308288574,
            0.2907688617706299,
            0.3147773742675781,
            0.8356590270996094,
            0.2680978775024414,
            0.29442811012268066,
            0.29836177825927734,
            0.8616034984588623,
            0.2613525390625,
            0.2856414318084717,
            0.2797977924346924,
            0.8538968563079834,
            0.2582416534423828,
            0.26743006706237793,
            0.29358553886413574,
            0.7899184226989746,
            0.25789713859558105,
            0.2657468318939209,
            0.27974820137023926,
            0.752662181854248,
            0.24703025817871094,
            0.2601649761199951,
            0.2688181400299072,
            0.640432596206665,
            0.24660038948059082,
            0.25931334495544434,
            0.2729029655456543,
            0.9075703620910645,
            0.2721831798553467,
            0.26834940910339355,
            0.27701234817504883,
            0.7912998199462891,
            0.27789306640625
        ],
        "fit_computation_times": [
            0.8194420337677002,
            0.7622225284576416,
            0.7877664566040039,
            0.8074610233306885,
            0.7952172756195068,
            0.7581868171691895
        ]
    },
    "elapsed": 55.03680467605591
}