{
    "tensor_name": "enron",
    "sampler": "efficient",
    "R": 125,
    "J": 1114112,
    "trial": 3,
    "preprocessing": "log_count",
    "initialization": "rrf",
    "max_iterations": 40,
    "stop_tolerance": 0.0001,
    "tensor_order": 4,
    "trace": {
        "iterations": [
            0,
            5,
            10,
            15,
            20,
            25,
            30,
            35,
            40
        ],
        "fits": [
            -20422316860626.273,
            0.1721997265079459,
            0.17740527965031183,
            0.17901103333768864,
            0.1797210414292153,
            0.18022226709884015,
            0.1806033131819177,
            0.1809102151291565,
            0.1811056296750908
        ],
        "update_times": [
            6.666980981826782,
            6.783141374588013,
            6.31587028503418,
            7.719084024429321,
            6.663006544113159,
            7.1108598709106445,
            6.783423185348511,
            8.458892822265625,
            7.6448986530303955,
            7.893747329711914,
            6.957432746887207,
            9.037581443786621,
            7.690667152404785,
            7.778156042098999,
            6.939291000366211,
            8.27287483215332,
            6.820396423339844,
            7.333427667617798,
            6.510051012039185,
            8.413542747497559,
            7.194190502166748,
            7.666735410690308,
            6.764485597610474,
            8.30378270149231,
            6.95551609992981,
            7.283491849899292,
            6.42902135848999,
            7.900585412979126,
            7.102921485900879,
            7.302932500839233,
            6.5000081062316895,
            8.055141687393188,
            6.793115615844727,
            7.181514024734497,
            6.292882204055786,
            8.330919027328491,
            6.839735984802246,
            6.995341539382935,
            6.004250764846802,
            7.880453586578369,
            6.753625154495239,
            6.98255467414856,
            6.278750658035278,
            8.203161716461182,
            7.062150716781616,
            7.076276540756226,
            6.349227428436279,
            8.371976375579834,
            7.252637624740601,
            7.467238187789917,
            6.580120801925659,
            8.620609760284424,
            7.25377631187439,
            7.1842124462127686,
            6.591325044631958,
            8.678396224975586,
            7.504704475402832,
            7.818224668502808,
            6.951929807662964,
            8.868894577026367,
            7.09845495223999,
            7.321702718734741,
            5.914838075637817,
            7.90312647819519,
            6.804532289505005,
            7.074337959289551,
            6.022158861160278,
            8.051040172576904,
            6.904712438583374,
            7.3831703662872314,
            6.703226089477539,
            8.526777505874634,
            7.023759841918945,
            7.410471677780151,
            6.554299831390381,
            8.364357471466064,
            6.775923490524292,
            7.509333848953247,
            6.3376829624176025,
            7.930149078369141,
            6.76441764831543,
            7.557527780532837,
            6.3315160274505615,
            7.812419176101685,
            6.7191572189331055,
            7.022454738616943,
            5.985222816467285,
            7.906877517700195,
            6.8238654136657715,
            7.483145713806152,
            6.544360876083374,
            8.692259788513184,
            7.0878167152404785,
            7.518174409866333,
            7.018336296081543,
            8.84109377861023,
            7.621494293212891,
            7.826117992401123,
            7.07073450088501,
            8.512409448623657,
            7.105159521102905,
            7.85046648979187,
            6.94086766242981,
            8.614988803863525,
            7.530030727386475,
            8.047776699066162,
            6.946465492248535,
            8.05533766746521,
            7.086138010025024,
            7.346760511398315,
            6.636054992675781,
            8.56695032119751,
            6.9579901695251465,
            7.12897801399231,
            6.418026924133301,
            8.363930463790894,
            6.9034669399261475,
            7.045632600784302,
            6.264192581176758,
            7.81420111656189,
            6.957070350646973,
            7.258563041687012,
            6.387141227722168,
            7.955805063247681,
            6.7414374351501465,
            7.051082134246826,
            6.248032569885254,
            8.001548528671265,
            6.788535833358765,
            7.239700078964233,
            6.340884685516357,
            8.421741247177124,
            6.9849467277526855,
            7.317310571670532,
            6.619585752487183,
            8.56545090675354,
            7.477095603942871,
            7.704420804977417,
            6.953207492828369,
            8.369810581207275,
            7.052274703979492,
            7.4811296463012695,
            6.526655197143555,
            8.43434190750122,
            7.1220691204071045,
            7.441150903701782,
            7.210962772369385,
            8.776820182800293,
            7.491431951522827,
            7.870183229446411,
            6.953943490982056,
            8.579434871673584,
            7.23227596282959,
            8.008004426956177,
            7.333858489990234,
            8.655616521835327,
            7.13646125793457,
            7.529429197311401,
            6.782283067703247,
            8.127675533294678
        ],
        "fit_computation_times": [
            0.8056027889251709,
            0.8013062477111816,
            0.9102201461791992,
            0.7977874279022217,
            0.8060109615325928,
            0.8025093078613281,
            0.8051276206970215,
            0.8338923454284668
        ]
    },
    "elapsed": 1182.2950999736786
}