{
    "tensor_name": "enron",
    "sampler": "efficient",
    "R": 100,
    "J": 196608,
    "trial": 2,
    "preprocessing": "log_count",
    "initialization": "rrf",
    "max_iterations": 40,
    "stop_tolerance": 0.0001,
    "tensor_order": 4,
    "trace": {
        "iterations": [
            0,
            5,
            10,
            15,
            20,
            25,
            30,
            35,
            40
        ],
        "fits": [
            -17687542266514.414,
            0.16216832776188383,
            0.1679720851441483,
            0.1689882532720366,
            0.17009039599142528,
            0.17083891424999764,
            0.17105462510128033,
            0.17130987923205188,
            0.17143559676705222
        ],
        "update_times": [
            0.78183913230896,
            0.8288085460662842,
            1.1291344165802002,
            0.8151936531066895,
            0.8931946754455566,
            0.9137389659881592,
            1.6349818706512451,
            0.9273722171783447,
            0.8539905548095703,
            1.0184822082519531,
            1.5836894512176514,
            0.9396891593933105,
            0.8227384090423584,
            1.0072917938232422,
            1.7286734580993652,
            0.9691731929779053,
            0.8760795593261719,
            1.0265781879425049,
            1.7204177379608154,
            0.9504489898681641,
            0.8410372734069824,
            0.987908124923706,
            1.6520054340362549,
            0.9265327453613281,
            0.8102285861968994,
            0.9892590045928955,
            1.5819227695465088,
            0.9240617752075195,
            0.8392856121063232,
            0.9895401000976562,
            1.6184632778167725,
            0.9228267669677734,
            0.8771920204162598,
            1.0338685512542725,
            1.7488644123077393,
            0.9190690517425537,
            0.8514304161071777,
            1.0732481479644775,
            1.6148619651794434,
            0.9204719066619873,
            0.8546257019042969,
            1.057420253753662,
            1.6140167713165283,
            0.9119608402252197,
            0.8433141708374023,
            1.0173919200897217,
            1.796116590499878,
            0.9111511707305908,
            0.8416593074798584,
            1.0278303623199463,
            1.6339771747589111,
            0.9151887893676758,
            0.8526718616485596,
            1.0306096076965332,
            1.7967743873596191,
            0.9104561805725098,
            0.8704476356506348,
            1.0629136562347412,
            1.6935229301452637,
            0.9230289459228516,
            0.7592787742614746,
            1.0279333591461182,
            1.638446569442749,
            0.9305849075317383,
            0.8644039630889893,
            1.0424644947052002,
            1.7530796527862549,
            0.9268450736999512,
            0.8223319053649902,
            0.9830605983734131,
            1.6336164474487305,
            0.9077816009521484,
            0.8839342594146729,
            1.0953788757324219,
            1.6402347087860107,
            0.9010696411132812,
            0.8688995838165283,
            1.0614840984344482,
            1.6498093605041504,
            0.9140596389770508,
            0.8342068195343018,
            1.0135324001312256,
            1.5789523124694824,
            0.9197213649749756,
            0.836327314376831,
            0.9865813255310059,
            1.5940124988555908,
            0.9209232330322266,
            0.8155984878540039,
            1.0239264965057373,
            1.596357822418213,
            0.9030106067657471,
            0.8227434158325195,
            1.0036005973815918,
            1.5877149105072021,
            0.9233150482177734,
            0.8103911876678467,
            0.9582767486572266,
            1.6330795288085938,
            0.9143846035003662,
            0.7734570503234863,
            0.9735968112945557,
            1.5789201259613037,
            0.8934938907623291,
            0.815284252166748,
            0.9542856216430664,
            1.59555983543396,
            0.9181201457977295,
            0.8446395397186279,
            1.0441362857818604,
            1.444810152053833,
            0.9125096797943115,
            0.8427855968475342,
            0.9842362403869629,
            1.6709094047546387,
            0.9201827049255371,
            0.862206220626831,
            0.9858744144439697,
            1.7116429805755615,
            0.9429733753204346,
            0.7597565650939941,
            1.0005056858062744,
            1.7346315383911133,
            0.9201738834381104,
            0.7808547019958496,
            0.98500657081604,
            1.7780299186706543,
            0.9240574836730957,
            0.8305447101593018,
            1.0528972148895264,
            1.6357488632202148,
            0.9614853858947754,
            0.8274819850921631,
            0.9660484790802002,
            1.5962283611297607,
            0.9298245906829834,
            0.8590483665466309,
            0.994117259979248,
            1.6699886322021484,
            0.9308106899261475,
            0.7980217933654785,
            0.9697921276092529,
            1.647183895111084,
            0.9289321899414062,
            0.8435401916503906,
            1.032632827758789,
            1.7812650203704834,
            0.9378201961517334,
            0.8911471366882324,
            0.9922294616699219,
            1.5379374027252197,
            0.9318909645080566,
            0.8256227970123291,
            1.0023131370544434,
            1.6527628898620605,
            0.9151153564453125,
            0.866321325302124,
            0.9796016216278076,
            1.6096367835998535,
            0.9080255031585693
        ],
        "fit_computation_times": [
            0.7138252258300781,
            0.7538928985595703,
            0.7052991390228271,
            0.744570255279541,
            0.7217137813568115,
            0.6880133152008057,
            0.7251300811767578,
            0.6970939636230469
        ]
    },
    "elapsed": 182.44700717926025
}