{
    "tensor_name": "enron",
    "sampler": "larsen_kolda_hybrid",
    "R": 100,
    "J": 524288,
    "trial": 2,
    "preprocessing": "log_count",
    "initialization": "rrf",
    "max_iterations": 40,
    "stop_tolerance": 0.0001,
    "tensor_order": 4,
    "trace": {
        "iterations": [
            0,
            5,
            10,
            15,
            20,
            25,
            30,
            35,
            40
        ],
        "fits": [
            -17460198900348.432,
            0.13396115997519598,
            0.137637036112223,
            0.1394429518541297,
            0.14009497522031888,
            0.1414083776030941,
            0.14216823574144388,
            0.13834409024380523,
            0.14159822251989684
        ],
        "update_times": [
            0.1937398910522461,
            0.19858956336975098,
            0.4566481113433838,
            0.16994714736938477,
            0.18561506271362305,
            0.19691896438598633,
            0.8563921451568604,
            0.16765594482421875,
            0.18802332878112793,
            0.1800851821899414,
            0.7875759601593018,
            0.16766977310180664,
            0.18172764778137207,
            0.1985912322998047,
            0.7485387325286865,
            0.15354228019714355,
            0.18594956398010254,
            0.1912522315979004,
            0.9106395244598389,
            0.16496968269348145,
            0.17039012908935547,
            0.1769118309020996,
            0.7941091060638428,
            0.1686098575592041,
            0.18625164031982422,
            0.18648433685302734,
            0.772193431854248,
            0.16778874397277832,
            0.18614840507507324,
            0.19280171394348145,
            0.6537797451019287,
            0.16731739044189453,
            0.1903526782989502,
            0.18794894218444824,
            0.753049373626709,
            0.16508173942565918,
            0.1888120174407959,
            0.19873857498168945,
            0.7356936931610107,
            0.19409632682800293,
            0.2037651538848877,
            0.20729446411132812,
            0.8919863700866699,
            0.18812036514282227,
            0.21013975143432617,
            0.21985936164855957,
            0.7316815853118896,
            0.16849589347839355,
            0.1936657428741455,
            0.1927626132965088,
            0.7848818302154541,
            0.16816449165344238,
            0.1943359375,
            0.19208526611328125,
            0.7797901630401611,
            0.1680295467376709,
            0.19699597358703613,
            0.19986486434936523,
            0.8361666202545166,
            0.16860389709472656,
            0.18300104141235352,
            0.21031451225280762,
            0.9017758369445801,
            0.186004638671875,
            0.20989584922790527,
            0.19260025024414062,
            0.8040947914123535,
            0.19270658493041992,
            0.18527626991271973,
            0.20178604125976562,
            0.7330489158630371,
            0.1708662509918213,
            0.19530701637268066,
            0.20619940757751465,
            0.7650058269500732,
            0.18433165550231934,
            0.1922132968902588,
            0.19082069396972656,
            0.784437894821167,
            0.1600813865661621,
            0.16697382926940918,
            0.18978667259216309,
            0.9309747219085693,
            0.16295361518859863,
            0.19063663482666016,
            0.18235158920288086,
            0.786400318145752,
            0.16368603706359863,
            0.18303227424621582,
            0.18673372268676758,
            0.7669939994812012,
            0.1618034839630127,
            0.19089841842651367,
            0.18995881080627441,
            0.769254207611084,
            0.17006206512451172,
            0.1874253749847412,
            0.18451976776123047,
            0.8950715065002441,
            0.1645190715789795,
            0.17073345184326172,
            0.18355178833007812,
            0.8530449867248535,
            0.15729451179504395,
            0.1839754581451416,
            0.18960189819335938,
            0.8672542572021484,
            0.15294766426086426,
            0.18507075309753418,
            0.18003129959106445,
            0.9078230857849121,
            0.15589499473571777,
            0.17960619926452637,
            0.1757049560546875,
            0.9016897678375244,
            0.1721024513244629,
            0.20972847938537598,
            0.21791744232177734,
            0.8704838752746582,
            0.17267274856567383,
            0.2044205665588379,
            0.21586108207702637,
            0.7723355293273926,
            0.1792919635772705,
            0.196974515914917,
            0.18185877799987793,
            0.8056783676147461,
            0.17035341262817383,
            0.18783044815063477,
            0.18499445915222168,
            0.8752174377441406,
            0.1685011386871338,
            0.20496630668640137,
            0.2076113224029541,
            0.8494076728820801,
            0.18724489212036133,
            0.22020697593688965,
            0.1902470588684082,
            0.854123592376709,
            0.1685492992401123,
            0.1927943229675293,
            0.20099258422851562,
            0.7514679431915283,
            0.16982698440551758,
            0.1939561367034912,
            0.2014172077178955,
            0.7796339988708496,
            0.16897988319396973,
            0.18856167793273926,
            0.1836390495300293,
            0.8128547668457031,
            0.16735029220581055,
            0.19190692901611328,
            0.18764066696166992,
            0.8981833457946777,
            0.16742277145385742,
            0.18640470504760742,
            0.20864295959472656,
            0.8611116409301758,
            0.19292044639587402
        ],
        "fit_computation_times": [
            0.6464488506317139,
            0.6746437549591064,
            0.6750736236572266,
            0.66737961769104,
            0.6765577793121338,
            0.6706783771514893,
            0.6989061832427979,
            0.6813445091247559
        ]
    },
    "elapsed": 60.68263006210327
}