{
    "tensor_name": "enron",
    "sampler": "larsen_kolda_hybrid",
    "R": 100,
    "J": 262144,
    "trial": 3,
    "preprocessing": "log_count",
    "initialization": "rrf",
    "max_iterations": 40,
    "stop_tolerance": 0.0001,
    "tensor_order": 4,
    "trace": {
        "iterations": [
            0,
            5,
            10,
            15,
            20,
            25,
            30,
            35,
            40
        ],
        "fits": [
            -17788529002188.87,
            0.11797493607041099,
            0.11614399959147625,
            0.12525124684747957,
            0.12323920453591863,
            0.1273589387249543,
            0.12389747547933183,
            0.1257770130698972,
            0.12803987292498165
        ],
        "update_times": [
            0.10415053367614746,
            0.10174918174743652,
            0.2903463840484619,
            0.09139728546142578,
            0.13224220275878906,
            0.1307680606842041,
            0.46780824661254883,
            0.125335693359375,
            0.12456107139587402,
            0.13423562049865723,
            0.42016124725341797,
            0.11746931076049805,
            0.15166330337524414,
            0.12665343284606934,
            0.4433565139770508,
            0.11017227172851562,
            0.11705589294433594,
            0.12169122695922852,
            0.43314218521118164,
            0.0925908088684082,
            0.08531737327575684,
            0.12978816032409668,
            0.41405224800109863,
            0.0959320068359375,
            0.11850595474243164,
            0.11086487770080566,
            0.43248724937438965,
            0.09756350517272949,
            0.1369025707244873,
            0.12122225761413574,
            0.4856889247894287,
            0.0893862247467041,
            0.11654543876647949,
            0.10602378845214844,
            0.49552178382873535,
            0.10516476631164551,
            0.1138005256652832,
            0.1107795238494873,
            0.5198724269866943,
            0.0914926528930664,
            0.09280037879943848,
            0.10409331321716309,
            0.37224864959716797,
            0.09005904197692871,
            0.11042976379394531,
            0.1076045036315918,
            0.406113862991333,
            0.08880162239074707,
            0.11376237869262695,
            0.1097269058227539,
            0.49014782905578613,
            0.09027695655822754,
            0.11073803901672363,
            0.1047830581665039,
            0.40503549575805664,
            0.0911414623260498,
            0.1101689338684082,
            0.1289501190185547,
            0.5213701725006104,
            0.09158635139465332,
            0.09076094627380371,
            0.10851311683654785,
            0.38338661193847656,
            0.10148954391479492,
            0.12162947654724121,
            0.11982107162475586,
            0.47496700286865234,
            0.09075045585632324,
            0.13151264190673828,
            0.11345267295837402,
            0.4154658317565918,
            0.09423208236694336,
            0.12892627716064453,
            0.11677336692810059,
            0.4454474449157715,
            0.09208154678344727,
            0.11861515045166016,
            0.1807713508605957,
            0.5061123371124268,
            0.0874016284942627,
            0.09837722778320312,
            0.11556720733642578,
            0.45975637435913086,
            0.0865621566772461,
            0.12054443359375,
            0.11523842811584473,
            0.4563143253326416,
            0.08965873718261719,
            0.12291836738586426,
            0.13249707221984863,
            0.4630765914916992,
            0.09294962882995605,
            0.12082767486572266,
            0.11800670623779297,
            0.4043254852294922,
            0.09050345420837402,
            0.11951375007629395,
            0.11218810081481934,
            0.4388093948364258,
            0.09077692031860352,
            0.0877988338470459,
            0.1367650032043457,
            0.5168216228485107,
            0.12373471260070801,
            0.13297438621520996,
            0.13544821739196777,
            0.4741983413696289,
            0.09754037857055664,
            0.11952900886535645,
            0.12820076942443848,
            0.43824052810668945,
            0.09762096405029297,
            0.13124680519104004,
            0.11914992332458496,
            0.4633944034576416,
            0.09317660331726074,
            0.13306069374084473,
            0.12051200866699219,
            0.41393303871154785,
            0.09300780296325684,
            0.21997904777526855,
            0.11093926429748535,
            0.3954482078552246,
            0.10386109352111816,
            0.11841917037963867,
            0.1334211826324463,
            0.5388422012329102,
            0.10038590431213379,
            0.11647295951843262,
            0.1156454086303711,
            0.39050793647766113,
            0.09023213386535645,
            0.12401819229125977,
            0.15414929389953613,
            0.4622077941894531,
            0.09080100059509277,
            0.12379240989685059,
            0.11790108680725098,
            0.4117863178253174,
            0.09174704551696777,
            0.08707308769226074,
            0.10978293418884277,
            0.3591136932373047,
            0.08877921104431152,
            0.11900687217712402,
            0.13215947151184082,
            0.5271413326263428,
            0.09237909317016602,
            0.12004327774047852,
            0.11153006553649902,
            0.38953495025634766,
            0.08740782737731934,
            0.11762166023254395,
            0.10738348960876465,
            0.3463447093963623,
            0.09589028358459473,
            0.12447237968444824,
            0.12243127822875977,
            0.48950934410095215,
            0.09433531761169434
        ],
        "fit_computation_times": [
            0.678389310836792,
            0.72707200050354,
            0.7128903865814209,
            0.6967461109161377,
            0.6936676502227783,
            0.6576285362243652,
            0.6919345855712891,
            0.6996300220489502
        ]
    },
    "elapsed": 37.488603830337524
}