{
    "tensor_name": "enron",
    "sampler": "larsen_kolda_hybrid",
    "R": 25,
    "J": 229376,
    "trial": 1,
    "preprocessing": "log_count",
    "initialization": "rrf",
    "max_iterations": 40,
    "stop_tolerance": 0.0001,
    "tensor_order": 4,
    "trace": {
        "iterations": [
            0,
            5,
            10,
            15,
            20,
            25,
            30,
            35,
            40
        ],
        "fits": [
            -8290449593211.081,
            0.09069456064424364,
            0.09557740656617486,
            0.093923182301622,
            0.09607800313102799,
            0.09700840789263065,
            0.09508755886645015,
            0.09723542044941935,
            0.09675533878952924
        ],
        "update_times": [
            0.04703378677368164,
            0.05231881141662598,
            0.16849327087402344,
            0.03856015205383301,
            0.04930281639099121,
            0.05213737487792969,
            0.23940396308898926,
            0.041460275650024414,
            0.04693317413330078,
            0.051787614822387695,
            0.25307726860046387,
            0.039969444274902344,
            0.048041343688964844,
            0.05512046813964844,
            0.28143882751464844,
            0.04474353790283203,
            0.04755902290344238,
            0.056194305419921875,
            0.2539365291595459,
            0.03941702842712402,
            0.028825759887695312,
            0.05167341232299805,
            0.26484036445617676,
            0.038428544998168945,
            0.04632759094238281,
            0.0502622127532959,
            0.26024889945983887,
            0.04081606864929199,
            0.04863166809082031,
            0.050637245178222656,
            0.2618401050567627,
            0.039186716079711914,
            0.04581260681152344,
            0.05629158020019531,
            0.2718360424041748,
            0.04183006286621094,
            0.04545950889587402,
            0.05701255798339844,
            0.23455071449279785,
            0.04060769081115723,
            0.031455039978027344,
            0.04782462120056152,
            0.2542152404785156,
            0.03950357437133789,
            0.042231082916259766,
            0.04885411262512207,
            0.2652437686920166,
            0.0393824577331543,
            0.047774553298950195,
            0.05133771896362305,
            0.24248909950256348,
            0.040088653564453125,
            0.04251360893249512,
            0.0587007999420166,
            0.24639177322387695,
            0.04304194450378418,
            0.050034523010253906,
            0.05070805549621582,
            0.2541937828063965,
            0.04077720642089844,
            0.029738903045654297,
            0.04927849769592285,
            0.21698307991027832,
            0.03781390190124512,
            0.04818844795227051,
            0.05079221725463867,
            0.25662708282470703,
            0.0453948974609375,
            0.04830765724182129,
            0.05524563789367676,
            0.2507462501525879,
            0.04619550704956055,
            0.049527645111083984,
            0.051566362380981445,
            0.24457144737243652,
            0.03737807273864746,
            0.04792666435241699,
            0.06769371032714844,
            0.2526516914367676,
            0.0402679443359375,
            0.03126859664916992,
            0.048926353454589844,
            0.23469281196594238,
            0.037637948989868164,
            0.05219841003417969,
            0.04906105995178223,
            0.2393956184387207,
            0.0346221923828125,
            0.04915928840637207,
            0.04862546920776367,
            0.254819393157959,
            0.04158496856689453,
            0.041322946548461914,
            0.05024123191833496,
            0.24488401412963867,
            0.03705024719238281,
            0.04750323295593262,
            0.05434060096740723,
            0.2484300136566162,
            0.039841651916503906,
            0.03937721252441406,
            0.05018019676208496,
            0.24228549003601074,
            0.03803253173828125,
            0.047044992446899414,
            0.059866905212402344,
            0.2514379024505615,
            0.04141664505004883,
            0.04407238960266113,
            0.051644325256347656,
            0.26779985427856445,
            0.038422346115112305,
            0.04523110389709473,
            0.050332069396972656,
            0.26226067543029785,
            0.037850141525268555,
            0.04027271270751953,
            0.05556988716125488,
            0.25107288360595703,
            0.03546595573425293,
            0.02958059310913086,
            0.04697108268737793,
            0.2524409294128418,
            0.041536808013916016,
            0.03996086120605469,
            0.04584622383117676,
            0.2480313777923584,
            0.0370943546295166,
            0.05307269096374512,
            0.06221961975097656,
            0.26493072509765625,
            0.03912615776062012,
            0.04094099998474121,
            0.05173373222351074,
            0.25249266624450684,
            0.03833127021789551,
            0.04457235336303711,
            0.051195383071899414,
            0.2178020477294922,
            0.037841796875,
            0.03050708770751953,
            0.05169057846069336,
            0.22962307929992676,
            0.03514862060546875,
            0.04704880714416504,
            0.046007633209228516,
            0.24970531463623047,
            0.03873801231384277,
            0.04717087745666504,
            0.05229067802429199,
            0.2525665760040283,
            0.036434173583984375,
            0.041063785552978516,
            0.04739093780517578,
            0.24565839767456055,
            0.0401616096496582,
            0.04150724411010742,
            0.052886962890625,
            0.2284078598022461,
            0.03810286521911621
        ],
        "fit_computation_times": [
            0.06760787963867188,
            0.06964349746704102,
            0.07167696952819824,
            0.06893324851989746,
            0.06956815719604492,
            0.07255411148071289,
            0.06493473052978516,
            0.06621241569519043
        ]
    },
    "elapsed": 15.997955560684204
}