{
    "tensor_name": "enron",
    "sampler": "efficient",
    "R": 25,
    "J": 327680,
    "trial": 0,
    "preprocessing": "log_count",
    "initialization": "rrf",
    "max_iterations": 40,
    "stop_tolerance": 0.0001,
    "tensor_order": 4,
    "trace": {
        "iterations": [
            0,
            5,
            10,
            15,
            20,
            25,
            30,
            35,
            40
        ],
        "fits": [
            -8956639457692.172,
            0.09354951108635368,
            0.09576841495259858,
            0.09599214609957551,
            0.09609388963381127,
            0.09614613870408006,
            0.09617303732509619,
            0.09620105450901328,
            0.09621822849278328
        ],
        "update_times": [
            0.1929490566253662,
            0.21796274185180664,
            0.36780762672424316,
            0.20631051063537598,
            0.22138190269470215,
            0.24715328216552734,
            0.5339124202728271,
            0.21170711517333984,
            0.23543667793273926,
            0.28066182136535645,
            0.4740588665008545,
            0.21121668815612793,
            0.22728848457336426,
            0.28203535079956055,
            0.4403715133666992,
            0.2065443992614746,
            0.2930488586425781,
            0.4312582015991211,
            0.4447596073150635,
            0.20637297630310059,
            0.22467875480651855,
            0.2486858367919922,
            0.4599025249481201,
            0.21903324127197266,
            0.23445892333984375,
            0.23935770988464355,
            0.4711287021636963,
            0.20940113067626953,
            0.23268795013427734,
            0.2357635498046875,
            0.45409178733825684,
            0.22428274154663086,
            0.2099313735961914,
            0.2301497459411621,
            0.45415520668029785,
            0.20706391334533691,
            0.2400655746459961,
            0.2308652400970459,
            0.4681203365325928,
            0.2077803611755371,
            0.2611083984375,
            0.36695313453674316,
            0.43360137939453125,
            0.21571826934814453,
            0.2413794994354248,
            0.24225687980651855,
            0.44766926765441895,
            0.21511268615722656,
            0.22717976570129395,
            0.23290109634399414,
            0.4610307216644287,
            0.20801830291748047,
            0.23862504959106445,
            0.22876381874084473,
            0.4625234603881836,
            0.20602941513061523,
            0.22648215293884277,
            0.2290189266204834,
            0.4551510810852051,
            0.20786118507385254,
            0.19923019409179688,
            0.2358074188232422,
            0.47481274604797363,
            0.21183061599731445,
            0.23497438430786133,
            0.2328782081604004,
            0.4649007320404053,
            0.21219372749328613,
            0.21355009078979492,
            0.23127412796020508,
            0.45530223846435547,
            0.21409869194030762,
            0.2156515121459961,
            0.23317933082580566,
            0.4458320140838623,
            0.21647930145263672,
            0.21187472343444824,
            0.35686254501342773,
            0.44312500953674316,
            0.20670175552368164,
            0.2170557975769043,
            0.23992419242858887,
            0.47795581817626953,
            0.23334836959838867,
            0.23145127296447754,
            0.23781943321228027,
            0.47231411933898926,
            0.2114560604095459,
            0.2333698272705078,
            0.29606056213378906,
            0.4579951763153076,
            0.21859502792358398,
            0.2533552646636963,
            0.4162783622741699,
            0.43234825134277344,
            0.22341418266296387,
            0.2773153781890869,
            0.23081636428833008,
            0.4504988193511963,
            0.21718573570251465,
            0.20958876609802246,
            0.22963595390319824,
            0.4565548896789551,
            0.21660447120666504,
            0.22513413429260254,
            0.2370302677154541,
            0.4637441635131836,
            0.22469472885131836,
            0.24462532997131348,
            0.24194908142089844,
            0.46667981147766113,
            0.21781420707702637,
            0.21973681449890137,
            0.25901269912719727,
            0.467195987701416,
            0.20736479759216309,
            0.21153855323791504,
            0.24883556365966797,
            0.44841885566711426,
            0.22438907623291016,
            0.22304344177246094,
            0.251509428024292,
            0.474703311920166,
            0.2080402374267578,
            0.21493983268737793,
            0.23134875297546387,
            0.4659862518310547,
            0.23132920265197754,
            0.21364736557006836,
            0.23784780502319336,
            0.4637718200683594,
            0.22074413299560547,
            0.21726131439208984,
            0.24579215049743652,
            0.38747739791870117,
            0.2005476951599121,
            0.21394038200378418,
            0.24753403663635254,
            0.415771484375,
            0.2049846649169922,
            0.19362783432006836,
            0.2716963291168213,
            0.3952000141143799,
            0.20594477653503418,
            0.2202167510986328,
            0.26848912239074707,
            0.3913857936859131,
            0.20310664176940918,
            0.22030234336853027,
            0.28170275688171387,
            0.47909998893737793,
            0.21708440780639648,
            0.22152256965637207,
            0.30308032035827637,
            0.46559786796569824,
            0.2273881435394287,
            0.27083325386047363,
            0.45296740531921387,
            0.46169400215148926,
            0.284470796585083
        ],
        "fit_computation_times": [
            0.10004281997680664,
            0.11061215400695801,
            0.09310412406921387,
            0.0975651741027832,
            0.09344315528869629,
            0.10193705558776855,
            0.10273480415344238,
            0.10975432395935059
        ]
    },
    "elapsed": 47.434582471847534
}