{
    "tensor_name": "enron",
    "sampler": "efficient",
    "R": 50,
    "J": 98304,
    "trial": 3,
    "preprocessing": "log_count",
    "initialization": "rrf",
    "max_iterations": 40,
    "stop_tolerance": 0.0001,
    "tensor_order": 4,
    "trace": {
        "iterations": [
            0,
            5,
            10,
            15,
            20,
            25,
            30,
            35,
            40
        ],
        "fits": [
            -12854492179795.545,
            0.11873589074767721,
            0.12369643090602622,
            0.12482889290337618,
            0.1251313276501126,
            0.12527756895794306,
            0.12535281156600997,
            0.1254195558288803,
            0.12552395265138339
        ],
        "update_times": [
            0.16343975067138672,
            0.16144180297851562,
            0.4601314067840576,
            0.14975190162658691,
            0.21993064880371094,
            0.17681193351745605,
            0.5771887302398682,
            0.1674184799194336,
            0.1603529453277588,
            0.18039441108703613,
            0.5486645698547363,
            0.1873018741607666,
            0.17550063133239746,
            0.19326543807983398,
            0.5716211795806885,
            0.1811070442199707,
            0.15696930885314941,
            0.19231796264648438,
            0.5512490272521973,
            0.18416237831115723,
            0.17085552215576172,
            0.20446467399597168,
            0.5565228462219238,
            0.18866562843322754,
            0.17903685569763184,
            0.2319166660308838,
            0.559999942779541,
            0.18990325927734375,
            0.18014121055603027,
            0.21578478813171387,
            0.5572409629821777,
            0.18161678314208984,
            0.17576122283935547,
            0.1951732635498047,
            0.5849742889404297,
            0.1871933937072754,
            0.17478632926940918,
            0.2109081745147705,
            0.593557596206665,
            0.183074951171875,
            0.14905786514282227,
            0.19509100914001465,
            0.5601141452789307,
            0.1784822940826416,
            0.17453575134277344,
            0.21384143829345703,
            0.6020982265472412,
            0.20627117156982422,
            0.17275595664978027,
            0.2134690284729004,
            0.6167492866516113,
            0.19742703437805176,
            0.19224095344543457,
            0.20981431007385254,
            0.6281394958496094,
            0.19276666641235352,
            0.16727590560913086,
            0.20252084732055664,
            0.6048178672790527,
            0.19364190101623535,
            0.16168475151062012,
            0.21785664558410645,
            0.5462918281555176,
            0.19590473175048828,
            0.1691300868988037,
            0.19566106796264648,
            0.5420334339141846,
            0.20222806930541992,
            0.16859698295593262,
            0.2329561710357666,
            0.526787281036377,
            0.1986856460571289,
            0.17641592025756836,
            0.20809698104858398,
            0.5802371501922607,
            0.1921553611755371,
            0.16500353813171387,
            0.22057294845581055,
            0.6002521514892578,
            0.19217443466186523,
            0.1554725170135498,
            0.1994161605834961,
            0.6213741302490234,
            0.19379425048828125,
            0.16934823989868164,
            0.22005724906921387,
            0.5521528720855713,
            0.19473886489868164,
            0.16356825828552246,
            0.19572186470031738,
            0.5318138599395752,
            0.19722199440002441,
            0.24992847442626953,
            0.2197411060333252,
            0.5559670925140381,
            0.1889495849609375,
            0.18127131462097168,
            0.19693374633789062,
            0.5457363128662109,
            0.2073225975036621,
            0.15980267524719238,
            0.21614551544189453,
            0.5681166648864746,
            0.19633197784423828,
            0.18624639511108398,
            0.19189238548278809,
            0.5461766719818115,
            0.1902906894683838,
            0.18089056015014648,
            0.20738577842712402,
            0.592914342880249,
            0.20481538772583008,
            0.17924046516418457,
            0.2092304229736328,
            0.538907527923584,
            0.18892598152160645,
            0.17493224143981934,
            0.20872068405151367,
            0.5614142417907715,
            0.18921732902526855,
            0.15710139274597168,
            0.1885676383972168,
            0.5600337982177734,
            0.18866848945617676,
            0.16406989097595215,
            0.18759584426879883,
            0.5238087177276611,
            0.19180083274841309,
            0.17696022987365723,
            0.21187067031860352,
            0.5009908676147461,
            0.19812512397766113,
            0.18408966064453125,
            0.23258447647094727,
            0.562006950378418,
            0.19971251487731934,
            0.17650938034057617,
            0.20488452911376953,
            0.6236209869384766,
            0.18952035903930664,
            0.1685628890991211,
            0.19791460037231445,
            0.5554835796356201,
            0.1989736557006836,
            0.22791647911071777,
            0.3024473190307617,
            0.5712156295776367,
            0.1994030475616455,
            0.16481471061706543,
            0.1977837085723877,
            0.5677318572998047,
            0.19109559059143066,
            0.16727471351623535,
            0.2028820514678955,
            0.5691068172454834,
            0.19096899032592773,
            0.19703173637390137,
            0.18791675567626953,
            0.5611724853515625,
            0.18966221809387207
        ],
        "fit_computation_times": [
            0.3251922130584717,
            0.3370964527130127,
            0.34290528297424316,
            0.33965444564819336,
            0.3337538242340088,
            0.3553023338317871,
            0.3474440574645996,
            0.3350667953491211
        ]
    },
    "elapsed": 48.57914686203003
}