{
    "tensor_name": "enron",
    "sampler": "efficient",
    "R": 50,
    "J": 524288,
    "trial": 0,
    "preprocessing": "log_count",
    "initialization": "rrf",
    "max_iterations": 40,
    "stop_tolerance": 0.0001,
    "tensor_order": 4,
    "trace": {
        "iterations": [
            0,
            5,
            10,
            15,
            20,
            25,
            30,
            35,
            40
        ],
        "fits": [
            -13201883229254.355,
            0.12051154098718764,
            0.1238088605351193,
            0.1245485589403098,
            0.12491028848454722,
            0.12513685684186815,
            0.12531566743337685,
            0.12543468764409982,
            0.12548652761867374
        ],
        "update_times": [
            0.6104283332824707,
            0.7460846900939941,
            1.0278127193450928,
            0.6943278312683105,
            0.7304906845092773,
            0.8382771015167236,
            1.1829562187194824,
            0.7802610397338867,
            0.6989023685455322,
            0.7778816223144531,
            1.1745944023132324,
            0.7780227661132812,
            0.7271437644958496,
            0.6574594974517822,
            1.1285078525543213,
            0.7505536079406738,
            0.6721856594085693,
            0.7067854404449463,
            1.208698034286499,
            0.751349925994873,
            0.657203197479248,
            0.723362922668457,
            1.076570987701416,
            0.7723598480224609,
            0.7108891010284424,
            0.8016431331634521,
            1.2906763553619385,
            0.7825098037719727,
            0.7451324462890625,
            0.7511734962463379,
            1.0648829936981201,
            0.7481112480163574,
            0.7244341373443604,
            0.74456787109375,
            1.0678904056549072,
            0.7532875537872314,
            0.7145500183105469,
            0.7516114711761475,
            1.2436516284942627,
            0.7982649803161621,
            0.6958808898925781,
            0.7984433174133301,
            1.3749589920043945,
            0.788334846496582,
            0.67970871925354,
            0.7192130088806152,
            1.0895726680755615,
            0.7298529148101807,
            0.683504581451416,
            0.7220356464385986,
            1.0624465942382812,
            0.7377898693084717,
            0.7045025825500488,
            0.7352399826049805,
            1.0185744762420654,
            0.7699098587036133,
            0.7103710174560547,
            0.7379944324493408,
            1.3820314407348633,
            0.8113002777099609,
            0.7484111785888672,
            0.8142828941345215,
            2.041862964630127,
            0.8567178249359131,
            0.7493565082550049,
            0.7521460056304932,
            1.0817699432373047,
            0.7602620124816895,
            0.6883776187896729,
            0.7010641098022461,
            1.0033020973205566,
            0.7357933521270752,
            0.7126848697662354,
            0.7117354869842529,
            1.0162131786346436,
            0.7581708431243896,
            0.6851367950439453,
            0.7014501094818115,
            1.0626788139343262,
            0.740264892578125,
            0.6630091667175293,
            0.7264249324798584,
            1.059366226196289,
            0.810096263885498,
            0.7951970100402832,
            0.8054492473602295,
            1.4124300479888916,
            0.891082763671875,
            0.799868106842041,
            0.8379881381988525,
            1.4087445735931396,
            0.8686995506286621,
            0.7879447937011719,
            0.7540023326873779,
            1.0537517070770264,
            0.7642161846160889,
            0.7588791847229004,
            0.7754707336425781,
            1.7073585987091064,
            0.7475507259368896,
            0.6495780944824219,
            0.754056453704834,
            1.2739880084991455,
            0.75189208984375,
            0.6981689929962158,
            0.7723197937011719,
            1.0689551830291748,
            0.7213196754455566,
            0.7052874565124512,
            0.7250854969024658,
            1.1012799739837646,
            0.7241792678833008,
            0.9195690155029297,
            0.7055573463439941,
            1.0749027729034424,
            0.7427122592926025,
            0.7120592594146729,
            0.7740504741668701,
            1.192289113998413,
            0.7760710716247559,
            0.6998915672302246,
            0.7447130680084229,
            1.1308157444000244,
            0.7521090507507324,
            0.7251489162445068,
            0.7297558784484863,
            1.2128446102142334,
            0.8950924873352051,
            0.7600283622741699,
            0.7987484931945801,
            1.3257105350494385,
            0.8503220081329346,
            0.7898609638214111,
            0.7889690399169922,
            1.3640491962432861,
            0.9332752227783203,
            0.7693800926208496,
            0.8154866695404053,
            1.1135501861572266,
            0.7706289291381836,
            0.6951248645782471,
            0.8048648834228516,
            1.3448631763458252,
            0.8323063850402832,
            0.8144083023071289,
            0.7408130168914795,
            1.0942652225494385,
            0.7313113212585449,
            0.6913387775421143,
            0.7030165195465088,
            1.0478153228759766,
            0.734046459197998,
            0.7180712223052979,
            0.7211189270019531,
            1.096764087677002,
            0.7498011589050293,
            0.7001233100891113,
            0.7136437892913818,
            1.1262075901031494,
            0.7071611881256104
        ],
        "fit_computation_times": [
            0.11356043815612793,
            0.11757326126098633,
            0.11927223205566406,
            0.10861015319824219,
            0.10789966583251953,
            0.1180121898651123,
            0.11388158798217773,
            0.10820579528808594
        ]
    },
    "elapsed": 138.88854146003723
}