{
    "tensor_name": "enron",
    "sampler": "larsen_kolda_hybrid",
    "R": 75,
    "J": 589824,
    "trial": 3,
    "preprocessing": "log_count",
    "initialization": "rrf",
    "max_iterations": 40,
    "stop_tolerance": 0.0001,
    "tensor_order": 4,
    "trace": {
        "iterations": [
            0,
            5,
            10,
            15,
            20,
            25,
            30,
            35,
            40
        ],
        "fits": [
            -15858779402594.062,
            0.12890845385015637,
            0.13352051731974168,
            0.13083184419021576,
            0.13105014367354872,
            0.13382111308275635,
            0.13064358378525076,
            0.13339725886967246,
            0.13187558462924187
        ],
        "update_times": [
            0.1771690845489502,
            0.16675376892089844,
            0.44881439208984375,
            0.15767812728881836,
            0.1759352684020996,
            0.18457388877868652,
            0.7918717861175537,
            0.1612544059753418,
            0.18165826797485352,
            0.18223857879638672,
            0.7917513847351074,
            0.1451091766357422,
            0.18072080612182617,
            0.18161559104919434,
            0.8121340274810791,
            0.17174696922302246,
            0.20718717575073242,
            0.19582152366638184,
            0.7474846839904785,
            0.19148612022399902,
            0.1928870677947998,
            0.18868064880371094,
            0.8956778049468994,
            0.15241646766662598,
            0.1864781379699707,
            0.18487119674682617,
            0.9305140972137451,
            0.15479731559753418,
            0.17906808853149414,
            0.17168664932250977,
            0.7489209175109863,
            0.14884281158447266,
            0.19063639640808105,
            0.20482182502746582,
            0.756497859954834,
            0.16277599334716797,
            0.17586255073547363,
            0.1781320571899414,
            0.8053386211395264,
            0.15731549263000488,
            0.1982729434967041,
            0.18919754028320312,
            0.7534832954406738,
            0.17560076713562012,
            0.1927945613861084,
            0.18465662002563477,
            0.7776827812194824,
            0.19255399703979492,
            0.20305180549621582,
            0.19457030296325684,
            0.8510608673095703,
            0.1672511100769043,
            0.19163203239440918,
            0.19288206100463867,
            0.772287130355835,
            0.16335368156433105,
            0.18492746353149414,
            0.18938231468200684,
            0.6892368793487549,
            0.14888334274291992,
            0.16679716110229492,
            0.1919107437133789,
            0.7933387756347656,
            0.15801024436950684,
            0.19248604774475098,
            0.18887734413146973,
            0.8699934482574463,
            0.18630290031433105,
            0.2030329704284668,
            0.19461274147033691,
            0.9074349403381348,
            0.1608290672302246,
            0.18655753135681152,
            0.18529462814331055,
            0.9009692668914795,
            0.1629652976989746,
            0.19338679313659668,
            0.19591617584228516,
            0.8322427272796631,
            0.16149616241455078,
            0.17344903945922852,
            0.18402528762817383,
            0.805105447769165,
            0.1496880054473877,
            0.19266939163208008,
            0.19214129447937012,
            1.0123188495635986,
            0.16003918647766113,
            0.20280718803405762,
            0.20017123222351074,
            0.7941741943359375,
            0.1714487075805664,
            0.2028214931488037,
            0.1920921802520752,
            0.918238639831543,
            0.15509295463562012,
            0.18243169784545898,
            0.1927330493927002,
            0.8690972328186035,
            0.15166854858398438,
            0.17096352577209473,
            0.19083762168884277,
            0.8231570720672607,
            0.1587202548980713,
            0.19805026054382324,
            0.20549917221069336,
            0.7065589427947998,
            0.1468522548675537,
            0.1988229751586914,
            0.18892216682434082,
            0.7670283317565918,
            0.15400338172912598,
            0.2050187587738037,
            0.18333816528320312,
            0.6706619262695312,
            0.15515828132629395,
            0.206634521484375,
            0.18425202369689941,
            0.9863231182098389,
            0.16869616508483887,
            0.1873643398284912,
            0.2175126075744629,
            0.9126520156860352,
            0.16005682945251465,
            0.1831986904144287,
            0.19284892082214355,
            0.7561976909637451,
            0.15629100799560547,
            0.20812273025512695,
            0.18358945846557617,
            0.6851232051849365,
            0.15315818786621094,
            0.19156670570373535,
            0.1831064224243164,
            0.7771506309509277,
            0.16537070274353027,
            0.22512316703796387,
            0.21379947662353516,
            0.7940683364868164,
            0.17037034034729004,
            0.17383837699890137,
            0.18982839584350586,
            0.7843282222747803,
            0.16300296783447266,
            0.21003150939941406,
            0.20792675018310547,
            0.8231601715087891,
            0.17696237564086914,
            0.20244812965393066,
            0.19567465782165527,
            0.7741224765777588,
            0.15928339958190918,
            0.19171786308288574,
            0.1938185691833496,
            0.8083522319793701,
            0.15961813926696777,
            0.18916678428649902,
            0.19359445571899414,
            0.7837777137756348,
            0.14899206161499023
        ],
        "fit_computation_times": [
            0.541445255279541,
            0.5600738525390625,
            0.5454468727111816,
            0.5474975109100342,
            0.5563435554504395,
            0.547795295715332,
            0.6683568954467773,
            0.5533595085144043
        ]
    },
    "elapsed": 58.9964919090271
}