{
    "tensor_name": "enron",
    "sampler": "efficient",
    "R": 75,
    "J": 262144,
    "trial": 3,
    "preprocessing": "log_count",
    "initialization": "rrf",
    "max_iterations": 40,
    "stop_tolerance": 0.0001,
    "tensor_order": 4,
    "trace": {
        "iterations": [
            0,
            5,
            10,
            15,
            20,
            25,
            30,
            35,
            40
        ],
        "fits": [
            -15957327910407.91,
            0.14406154469686816,
            0.14740931679112756,
            0.14822275509146499,
            0.1486674734920299,
            0.14895121300400438,
            0.14906481209571165,
            0.1491301184965148,
            0.1492467397605841
        ],
        "update_times": [
            0.6385378837585449,
            0.6207780838012695,
            0.9838049411773682,
            0.6620056629180908,
            0.6536824703216553,
            0.698216438293457,
            1.1792166233062744,
            0.7267496585845947,
            0.7284488677978516,
            0.7780404090881348,
            1.3834316730499268,
            0.7360155582427979,
            0.704702615737915,
            0.862973690032959,
            1.4385547637939453,
            0.7250163555145264,
            0.7093470096588135,
            0.9727497100830078,
            1.4064207077026367,
            0.7389752864837646,
            0.6380245685577393,
            0.8335556983947754,
            1.335209846496582,
            0.744377613067627,
            0.6573014259338379,
            0.7796475887298584,
            1.4180092811584473,
            0.7301390171051025,
            0.655689001083374,
            0.7812755107879639,
            1.398411512374878,
            0.7144463062286377,
            0.6497020721435547,
            0.7766218185424805,
            1.344590425491333,
            0.7372634410858154,
            0.6902365684509277,
            0.7939105033874512,
            1.3663928508758545,
            0.7457032203674316,
            0.6533918380737305,
            0.7901082038879395,
            1.4114904403686523,
            0.7405738830566406,
            0.7023687362670898,
            0.8110165596008301,
            1.217057466506958,
            0.7395896911621094,
            0.7297523021697998,
            0.8629846572875977,
            1.5104022026062012,
            0.7793078422546387,
            0.7189929485321045,
            0.8798086643218994,
            1.4771697521209717,
            0.7644672393798828,
            0.718721866607666,
            0.8667993545532227,
            1.4905977249145508,
            0.7609207630157471,
            0.6835086345672607,
            0.8211772441864014,
            1.4787647724151611,
            0.7755160331726074,
            0.7252843379974365,
            0.8211004734039307,
            1.6087045669555664,
            0.7727649211883545,
            0.686105489730835,
            0.8490810394287109,
            1.1984937191009521,
            0.7668642997741699,
            0.7279512882232666,
            0.894993782043457,
            1.4988305568695068,
            0.7737107276916504,
            0.7275209426879883,
            0.8843474388122559,
            1.2426950931549072,
            0.7610714435577393,
            0.702239990234375,
            0.9033305644989014,
            1.4761528968811035,
            0.7844727039337158,
            0.7236495018005371,
            0.8548414707183838,
            1.3357477188110352,
            0.7165238857269287,
            0.6676120758056641,
            0.8203973770141602,
            1.3745322227478027,
            0.7374448776245117,
            0.6876301765441895,
            0.8403573036193848,
            1.3421754837036133,
            0.7173144817352295,
            0.7158188819885254,
            0.9544284343719482,
            1.3903396129608154,
            0.7665669918060303,
            0.7022972106933594,
            0.800764799118042,
            1.4169318675994873,
            0.7480885982513428,
            0.6874828338623047,
            0.7946183681488037,
            1.3477153778076172,
            0.7448580265045166,
            0.8073110580444336,
            0.8542749881744385,
            1.4131269454956055,
            0.7405130863189697,
            0.7092678546905518,
            0.8587467670440674,
            1.3273684978485107,
            0.7446184158325195,
            0.6979613304138184,
            0.8436636924743652,
            1.1351566314697266,
            0.7722208499908447,
            0.6997103691101074,
            0.9983716011047363,
            1.456904649734497,
            0.7916586399078369,
            0.7391347885131836,
            0.8821523189544678,
            1.2306554317474365,
            0.764413595199585,
            0.7230160236358643,
            0.8793370723724365,
            1.2398836612701416,
            0.7450230121612549,
            0.7122969627380371,
            0.8679673671722412,
            1.3898534774780273,
            0.7655978202819824,
            0.7539386749267578,
            0.8509409427642822,
            1.2208878993988037,
            0.7533822059631348,
            0.6928956508636475,
            0.8589434623718262,
            1.2292675971984863,
            0.7671151161193848,
            0.7125875949859619,
            0.8525352478027344,
            1.4065241813659668,
            0.8013830184936523,
            0.7217860221862793,
            0.8529074192047119,
            1.435060739517212,
            0.7798855304718018,
            0.7242717742919922,
            0.8498048782348633,
            1.5248117446899414,
            0.7732751369476318,
            0.7523849010467529,
            0.8677682876586914,
            1.4115328788757324,
            0.7511582374572754
        ],
        "fit_computation_times": [
            0.5238735675811768,
            0.5753564834594727,
            0.5222184658050537,
            0.4953188896179199,
            0.5055773258209229,
            0.5171210765838623,
            0.550227165222168,
            0.5232336521148682
        ]
    },
    "elapsed": 151.14458870887756
}