{
    "tensor_name": "enron",
    "sampler": "larsen_kolda_hybrid",
    "R": 75,
    "J": 229376,
    "trial": 0,
    "preprocessing": "log_count",
    "initialization": "rrf",
    "max_iterations": 40,
    "stop_tolerance": 0.0001,
    "tensor_order": 4,
    "trace": {
        "iterations": [
            0,
            5,
            10,
            15,
            20,
            25,
            30,
            35
        ],
        "fits": [
            -15775054945472.674,
            0.11463827686178574,
            0.1169533071519967,
            0.11823708606091776,
            0.12015214528465834,
            0.11656354345603337,
            0.11176030289927563,
            0.11236737695328192
        ],
        "update_times": [
            0.08667850494384766,
            0.10162973403930664,
            0.22022414207458496,
            0.06675863265991211,
            0.09024429321289062,
            0.0896751880645752,
            0.3644700050354004,
            0.06688189506530762,
            0.09217357635498047,
            0.08530759811401367,
            0.5257613658905029,
            0.07223272323608398,
            0.09172654151916504,
            0.09601235389709473,
            0.4590935707092285,
            0.07071447372436523,
            0.09041428565979004,
            0.10245943069458008,
            0.3783295154571533,
            0.08693838119506836,
            0.15578317642211914,
            0.0925436019897461,
            0.38897180557250977,
            0.06909656524658203,
            0.09306597709655762,
            0.09627437591552734,
            0.5028729438781738,
            0.06551790237426758,
            0.09074902534484863,
            0.08953619003295898,
            0.3310418128967285,
            0.06623482704162598,
            0.09422421455383301,
            0.09796905517578125,
            0.49193620681762695,
            0.06703376770019531,
            0.1269233226776123,
            0.10859417915344238,
            0.40495800971984863,
            0.06476879119873047,
            0.06558942794799805,
            0.08710861206054688,
            0.33800220489501953,
            0.06641221046447754,
            0.09426474571228027,
            0.09226512908935547,
            0.4792015552520752,
            0.06484365463256836,
            0.09134435653686523,
            0.09124326705932617,
            0.4991419315338135,
            0.06460285186767578,
            0.09093046188354492,
            0.08847904205322266,
            0.5207557678222656,
            0.06829595565795898,
            0.09564685821533203,
            0.09985756874084473,
            0.48249030113220215,
            0.06388640403747559,
            0.16764473915100098,
            0.110198974609375,
            0.4154798984527588,
            0.0704340934753418,
            0.10475540161132812,
            0.0975043773651123,
            0.3264782428741455,
            0.06591606140136719,
            0.09403538703918457,
            0.09102416038513184,
            0.33771705627441406,
            0.06259608268737793,
            0.11670565605163574,
            0.08861708641052246,
            0.32446718215942383,
            0.06397700309753418,
            0.09696650505065918,
            0.08885836601257324,
            0.5078558921813965,
            0.0687246322631836,
            0.06868910789489746,
            0.09020471572875977,
            0.4828157424926758,
            0.06700706481933594,
            0.09577584266662598,
            0.09199666976928711,
            0.48927831649780273,
            0.06541323661804199,
            0.09405279159545898,
            0.1035008430480957,
            0.39203667640686035,
            0.06441855430603027,
            0.09593391418457031,
            0.08371829986572266,
            0.32445669174194336,
            0.06350374221801758,
            0.08944535255432129,
            0.08363199234008789,
            0.3778524398803711,
            0.08350419998168945,
            0.07663655281066895,
            0.0877389907836914,
            0.5022616386413574,
            0.08166861534118652,
            0.09714269638061523,
            0.09437894821166992,
            0.5046935081481934,
            0.07198500633239746,
            0.09903597831726074,
            0.11333727836608887,
            0.4732639789581299,
            0.07613992691040039,
            0.11180663108825684,
            0.10843825340270996,
            0.5062582492828369,
            0.0671994686126709,
            0.0883936882019043,
            0.09041810035705566,
            0.4486856460571289,
            0.07287263870239258,
            0.08381867408752441,
            0.09529352188110352,
            0.45699286460876465,
            0.07085561752319336,
            0.09719705581665039,
            0.09620475769042969,
            0.4490542411804199,
            0.06455397605895996,
            0.09032583236694336,
            0.08509087562561035,
            0.3829514980316162,
            0.06246328353881836,
            0.08820104598999023,
            0.09041476249694824,
            0.48522472381591797,
            0.07333612442016602,
            0.10050702095031738,
            0.09096074104309082,
            0.4607820510864258,
            0.0644841194152832
        ],
        "fit_computation_times": [
            0.5602900981903076,
            0.5494117736816406,
            0.5489749908447266,
            0.5287909507751465,
            0.5235209465026855,
            0.5118978023529053,
            0.5097153186798096
        ]
    },
    "elapsed": 28.501143217086792
}