{
    "tensor_name": "enron",
    "sampler": "larsen_kolda_hybrid",
    "R": 125,
    "J": 196608,
    "trial": 2,
    "preprocessing": "log_count",
    "initialization": "rrf",
    "max_iterations": 40,
    "stop_tolerance": 0.0001,
    "tensor_order": 4,
    "trace": {
        "iterations": [
            0,
            5,
            10,
            15,
            20,
            25,
            30,
            35,
            40
        ],
        "fits": [
            -19621378967473.367,
            0.09806925582693438,
            0.11303009660660102,
            0.1068122115353215,
            -1.6259517700487818,
            0.11695696881106676,
            0.08821270598089304,
            0.08312928087302318,
            0.047635160142451616
        ],
        "update_times": [
            0.09890985488891602,
            0.10629439353942871,
            0.2747211456298828,
            0.0932309627532959,
            0.11854100227355957,
            0.11813235282897949,
            0.3743424415588379,
            0.10587930679321289,
            0.11284065246582031,
            0.11305499076843262,
            0.36244654655456543,
            0.10598945617675781,
            0.13093280792236328,
            0.13170719146728516,
            0.4321329593658447,
            0.10246801376342773,
            0.13884210586547852,
            0.11701321601867676,
            0.4213593006134033,
            0.10204029083251953,
            0.10287356376647949,
            0.13260436058044434,
            0.3622407913208008,
            0.11037039756774902,
            0.1405181884765625,
            0.12138485908508301,
            0.38170433044433594,
            0.09841465950012207,
            0.12599420547485352,
            0.11882257461547852,
            0.44104933738708496,
            0.0996851921081543,
            0.14467191696166992,
            0.13160037994384766,
            0.38468313217163086,
            0.09739446640014648,
            0.11807680130004883,
            0.12587594985961914,
            0.38832950592041016,
            0.09581422805786133,
            0.09033322334289551,
            0.1227715015411377,
            0.41307783126831055,
            0.10584592819213867,
            0.1621551513671875,
            0.15816807746887207,
            0.41986918449401855,
            0.09725427627563477,
            0.1200408935546875,
            0.11426901817321777,
            0.3954002857208252,
            0.0951077938079834,
            0.12009167671203613,
            0.1362016201019287,
            0.40599536895751953,
            0.09140205383300781,
            0.11716771125793457,
            0.11578178405761719,
            0.4542710781097412,
            0.09042620658874512,
            0.08800673484802246,
            0.12766814231872559,
            0.3596961498260498,
            0.09455418586730957,
            0.12183809280395508,
            0.11527180671691895,
            0.4157280921936035,
            0.09295511245727539,
            0.1301569938659668,
            0.12801599502563477,
            0.3934051990509033,
            0.1048119068145752,
            0.12895488739013672,
            0.12241411209106445,
            0.3896791934967041,
            0.08543968200683594,
            0.11815977096557617,
            0.10855698585510254,
            0.35387253761291504,
            0.08494234085083008,
            0.11069869995117188,
            0.1152808666229248,
            0.466949462890625,
            0.10831546783447266,
            0.1372358798980713,
            0.15087056159973145,
            0.4382457733154297,
            0.11776089668273926,
            0.12468504905700684,
            0.11498141288757324,
            0.3245584964752197,
            0.09279012680053711,
            0.12174034118652344,
            0.11436223983764648,
            0.4305689334869385,
            0.10085344314575195,
            0.11765646934509277,
            0.1091146469116211,
            0.37418651580810547,
            0.09115242958068848,
            0.09541583061218262,
            0.1185600757598877,
            0.47161030769348145,
            0.09273791313171387,
            0.12793397903442383,
            0.11411404609680176,
            0.38750362396240234,
            0.09168386459350586,
            0.12100076675415039,
            0.1143951416015625,
            0.3509659767150879,
            0.09438157081604004,
            0.12050795555114746,
            0.13022947311401367,
            0.42284512519836426,
            0.095855712890625,
            0.1223304271697998,
            0.11359858512878418,
            0.47662997245788574,
            0.08858704566955566,
            0.11588263511657715,
            0.12971186637878418,
            0.35588741302490234,
            0.09130978584289551,
            0.11789989471435547,
            0.11510610580444336,
            0.33081555366516113,
            0.09122347831726074,
            0.11983799934387207,
            0.11856675148010254,
            0.37754034996032715,
            0.08884572982788086,
            0.13697099685668945,
            0.12907648086547852,
            0.4504718780517578,
            0.0930478572845459,
            0.12103700637817383,
            0.12778973579406738,
            0.38140153884887695,
            0.0933828353881836,
            0.09012079238891602,
            0.11486673355102539,
            0.39601755142211914,
            0.09068799018859863,
            0.1238715648651123,
            0.10931754112243652,
            0.4161217212677002,
            0.08822774887084961,
            0.11576056480407715,
            0.10747647285461426,
            0.3301379680633545,
            0.08945775032043457,
            0.11765718460083008,
            0.11261272430419922,
            0.4094045162200928,
            0.09337902069091797,
            0.1152794361114502,
            0.1122293472290039,
            0.422727108001709,
            0.09440135955810547
        ],
        "fit_computation_times": [
            0.7702302932739258,
            0.7047152519226074,
            0.7803351879119873,
            0.7260329723358154,
            0.7078557014465332,
            0.7744746208190918,
            0.7914619445800781,
            0.7051553726196289
        ]
    },
    "elapsed": 36.1604745388031
}