{
    "tensor_name": "enron",
    "sampler": "efficient",
    "R": 25,
    "J": 196608,
    "trial": 3,
    "preprocessing": "log_count",
    "initialization": "rrf",
    "max_iterations": 40,
    "stop_tolerance": 0.0001,
    "tensor_order": 4,
    "trace": {
        "iterations": [
            0,
            5,
            10,
            15,
            20,
            25,
            30,
            35,
            40
        ],
        "fits": [
            -9460055643203.26,
            0.08973190725600066,
            0.09221564826127315,
            0.09263365142578617,
            0.09283999116277408,
            0.09295209744162203,
            0.09299782734509798,
            0.09309340946937161,
            0.0931323406221507
        ],
        "update_times": [
            0.14654183387756348,
            0.1592271327972412,
            0.32368969917297363,
            0.15253114700317383,
            0.15174198150634766,
            0.17800688743591309,
            0.4465513229370117,
            0.14599156379699707,
            0.15118408203125,
            0.15861272811889648,
            0.30409836769104004,
            0.13209080696105957,
            0.15787339210510254,
            0.16249299049377441,
            0.4336245059967041,
            0.15273714065551758,
            0.1643688678741455,
            0.17243289947509766,
            0.2934703826904297,
            0.16306805610656738,
            0.1455059051513672,
            0.16071033477783203,
            0.2885611057281494,
            0.16034936904907227,
            0.1811511516571045,
            0.16944074630737305,
            0.2989990711212158,
            0.15525388717651367,
            0.16133832931518555,
            0.16161322593688965,
            0.3059980869293213,
            0.14415693283081055,
            0.17369461059570312,
            0.2635371685028076,
            0.32251644134521484,
            0.1687767505645752,
            0.17538142204284668,
            0.17256975173950195,
            0.29597020149230957,
            0.146773099899292,
            0.15155959129333496,
            0.16724634170532227,
            0.29850077629089355,
            0.1420588493347168,
            0.16009902954101562,
            0.16815996170043945,
            0.2951667308807373,
            0.14885449409484863,
            0.16803765296936035,
            0.173722505569458,
            0.444488525390625,
            0.15184617042541504,
            0.17874813079833984,
            0.16724276542663574,
            0.2745683193206787,
            0.19449853897094727,
            0.17888617515563965,
            0.20603656768798828,
            0.282320499420166,
            0.15694928169250488,
            0.15730977058410645,
            0.17848920822143555,
            0.3039999008178711,
            0.17238187789916992,
            0.17354369163513184,
            0.19674921035766602,
            0.30205798149108887,
            0.17278289794921875,
            0.18152499198913574,
            0.16325783729553223,
            0.44858479499816895,
            0.1442272663116455,
            0.1616511344909668,
            0.1646571159362793,
            0.2864844799041748,
            0.14290308952331543,
            0.16803646087646484,
            0.16071557998657227,
            0.4317319393157959,
            0.1544206142425537,
            0.18116474151611328,
            0.1787853240966797,
            0.29243016242980957,
            0.16360092163085938,
            0.17618966102600098,
            0.16439199447631836,
            0.29837942123413086,
            0.21684050559997559,
            0.17457318305969238,
            0.16686677932739258,
            0.29244375228881836,
            0.16712594032287598,
            0.17008376121520996,
            0.16171956062316895,
            0.3020651340484619,
            0.18189787864685059,
            0.18006277084350586,
            0.17302560806274414,
            0.439039945602417,
            0.1506516933441162,
            0.17887210845947266,
            0.18925070762634277,
            0.3084580898284912,
            0.1538994312286377,
            0.17689180374145508,
            0.18768548965454102,
            0.29219651222229004,
            0.16431641578674316,
            0.17608165740966797,
            0.1728215217590332,
            0.30240845680236816,
            0.15832924842834473,
            0.1780550479888916,
            0.16575050354003906,
            0.29953813552856445,
            0.17224693298339844,
            0.17381072044372559,
            0.16529011726379395,
            0.2971153259277344,
            0.17869949340820312,
            0.164139986038208,
            0.16599583625793457,
            0.30743980407714844,
            0.16001367568969727,
            0.17562007904052734,
            0.16518402099609375,
            0.30168652534484863,
            0.15340805053710938,
            0.17838549613952637,
            0.16772770881652832,
            0.30859875679016113,
            0.14823102951049805,
            0.17723464965820312,
            0.168107271194458,
            0.27359557151794434,
            0.15252256393432617,
            0.17932820320129395,
            0.1591024398803711,
            0.2706789970397949,
            0.1835341453552246,
            0.16158819198608398,
            0.1677076816558838,
            0.2868802547454834,
            0.15529823303222656,
            0.17447519302368164,
            0.16522884368896484,
            0.26372623443603516,
            0.17449069023132324,
            0.18045973777770996,
            0.16472244262695312,
            0.2856330871582031,
            0.1536877155303955,
            0.17589378356933594,
            0.1706228256225586,
            0.28378963470458984,
            0.15599822998046875,
            0.17637252807617188,
            0.16518902778625488,
            0.2903327941894531,
            0.14929819107055664
        ],
        "fit_computation_times": [
            0.10718083381652832,
            0.10766458511352539,
            0.10256624221801758,
            0.11008000373840332,
            0.10521745681762695,
            0.10677742958068848,
            0.10647177696228027,
            0.11109519004821777
        ]
    },
    "elapsed": 33.766432762145996
}