{
    "tensor_name": "enron",
    "sampler": "efficient",
    "R": 50,
    "J": 1114112,
    "trial": 3,
    "preprocessing": "log_count",
    "initialization": "rrf",
    "max_iterations": 40,
    "stop_tolerance": 0.0001,
    "tensor_order": 4,
    "trace": {
        "iterations": [
            0,
            5,
            10,
            15,
            20,
            25,
            30,
            35,
            40
        ],
        "fits": [
            -12181315488259.908,
            0.11584737102733456,
            0.11934660676872266,
            0.12005381901367196,
            0.12045876417420553,
            0.12071298807917064,
            0.12087505824936584,
            0.12098296647224915,
            0.12105389693887403
        ],
        "update_times": [
            1.7548768520355225,
            1.7331938743591309,
            1.9532899856567383,
            1.8820915222167969,
            1.710660696029663,
            1.8813836574554443,
            2.2190310955047607,
            1.9550025463104248,
            1.8067057132720947,
            1.77699875831604,
            2.0934865474700928,
            1.9414241313934326,
            1.8080081939697266,
            1.9588329792022705,
            2.233247756958008,
            2.1393539905548096,
            1.9027211666107178,
            1.8364858627319336,
            2.142737627029419,
            2.111454725265503,
            2.0254716873168945,
            2.0102338790893555,
            2.253117322921753,
            2.168159246444702,
            1.9428586959838867,
            1.8054218292236328,
            2.186962604522705,
            2.279405117034912,
            1.9108235836029053,
            2.010009288787842,
            2.1590654850006104,
            1.9554805755615234,
            1.9246952533721924,
            1.963939905166626,
            2.172708749771118,
            2.0714242458343506,
            1.888106107711792,
            1.7955036163330078,
            2.1475467681884766,
            2.1092710494995117,
            1.8688039779663086,
            1.742544412612915,
            2.0940582752227783,
            2.082412004470825,
            2.1186063289642334,
            1.7946045398712158,
            2.4824554920196533,
            1.8971326351165771,
            1.7698585987091064,
            1.7557551860809326,
            2.0863535404205322,
            2.2316555976867676,
            2.0997579097747803,
            1.8909187316894531,
            2.2803447246551514,
            1.9357326030731201,
            1.7776427268981934,
            1.9571309089660645,
            2.2578678131103516,
            2.2134621143341064,
            1.9443604946136475,
            2.1729912757873535,
            2.5350241661071777,
            2.1254189014434814,
            1.9869418144226074,
            1.861436367034912,
            1.9774930477142334,
            1.9220290184020996,
            1.8017165660858154,
            1.9112145900726318,
            2.262187957763672,
            2.25799560546875,
            1.9711482524871826,
            2.0103018283843994,
            2.2092795372009277,
            1.9645256996154785,
            1.7575664520263672,
            1.7597596645355225,
            1.9218721389770508,
            1.901521921157837,
            1.7885041236877441,
            1.7933831214904785,
            2.0526070594787598,
            1.9923405647277832,
            2.0064480304718018,
            1.814976692199707,
            2.1323187351226807,
            2.1432971954345703,
            1.7945280075073242,
            1.7778270244598389,
            1.9623281955718994,
            1.88529372215271,
            1.7692651748657227,
            1.965738296508789,
            2.0767812728881836,
            1.9800047874450684,
            1.894134283065796,
            1.8058319091796875,
            2.569526195526123,
            2.6026229858398438,
            2.180703639984131,
            1.9891808032989502,
            2.335814952850342,
            2.2395145893096924,
            2.0032780170440674,
            1.8751730918884277,
            2.208099126815796,
            2.10856294631958,
            1.9466454982757568,
            2.0815792083740234,
            2.4759037494659424,
            1.9864110946655273,
            1.8354485034942627,
            1.8257272243499756,
            2.0893423557281494,
            1.9656696319580078,
            1.8468430042266846,
            1.81382155418396,
            2.1055750846862793,
            1.9777238368988037,
            1.786677360534668,
            1.834662675857544,
            2.018038749694824,
            1.9452135562896729,
            1.8441486358642578,
            2.1781742572784424,
            2.257336139678955,
            2.320157766342163,
            2.1976211071014404,
            1.9903936386108398,
            2.3679490089416504,
            2.2523391246795654,
            1.8122742176055908,
            1.8092329502105713,
            2.131260633468628,
            2.1487112045288086,
            1.8980183601379395,
            2.051940679550171,
            2.0175516605377197,
            1.9585020542144775,
            1.9693970680236816,
            1.89389967918396,
            2.00203537940979,
            1.9428093433380127,
            1.820810079574585,
            1.8378312587738037,
            2.262096405029297,
            2.0626790523529053,
            1.9266736507415771,
            1.8062999248504639,
            2.2633755207061768,
            2.08512020111084,
            1.9413673877716064,
            2.0478508472442627,
            2.1259658336639404,
            2.0349605083465576,
            1.7929399013519287,
            1.7786099910736084,
            2.08992075920105,
            2.0231003761291504
        ],
        "fit_computation_times": [
            0.34561944007873535,
            0.33966541290283203,
            0.3256676197052002,
            0.3318667411804199,
            0.3344895839691162,
            0.3329746723175049,
            0.33539652824401855,
            0.3360898494720459
        ]
    },
    "elapsed": 324.4664421081543
}