{
    "tensor_name": "enron",
    "sampler": "larsen_kolda_hybrid",
    "R": 100,
    "J": 229376,
    "trial": 3,
    "preprocessing": "log_count",
    "initialization": "rrf",
    "max_iterations": 40,
    "stop_tolerance": 0.0001,
    "tensor_order": 4,
    "trace": {
        "iterations": [
            0,
            5,
            10,
            15,
            20,
            25
        ],
        "fits": [
            -18582436874372.27,
            -79.32798941109385,
            0.12556629678396536,
            -0.2592152665848302,
            0.11578114502155123,
            0.12343738976866558
        ],
        "update_times": [
            0.09991955757141113,
            0.11659121513366699,
            0.2795732021331787,
            0.09239673614501953,
            0.11121797561645508,
            0.10909700393676758,
            0.46588683128356934,
            0.08080554008483887,
            0.11554455757141113,
            0.10689568519592285,
            0.46596455574035645,
            0.07978200912475586,
            0.11493301391601562,
            0.10875964164733887,
            0.47470831871032715,
            0.08141136169433594,
            0.11307406425476074,
            0.11091136932373047,
            0.479219913482666,
            0.08927655220031738,
            0.18760251998901367,
            0.10656189918518066,
            0.4622061252593994,
            0.10379433631896973,
            0.12488436698913574,
            0.12024188041687012,
            0.47166967391967773,
            0.0848996639251709,
            0.11380290985107422,
            0.11178898811340332,
            0.49007654190063477,
            0.08729934692382812,
            0.11327075958251953,
            0.11803960800170898,
            0.39597010612487793,
            0.08661866188049316,
            0.11068248748779297,
            0.12535429000854492,
            0.5186538696289062,
            0.07927751541137695,
            0.1079094409942627,
            0.12014365196228027,
            0.46001362800598145,
            0.08207082748413086,
            0.1215665340423584,
            0.1044914722442627,
            0.49665403366088867,
            0.08252763748168945,
            0.11333680152893066,
            0.10323452949523926,
            0.514554500579834,
            0.08466219902038574,
            0.11481285095214844,
            0.10220766067504883,
            0.511927604675293,
            0.08825087547302246,
            0.12154126167297363,
            0.11897659301757812,
            0.44792675971984863,
            0.0843207836151123,
            0.08144116401672363,
            0.1090230941772461,
            0.45689988136291504,
            0.0797727108001709,
            0.11301326751708984,
            0.10411834716796875,
            0.43607020378112793,
            0.0798497200012207,
            0.10938334465026855,
            0.11593174934387207,
            0.4902360439300537,
            0.08036661148071289,
            0.12547779083251953,
            0.10579848289489746,
            0.5759832859039307,
            0.0862274169921875,
            0.11117434501647949,
            0.10966658592224121,
            0.4577975273132324,
            0.08327603340148926,
            0.07924485206604004,
            0.12667250633239746,
            0.4788551330566406,
            0.07896089553833008,
            0.11605691909790039,
            0.10971450805664062,
            0.48241209983825684,
            0.07855439186096191,
            0.11386871337890625,
            0.10676431655883789,
            0.5219249725341797,
            0.08397126197814941,
            0.111602783203125,
            0.10894393920898438,
            0.503166675567627,
            0.08187031745910645,
            0.10642361640930176,
            0.09748578071594238,
            0.5446805953979492,
            0.08041882514953613
        ],
        "fit_computation_times": [
            0.6806790828704834,
            0.6556518077850342,
            0.6955175399780273,
            0.6621065139770508,
            0.6855146884918213
        ]
    },
    "elapsed": 23.74496078491211
}