{
    "tensor_name": "enron",
    "sampler": "efficient",
    "R": 125,
    "J": 524288,
    "trial": 1,
    "preprocessing": "log_count",
    "initialization": "rrf",
    "max_iterations": 40,
    "stop_tolerance": 0.0001,
    "tensor_order": 4,
    "trace": {
        "iterations": [
            0,
            5,
            10,
            15,
            20,
            25,
            30,
            35,
            40
        ],
        "fits": [
            -19721863260808.473,
            0.16780505131251144,
            0.17244851124580163,
            0.17345916419237772,
            0.1741984930150703,
            0.17493237271224737,
            0.17545785995622265,
            0.17543530891371484,
            0.1759369940563179
        ],
        "update_times": [
            3.1366541385650635,
            3.340886354446411,
            3.5850749015808105,
            3.7142090797424316,
            3.3487486839294434,
            3.9660191535949707,
            4.347081899642944,
            4.684554815292358,
            3.6988346576690674,
            3.71236252784729,
            3.7083826065063477,
            4.114726305007935,
            3.422065019607544,
            3.483760356903076,
            3.8368794918060303,
            4.075775623321533,
            3.4064862728118896,
            3.5936007499694824,
            3.8432111740112305,
            4.130353927612305,
            3.3452532291412354,
            3.8422462940216064,
            3.810842990875244,
            4.237271070480347,
            3.3661375045776367,
            3.42478084564209,
            3.676710844039917,
            4.11919903755188,
            3.511522054672241,
            3.763671875,
            3.718630313873291,
            4.058403730392456,
            3.3874640464782715,
            3.6564230918884277,
            3.8776400089263916,
            4.145576000213623,
            3.3698041439056396,
            3.64963960647583,
            3.794329881668091,
            4.012433052062988,
            3.32749605178833,
            3.66294002532959,
            4.002830505371094,
            4.088974714279175,
            3.3449440002441406,
            3.525390625,
            4.03545618057251,
            4.02782416343689,
            3.4299612045288086,
            3.5257811546325684,
            3.506709337234497,
            4.111307859420776,
            3.3978400230407715,
            3.539274215698242,
            3.771787405014038,
            4.238070011138916,
            3.480520009994507,
            3.5614938735961914,
            3.8748817443847656,
            3.7564375400543213,
            3.393876791000366,
            3.5890464782714844,
            3.6231508255004883,
            4.10675048828125,
            3.1534512042999268,
            3.16314435005188,
            3.751030206680298,
            4.083899974822998,
            3.3847408294677734,
            3.634650707244873,
            3.8550925254821777,
            4.204922914505005,
            3.374518632888794,
            3.68878436088562,
            3.5964748859405518,
            4.128652811050415,
            3.2267677783966064,
            3.2212252616882324,
            3.951186418533325,
            4.074032545089722,
            3.2702341079711914,
            3.5539205074310303,
            3.7749054431915283,
            4.252208709716797,
            3.331723690032959,
            3.525489568710327,
            3.8750686645507812,
            4.175028085708618,
            3.3546881675720215,
            3.5353283882141113,
            3.722187042236328,
            4.0506415367126465,
            3.3848681449890137,
            3.4814045429229736,
            3.588717460632324,
            4.120031118392944,
            3.3572726249694824,
            3.5826261043548584,
            3.8511455059051514,
            4.185597896575928,
            3.351263999938965,
            3.529794216156006,
            3.95552921295166,
            4.4415061473846436,
            3.579986095428467,
            3.6077780723571777,
            4.306088447570801,
            4.5402233600616455,
            3.5565991401672363,
            3.424793243408203,
            3.984018087387085,
            4.152451753616333,
            3.405423164367676,
            3.572145462036133,
            3.849165439605713,
            4.1364781856536865,
            3.5562407970428467,
            3.556157350540161,
            3.8898847103118896,
            4.047006130218506,
            3.309129238128662,
            3.567434072494507,
            3.7998886108398438,
            4.033578395843506,
            3.284358024597168,
            3.4815168380737305,
            3.8905129432678223,
            4.102599859237671,
            3.43149733543396,
            3.386653184890747,
            3.7645554542541504,
            4.010527849197388,
            3.4009923934936523,
            3.4430863857269287,
            3.8045051097869873,
            4.0827977657318115,
            3.4822537899017334,
            3.5112297534942627,
            3.8101980686187744,
            4.004336357116699,
            3.4261395931243896,
            3.4107518196105957,
            3.690753936767578,
            4.118851661682129,
            3.389173984527588,
            3.374814748764038,
            3.7867727279663086,
            4.094432592391968,
            3.3738741874694824,
            3.5059316158294678,
            3.894767999649048,
            4.248861312866211,
            3.650665760040283,
            3.541869640350342,
            3.2778897285461426,
            3.9025559425354004,
            3.3091342449188232,
            3.6679744720458984,
            3.6863925457000732,
            3.9802744388580322
        ],
        "fit_computation_times": [
            0.8242971897125244,
            0.916128396987915,
            0.790590763092041,
            0.8511741161346436,
            0.7852745056152344,
            0.8641037940979004,
            0.8520057201385498,
            0.8822441101074219
        ]
    },
    "elapsed": 602.3051970005035
}