{
    "tensor_name": "enron",
    "sampler": "larsen_kolda_hybrid",
    "R": 50,
    "J": 131072,
    "trial": 1,
    "preprocessing": "log_count",
    "initialization": "rrf",
    "max_iterations": 40,
    "stop_tolerance": 0.0001,
    "tensor_order": 4,
    "trace": {
        "iterations": [
            0,
            5,
            10,
            15,
            20,
            25,
            30,
            35,
            40
        ],
        "fits": [
            -13191351955547.564,
            0.09313022513938518,
            0.09967559017782102,
            0.09869478522867514,
            0.06704925264158224,
            0.10102207933368046,
            0.09554244240050191,
            0.0986860996140535,
            0.0997778967532208
        ],
        "update_times": [
            0.04573249816894531,
            0.05166792869567871,
            0.1399834156036377,
            0.03840303421020508,
            0.04924440383911133,
            0.05022096633911133,
            0.2660393714904785,
            0.04025554656982422,
            0.04482913017272949,
            0.04897260665893555,
            0.2571709156036377,
            0.03596091270446777,
            0.04246234893798828,
            0.04794597625732422,
            0.26201605796813965,
            0.03996014595031738,
            0.04729604721069336,
            0.050182342529296875,
            0.27653050422668457,
            0.038385868072509766,
            0.036414384841918945,
            0.06432509422302246,
            0.3030264377593994,
            0.04370737075805664,
            0.04960894584655762,
            0.05164170265197754,
            0.2666463851928711,
            0.05461311340332031,
            0.05870866775512695,
            0.05969548225402832,
            0.22918248176574707,
            0.03445076942443848,
            0.06921601295471191,
            0.06212949752807617,
            0.23682904243469238,
            0.03442525863647461,
            0.05673813819885254,
            0.09222888946533203,
            0.2827131748199463,
            0.03541755676269531,
            0.04595470428466797,
            0.04716157913208008,
            0.2750868797302246,
            0.03638505935668945,
            0.05707287788391113,
            0.09261441230773926,
            0.2886011600494385,
            0.03439140319824219,
            0.05189990997314453,
            0.0609896183013916,
            0.23275232315063477,
            0.03673577308654785,
            0.06913566589355469,
            0.06061148643493652,
            0.2691047191619873,
            0.0351412296295166,
            0.07111406326293945,
            0.07486462593078613,
            0.3120729923248291,
            0.034842729568481445,
            0.03937840461730957,
            0.05034947395324707,
            0.24992132186889648,
            0.0389254093170166,
            0.05280113220214844,
            0.05491995811462402,
            0.2718541622161865,
            0.0387415885925293,
            0.06241178512573242,
            0.06425666809082031,
            0.27688050270080566,
            0.03644871711730957,
            0.05213737487792969,
            0.05568075180053711,
            0.24236392974853516,
            0.037024497985839844,
            0.05309271812438965,
            0.05077385902404785,
            0.3020141124725342,
            0.03605508804321289,
            0.04709911346435547,
            0.05524754524230957,
            0.3068232536315918,
            0.03780651092529297,
            0.04942679405212402,
            0.04592537879943848,
            0.26988649368286133,
            0.037537336349487305,
            0.047377824783325195,
            0.0563204288482666,
            0.3077373504638672,
            0.033789873123168945,
            0.04397416114807129,
            0.04719400405883789,
            0.24430441856384277,
            0.04010295867919922,
            0.04786086082458496,
            0.050534963607788086,
            0.2812187671661377,
            0.034760475158691406,
            0.03941845893859863,
            0.04930448532104492,
            0.22613835334777832,
            0.03558540344238281,
            0.047122955322265625,
            0.05381131172180176,
            0.25621867179870605,
            0.0340268611907959,
            0.04588603973388672,
            0.049527645111083984,
            0.26799869537353516,
            0.034512996673583984,
            0.04564237594604492,
            0.04993581771850586,
            0.265178918838501,
            0.037621498107910156,
            0.056653738021850586,
            0.05282187461853027,
            0.29567742347717285,
            0.0391545295715332,
            0.03889656066894531,
            0.04848480224609375,
            0.33235979080200195,
            0.04659748077392578,
            0.04238390922546387,
            0.046834468841552734,
            0.29538941383361816,
            0.04147744178771973,
            0.05460071563720703,
            0.05424809455871582,
            0.2371537685394287,
            0.03863716125488281,
            0.05428957939147949,
            0.06359601020812988,
            0.30121803283691406,
            0.03862500190734863,
            0.05638456344604492,
            0.0511782169342041,
            0.29762911796569824,
            0.036539316177368164,
            0.03621363639831543,
            0.05141568183898926,
            0.28888726234436035,
            0.045464515686035156,
            0.052884578704833984,
            0.05669713020324707,
            0.26599717140197754,
            0.03722238540649414,
            0.05955934524536133,
            0.05396914482116699,
            0.24474358558654785,
            0.036722421646118164,
            0.05419421195983887,
            0.05452585220336914,
            0.3094828128814697,
            0.037754058837890625,
            0.048310041427612305,
            0.06317591667175293,
            0.2825303077697754,
            0.04107856750488281
        ],
        "fit_computation_times": [
            0.32256627082824707,
            0.32079553604125977,
            0.3221614360809326,
            0.3198082447052002,
            0.3260014057159424,
            0.34012603759765625,
            0.3251056671142578,
            0.32497167587280273
        ]
    },
    "elapsed": 19.614355325698853
}