{
    "tensor_name": "enron",
    "sampler": "larsen_kolda_hybrid",
    "R": 75,
    "J": 393216,
    "trial": 0,
    "preprocessing": "log_count",
    "initialization": "rrf",
    "max_iterations": 40,
    "stop_tolerance": 0.0001,
    "tensor_order": 4,
    "trace": {
        "iterations": [
            0,
            5,
            10,
            15,
            20,
            25,
            30,
            35
        ],
        "fits": [
            -15576946207171.861,
            0.11549888363086191,
            0.12424457039982861,
            0.12115859581157717,
            0.13032802806912513,
            0.12562051047044664,
            0.12902907125247154,
            0.12494587833083737
        ],
        "update_times": [
            0.11257648468017578,
            0.12098050117492676,
            0.3203544616699219,
            0.10097455978393555,
            0.12216448783874512,
            0.12940001487731934,
            0.5660185813903809,
            0.10850071907043457,
            0.1236419677734375,
            0.1235663890838623,
            0.5444951057434082,
            0.10211706161499023,
            0.12282228469848633,
            0.12182474136352539,
            0.5823431015014648,
            0.10138607025146484,
            0.12473344802856445,
            0.12431502342224121,
            0.5165114402770996,
            0.10069942474365234,
            0.10206294059753418,
            0.12140059471130371,
            0.6264300346374512,
            0.11379027366638184,
            0.13741230964660645,
            0.12895655632019043,
            0.6712005138397217,
            0.10220074653625488,
            0.12633347511291504,
            0.12446022033691406,
            0.6333925724029541,
            0.10903358459472656,
            0.12524008750915527,
            0.13092851638793945,
            0.5421550273895264,
            0.1029214859008789,
            0.1259167194366455,
            0.12849998474121094,
            0.7106735706329346,
            0.10594463348388672,
            0.10438251495361328,
            0.12783169746398926,
            0.7773308753967285,
            0.09825325012207031,
            0.12711167335510254,
            0.13028550148010254,
            0.6189088821411133,
            0.09813714027404785,
            0.13039040565490723,
            0.12968897819519043,
            0.613029956817627,
            0.13133001327514648,
            0.15233922004699707,
            0.1600656509399414,
            0.5372698307037354,
            0.1168525218963623,
            0.13318800926208496,
            0.13226938247680664,
            0.7352473735809326,
            0.09699320793151855,
            0.10937690734863281,
            0.15269255638122559,
            0.7362821102142334,
            0.09877991676330566,
            0.12714648246765137,
            0.12365555763244629,
            0.6588306427001953,
            0.0999755859375,
            0.126389741897583,
            0.1231682300567627,
            0.5373489856719971,
            0.10757756233215332,
            0.12306904792785645,
            0.12331867218017578,
            0.5214297771453857,
            0.10516619682312012,
            0.13764166831970215,
            0.12036633491516113,
            0.7343270778656006,
            0.09758114814758301,
            0.10074257850646973,
            0.11960434913635254,
            0.6179461479187012,
            0.10159492492675781,
            0.14507675170898438,
            0.14457321166992188,
            0.6082217693328857,
            0.10432767868041992,
            0.14183282852172852,
            0.13460540771484375,
            0.7223303318023682,
            0.10302042961120605,
            0.14270305633544922,
            0.13095927238464355,
            0.658344030380249,
            0.10819745063781738,
            0.13975811004638672,
            0.14115166664123535,
            0.7157416343688965,
            0.10693788528442383,
            0.09843277931213379,
            0.13019919395446777,
            0.5919077396392822,
            0.10651445388793945,
            0.1276547908782959,
            0.13651585578918457,
            0.6822495460510254,
            0.10445284843444824,
            0.12956452369689941,
            0.13077712059020996,
            0.725550651550293,
            0.10391497611999512,
            0.12522459030151367,
            0.13658428192138672,
            0.5955243110656738,
            0.10243964195251465,
            0.12314176559448242,
            0.12332773208618164,
            0.6264898777008057,
            0.10272836685180664,
            0.11101746559143066,
            0.12741851806640625,
            0.6485099792480469,
            0.10364937782287598,
            0.14058828353881836,
            0.13219428062438965,
            0.6415469646453857,
            0.10123586654663086,
            0.14615392684936523,
            0.13023662567138672,
            0.6732561588287354,
            0.09908747673034668,
            0.12467670440673828,
            0.11996293067932129,
            0.6624703407287598,
            0.09830427169799805,
            0.13382434844970703,
            0.13523626327514648,
            0.6255433559417725,
            0.10393691062927246
        ],
        "fit_computation_times": [
            0.5485594272613525,
            0.5532147884368896,
            0.557518482208252,
            0.5429437160491943,
            0.5502040386199951,
            0.5801842212677002,
            0.5856180191040039
        ]
    },
    "elapsed": 39.17582154273987
}