{
    "tensor_name": "enron",
    "sampler": "efficient",
    "R": 25,
    "J": 1114112,
    "trial": 0,
    "preprocessing": "log_count",
    "initialization": "rrf",
    "max_iterations": 40,
    "stop_tolerance": 0.0001,
    "tensor_order": 4,
    "trace": {
        "iterations": [
            0,
            5,
            10,
            15,
            20,
            25,
            30,
            35,
            40
        ],
        "fits": [
            -9153416045038.69,
            0.0882268532777043,
            0.09230438547751763,
            0.09296148023858486,
            0.09322118244439459,
            0.09338366355544492,
            0.09356312109451237,
            0.09366409081587468,
            0.0937338387145179
        ],
        "update_times": [
            0.6534545421600342,
            0.5680480003356934,
            0.7512013912200928,
            0.6149566173553467,
            0.722111701965332,
            0.7025058269500732,
            0.880413293838501,
            0.7791099548339844,
            0.7046146392822266,
            0.6804533004760742,
            0.8753881454467773,
            0.7929666042327881,
            0.758237361907959,
            0.721440315246582,
            0.8870022296905518,
            0.7561917304992676,
            0.7342205047607422,
            0.6970350742340088,
            0.9076590538024902,
            0.7925994396209717,
            0.6592612266540527,
            0.6707508563995361,
            0.8359203338623047,
            0.7418453693389893,
            0.7875993251800537,
            0.7245378494262695,
            0.8412985801696777,
            0.6856896877288818,
            0.7317306995391846,
            0.7119927406311035,
            0.87038254737854,
            0.8129923343658447,
            0.6719746589660645,
            0.6316108703613281,
            0.8207986354827881,
            0.6686224937438965,
            0.6078989505767822,
            0.7123820781707764,
            0.8302955627441406,
            0.6886446475982666,
            0.5797069072723389,
            0.5681285858154297,
            0.7759053707122803,
            0.6712238788604736,
            0.7020783424377441,
            0.6893496513366699,
            0.7720646858215332,
            0.6769564151763916,
            0.6716575622558594,
            0.6222057342529297,
            0.7606821060180664,
            0.6744027137756348,
            0.6933658123016357,
            0.6532013416290283,
            0.7717454433441162,
            0.6348748207092285,
            0.6810758113861084,
            0.5992779731750488,
            0.7535867691040039,
            0.5981800556182861,
            0.6166720390319824,
            0.5812106132507324,
            0.7923929691314697,
            0.7499351501464844,
            0.6516468524932861,
            0.6178152561187744,
            0.9132075309753418,
            0.7749030590057373,
            0.6880629062652588,
            0.6531195640563965,
            0.787276029586792,
            0.6895227432250977,
            0.7396769523620605,
            0.75901198387146,
            0.7675752639770508,
            0.7590508460998535,
            0.7319674491882324,
            0.5941851139068604,
            0.7420716285705566,
            0.6235041618347168,
            0.645967960357666,
            0.6530191898345947,
            0.7823431491851807,
            0.7233319282531738,
            0.6803116798400879,
            0.6825745105743408,
            0.7821815013885498,
            0.6448681354522705,
            0.6749999523162842,
            0.6827173233032227,
            0.7729189395904541,
            0.6629018783569336,
            0.6675500869750977,
            0.6107649803161621,
            0.8096747398376465,
            0.6263339519500732,
            0.6131031513214111,
            0.603496789932251,
            0.7702598571777344,
            0.6207702159881592,
            0.6242988109588623,
            0.6218256950378418,
            0.8545069694519043,
            1.0286624431610107,
            0.6413025856018066,
            0.5964903831481934,
            0.7817368507385254,
            0.7571837902069092,
            0.8050656318664551,
            0.7741005420684814,
            0.7898416519165039,
            0.6948115825653076,
            0.6546154022216797,
            0.6390535831451416,
            0.7660176753997803,
            0.6486942768096924,
            0.6569671630859375,
            0.6126456260681152,
            0.7775595188140869,
            0.6686477661132812,
            0.6680426597595215,
            0.691328763961792,
            0.7684247493743896,
            0.8855810165405273,
            0.7199864387512207,
            0.6759765148162842,
            0.7748022079467773,
            0.7345123291015625,
            0.6699385643005371,
            0.6371474266052246,
            0.8593063354492188,
            0.6679227352142334,
            0.6609659194946289,
            0.61383056640625,
            0.8096082210540771,
            0.782865047454834,
            0.663750171661377,
            0.6611473560333252,
            0.8681952953338623,
            0.6514809131622314,
            0.7390098571777344,
            0.8000719547271729,
            0.9306185245513916,
            0.6462230682373047,
            0.8034408092498779,
            0.6383044719696045,
            0.8070793151855469,
            0.7825019359588623,
            0.6641085147857666,
            0.6697518825531006,
            0.8080103397369385,
            0.608818531036377,
            0.6653034687042236,
            0.6692121028900146,
            0.7840781211853027,
            0.6817193031311035,
            0.708392858505249,
            0.660353422164917,
            0.7625041007995605,
            0.6362597942352295
        ],
        "fit_computation_times": [
            0.1083984375,
            0.11254644393920898,
            0.11371302604675293,
            0.1168818473815918,
            0.11488676071166992,
            0.11566877365112305,
            0.10666251182556152,
            0.10457181930541992
        ]
    },
    "elapsed": 115.6787703037262
}