{
    "tensor_name": "enron",
    "sampler": "efficient",
    "R": 75,
    "J": 983040,
    "trial": 2,
    "preprocessing": "log_count",
    "initialization": "rrf",
    "max_iterations": 40,
    "stop_tolerance": 0.0001,
    "tensor_order": 4,
    "trace": {
        "iterations": [
            0,
            5,
            10,
            15,
            20,
            25,
            30,
            35,
            40
        ],
        "fits": [
            -15330359068199.387,
            0.1388375697502141,
            0.143747991869828,
            0.14485512573531867,
            0.14554978212980452,
            0.14618238933421424,
            0.14643176161749638,
            0.14660527203834162,
            0.14674670760014175
        ],
        "update_times": [
            2.9673726558685303,
            2.9301438331604004,
            3.1852245330810547,
            3.2295262813568115,
            2.943938970565796,
            3.0803518295288086,
            3.5357120037078857,
            3.284064292907715,
            3.1267006397247314,
            3.3302037715911865,
            3.519214630126953,
            3.5066332817077637,
            3.0455057621002197,
            3.167297601699829,
            3.238476037979126,
            3.7484290599823,
            3.0329973697662354,
            3.367795944213867,
            3.4193167686462402,
            3.613088607788086,
            3.127197265625,
            3.350116491317749,
            3.348867893218994,
            3.345120429992676,
            2.9799506664276123,
            3.20220947265625,
            3.309767246246338,
            3.402249574661255,
            2.9293484687805176,
            3.2083311080932617,
            3.2375540733337402,
            3.443892002105713,
            2.9759702682495117,
            3.2631242275238037,
            3.2043297290802,
            3.193323850631714,
            3.009012460708618,
            3.2748005390167236,
            3.5744364261627197,
            3.3107335567474365,
            3.055723190307617,
            3.201505661010742,
            3.356459617614746,
            3.502133369445801,
            3.143486738204956,
            3.491075277328491,
            3.5522549152374268,
            3.6269636154174805,
            3.0875258445739746,
            3.1298840045928955,
            3.2274129390716553,
            3.681175708770752,
            3.209743022918701,
            3.345287322998047,
            3.258305788040161,
            3.3250033855438232,
            3.2080557346343994,
            3.2488296031951904,
            3.1205222606658936,
            3.2999892234802246,
            3.1023266315460205,
            3.0920848846435547,
            3.229321241378784,
            3.528233766555786,
            3.1300740242004395,
            2.9928336143493652,
            3.1517293453216553,
            3.5724151134490967,
            3.3366074562072754,
            3.132152557373047,
            3.396273136138916,
            3.5892140865325928,
            3.289865255355835,
            3.5332553386688232,
            3.441802978515625,
            3.524811267852783,
            3.143399953842163,
            3.120211124420166,
            3.369807004928589,
            3.3102777004241943,
            3.023301601409912,
            3.3092596530914307,
            3.2911574840545654,
            3.3514404296875,
            2.8913028240203857,
            3.00766658782959,
            3.32719349861145,
            3.378103733062744,
            3.0208029747009277,
            3.142656087875366,
            3.3144354820251465,
            3.503390312194824,
            3.3060944080352783,
            3.227358818054199,
            3.438209295272827,
            3.230923891067505,
            2.994950294494629,
            3.0338644981384277,
            3.242116928100586,
            3.3329851627349854,
            3.102193832397461,
            3.0994582176208496,
            3.4960556030273438,
            3.366194248199463,
            3.1080832481384277,
            3.115152597427368,
            3.5584237575531006,
            3.5877346992492676,
            3.2270524501800537,
            3.214787721633911,
            3.245242118835449,
            3.469649076461792,
            3.2713046073913574,
            3.071899652481079,
            3.659146547317505,
            3.615110397338867,
            3.036112070083618,
            3.0167040824890137,
            3.3261568546295166,
            3.412647247314453,
            2.975240468978882,
            3.0494112968444824,
            3.3826544284820557,
            3.676424026489258,
            3.25980806350708,
            3.128725051879883,
            3.570570468902588,
            3.433666706085205,
            3.1405208110809326,
            3.0154311656951904,
            3.2002058029174805,
            3.5095434188842773,
            3.06062912940979,
            3.124516725540161,
            3.379286289215088,
            3.6826725006103516,
            3.1182448863983154,
            3.3978123664855957,
            3.663998603820801,
            3.5004448890686035,
            3.0851986408233643,
            3.273138999938965,
            3.443401575088501,
            3.5313720703125,
            3.0821354389190674,
            3.0540452003479004,
            3.476654052734375,
            3.4179036617279053,
            3.1279215812683105,
            3.1976397037506104,
            3.354278802871704,
            3.2485594749450684,
            2.886690378189087,
            3.220202922821045,
            3.319225788116455,
            3.2201271057128906,
            2.9417991638183594,
            3.2766106128692627,
            3.2120344638824463,
            3.337985038757324
        ],
        "fit_computation_times": [
            0.5783689022064209,
            0.5612485408782959,
            0.5520577430725098,
            0.5362255573272705,
            0.55373215675354,
            0.5546023845672607,
            0.5668065547943115,
            0.5791699886322021
        ]
    },
    "elapsed": 528.4297921657562
}