{
    "tensor_name": "enron",
    "sampler": "efficient",
    "R": 125,
    "J": 1507328,
    "trial": 0,
    "preprocessing": "log_count",
    "initialization": "rrf",
    "max_iterations": 40,
    "stop_tolerance": 0.0001,
    "tensor_order": 4,
    "trace": {
        "iterations": [
            0,
            5,
            10,
            15,
            20,
            25,
            30,
            35,
            40
        ],
        "fits": [
            -19838459978713.062,
            0.15589333393504234,
            0.16098780564051163,
            0.162506362861492,
            0.16341808959020132,
            0.1640704540007727,
            0.16444831546171224,
            0.16466615418525044,
            0.16492146406319563
        ],
        "update_times": [
            9.178924322128296,
            8.985667705535889,
            8.067059993743896,
            9.904853582382202,
            9.335762023925781,
            9.701892375946045,
            8.139601230621338,
            10.871934652328491,
            10.246109962463379,
            9.81655764579773,
            7.954018831253052,
            11.069002866744995,
            9.79693603515625,
            10.548680067062378,
            8.234782218933105,
            11.332552433013916,
            10.239746332168579,
            10.320975542068481,
            8.2600736618042,
            11.116342544555664,
            9.647861242294312,
            9.859824895858765,
            8.07779836654663,
            11.006362676620483,
            9.76327109336853,
            10.002623081207275,
            8.109169721603394,
            11.17391562461853,
            9.772653341293335,
            9.747962951660156,
            7.966654300689697,
            11.16694974899292,
            9.766312837600708,
            10.217265367507935,
            8.091665983200073,
            10.954026937484741,
            10.096279621124268,
            10.05006194114685,
            8.026644468307495,
            11.449619770050049,
            9.769486904144287,
            10.057677268981934,
            8.084047079086304,
            11.16225290298462,
            10.122414588928223,
            10.517460107803345,
            8.278021574020386,
            10.878658771514893,
            9.801562070846558,
            9.86546802520752,
            8.978567361831665,
            11.159282922744751,
            10.323813438415527,
            10.000645160675049,
            8.089763879776001,
            11.496179819107056,
            9.75555968284607,
            10.082884550094604,
            8.12049651145935,
            11.471601963043213,
            9.820533514022827,
            9.802809238433838,
            8.123523235321045,
            11.060718774795532,
            9.646981954574585,
            9.946765899658203,
            8.02791428565979,
            11.107177019119263,
            9.718552112579346,
            9.989727258682251,
            8.551900625228882,
            11.417913675308228,
            9.661234617233276,
            10.496017932891846,
            8.27290153503418,
            11.170258522033691,
            9.750750064849854,
            10.610356092453003,
            8.841943502426147,
            11.407148599624634,
            10.054710149765015,
            9.96838665008545,
            8.04880690574646,
            11.114515781402588,
            9.738881587982178,
            10.177523612976074,
            8.387964010238647,
            11.755738019943237,
            10.386513471603394,
            10.091951847076416,
            8.061408042907715,
            10.910200834274292,
            9.876999378204346,
            9.931405067443848,
            8.156930446624756,
            10.48607587814331,
            10.015360116958618,
            10.313693523406982,
            7.950281620025635,
            11.190606117248535,
            10.309046030044556,
            9.764482259750366,
            8.411461591720581,
            10.956884860992432,
            9.696820259094238,
            9.69246792793274,
            7.998875617980957,
            10.999231100082397,
            10.110384941101074,
            9.899654865264893,
            8.222930192947388,
            11.195788383483887,
            9.87912368774414,
            9.758592128753662,
            8.557480812072754,
            10.894423007965088,
            9.642202615737915,
            10.32060432434082,
            8.336968421936035,
            11.034808874130249,
            9.816940069198608,
            9.642155885696411,
            8.066354751586914,
            10.942341804504395,
            9.610601902008057,
            9.541296243667603,
            7.951063394546509,
            11.139353513717651,
            9.907012224197388,
            9.915332555770874,
            8.015479803085327,
            11.253286361694336,
            9.664730310440063,
            10.100903272628784,
            7.997215986251831,
            11.735873937606812,
            9.844105958938599,
            10.019047975540161,
            8.048593521118164,
            11.513288974761963,
            9.885307312011719,
            9.759103059768677,
            8.152721881866455,
            11.054988622665405,
            9.62890362739563,
            9.798884630203247,
            8.461790800094604,
            11.340850830078125,
            9.679232835769653,
            10.06816577911377,
            8.354053020477295,
            11.305224418640137,
            10.035862922668457,
            10.024110794067383,
            8.26360034942627,
            10.76061487197876,
            10.114541292190552,
            9.81827688217163,
            8.95586371421814,
            11.226154804229736
        ],
        "fit_computation_times": [
            0.7176926136016846,
            0.7811055183410645,
            0.7234585285186768,
            0.7697634696960449,
            0.8539958000183105,
            0.7476508617401123,
            0.7960913181304932,
            0.8460383415222168
        ]
    },
    "elapsed": 1574.272024154663
}