{
    "tensor_name": "enron",
    "sampler": "larsen_kolda_hybrid",
    "R": 25,
    "J": 98304,
    "trial": 0,
    "preprocessing": "log_count",
    "initialization": "rrf",
    "max_iterations": 40,
    "stop_tolerance": 0.0001,
    "tensor_order": 4,
    "trace": {
        "iterations": [
            0,
            5,
            10,
            15,
            20,
            25,
            30
        ],
        "fits": [
            -10185153218488.695,
            0.08652019442197789,
            0.08713915578293197,
            0.08845599073307531,
            0.08839528454838907,
            0.08820279509460838,
            0.0880188285735578
        ],
        "update_times": [
            0.023305892944335938,
            0.028255939483642578,
            0.09997177124023438,
            0.02213430404663086,
            0.02886199951171875,
            0.026926279067993164,
            0.12149691581726074,
            0.027213335037231445,
            0.023625850677490234,
            0.025516033172607422,
            0.13857626914978027,
            0.022053003311157227,
            0.02600240707397461,
            0.024628162384033203,
            0.14634013175964355,
            0.02205061912536621,
            0.023390531539916992,
            0.027448654174804688,
            0.15769004821777344,
            0.020992279052734375,
            0.018414974212646484,
            0.02431344985961914,
            0.13806390762329102,
            0.02047872543334961,
            0.024049997329711914,
            0.023900508880615234,
            0.14367079734802246,
            0.020348310470581055,
            0.025784015655517578,
            0.023864030838012695,
            0.13913583755493164,
            0.019962310791015625,
            0.02326798439025879,
            0.025908231735229492,
            0.1563558578491211,
            0.021471023559570312,
            0.023932218551635742,
            0.026600122451782227,
            0.1279444694519043,
            0.024082660675048828,
            0.01684260368347168,
            0.024309873580932617,
            0.13260650634765625,
            0.021800756454467773,
            0.023361682891845703,
            0.02593541145324707,
            0.17641878128051758,
            0.021291255950927734,
            0.02540278434753418,
            0.026059865951538086,
            0.17522740364074707,
            0.02225518226623535,
            0.02319478988647461,
            0.02707219123840332,
            0.12058067321777344,
            0.0232083797454834,
            0.024463176727294922,
            0.029941320419311523,
            0.13210439682006836,
            0.02138352394104004,
            0.01953601837158203,
            0.023141860961914062,
            0.15723848342895508,
            0.022210121154785156,
            0.02422308921813965,
            0.02639317512512207,
            0.14349722862243652,
            0.021472454071044922,
            0.022429227828979492,
            0.02667522430419922,
            0.14092254638671875,
            0.023440122604370117,
            0.02430891990661621,
            0.027492046356201172,
            0.14239931106567383,
            0.022983074188232422,
            0.02319478988647461,
            0.026614904403686523,
            0.130997896194458,
            0.021806001663208008,
            0.0167691707611084,
            0.024710893630981445,
            0.14963459968566895,
            0.021729707717895508,
            0.023816823959350586,
            0.02611827850341797,
            0.1295475959777832,
            0.024424076080322266,
            0.023153305053710938,
            0.02606344223022461,
            0.12364721298217773,
            0.02463507652282715,
            0.02435898780822754,
            0.025795459747314453,
            0.13532805442810059,
            0.022203445434570312,
            0.022507667541503906,
            0.023338794708251953,
            0.16446185111999512,
            0.022082805633544922,
            0.017431259155273438,
            0.02548670768737793,
            0.14550280570983887,
            0.021378278732299805,
            0.02768731117248535,
            0.026925086975097656,
            0.1608905792236328,
            0.02084183692932129,
            0.030936241149902344,
            0.023830652236938477,
            0.13529324531555176,
            0.021564722061157227,
            0.022908449172973633,
            0.02462935447692871,
            0.1565847396850586,
            0.02213144302368164,
            0.02142500877380371,
            0.024814605712890625,
            0.15226101875305176,
            0.023180723190307617
        ],
        "fit_computation_times": [
            0.1070864200592041,
            0.10448026657104492,
            0.10306882858276367,
            0.10359001159667969,
            0.10483813285827637,
            0.09886932373046875
        ]
    },
    "elapsed": 7.270887613296509
}