{
    "tensor_name": "enron",
    "sampler": "efficient",
    "R": 50,
    "J": 131072,
    "trial": 3,
    "preprocessing": "log_count",
    "initialization": "rrf",
    "max_iterations": 40,
    "stop_tolerance": 0.0001,
    "tensor_order": 4,
    "trace": {
        "iterations": [
            0,
            5,
            10,
            15,
            20,
            25,
            30,
            35,
            40
        ],
        "fits": [
            -13215981594704.123,
            0.12176381431371397,
            0.1256668835165532,
            0.1266144726918781,
            0.12704533613308455,
            0.12747657459080175,
            0.12752713668693472,
            0.12767600438842186,
            0.12785276841102644
        ],
        "update_times": [
            0.20406532287597656,
            0.217010498046875,
            0.4156348705291748,
            0.20476770401000977,
            0.22533535957336426,
            0.2219078540802002,
            0.5737006664276123,
            0.22314453125,
            0.2036137580871582,
            0.2469313144683838,
            0.5984539985656738,
            0.22732210159301758,
            0.2065725326538086,
            0.24526023864746094,
            0.5581536293029785,
            0.2323617935180664,
            0.20971965789794922,
            0.24090266227722168,
            0.5626087188720703,
            0.2387545108795166,
            0.20552706718444824,
            0.2546682357788086,
            0.7971885204315186,
            0.24737262725830078,
            0.22992801666259766,
            0.26000142097473145,
            0.8093752861022949,
            0.24024319648742676,
            0.2351696491241455,
            0.2514920234680176,
            0.7707767486572266,
            0.24877429008483887,
            0.2129662036895752,
            0.2653954029083252,
            0.7169754505157471,
            0.2506120204925537,
            0.24955129623413086,
            0.2597029209136963,
            0.7966647148132324,
            0.26276683807373047,
            0.2128276824951172,
            0.252671480178833,
            0.5122807025909424,
            0.24737215042114258,
            0.21385407447814941,
            0.2531435489654541,
            0.7990355491638184,
            0.26558828353881836,
            0.21590828895568848,
            0.25994372367858887,
            0.817772626876831,
            0.2569851875305176,
            0.21138286590576172,
            0.25647592544555664,
            0.8254358768463135,
            0.23977088928222656,
            0.22133255004882812,
            0.2580530643463135,
            0.5454175472259521,
            0.23496651649475098,
            0.20190167427062988,
            0.25952863693237305,
            0.8289790153503418,
            0.23411011695861816,
            0.20645380020141602,
            0.25174808502197266,
            0.800940990447998,
            0.2382974624633789,
            0.21779417991638184,
            0.2541506290435791,
            0.8027544021606445,
            0.25450563430786133,
            0.2076396942138672,
            0.25861334800720215,
            0.797687292098999,
            0.23720049858093262,
            0.2562417984008789,
            0.27606773376464844,
            0.7430269718170166,
            0.24220609664916992,
            0.2297670841217041,
            0.3468441963195801,
            0.7436680793762207,
            0.23534393310546875,
            0.22005844116210938,
            0.2547342777252197,
            0.5779728889465332,
            0.23016047477722168,
            0.20384836196899414,
            0.25216031074523926,
            0.7037990093231201,
            0.23374319076538086,
            0.20255661010742188,
            0.3034663200378418,
            0.5991613864898682,
            0.22539377212524414,
            0.2133476734161377,
            0.33454322814941406,
            0.6108431816101074,
            0.23484230041503906,
            0.20982694625854492,
            0.24615073204040527,
            0.5825307369232178,
            0.23569607734680176,
            0.2087843418121338,
            0.2529633045196533,
            0.5637052059173584,
            0.22689557075500488,
            0.21817922592163086,
            0.26781630516052246,
            0.7290661334991455,
            0.22807765007019043,
            0.26227736473083496,
            0.30260133743286133,
            0.6912672519683838,
            0.22699260711669922,
            0.26087450981140137,
            0.24296069145202637,
            0.7859585285186768,
            0.22794747352600098,
            0.3467247486114502,
            0.2715606689453125,
            0.6053621768951416,
            0.21904993057250977,
            0.20678997039794922,
            0.24776482582092285,
            0.6867051124572754,
            0.23450016975402832,
            0.20702576637268066,
            0.3254892826080322,
            0.5767190456390381,
            0.23027873039245605,
            0.20502448081970215,
            0.24451994895935059,
            0.6710727214813232,
            0.2312302589416504,
            0.20922350883483887,
            0.2766304016113281,
            0.5970501899719238,
            0.22867536544799805,
            0.20102834701538086,
            0.2527637481689453,
            0.7069544792175293,
            0.23682379722595215,
            0.20161700248718262,
            0.24309206008911133,
            0.7137830257415771,
            0.23570847511291504,
            0.2560150623321533,
            0.2487938404083252,
            0.5878384113311768,
            0.23671197891235352,
            0.21933913230895996,
            0.2434985637664795,
            0.7261209487915039,
            0.22958016395568848,
            0.2114248275756836,
            0.27553606033325195,
            0.6309473514556885,
            0.23835062980651855
        ],
        "fit_computation_times": [
            0.3189718723297119,
            0.30740928649902344,
            0.3254404067993164,
            0.3143727779388428,
            0.3208160400390625,
            0.3409996032714844,
            0.33661699295043945,
            0.3404514789581299
        ]
    },
    "elapsed": 58.884952783584595
}