{
    "tensor_name": "enron",
    "sampler": "efficient",
    "R": 75,
    "J": 262144,
    "trial": 2,
    "preprocessing": "log_count",
    "initialization": "rrf",
    "max_iterations": 40,
    "stop_tolerance": 0.0001,
    "tensor_order": 4,
    "trace": {
        "iterations": [
            0,
            5,
            10,
            15,
            20,
            25,
            30,
            35,
            40
        ],
        "fits": [
            -16038545775013.205,
            0.13912085331890722,
            0.143456004655104,
            0.14502531956759024,
            0.14604597313491785,
            0.14639766519471809,
            0.14645381566041826,
            0.14669302858924216,
            0.14684071669655197
        ],
        "update_times": [
            0.6723654270172119,
            0.696925163269043,
            1.0481324195861816,
            0.718353271484375,
            0.6818368434906006,
            0.7653436660766602,
            1.2304601669311523,
            0.8216917514801025,
            0.6843588352203369,
            0.8580782413482666,
            1.2806167602539062,
            0.839057445526123,
            0.6937150955200195,
            0.8734238147735596,
            1.475355863571167,
            0.8830554485321045,
            0.6912519931793213,
            0.8814506530761719,
            1.1765859127044678,
            0.8713438510894775,
            0.6852717399597168,
            0.8928654193878174,
            1.2328777313232422,
            0.8211007118225098,
            0.7461004257202148,
            0.8826444149017334,
            1.2071518898010254,
            0.8148691654205322,
            0.6803145408630371,
            0.8572428226470947,
            1.1852223873138428,
            0.8484847545623779,
            0.7107100486755371,
            0.8913271427154541,
            1.5220117568969727,
            0.8730099201202393,
            0.7136104106903076,
            0.9069082736968994,
            1.5501549243927002,
            0.8375873565673828,
            0.6569712162017822,
            0.8825159072875977,
            1.4291541576385498,
            0.8312158584594727,
            0.7322337627410889,
            0.9072310924530029,
            1.2692101001739502,
            0.8363494873046875,
            0.7224621772766113,
            0.881617546081543,
            1.1856632232666016,
            0.8690483570098877,
            0.7635517120361328,
            0.9740557670593262,
            1.5228753089904785,
            0.8804416656494141,
            0.7121529579162598,
            0.9115340709686279,
            1.3813092708587646,
            0.9029173851013184,
            0.677436113357544,
            0.8858962059020996,
            1.289140224456787,
            0.8606362342834473,
            0.7099194526672363,
            0.8830304145812988,
            1.222527027130127,
            0.8467350006103516,
            0.6976611614227295,
            0.8982369899749756,
            1.2203788757324219,
            0.8744485378265381,
            0.7111797332763672,
            0.912966251373291,
            1.409496545791626,
            0.8446388244628906,
            0.7382340431213379,
            0.8811657428741455,
            1.2077083587646484,
            0.8449878692626953,
            0.6710495948791504,
            0.8821914196014404,
            1.268846035003662,
            0.8168642520904541,
            0.7043821811676025,
            0.8702208995819092,
            1.244499683380127,
            0.8262720108032227,
            0.7277753353118896,
            0.867804765701294,
            1.2187855243682861,
            0.8355982303619385,
            0.6809878349304199,
            0.8623960018157959,
            1.6001040935516357,
            0.8156702518463135,
            0.7012965679168701,
            0.9444105625152588,
            1.3352077007293701,
            0.8071894645690918,
            0.6448867321014404,
            0.8657867908477783,
            1.2316644191741943,
            0.8039281368255615,
            0.6964235305786133,
            0.8657064437866211,
            1.3392024040222168,
            0.7917602062225342,
            0.6687703132629395,
            0.8374667167663574,
            1.380955457687378,
            0.8206233978271484,
            0.6935734748840332,
            0.848358154296875,
            1.4547698497772217,
            0.7979016304016113,
            0.6736574172973633,
            0.8768312931060791,
            1.2458217144012451,
            0.8139526844024658,
            0.6428077220916748,
            0.8153564929962158,
            1.3799476623535156,
            0.7810318470001221,
            0.654670000076294,
            0.8487586975097656,
            1.2500739097595215,
            0.7691607475280762,
            0.7109417915344238,
            0.8222277164459229,
            1.252455711364746,
            0.7788710594177246,
            0.6946971416473389,
            0.8411307334899902,
            1.2874383926391602,
            0.7876956462860107,
            0.7018020153045654,
            0.8675680160522461,
            1.5574424266815186,
            0.8578147888183594,
            0.7035412788391113,
            0.8728556632995605,
            1.511704444885254,
            0.79062819480896,
            0.6847150325775146,
            0.8444697856903076,
            1.349698543548584,
            0.7773635387420654,
            0.686967134475708,
            0.80885910987854,
            1.4385299682617188,
            0.794684886932373,
            0.682553768157959,
            0.8354883193969727,
            1.162630558013916,
            0.8536837100982666,
            0.712395191192627,
            0.9261791706085205,
            1.5484015941619873,
            0.8311097621917725
        ],
        "fit_computation_times": [
            0.5577232837677002,
            0.5482735633850098,
            0.507251501083374,
            0.5348849296569824,
            0.578833818435669,
            0.5288317203521729,
            0.5409810543060303,
            0.5109951496124268
        ]
    },
    "elapsed": 153.55022287368774
}