{
    "tensor_name": "enron",
    "sampler": "efficient",
    "R": 75,
    "J": 1638400,
    "trial": 3,
    "preprocessing": "log_count",
    "initialization": "rrf",
    "max_iterations": 40,
    "stop_tolerance": 0.0001,
    "tensor_order": 4,
    "trace": {
        "iterations": [
            0,
            5,
            10,
            15,
            20,
            25,
            30,
            35,
            40
        ],
        "fits": [
            -14878975792151.822,
            0.12933708510980535,
            0.13232771556760325,
            0.1342858964907364,
            0.1348756328230457,
            0.13526534435602444,
            0.13557168031712474,
            0.1357924515883664,
            0.13594871670440445
        ],
        "update_times": [
            5.499361515045166,
            5.169045925140381,
            5.053513765335083,
            5.767834901809692,
            5.190552234649658,
            5.459639072418213,
            5.163690805435181,
            5.687028884887695,
            5.298622369766235,
            5.219776153564453,
            5.558551549911499,
            6.790086030960083,
            6.137336254119873,
            5.83922815322876,
            5.521326303482056,
            6.265333414077759,
            5.62327241897583,
            5.678513050079346,
            5.462507486343384,
            6.6300435066223145,
            6.048312187194824,
            6.017590761184692,
            5.8417298793792725,
            6.285918474197388,
            5.781481981277466,
            5.769521951675415,
            5.629509687423706,
            6.474233388900757,
            5.837122678756714,
            5.691256523132324,
            5.4213011264801025,
            6.164161205291748,
            5.714219808578491,
            6.084278345108032,
            5.466705322265625,
            6.14383602142334,
            5.532436847686768,
            5.584094524383545,
            5.527256488800049,
            5.970256567001343,
            5.170568466186523,
            5.096999168395996,
            5.164043426513672,
            6.010376214981079,
            5.375865697860718,
            5.398156404495239,
            5.377662658691406,
            5.877805233001709,
            5.505274295806885,
            5.097854852676392,
            4.993055582046509,
            5.996917009353638,
            5.3739333152771,
            5.199750900268555,
            5.533401727676392,
            6.2000744342803955,
            5.345343112945557,
            5.2451770305633545,
            5.491315841674805,
            6.002309560775757,
            5.669538259506226,
            5.255012035369873,
            5.43795108795166,
            5.787598133087158,
            5.76231575012207,
            5.5123937129974365,
            5.686456918716431,
            6.169259548187256,
            5.771618366241455,
            5.488947153091431,
            5.405212640762329,
            5.475630044937134,
            5.446744441986084,
            5.500107765197754,
            5.3998963832855225,
            6.17555046081543,
            5.765662908554077,
            5.714133024215698,
            5.563925504684448,
            6.174856662750244,
            5.779741525650024,
            5.580208778381348,
            6.009234189987183,
            6.534616947174072,
            5.835369110107422,
            5.731475830078125,
            5.41421914100647,
            6.103975534439087,
            5.861396789550781,
            5.706726789474487,
            5.641781806945801,
            6.405090093612671,
            5.971427917480469,
            6.09675145149231,
            5.760405540466309,
            6.200676918029785,
            5.915428400039673,
            5.788887977600098,
            6.264013051986694,
            6.302683115005493,
            5.545382976531982,
            5.448588609695435,
            5.4355127811431885,
            6.562634706497192,
            6.032777547836304,
            6.154103994369507,
            5.353445529937744,
            5.838660478591919,
            5.567943811416626,
            5.52558970451355,
            5.3980348110198975,
            5.994104385375977,
            5.6389617919921875,
            5.496796607971191,
            5.368386507034302,
            5.7914440631866455,
            5.667948246002197,
            5.3933351039886475,
            5.677172660827637,
            5.687336683273315,
            5.357205867767334,
            5.390676259994507,
            5.5612804889678955,
            5.806216478347778,
            5.360516786575317,
            5.18261194229126,
            5.106216192245483,
            6.343426704406738,
            5.839342355728149,
            5.816249370574951,
            5.538279294967651,
            6.108867168426514,
            5.68087363243103,
            5.661203861236572,
            5.335562705993652,
            5.633455753326416,
            5.173613786697388,
            5.487835884094238,
            5.155918598175049,
            6.05745267868042,
            5.481632232666016,
            5.259900331497192,
            5.162798643112183,
            5.837922811508179,
            5.384985446929932,
            5.2248358726501465,
            5.059469699859619,
            5.820916414260864,
            5.2670347690582275,
            5.614293098449707,
            5.309617757797241,
            6.002826452255249,
            5.788241624832153,
            6.092899322509766,
            5.566073656082153,
            5.805800914764404,
            6.1112024784088135,
            5.666078567504883,
            5.747706890106201,
            6.080602645874023
        ],
        "fit_computation_times": [
            0.5893700122833252,
            0.5292818546295166,
            0.534876823425293,
            0.5669667720794678,
            0.550663948059082,
            0.5434074401855469,
            0.5466516017913818,
            0.5325515270233154
        ]
    },
    "elapsed": 913.9566583633423
}