{
    "tensor_name": "enron",
    "sampler": "larsen_kolda_hybrid",
    "R": 50,
    "J": 229376,
    "trial": 1,
    "preprocessing": "log_count",
    "initialization": "rrf",
    "max_iterations": 40,
    "stop_tolerance": 0.0001,
    "tensor_order": 4,
    "trace": {
        "iterations": [
            0,
            5,
            10,
            15,
            20,
            25
        ],
        "fits": [
            -12755996055651.768,
            0.09957272920155236,
            0.11071481654576365,
            0.10066620204975751,
            0.11075435305996628,
            0.10928064889243128
        ],
        "update_times": [
            0.056276798248291016,
            0.07937288284301758,
            0.18972539901733398,
            0.05003237724304199,
            0.07367682456970215,
            0.07714581489562988,
            0.3223879337310791,
            0.05147862434387207,
            0.07534289360046387,
            0.07944703102111816,
            0.4551694393157959,
            0.059349775314331055,
            0.08579349517822266,
            0.10153079032897949,
            0.5013618469238281,
            0.05445075035095215,
            0.07756495475769043,
            0.08718729019165039,
            0.4403507709503174,
            0.06100034713745117,
            0.06043410301208496,
            0.09180998802185059,
            0.45857977867126465,
            0.06414270401000977,
            0.0824739933013916,
            0.0853114128112793,
            0.4156301021575928,
            0.05563664436340332,
            0.06924128532409668,
            0.07407760620117188,
            0.38762688636779785,
            0.05588555335998535,
            0.06907415390014648,
            0.07783055305480957,
            0.4828479290008545,
            0.0576624870300293,
            0.08328866958618164,
            0.09333968162536621,
            0.341869592666626,
            0.05968904495239258,
            0.052969932556152344,
            0.0773019790649414,
            0.4276876449584961,
            0.05231833457946777,
            0.0726628303527832,
            0.08734488487243652,
            0.3972945213317871,
            0.08000016212463379,
            0.07530879974365234,
            0.0751500129699707,
            0.4296996593475342,
            0.056372880935668945,
            0.07381463050842285,
            0.07247257232666016,
            0.5006790161132812,
            0.05583643913269043,
            0.08024215698242188,
            0.07506752014160156,
            0.43606066703796387,
            0.05834317207336426,
            0.05557107925415039,
            0.0743553638458252,
            0.41325902938842773,
            0.06023836135864258,
            0.07843470573425293,
            0.07988309860229492,
            0.3896968364715576,
            0.04982566833496094,
            0.06660318374633789,
            0.07808732986450195,
            0.34928131103515625,
            0.05353426933288574,
            0.0823822021484375,
            0.07454967498779297,
            0.35640573501586914,
            0.057994842529296875,
            0.06931614875793457,
            0.07425403594970703,
            0.5138595104217529,
            0.0524439811706543,
            0.052307844161987305,
            0.08962225914001465,
            0.4243752956390381,
            0.07644438743591309,
            0.0850832462310791,
            0.0736994743347168,
            0.3931705951690674,
            0.05334353446960449,
            0.06965160369873047,
            0.07198429107666016,
            0.3484501838684082,
            0.06676197052001953,
            0.09640192985534668,
            0.08924674987792969,
            0.4696207046508789,
            0.05724191665649414,
            0.06987571716308594,
            0.07448244094848633,
            0.48966503143310547,
            0.05471324920654297
        ],
        "fit_computation_times": [
            0.3232545852661133,
            0.3047959804534912,
            0.31870365142822266,
            0.31526780128479004,
            0.3225886821746826
        ]
    },
    "elapsed": 17.5506272315979
}