{
    "tensor_name": "enron",
    "sampler": "efficient",
    "R": 25,
    "J": 98304,
    "trial": 2,
    "preprocessing": "log_count",
    "initialization": "rrf",
    "max_iterations": 40,
    "stop_tolerance": 0.0001,
    "tensor_order": 4,
    "trace": {
        "iterations": [
            0,
            5,
            10,
            15,
            20,
            25,
            30,
            35,
            40
        ],
        "fits": [
            -9759388143921.516,
            0.09066713472169563,
            0.09243696720126604,
            0.09289890962231462,
            0.09306916895643713,
            0.09319452737435707,
            0.0932268108186095,
            0.09328887840173483,
            0.09332290776878005
        ],
        "update_times": [
            0.08712148666381836,
            0.07371735572814941,
            0.23402190208435059,
            0.07118868827819824,
            0.09093594551086426,
            0.10268211364746094,
            0.24956297874450684,
            0.09062886238098145,
            0.08075451850891113,
            0.09016132354736328,
            0.2547607421875,
            0.0788719654083252,
            0.07883191108703613,
            0.09148621559143066,
            0.24699711799621582,
            0.08215761184692383,
            0.0782315731048584,
            0.09443140029907227,
            0.3426682949066162,
            0.09909510612487793,
            0.08190250396728516,
            0.1022939682006836,
            0.3005399703979492,
            0.0851287841796875,
            0.07188653945922852,
            0.09403347969055176,
            0.284588098526001,
            0.07950282096862793,
            0.07725405693054199,
            0.09708285331726074,
            0.2629690170288086,
            0.07809782028198242,
            0.08114957809448242,
            0.1037912368774414,
            0.2603740692138672,
            0.08109402656555176,
            0.07698988914489746,
            0.09783625602722168,
            0.2708394527435303,
            0.10076761245727539,
            0.08248209953308105,
            0.11598396301269531,
            0.3115348815917969,
            0.08141851425170898,
            0.07347416877746582,
            0.09805107116699219,
            0.28272104263305664,
            0.07709097862243652,
            0.07269883155822754,
            0.0952613353729248,
            0.27710819244384766,
            0.08885765075683594,
            0.08077263832092285,
            0.09408402442932129,
            0.27513599395751953,
            0.08103656768798828,
            0.07917237281799316,
            0.09402155876159668,
            0.2712578773498535,
            0.0836184024810791,
            0.08121180534362793,
            0.09878015518188477,
            0.29445624351501465,
            0.10334300994873047,
            0.08127832412719727,
            0.10614371299743652,
            0.30849194526672363,
            0.08260178565979004,
            0.0772089958190918,
            0.09591293334960938,
            0.2892606258392334,
            0.09383893013000488,
            0.08889174461364746,
            0.09869146347045898,
            0.2959766387939453,
            0.08092617988586426,
            0.08059811592102051,
            0.10557270050048828,
            0.29131460189819336,
            0.08216667175292969,
            0.07596015930175781,
            0.10951089859008789,
            0.3136863708496094,
            0.08201313018798828,
            0.07998347282409668,
            0.10300278663635254,
            0.2987558841705322,
            0.08568120002746582,
            0.08291840553283691,
            0.09893298149108887,
            0.2830209732055664,
            0.08182549476623535,
            0.07993102073669434,
            0.10093069076538086,
            0.2891244888305664,
            0.08220887184143066,
            0.09367513656616211,
            0.10019588470458984,
            0.27642178535461426,
            0.09513330459594727,
            0.08040022850036621,
            0.09937834739685059,
            0.31473731994628906,
            0.08488178253173828,
            0.08726239204406738,
            0.09947896003723145,
            0.29012513160705566,
            0.08049941062927246,
            0.07491517066955566,
            0.09639191627502441,
            0.27848052978515625,
            0.08155107498168945,
            0.08155560493469238,
            0.09489083290100098,
            0.2879922389984131,
            0.08149862289428711,
            0.07851648330688477,
            0.09684634208679199,
            0.278012752532959,
            0.07903385162353516,
            0.0662546157836914,
            0.10007929801940918,
            0.28659963607788086,
            0.08490562438964844,
            0.0825037956237793,
            0.09763550758361816,
            0.3001365661621094,
            0.08339500427246094,
            0.08043885231018066,
            0.10075569152832031,
            0.29698657989501953,
            0.08420467376708984,
            0.0817875862121582,
            0.09984350204467773,
            0.3156585693359375,
            0.0862431526184082,
            0.08635830879211426,
            0.10336542129516602,
            0.299222469329834,
            0.08383798599243164,
            0.07300710678100586,
            0.11000275611877441,
            0.3191521167755127,
            0.08400893211364746,
            0.08564400672912598,
            0.10781645774841309,
            0.3274972438812256,
            0.09167718887329102,
            0.09259819984436035,
            0.09961318969726562,
            0.32814836502075195,
            0.08403134346008301,
            0.08195066452026367,
            0.10454249382019043,
            0.29292941093444824,
            0.09209656715393066,
            0.09051918983459473,
            0.09761643409729004,
            0.2954564094543457,
            0.07934021949768066
        ],
        "fit_computation_times": [
            0.11505818367004395,
            0.13152861595153809,
            0.1325981616973877,
            0.12427997589111328,
            0.13564753532409668,
            0.13364195823669434,
            0.14355111122131348,
            0.1247856616973877
        ]
    },
    "elapsed": 23.364235401153564
}