{
    "tensor_name": "enron",
    "sampler": "larsen_kolda_hybrid",
    "R": 25,
    "J": 524288,
    "trial": 3,
    "preprocessing": "log_count",
    "initialization": "rrf",
    "max_iterations": 40,
    "stop_tolerance": 0.0001,
    "tensor_order": 4,
    "trace": {
        "iterations": [
            0,
            5,
            10,
            15,
            20,
            25,
            30,
            35,
            40
        ],
        "fits": [
            -9293599494620.31,
            0.09024698197958136,
            0.09388874607326303,
            0.09858606483888444,
            0.0986347824549536,
            0.09878185892750402,
            0.09833390664827357,
            0.09891696962340923,
            0.0987435256650091
        ],
        "update_times": [
            0.08242225646972656,
            0.09589385986328125,
            0.25806450843811035,
            0.08028793334960938,
            0.09348297119140625,
            0.0961146354675293,
            0.45378565788269043,
            0.07686686515808105,
            0.09257316589355469,
            0.09444427490234375,
            0.39244532585144043,
            0.08314347267150879,
            0.08790349960327148,
            0.09931421279907227,
            0.5073719024658203,
            0.08188748359680176,
            0.10318350791931152,
            0.10673713684082031,
            0.4169445037841797,
            0.08667874336242676,
            0.08084654808044434,
            0.11203193664550781,
            0.41702914237976074,
            0.0796048641204834,
            0.09355974197387695,
            0.10677862167358398,
            0.3470492362976074,
            0.07152462005615234,
            0.09377384185791016,
            0.09564352035522461,
            0.3241448402404785,
            0.08336138725280762,
            0.0913090705871582,
            0.10527515411376953,
            0.41674089431762695,
            0.08574032783508301,
            0.0905764102935791,
            0.09886956214904785,
            0.3927745819091797,
            0.07461690902709961,
            0.07137656211853027,
            0.1036531925201416,
            0.44739627838134766,
            0.07376527786254883,
            0.08951163291931152,
            0.11067771911621094,
            0.3937039375305176,
            0.07232809066772461,
            0.10810256004333496,
            0.11591553688049316,
            0.397111177444458,
            0.09400463104248047,
            0.08882999420166016,
            0.09273767471313477,
            0.3856971263885498,
            0.0795135498046875,
            0.09150266647338867,
            0.09708595275878906,
            0.4826083183288574,
            0.07264828681945801,
            0.06476449966430664,
            0.08942675590515137,
            0.3856332302093506,
            0.08991861343383789,
            0.10565662384033203,
            0.10113191604614258,
            0.41562318801879883,
            0.0765237808227539,
            0.09410834312438965,
            0.09951901435852051,
            0.44846129417419434,
            0.07397270202636719,
            0.09977388381958008,
            0.10595488548278809,
            0.47243452072143555,
            0.0745244026184082,
            0.09298920631408691,
            0.09937739372253418,
            0.4075753688812256,
            0.07222986221313477,
            0.06328797340393066,
            0.10265445709228516,
            0.3943507671356201,
            0.07626557350158691,
            0.0895082950592041,
            0.1017301082611084,
            0.4534575939178467,
            0.08254384994506836,
            0.09664440155029297,
            0.1195228099822998,
            0.41786694526672363,
            0.08563923835754395,
            0.08258962631225586,
            0.09102010726928711,
            0.39753198623657227,
            0.06975483894348145,
            0.08544015884399414,
            0.08983159065246582,
            0.41656041145324707,
            0.07926559448242188,
            0.07154703140258789,
            0.09803652763366699,
            0.35408616065979004,
            0.07667255401611328,
            0.09333395957946777,
            0.10239005088806152,
            0.39408326148986816,
            0.07854032516479492,
            0.08903336524963379,
            0.09478521347045898,
            0.38080406188964844,
            0.08554697036743164,
            0.09915423393249512,
            0.09746646881103516,
            0.3580894470214844,
            0.08031201362609863,
            0.10120368003845215,
            0.09365534782409668,
            0.38327670097351074,
            0.07897710800170898,
            0.07138872146606445,
            0.09212470054626465,
            0.36124467849731445,
            0.0855414867401123,
            0.09180235862731934,
            0.0959939956665039,
            0.4142947196960449,
            0.07053613662719727,
            0.0876622200012207,
            0.09323310852050781,
            0.35306859016418457,
            0.08104705810546875,
            0.09417915344238281,
            0.09067654609680176,
            0.3458840847015381,
            0.07420682907104492,
            0.0892477035522461,
            0.09646987915039062,
            0.3660717010498047,
            0.07847070693969727,
            0.07251501083374023,
            0.09284400939941406,
            0.45007920265197754,
            0.07884383201599121,
            0.09050941467285156,
            0.09624934196472168,
            0.48021888732910156,
            0.07928156852722168,
            0.10014033317565918,
            0.09949851036071777,
            0.4050455093383789,
            0.07473063468933105,
            0.09477400779724121,
            0.09072518348693848,
            0.3870246410369873,
            0.07229471206665039,
            0.0881643295288086,
            0.09155535697937012,
            0.3818213939666748,
            0.07385134696960449
        ],
        "fit_computation_times": [
            0.11629629135131836,
            0.10420536994934082,
            0.09379363059997559,
            0.09660816192626953,
            0.09943270683288574,
            0.10528016090393066,
            0.09895157814025879,
            0.10505008697509766
        ]
    },
    "elapsed": 27.67232656478882
}