{
    "tensor_name": "enron",
    "sampler": "efficient",
    "R": 125,
    "J": 1376256,
    "trial": 0,
    "preprocessing": "log_count",
    "initialization": "rrf",
    "max_iterations": 40,
    "stop_tolerance": 0.0001,
    "tensor_order": 4,
    "trace": {
        "iterations": [
            0,
            5,
            10,
            15,
            20,
            25,
            30,
            35,
            40
        ],
        "fits": [
            -20686430188133.008,
            0.16371817031360159,
            0.16943165558481244,
            0.17117901667534707,
            0.17227092050831205,
            0.1730225244239323,
            0.1732220319804737,
            0.17365922440068093,
            0.17384324530334172
        ],
        "update_times": [
            8.499168395996094,
            8.450117588043213,
            7.475043058395386,
            8.790310144424438,
            8.471168041229248,
            8.670812606811523,
            7.4354026317596436,
            10.017068147659302,
            8.667121887207031,
            8.935109615325928,
            7.586368560791016,
            10.080439567565918,
            8.957702398300171,
            9.156808376312256,
            7.713182210922241,
            10.49292278289795,
            8.906053304672241,
            9.646821737289429,
            7.788085460662842,
            10.131738901138306,
            8.758571863174438,
            9.177825212478638,
            7.2421417236328125,
            10.27956223487854,
            9.041500091552734,
            9.150625944137573,
            7.412746906280518,
            10.301609754562378,
            8.942085027694702,
            9.67286992073059,
            7.599411249160767,
            10.575727701187134,
            9.349326610565186,
            9.454257011413574,
            7.5863423347473145,
            10.116637706756592,
            9.013599872589111,
            9.45632290840149,
            7.693451881408691,
            10.649676322937012,
            9.18281602859497,
            9.873893976211548,
            7.451668739318848,
            10.289644002914429,
            8.804490089416504,
            9.021014213562012,
            7.628952980041504,
            10.315980911254883,
            8.879613399505615,
            9.160333395004272,
            7.578281879425049,
            9.788140296936035,
            8.89418888092041,
            9.027330160140991,
            7.39938497543335,
            10.338264226913452,
            8.96560788154602,
            9.640514612197876,
            7.5194714069366455,
            10.314880847930908,
            8.847065448760986,
            9.096383333206177,
            7.28162693977356,
            10.390498876571655,
            8.89017653465271,
            9.22966480255127,
            7.400874137878418,
            10.36025857925415,
            8.79157567024231,
            9.082852363586426,
            8.016852617263794,
            10.44439435005188,
            8.975578308105469,
            9.25029730796814,
            7.5845232009887695,
            10.377815008163452,
            9.229281425476074,
            9.775162696838379,
            7.586252212524414,
            10.438517808914185,
            8.99579644203186,
            9.254804611206055,
            7.561473369598389,
            10.354857206344604,
            8.947888374328613,
            9.156294107437134,
            7.5446999073028564,
            10.263285160064697,
            8.880355834960938,
            8.922744035720825,
            7.539900541305542,
            9.982288122177124,
            9.461236000061035,
            9.283059120178223,
            7.480219841003418,
            10.295926094055176,
            8.958950996398926,
            9.324832439422607,
            7.489301443099976,
            10.22434401512146,
            9.402297258377075,
            9.435340404510498,
            7.6421897411346436,
            10.34026837348938,
            9.277883768081665,
            9.140705823898315,
            7.666328191757202,
            10.613019943237305,
            9.017313957214355,
            9.104447364807129,
            7.784240961074829,
            10.031902551651001,
            8.95830512046814,
            9.07498049736023,
            8.067885637283325,
            10.124118089675903,
            9.155647993087769,
            9.464559555053711,
            7.485307455062866,
            10.352726697921753,
            8.841130495071411,
            8.889684200286865,
            7.379513502120972,
            10.271346807479858,
            8.967669486999512,
            8.912553787231445,
            7.526291847229004,
            10.205172300338745,
            8.974018096923828,
            9.046373844146729,
            7.649555921554565,
            10.012701511383057,
            8.879350662231445,
            8.986804962158203,
            7.65015435218811,
            10.236039876937866,
            8.766714334487915,
            9.316089630126953,
            7.337183475494385,
            10.234461069107056,
            9.062044382095337,
            9.233002424240112,
            7.614549398422241,
            10.314597606658936,
            8.917863368988037,
            9.162859678268433,
            7.757771730422974,
            10.162797212600708,
            8.97182297706604,
            8.88097333908081,
            7.425849437713623,
            10.091358423233032,
            8.749049186706543,
            8.987975120544434,
            7.542559862136841,
            10.032546043395996,
            8.663535118103027,
            8.89790153503418,
            7.5065038204193115,
            10.195373058319092
        ],
        "fit_computation_times": [
            0.8467779159545898,
            0.8243875503540039,
            0.8485586643218994,
            0.8320233821868896,
            0.7964575290679932,
            0.8185291290283203,
            0.8261744976043701,
            0.8817160129547119
        ]
    },
    "elapsed": 1444.28196310997
}