{
    "tensor_name": "enron",
    "sampler": "larsen_kolda_hybrid",
    "R": 125,
    "J": 655360,
    "trial": 0,
    "preprocessing": "log_count",
    "initialization": "rrf",
    "max_iterations": 40,
    "stop_tolerance": 0.0001,
    "tensor_order": 4,
    "trace": {
        "iterations": [
            0,
            5,
            10,
            15,
            20,
            25,
            30
        ],
        "fits": [
            -19875531842511.63,
            0.1486997306216299,
            0.14877566522239982,
            0.15047151434830763,
            0.1487082021710162,
            0.1487851226950112,
            0.14640139698156374
        ],
        "update_times": [
            0.3231539726257324,
            0.30044078826904297,
            0.6383981704711914,
            0.2746105194091797,
            0.29192090034484863,
            0.2970161437988281,
            0.747077226638794,
            0.2703227996826172,
            0.28252267837524414,
            0.30751895904541016,
            1.0095460414886475,
            0.2687549591064453,
            0.28217291831970215,
            0.30008530616760254,
            0.8076980113983154,
            0.2633674144744873,
            0.2874727249145508,
            0.2933371067047119,
            0.9359242916107178,
            0.26750612258911133,
            0.26955413818359375,
            0.2962987422943115,
            0.9305253028869629,
            0.27776122093200684,
            0.2924349308013916,
            0.3069145679473877,
            0.9301090240478516,
            0.29186463356018066,
            0.2981700897216797,
            0.2994043827056885,
            0.8407351970672607,
            0.281688928604126,
            0.27845335006713867,
            0.2965736389160156,
            0.8316695690155029,
            0.27518177032470703,
            0.27503204345703125,
            0.28794431686401367,
            0.9306137561798096,
            0.28886890411376953,
            0.27873754501342773,
            0.29086780548095703,
            0.8742096424102783,
            0.2836885452270508,
            0.28688645362854004,
            0.302081823348999,
            0.932518720626831,
            0.27527832984924316,
            0.28104710578918457,
            0.2810969352722168,
            0.8746492862701416,
            0.2671854496002197,
            0.28724169731140137,
            0.2793238162994385,
            0.8361589908599854,
            0.2987098693847656,
            0.32596373558044434,
            0.30054140090942383,
            0.9016802310943604,
            0.2826802730560303,
            0.2880403995513916,
            0.2879652976989746,
            0.8813765048980713,
            0.28240394592285156,
            0.2853434085845947,
            0.2727837562561035,
            0.8013088703155518,
            0.2551078796386719,
            0.26555347442626953,
            0.2775235176086426,
            0.9539549350738525,
            0.28667283058166504,
            0.2958095073699951,
            0.30864858627319336,
            0.9002366065979004,
            0.28047966957092285,
            0.30324602127075195,
            0.29779481887817383,
            0.9745659828186035,
            0.2935314178466797,
            0.2926468849182129,
            0.2882566452026367,
            0.8287203311920166,
            0.2618691921234131,
            0.27486705780029297,
            0.2942202091217041,
            0.9034099578857422,
            0.29198431968688965,
            0.30272579193115234,
            0.29630470275878906,
            0.7074098587036133,
            0.25569796562194824,
            0.2694540023803711,
            0.27097249031066895,
            0.7125563621520996,
            0.2534012794494629,
            0.2604799270629883,
            0.2795383930206299,
            0.8996515274047852,
            0.2753169536590576,
            0.2820096015930176,
            0.2916240692138672,
            0.9036672115325928,
            0.2869441509246826,
            0.28003835678100586,
            0.30222082138061523,
            0.9386684894561768,
            0.2896709442138672,
            0.2964451313018799,
            0.3076605796813965,
            0.9995379447937012,
            0.29131269454956055,
            0.2921590805053711,
            0.29464268684387207,
            0.8412625789642334,
            0.269315242767334,
            0.2885549068450928,
            0.30741238594055176,
            0.8471951484680176,
            0.28980374336242676
        ],
        "fit_computation_times": [
            0.8725051879882812,
            0.8487699031829834,
            0.7863719463348389,
            0.7894489765167236,
            0.8339285850524902,
            0.8023309707641602
        ]
    },
    "elapsed": 57.78919267654419
}