{
    "tensor_name": "enron",
    "sampler": "larsen_kolda_hybrid",
    "R": 25,
    "J": 393216,
    "trial": 3,
    "preprocessing": "log_count",
    "initialization": "rrf",
    "max_iterations": 40,
    "stop_tolerance": 0.0001,
    "tensor_order": 4,
    "trace": {
        "iterations": [
            0,
            5,
            10,
            15,
            20,
            25,
            30,
            35,
            40
        ],
        "fits": [
            -8731511532248.422,
            0.08937591827628899,
            0.09194400052902729,
            0.09267296644040923,
            0.09366602295594784,
            0.09474317374358121,
            0.09519525450166733,
            0.09528757394870613,
            0.0953038359633751
        ],
        "update_times": [
            0.06171751022338867,
            0.07114791870117188,
            0.29127001762390137,
            0.06562137603759766,
            0.07937836647033691,
            0.07832026481628418,
            0.3916642665863037,
            0.0645604133605957,
            0.07497811317443848,
            0.08680844306945801,
            0.37740302085876465,
            0.0583043098449707,
            0.07858610153198242,
            0.09198808670043945,
            0.369260311126709,
            0.06272006034851074,
            0.07323455810546875,
            0.0880436897277832,
            0.3568150997161865,
            0.056676626205444336,
            0.04807138442993164,
            0.0901346206665039,
            0.30647706985473633,
            0.05803370475769043,
            0.08103394508361816,
            0.07818484306335449,
            0.3162198066711426,
            0.059584856033325195,
            0.07292747497558594,
            0.0818789005279541,
            0.30908989906311035,
            0.05905032157897949,
            0.07048773765563965,
            0.07709717750549316,
            0.3735942840576172,
            0.05825614929199219,
            0.06873583793640137,
            0.07819342613220215,
            0.36536622047424316,
            0.05684947967529297,
            0.051432132720947266,
            0.07703423500061035,
            0.2869999408721924,
            0.057940006256103516,
            0.0707082748413086,
            0.07707333564758301,
            0.34583306312561035,
            0.06105828285217285,
            0.08024096488952637,
            0.08570241928100586,
            0.3683593273162842,
            0.06140613555908203,
            0.07684874534606934,
            0.07795000076293945,
            0.37941646575927734,
            0.05749320983886719,
            0.06927204132080078,
            0.07546043395996094,
            0.34670019149780273,
            0.06098175048828125,
            0.05218815803527832,
            0.08217358589172363,
            0.3611459732055664,
            0.0687706470489502,
            0.07669782638549805,
            0.08188939094543457,
            0.33620429039001465,
            0.056070566177368164,
            0.08917713165283203,
            0.07577753067016602,
            0.39760684967041016,
            0.05437159538269043,
            0.0710604190826416,
            0.08487057685852051,
            0.35155153274536133,
            0.06243252754211426,
            0.09021615982055664,
            0.07622337341308594,
            0.3613088130950928,
            0.05967235565185547,
            0.05806112289428711,
            0.08566856384277344,
            0.3559854030609131,
            0.062244415283203125,
            0.06909799575805664,
            0.07470941543579102,
            0.36857151985168457,
            0.0617833137512207,
            0.0713198184967041,
            0.0789787769317627,
            0.3825342655181885,
            0.057732582092285156,
            0.0673680305480957,
            0.07847380638122559,
            0.353956937789917,
            0.06667447090148926,
            0.07597804069519043,
            0.07981467247009277,
            0.4094696044921875,
            0.06330513954162598,
            0.0600740909576416,
            0.10490775108337402,
            0.26706790924072266,
            0.0602412223815918,
            0.08652520179748535,
            0.10437464714050293,
            0.3792140483856201,
            0.0573885440826416,
            0.07087326049804688,
            0.07469582557678223,
            0.31784796714782715,
            0.055639028549194336,
            0.06984567642211914,
            0.08624410629272461,
            0.38486313819885254,
            0.05923867225646973,
            0.07741022109985352,
            0.07911348342895508,
            0.4046013355255127,
            0.07013320922851562,
            0.07660675048828125,
            0.07919979095458984,
            0.4087517261505127,
            0.059159040451049805,
            0.07659530639648438,
            0.08846831321716309,
            0.39144468307495117,
            0.05978679656982422,
            0.07160449028015137,
            0.08368539810180664,
            0.3820159435272217,
            0.05446171760559082,
            0.07137632369995117,
            0.07452154159545898,
            0.3479175567626953,
            0.059427738189697266,
            0.07697772979736328,
            0.07702922821044922,
            0.35552048683166504,
            0.059953927993774414,
            0.05100703239440918,
            0.0786428451538086,
            0.34409189224243164,
            0.058042287826538086,
            0.06935715675354004,
            0.07464718818664551,
            0.3362703323364258,
            0.06404471397399902,
            0.0804142951965332,
            0.07737326622009277,
            0.3554675579071045,
            0.059297800064086914,
            0.07823944091796875,
            0.08157849311828613,
            0.31644320487976074,
            0.0568082332611084,
            0.08259034156799316,
            0.08875083923339844,
            0.3341343402862549,
            0.05936121940612793
        ],
        "fit_computation_times": [
            0.10300874710083008,
            0.1127328872680664,
            0.1157381534576416,
            0.10163736343383789,
            0.1110372543334961,
            0.12996268272399902,
            0.11344552040100098,
            0.11442327499389648
        ]
    },
    "elapsed": 23.78604006767273
}