{
    "tensor_name": "enron",
    "sampler": "larsen_kolda_hybrid",
    "R": 75,
    "J": 1376256,
    "trial": 2,
    "preprocessing": "log_count",
    "initialization": "rrf",
    "max_iterations": 40,
    "stop_tolerance": 0.0001,
    "tensor_order": 4,
    "trace": {
        "iterations": [
            0,
            5,
            10,
            15,
            20,
            25,
            30,
            35,
            40
        ],
        "fits": [
            -15047279621074.314,
            0.12724376777951296,
            0.1299788875561806,
            0.1305722615003858,
            0.13104124070889367,
            0.1325317474602944,
            0.1311379642949434,
            0.13322062319088435,
            0.13357123211071087
        ],
        "update_times": [
            0.3887178897857666,
            0.3959212303161621,
            0.8578200340270996,
            0.3784356117248535,
            0.3883838653564453,
            0.41919541358947754,
            1.6458232402801514,
            0.3935544490814209,
            0.4018514156341553,
            0.4309966564178467,
            1.6679694652557373,
            0.37790870666503906,
            0.3948948383331299,
            0.4141097068786621,
            1.4655086994171143,
            0.38629794120788574,
            0.3732786178588867,
            0.41887497901916504,
            1.535879373550415,
            0.3820023536682129,
            0.3948984146118164,
            0.4167513847351074,
            1.5026788711547852,
            0.365222692489624,
            0.3981339931488037,
            0.4215354919433594,
            1.6636359691619873,
            0.39285922050476074,
            0.39998483657836914,
            0.4172940254211426,
            1.6761317253112793,
            0.3755316734313965,
            0.399702787399292,
            0.4128718376159668,
            1.8294482231140137,
            0.3781905174255371,
            0.37690162658691406,
            0.4063847064971924,
            1.623502492904663,
            0.36467957496643066,
            0.4174931049346924,
            0.41585803031921387,
            1.4882192611694336,
            0.38323402404785156,
            0.3872795104980469,
            0.39707469940185547,
            1.64570951461792,
            0.3731873035430908,
            0.3793790340423584,
            0.39888763427734375,
            1.4463186264038086,
            0.35658788681030273,
            0.38549375534057617,
            0.3951101303100586,
            1.5513896942138672,
            0.3706176280975342,
            0.38922595977783203,
            0.41806578636169434,
            1.657750129699707,
            0.3750748634338379,
            0.39271116256713867,
            0.4304006099700928,
            1.5029053688049316,
            0.3565812110900879,
            0.3801441192626953,
            0.4052550792694092,
            1.3464024066925049,
            0.35637664794921875,
            0.3860206604003906,
            0.4054732322692871,
            1.6128756999969482,
            0.3801121711730957,
            0.3841259479522705,
            0.4147477149963379,
            1.5408880710601807,
            0.3858916759490967,
            0.3907198905944824,
            0.4248631000518799,
            1.6888046264648438,
            0.3598613739013672,
            0.3818094730377197,
            0.3968963623046875,
            1.5490765571594238,
            0.36315250396728516,
            0.37952733039855957,
            0.39125680923461914,
            1.3618443012237549,
            0.37274789810180664,
            0.38974571228027344,
            0.41273045539855957,
            1.640976905822754,
            0.3527531623840332,
            0.3734779357910156,
            0.39952516555786133,
            1.376758337020874,
            0.3573272228240967,
            0.3808455467224121,
            0.4078662395477295,
            1.5341191291809082,
            0.37830567359924316,
            0.3883380889892578,
            0.43105125427246094,
            1.7895195484161377,
            0.39005589485168457,
            0.39304137229919434,
            0.4070007801055908,
            1.7707734107971191,
            0.36920714378356934,
            0.3856799602508545,
            0.37665438652038574,
            1.764176607131958,
            0.3964273929595947,
            0.39832067489624023,
            0.42360877990722656,
            1.5214323997497559,
            0.3820803165435791,
            0.39336419105529785,
            0.42004919052124023,
            1.4996726512908936,
            0.38472986221313477,
            0.4220545291900635,
            0.4128861427307129,
            1.5799322128295898,
            0.3704192638397217,
            0.40506815910339355,
            0.4076375961303711,
            1.5517323017120361,
            0.37618565559387207,
            0.3972012996673584,
            0.40756654739379883,
            1.6854817867279053,
            0.3631405830383301,
            0.4149661064147949,
            0.40291881561279297,
            1.3799262046813965,
            0.38532567024230957,
            0.38609766960144043,
            0.3995647430419922,
            1.6237516403198242,
            0.3638484477996826,
            0.38349318504333496,
            0.40396595001220703,
            1.4320745468139648,
            0.3759582042694092,
            0.3754110336303711,
            0.40190625190734863,
            1.627429723739624,
            0.3803699016571045,
            0.39711570739746094,
            0.41555356979370117,
            1.4449872970581055,
            0.36817288398742676,
            0.4223001003265381,
            0.4006819725036621,
            1.3771083354949951,
            0.38807201385498047,
            0.390148401260376,
            0.4104959964752197,
            1.5829224586486816,
            0.38278627395629883
        ],
        "fit_computation_times": [
            0.5614833831787109,
            0.5729541778564453,
            0.5264160633087158,
            0.523601770401001,
            0.5033185482025146,
            0.5332543849945068,
            0.5528655052185059,
            0.5014779567718506
        ]
    },
    "elapsed": 113.96935415267944
}