{
    "tensor_name": "enron",
    "sampler": "efficient",
    "R": 100,
    "J": 196608,
    "trial": 3,
    "preprocessing": "log_count",
    "initialization": "rrf",
    "max_iterations": 40,
    "stop_tolerance": 0.0001,
    "tensor_order": 4,
    "trace": {
        "iterations": [
            0,
            5,
            10,
            15,
            20,
            25,
            30,
            35,
            40
        ],
        "fits": [
            -17385015820249.527,
            0.1604527768830556,
            0.16588759592190094,
            0.16798686977889654,
            0.16883167839720337,
            0.16943848188349608,
            0.16983293933951338,
            0.17012969644057385,
            0.17035141970382073
        ],
        "update_times": [
            0.793126106262207,
            0.8357863426208496,
            1.2448325157165527,
            0.8593995571136475,
            0.8657584190368652,
            0.9058516025543213,
            1.6007089614868164,
            0.8616390228271484,
            0.8825595378875732,
            0.8919260501861572,
            1.581035852432251,
            0.8642520904541016,
            0.9848465919494629,
            0.9172370433807373,
            1.616572618484497,
            0.8911948204040527,
            0.851017951965332,
            0.980597734451294,
            1.5899252891540527,
            0.8779046535491943,
            0.851996660232544,
            0.9404206275939941,
            1.638373613357544,
            0.8978815078735352,
            0.900151252746582,
            0.9562602043151855,
            1.7250652313232422,
            0.8786540031433105,
            0.8415980339050293,
            0.9391515254974365,
            1.640653371810913,
            0.8802897930145264,
            0.8874754905700684,
            0.9992799758911133,
            1.6866650581359863,
            0.8830676078796387,
            0.8593461513519287,
            0.930412769317627,
            1.7672462463378906,
            0.8890082836151123,
            0.8060107231140137,
            0.9561572074890137,
            1.6294691562652588,
            0.8692648410797119,
            0.9309742450714111,
            0.9214901924133301,
            1.73164701461792,
            0.860736608505249,
            0.8188364505767822,
            0.9297618865966797,
            1.6663615703582764,
            0.936528205871582,
            0.8346171379089355,
            0.916435956954956,
            1.6562891006469727,
            0.8626015186309814,
            0.9482402801513672,
            0.9860517978668213,
            1.6723613739013672,
            0.8665473461151123,
            0.8276455402374268,
            0.9452757835388184,
            1.7114839553833008,
            0.8641560077667236,
            0.8682096004486084,
            0.9965310096740723,
            1.722045660018921,
            0.860368013381958,
            0.8388383388519287,
            0.9427871704101562,
            1.7069954872131348,
            0.8889648914337158,
            0.8398680686950684,
            0.9782705307006836,
            1.7426130771636963,
            0.8418996334075928,
            0.835503339767456,
            1.1564490795135498,
            1.6810474395751953,
            0.8801205158233643,
            0.8117704391479492,
            1.0879569053649902,
            1.6279139518737793,
            0.8737437725067139,
            0.8643777370452881,
            0.8634061813354492,
            1.751607894897461,
            0.8649649620056152,
            0.9362435340881348,
            0.9030406475067139,
            1.6836440563201904,
            0.8598294258117676,
            0.8809597492218018,
            0.9545314311981201,
            1.6657707691192627,
            0.8672070503234863,
            0.9060723781585693,
            0.9607157707214355,
            1.7141571044921875,
            0.8581421375274658,
            0.8488690853118896,
            0.925544023513794,
            1.5705795288085938,
            0.8488426208496094,
            0.8165814876556396,
            0.9147579669952393,
            1.5648069381713867,
            0.8679556846618652,
            0.8940255641937256,
            1.1605751514434814,
            1.5739076137542725,
            0.8785727024078369,
            0.8225798606872559,
            0.9042434692382812,
            1.6530866622924805,
            0.8484458923339844,
            0.8500418663024902,
            0.9285383224487305,
            1.8191235065460205,
            0.8693859577178955,
            1.0904240608215332,
            0.8721439838409424,
            1.6873388290405273,
            0.8555643558502197,
            0.9287984371185303,
            0.9272193908691406,
            1.7018301486968994,
            0.8692076206207275,
            0.8331120014190674,
            0.960355281829834,
            1.669672966003418,
            0.8391504287719727,
            0.8981072902679443,
            0.9447603225708008,
            1.6782636642456055,
            0.8703289031982422,
            0.8843457698822021,
            1.0010178089141846,
            1.7120258808135986,
            0.85524582862854,
            0.8179655075073242,
            0.9588823318481445,
            1.655665397644043,
            0.8574059009552002,
            0.873133659362793,
            0.759387731552124,
            1.6081600189208984,
            0.8536620140075684,
            0.8748986721038818,
            1.0892362594604492,
            1.6143219470977783,
            0.8873605728149414,
            0.8821899890899658,
            1.0698926448822021,
            1.6151669025421143,
            0.8728394508361816,
            1.0187344551086426,
            0.9875423908233643,
            1.5640060901641846,
            0.8572707176208496
        ],
        "fit_computation_times": [
            0.6985535621643066,
            0.6846129894256592,
            0.716202974319458,
            0.6998860836029053,
            0.7317407131195068,
            0.7077381610870361,
            0.6866366863250732,
            0.7068765163421631
        ]
    },
    "elapsed": 180.47113418579102
}