{
    "tensor_name": "enron",
    "sampler": "larsen_kolda_hybrid",
    "R": 50,
    "J": 327680,
    "trial": 3,
    "preprocessing": "log_count",
    "initialization": "rrf",
    "max_iterations": 40,
    "stop_tolerance": 0.0001,
    "tensor_order": 4,
    "trace": {
        "iterations": [
            0,
            5,
            10,
            15,
            20,
            25,
            30,
            35,
            40
        ],
        "fits": [
            -13339761454582.518,
            0.10629783315241625,
            0.11175008231175809,
            0.09255790467868863,
            0.11198139835111287,
            0.11257984193380044,
            0.11227685329465742,
            0.11254958284338812,
            0.11280224262860528
        ],
        "update_times": [
            0.09412407875061035,
            0.1250147819519043,
            0.26874327659606934,
            0.08639955520629883,
            0.09779548645019531,
            0.10150957107543945,
            0.4709131717681885,
            0.07838678359985352,
            0.1281120777130127,
            0.09865260124206543,
            0.5515151023864746,
            0.0727396011352539,
            0.1303420066833496,
            0.09674906730651855,
            0.4996073246002197,
            0.08589863777160645,
            0.10932064056396484,
            0.10680317878723145,
            0.40346550941467285,
            0.06879973411560059,
            0.08317875862121582,
            0.11053466796875,
            0.6174485683441162,
            0.07158780097961426,
            0.10425066947937012,
            0.11064767837524414,
            0.46938467025756836,
            0.0707705020904541,
            0.12559199333190918,
            0.09851741790771484,
            0.5214340686798096,
            0.06766438484191895,
            0.09705448150634766,
            0.09099388122558594,
            0.47609734535217285,
            0.06662750244140625,
            0.10607552528381348,
            0.09865427017211914,
            0.4688735008239746,
            0.06657814979553223,
            0.10971403121948242,
            0.10103607177734375,
            0.4411170482635498,
            0.06880640983581543,
            0.09929013252258301,
            0.10180163383483887,
            0.5075154304504395,
            0.06869769096374512,
            0.13609051704406738,
            0.09764266014099121,
            0.527414083480835,
            0.07825565338134766,
            0.10577964782714844,
            0.10435962677001953,
            0.5861279964447021,
            0.07865595817565918,
            0.11133480072021484,
            0.10926985740661621,
            0.573415994644165,
            0.07690715789794922,
            0.0718080997467041,
            0.1104121208190918,
            0.5979022979736328,
            0.07571840286254883,
            0.1069040298461914,
            0.10524535179138184,
            0.5629074573516846,
            0.08211398124694824,
            0.09230780601501465,
            0.09208440780639648,
            0.5590338706970215,
            0.07139396667480469,
            0.10146403312683105,
            0.0956578254699707,
            0.5493297576904297,
            0.0806584358215332,
            0.09723544120788574,
            0.09848141670227051,
            0.5152699947357178,
            0.0812385082244873,
            0.06936144828796387,
            0.10764050483703613,
            0.538198709487915,
            0.06803464889526367,
            0.10151219367980957,
            0.10350918769836426,
            0.49179768562316895,
            0.07011079788208008,
            0.10194087028503418,
            0.10326385498046875,
            0.47277402877807617,
            0.06902742385864258,
            0.10831928253173828,
            0.11139369010925293,
            0.43533945083618164,
            0.08419346809387207,
            0.09956812858581543,
            0.09957146644592285,
            0.47371816635131836,
            0.0756533145904541,
            0.07097816467285156,
            0.10817193984985352,
            0.4657626152038574,
            0.07710981369018555,
            0.10725903511047363,
            0.10158491134643555,
            0.4548349380493164,
            0.08659791946411133,
            0.10953640937805176,
            0.09217596054077148,
            0.4323399066925049,
            0.07423806190490723,
            0.10116124153137207,
            0.10413241386413574,
            0.4237675666809082,
            0.09027600288391113,
            0.10764789581298828,
            0.11253643035888672,
            0.5245580673217773,
            0.07070016860961914,
            0.07235407829284668,
            0.11507010459899902,
            0.6027622222900391,
            0.07664346694946289,
            0.11186957359313965,
            0.10214591026306152,
            0.512627124786377,
            0.08223962783813477,
            0.10817718505859375,
            0.10718131065368652,
            0.6389279365539551,
            0.06687092781066895,
            0.09774613380432129,
            0.0961294174194336,
            0.49639415740966797,
            0.07221364974975586,
            0.1029813289642334,
            0.10515093803405762,
            0.6308739185333252,
            0.07707381248474121,
            0.08097028732299805,
            0.1027066707611084,
            0.5779387950897217,
            0.07131385803222656,
            0.10041570663452148,
            0.11897802352905273,
            0.6052520275115967,
            0.0785672664642334,
            0.09651803970336914,
            0.09250974655151367,
            0.5606088638305664,
            0.08009076118469238,
            0.1685466766357422,
            0.1027977466583252,
            0.6550359725952148,
            0.07507562637329102,
            0.10370993614196777,
            0.1110694408416748,
            0.5718991756439209,
            0.07310676574707031
        ],
        "fit_computation_times": [
            0.32303380966186523,
            0.3084132671356201,
            0.31046390533447266,
            0.31243157386779785,
            0.318432092666626,
            0.3154017925262451,
            0.3242166042327881,
            0.31209754943847656
        ]
    },
    "elapsed": 34.94347167015076
}