{
    "tensor_name": "enron",
    "sampler": "larsen_kolda_hybrid",
    "R": 50,
    "J": 851968,
    "trial": 3,
    "preprocessing": "log_count",
    "initialization": "rrf",
    "max_iterations": 40,
    "stop_tolerance": 0.0001,
    "tensor_order": 4,
    "trace": {
        "iterations": [
            0,
            5,
            10,
            15,
            20,
            25,
            30,
            35,
            40
        ],
        "fits": [
            -12499404435105.338,
            0.1159183840380027,
            0.11820912320397559,
            0.11969699954818969,
            0.11839287341670557,
            0.12047559170503475,
            0.12053823731973223,
            0.12041014928883109,
            0.12061644680804906
        ],
        "update_times": [
            0.18373513221740723,
            0.2063908576965332,
            0.6547555923461914,
            0.1755225658416748,
            0.19426846504211426,
            0.1910419464111328,
            0.8906686305999756,
            0.16875362396240234,
            0.20981597900390625,
            0.21249151229858398,
            0.7578389644622803,
            0.19028902053833008,
            0.20749735832214355,
            0.22085857391357422,
            0.9116227626800537,
            0.16590332984924316,
            0.21056127548217773,
            0.21222352981567383,
            0.8667130470275879,
            0.15821123123168945,
            0.16446280479431152,
            0.18352580070495605,
            0.8109290599822998,
            0.15968537330627441,
            0.17856454849243164,
            0.17615866661071777,
            0.7802934646606445,
            0.1646115779876709,
            0.1923661231994629,
            0.1948552131652832,
            0.8723490238189697,
            0.17498517036437988,
            0.20434141159057617,
            0.20072627067565918,
            0.9041156768798828,
            0.18213629722595215,
            0.21770310401916504,
            0.2179560661315918,
            0.7946431636810303,
            0.17755985260009766,
            0.176727294921875,
            0.2122499942779541,
            0.7218341827392578,
            0.18438124656677246,
            0.21887588500976562,
            0.22718095779418945,
            0.7784936428070068,
            0.1604766845703125,
            0.18145751953125,
            0.207139253616333,
            0.9933459758758545,
            0.19006681442260742,
            0.19245409965515137,
            0.19790887832641602,
            0.8835599422454834,
            0.17132830619812012,
            0.19199228286743164,
            0.22790050506591797,
            0.9137518405914307,
            0.1726994514465332,
            0.1763172149658203,
            0.20655560493469238,
            0.8518786430358887,
            0.16127586364746094,
            0.19408631324768066,
            0.21041512489318848,
            0.8984332084655762,
            0.16440868377685547,
            0.20098233222961426,
            0.1962435245513916,
            0.8727672100067139,
            0.1593782901763916,
            0.18117332458496094,
            0.1883256435394287,
            0.8521814346313477,
            0.1619551181793213,
            0.20271515846252441,
            0.19271492958068848,
            0.9050631523132324,
            0.1645498275756836,
            0.17861437797546387,
            0.22530913352966309,
            0.9270534515380859,
            0.16280460357666016,
            0.18920040130615234,
            0.18778347969055176,
            0.7490034103393555,
            0.18390345573425293,
            0.19561553001403809,
            0.20878100395202637,
            0.8621370792388916,
            0.17468833923339844,
            0.22603654861450195,
            0.22441720962524414,
            0.826716423034668,
            0.1902296543121338,
            0.21872782707214355,
            0.21857476234436035,
            0.7730731964111328,
            0.17996621131896973,
            0.18936824798583984,
            0.23423457145690918,
            0.8052229881286621,
            0.1555328369140625,
            0.1845557689666748,
            0.19011592864990234,
            0.859999418258667,
            0.1575620174407959,
            0.1827077865600586,
            0.19191193580627441,
            0.7460634708404541,
            0.16615724563598633,
            0.21132564544677734,
            0.21068620681762695,
            0.8463587760925293,
            0.17216801643371582,
            0.21638274192810059,
            0.22141718864440918,
            0.8313899040222168,
            0.16142868995666504,
            0.16995024681091309,
            0.19239521026611328,
            0.7871768474578857,
            0.16123509407043457,
            0.17842793464660645,
            0.19651389122009277,
            0.8560009002685547,
            0.16592049598693848,
            0.20851731300354004,
            0.22658324241638184,
            0.8708803653717041,
            0.16811180114746094,
            0.18646240234375,
            0.20420122146606445,
            0.7863905429840088,
            0.17477011680603027,
            0.1843276023864746,
            0.2011852264404297,
            0.894174337387085,
            0.18037176132202148,
            0.17431998252868652,
            0.2126786708831787,
            0.7819931507110596,
            0.15481781959533691,
            0.17977499961853027,
            0.21209073066711426,
            0.8062667846679688,
            0.1594700813293457,
            0.202531099319458,
            0.21630287170410156,
            0.8690543174743652,
            0.16342377662658691,
            0.18147897720336914,
            0.20097804069519043,
            0.794520378112793,
            0.18184828758239746,
            0.22093939781188965,
            0.19977593421936035,
            0.7393767833709717,
            0.16684460639953613
        ],
        "fit_computation_times": [
            0.32153820991516113,
            0.2910895347595215,
            0.31401681900024414,
            0.317798376083374,
            0.30261802673339844,
            0.29937314987182617,
            0.30830836296081543,
            0.3211071491241455
        ]
    },
    "elapsed": 58.96251559257507
}