{
    "tensor_name": "enron",
    "sampler": "larsen_kolda_hybrid",
    "R": 25,
    "J": 851968,
    "trial": 1,
    "preprocessing": "log_count",
    "initialization": "rrf",
    "max_iterations": 40,
    "stop_tolerance": 0.0001,
    "tensor_order": 4,
    "trace": {
        "iterations": [
            0,
            5,
            10,
            15,
            20,
            25,
            30,
            35,
            40
        ],
        "fits": [
            -9325898257930.883,
            0.09055264834540844,
            0.09371795556717899,
            0.09470298713518843,
            0.09502982585943243,
            0.09519170297497193,
            0.09532699830924163,
            0.0953344502453145,
            0.0953942891209274
        ],
        "update_times": [
            0.1347179412841797,
            0.1389918327331543,
            0.45013904571533203,
            0.10943078994750977,
            0.12154603004455566,
            0.11893105506896973,
            0.6121466159820557,
            0.10691189765930176,
            0.13089227676391602,
            0.1327059268951416,
            0.4926271438598633,
            0.10480308532714844,
            0.1403975486755371,
            0.1329028606414795,
            0.5186927318572998,
            0.10672402381896973,
            0.13092541694641113,
            0.15943646430969238,
            0.49430012702941895,
            0.12273144721984863,
            0.11117315292358398,
            0.14873933792114258,
            0.5840415954589844,
            0.12478423118591309,
            0.13137316703796387,
            0.13879799842834473,
            0.5912351608276367,
            0.11069989204406738,
            0.12112903594970703,
            0.13073468208312988,
            0.5910172462463379,
            0.11866545677185059,
            0.12989091873168945,
            0.15804386138916016,
            0.5972654819488525,
            0.11130690574645996,
            0.11772441864013672,
            0.13667702674865723,
            0.589362382888794,
            0.11624503135681152,
            0.10997629165649414,
            0.15018439292907715,
            0.6388351917266846,
            0.1148231029510498,
            0.1293938159942627,
            0.15050435066223145,
            0.598907470703125,
            0.10914254188537598,
            0.13385701179504395,
            0.14621400833129883,
            0.5574498176574707,
            0.1236119270324707,
            0.13156604766845703,
            0.14841842651367188,
            0.5730421543121338,
            0.12109065055847168,
            0.12305498123168945,
            0.14638257026672363,
            0.6146795749664307,
            0.13404273986816406,
            0.10989570617675781,
            0.1380631923675537,
            0.6334695816040039,
            0.11692500114440918,
            0.1245267391204834,
            0.14481782913208008,
            0.6697628498077393,
            0.11858606338500977,
            0.1268765926361084,
            0.1391313076019287,
            0.5480458736419678,
            0.10662674903869629,
            0.1286163330078125,
            0.14432454109191895,
            0.6119890213012695,
            0.11035704612731934,
            0.1215517520904541,
            0.14212894439697266,
            0.5818209648132324,
            0.10381650924682617,
            0.09882974624633789,
            0.13691496849060059,
            0.5392777919769287,
            0.11584162712097168,
            0.12411618232727051,
            0.14323902130126953,
            0.5551393032073975,
            0.11613059043884277,
            0.12535953521728516,
            0.1408100128173828,
            0.5806219577789307,
            0.11112570762634277,
            0.1256575584411621,
            0.15732812881469727,
            0.6868879795074463,
            0.12051987648010254,
            0.1139216423034668,
            0.14186620712280273,
            0.5656688213348389,
            0.13020062446594238,
            0.11235642433166504,
            0.15177369117736816,
            0.629941463470459,
            0.11177659034729004,
            0.12237119674682617,
            0.14243149757385254,
            0.565871000289917,
            0.12024998664855957,
            0.12218737602233887,
            0.1390514373779297,
            0.6120431423187256,
            0.11435866355895996,
            0.1287384033203125,
            0.15729975700378418,
            0.592780351638794,
            0.11305880546569824,
            0.1251363754272461,
            0.13936758041381836,
            0.5842530727386475,
            0.11948037147521973,
            0.11163067817687988,
            0.15707826614379883,
            0.5370802879333496,
            0.11509323120117188,
            0.13271689414978027,
            0.15140175819396973,
            0.5451209545135498,
            0.10617804527282715,
            0.11356616020202637,
            0.14382147789001465,
            0.5579547882080078,
            0.10988807678222656,
            0.1274712085723877,
            0.14620709419250488,
            0.5790839195251465,
            0.10889387130737305,
            0.14043235778808594,
            0.13970088958740234,
            0.5202362537384033,
            0.1064445972442627,
            0.0991823673248291,
            0.1362779140472412,
            0.581475019454956,
            0.11936712265014648,
            0.1273353099822998,
            0.13696932792663574,
            0.5471985340118408,
            0.10468268394470215,
            0.11783313751220703,
            0.1371617317199707,
            0.558910608291626,
            0.11156034469604492,
            0.12557411193847656,
            0.14415621757507324,
            0.5356810092926025,
            0.11140751838684082,
            0.12555932998657227,
            0.1487436294555664,
            0.5611364841461182,
            0.11942863464355469
        ],
        "fit_computation_times": [
            0.10813140869140625,
            0.10039305686950684,
            0.11006689071655273,
            0.11725330352783203,
            0.11076593399047852,
            0.11916494369506836,
            0.11345124244689941,
            0.11835289001464844
        ]
    },
    "elapsed": 39.396886348724365
}