{
    "tensor_name": "enron",
    "sampler": "efficient",
    "R": 75,
    "J": 1245184,
    "trial": 3,
    "preprocessing": "log_count",
    "initialization": "rrf",
    "max_iterations": 40,
    "stop_tolerance": 0.0001,
    "tensor_order": 4,
    "trace": {
        "iterations": [
            0,
            5,
            10,
            15,
            20,
            25,
            30,
            35,
            40
        ],
        "fits": [
            -15907267919851.43,
            0.13756908896141495,
            0.14348181447911168,
            0.1446515870686811,
            0.14519547546750222,
            0.14556039427734413,
            0.1457821086906549,
            0.1458948102201798,
            0.14610267043603598
        ],
        "update_times": [
            3.888493537902832,
            3.825477361679077,
            3.9062771797180176,
            4.267523527145386,
            3.654336452484131,
            4.127520322799683,
            3.886746644973755,
            4.181964874267578,
            3.6560215950012207,
            4.372323036193848,
            4.019381523132324,
            4.364779710769653,
            3.77194881439209,
            4.043294429779053,
            4.002624273300171,
            4.580359697341919,
            3.838637113571167,
            4.189465522766113,
            4.301992893218994,
            4.112260580062866,
            3.898102283477783,
            4.456070899963379,
            4.357940435409546,
            4.269026279449463,
            4.077498435974121,
            4.097712993621826,
            4.071022987365723,
            4.252640724182129,
            4.1299943923950195,
            4.535090684890747,
            4.272441387176514,
            4.423097133636475,
            3.701676368713379,
            4.063610076904297,
            4.127569198608398,
            4.013536214828491,
            3.6728644371032715,
            3.715912342071533,
            4.085662364959717,
            4.205665588378906,
            3.880305528640747,
            4.011917352676392,
            4.251608371734619,
            4.523515939712524,
            4.156471490859985,
            4.566546201705933,
            4.432147979736328,
            4.304739713668823,
            3.973543882369995,
            3.9631903171539307,
            4.253403663635254,
            4.094578742980957,
            3.752345085144043,
            3.82594633102417,
            4.002492666244507,
            4.096840858459473,
            3.7948992252349854,
            3.776792526245117,
            3.88905668258667,
            4.4486987590789795,
            3.765146493911743,
            4.129631042480469,
            3.934290647506714,
            4.028012037277222,
            3.719303846359253,
            3.8776867389678955,
            4.030114412307739,
            4.5906641483306885,
            4.2007575035095215,
            4.109177827835083,
            4.267331838607788,
            4.455646276473999,
            3.8500702381134033,
            4.299102306365967,
            3.72098708152771,
            4.0924601554870605,
            3.8052027225494385,
            3.9147746562957764,
            3.705393075942993,
            4.077093601226807,
            4.062244415283203,
            3.969576597213745,
            4.156874895095825,
            4.317686080932617,
            4.026553153991699,
            4.3271543979644775,
            4.218697786331177,
            4.610751390457153,
            4.108412742614746,
            4.108502388000488,
            3.9077975749969482,
            4.2742767333984375,
            3.9959683418273926,
            4.0672383308410645,
            3.82865834236145,
            4.363566637039185,
            3.7903640270233154,
            4.010228395462036,
            4.095641136169434,
            4.142222881317139,
            3.7678980827331543,
            3.8444416522979736,
            3.7390952110290527,
            4.057441711425781,
            3.644052267074585,
            3.681320905685425,
            4.0439207553863525,
            4.1124937534332275,
            3.754366636276245,
            3.794445753097534,
            4.0550537109375,
            4.140739917755127,
            3.8171050548553467,
            3.8272547721862793,
            3.905362129211426,
            4.188626289367676,
            3.9580490589141846,
            3.9788601398468018,
            3.920823812484741,
            4.101227283477783,
            3.6828434467315674,
            3.687926769256592,
            3.9249305725097656,
            4.130872011184692,
            3.7212672233581543,
            3.8815360069274902,
            4.143677711486816,
            4.266150712966919,
            3.8074188232421875,
            4.153843879699707,
            3.7990031242370605,
            4.011399984359741,
            3.6115658283233643,
            3.8542110919952393,
            4.139822006225586,
            4.099444389343262,
            3.824692964553833,
            3.9014956951141357,
            3.9391798973083496,
            4.184496879577637,
            3.818563461303711,
            3.9549901485443115,
            3.919534683227539,
            3.9530932903289795,
            3.7558186054229736,
            3.8220767974853516,
            3.7838306427001953,
            4.609791040420532,
            4.062383651733398,
            4.192194700241089,
            4.177586317062378,
            4.347403287887573,
            4.032496929168701,
            4.100736379623413,
            3.718679904937744,
            4.149860620498657,
            3.6556272506713867,
            3.7927801609039307,
            3.5846197605133057,
            3.962733745574951
        ],
        "fit_computation_times": [
            0.5342957973480225,
            0.5368976593017578,
            0.5824229717254639,
            0.5708804130554199,
            0.5575053691864014,
            0.5773234367370605,
            0.5734748840332031,
            0.5370550155639648
        ]
    },
    "elapsed": 649.9629166126251
}