{
    "tensor_name": "enron",
    "sampler": "efficient",
    "R": 25,
    "J": 1245184,
    "trial": 0,
    "preprocessing": "log_count",
    "initialization": "rrf",
    "max_iterations": 40,
    "stop_tolerance": 0.0001,
    "tensor_order": 4,
    "trace": {
        "iterations": [
            0,
            5,
            10,
            15,
            20,
            25,
            30,
            35,
            40
        ],
        "fits": [
            -8105412794716.096,
            0.0901020729572688,
            0.09245281716848441,
            0.09382473385906709,
            0.09400779091162204,
            0.09415453516514682,
            0.09426515549372982,
            0.09431959764074249,
            0.09434800259183085
        ],
        "update_times": [
            0.693068265914917,
            0.7088732719421387,
            0.8372855186462402,
            0.8657927513122559,
            0.7992739677429199,
            0.775749921798706,
            0.9823522567749023,
            0.7960309982299805,
            0.7859036922454834,
            0.7119193077087402,
            0.9225189685821533,
            0.7912178039550781,
            0.7627360820770264,
            0.6699061393737793,
            0.8694407939910889,
            0.8356122970581055,
            0.839364767074585,
            0.8401932716369629,
            0.8762831687927246,
            1.1252572536468506,
            0.708510160446167,
            0.6717276573181152,
            0.8297269344329834,
            0.7906162738800049,
            0.8485281467437744,
            0.7457561492919922,
            0.8695614337921143,
            0.753068208694458,
            0.732032299041748,
            0.6882896423339844,
            0.7768113613128662,
            0.7520818710327148,
            0.8029069900512695,
            0.7570044994354248,
            0.8223254680633545,
            0.7784457206726074,
            0.8397414684295654,
            0.7796337604522705,
            0.9911596775054932,
            0.8338675498962402,
            0.8060910701751709,
            0.7419347763061523,
            0.8738107681274414,
            0.866828441619873,
            0.7876510620117188,
            0.8485994338989258,
            0.9193410873413086,
            0.8000586032867432,
            0.8076474666595459,
            0.7354905605316162,
            0.9163281917572021,
            0.9578976631164551,
            0.8286488056182861,
            0.7871847152709961,
            0.9062206745147705,
            0.7877676486968994,
            0.7684383392333984,
            0.7052257061004639,
            0.8073329925537109,
            0.7650365829467773,
            0.7264993190765381,
            0.6882901191711426,
            0.805891752243042,
            0.7312524318695068,
            0.8589212894439697,
            0.7791564464569092,
            0.9300887584686279,
            0.786935567855835,
            0.8141937255859375,
            0.7433934211730957,
            0.9080820083618164,
            0.8429791927337646,
            0.764279842376709,
            0.7416586875915527,
            0.8967158794403076,
            0.768435001373291,
            0.7812793254852295,
            0.7627050876617432,
            0.8606142997741699,
            0.7913000583648682,
            0.7717492580413818,
            0.693669319152832,
            0.8715269565582275,
            0.7737438678741455,
            0.7499783039093018,
            0.6944952011108398,
            0.9030613899230957,
            0.783653974533081,
            0.7515361309051514,
            0.695192813873291,
            0.8341450691223145,
            0.8686404228210449,
            0.8320748805999756,
            0.7782998085021973,
            0.9238560199737549,
            0.933607816696167,
            0.8975522518157959,
            0.7682087421417236,
            0.9284181594848633,
            0.9382133483886719,
            0.8474099636077881,
            0.7703537940979004,
            0.8575775623321533,
            1.0039186477661133,
            0.9273397922515869,
            0.8585033416748047,
            1.015547752380371,
            0.9357240200042725,
            0.8442089557647705,
            0.8354146480560303,
            0.9262382984161377,
            1.1028163433074951,
            0.9456140995025635,
            0.9676492214202881,
            1.0238921642303467,
            1.0573005676269531,
            0.8834986686706543,
            0.9207947254180908,
            1.088099718093872,
            0.9384980201721191,
            0.9054758548736572,
            0.8434393405914307,
            0.9699254035949707,
            0.8727555274963379,
            0.831916093826294,
            0.8559935092926025,
            0.9542806148529053,
            1.0016882419586182,
            0.8776686191558838,
            0.8736426830291748,
            0.884087324142456,
            0.9477889537811279,
            0.8444013595581055,
            0.7237381935119629,
            0.8908605575561523,
            0.746328592300415,
            0.7382042407989502,
            0.7827365398406982,
            0.842735767364502,
            0.8119611740112305,
            0.7138221263885498,
            0.7659268379211426,
            0.8749532699584961,
            0.9404213428497314,
            0.8209178447723389,
            0.993441104888916,
            0.8320627212524414,
            0.7711179256439209,
            0.7781474590301514,
            0.727449893951416,
            0.7917745113372803,
            0.7336969375610352,
            0.7463376522064209,
            0.8266799449920654,
            0.8619353771209717,
            0.7763073444366455,
            0.7671997547149658,
            0.7224128246307373,
            0.9197161197662354,
            0.7851850986480713
        ],
        "fit_computation_times": [
            0.08252167701721191,
            0.07642412185668945,
            0.08508872985839844,
            0.07139849662780762,
            0.07765078544616699,
            0.09300494194030762,
            0.08697319030761719,
            0.08086657524108887
        ]
    },
    "elapsed": 133.90880966186523
}