{
    "tensor_name": "enron",
    "sampler": "larsen_kolda_hybrid",
    "R": 100,
    "J": 655360,
    "trial": 0,
    "preprocessing": "log_count",
    "initialization": "rrf",
    "max_iterations": 40,
    "stop_tolerance": 0.0001,
    "tensor_order": 4,
    "trace": {
        "iterations": [
            0,
            5,
            10,
            15,
            20,
            25,
            30,
            35,
            40
        ],
        "fits": [
            -17753503398994.934,
            0.13358168968597273,
            0.13811386344213517,
            0.1319235561460549,
            0.13929676286063652,
            0.13736882677704743,
            0.14242769492522012,
            0.1401282498515063,
            0.1428217971395428
        ],
        "update_times": [
            0.2407996654510498,
            0.22581791877746582,
            0.5036993026733398,
            0.2086930274963379,
            0.2239971160888672,
            0.2371070384979248,
            0.8033936023712158,
            0.21799516677856445,
            0.2467660903930664,
            0.25459980964660645,
            0.812136173248291,
            0.23587775230407715,
            0.2596452236175537,
            0.2541959285736084,
            0.8262369632720947,
            0.2453594207763672,
            0.2601277828216553,
            0.2623884677886963,
            0.94956374168396,
            0.2357172966003418,
            0.3324146270751953,
            0.24697232246398926,
            0.8590717315673828,
            0.21683192253112793,
            0.2466447353363037,
            0.24218392372131348,
            0.8209631443023682,
            0.22974872589111328,
            0.2570152282714844,
            0.23903346061706543,
            0.9812440872192383,
            0.2120530605316162,
            0.23025226593017578,
            0.23332858085632324,
            0.8388392925262451,
            0.2109222412109375,
            0.2340073585510254,
            0.2390754222869873,
            0.9347074031829834,
            0.2133336067199707,
            0.23505020141601562,
            0.24423432350158691,
            0.9081845283508301,
            0.2151181697845459,
            0.23960494995117188,
            0.22800850868225098,
            0.8526606559753418,
            0.21824955940246582,
            0.2522745132446289,
            0.2706789970397949,
            1.057147741317749,
            0.21857976913452148,
            0.234483003616333,
            0.26349902153015137,
            0.9339773654937744,
            0.221144437789917,
            0.23590302467346191,
            0.24643492698669434,
            1.0516376495361328,
            0.21554279327392578,
            0.2421739101409912,
            0.24489092826843262,
            0.9915726184844971,
            0.20431208610534668,
            0.24242949485778809,
            0.25979161262512207,
            1.0713446140289307,
            0.22034382820129395,
            0.24123740196228027,
            0.23908782005310059,
            0.8678407669067383,
            0.22040009498596191,
            0.2628803253173828,
            0.26674866676330566,
            1.04530930519104,
            0.22556328773498535,
            0.2549450397491455,
            0.2686319351196289,
            0.9611153602600098,
            0.213059663772583,
            0.2359161376953125,
            0.25758790969848633,
            0.9928405284881592,
            0.21794724464416504,
            0.26507115364074707,
            0.23744559288024902,
            0.9404571056365967,
            0.21306324005126953,
            0.2334904670715332,
            0.2438948154449463,
            1.1083457469940186,
            0.22149658203125,
            0.2424330711364746,
            0.24709868431091309,
            1.0534982681274414,
            0.22486567497253418,
            0.2382340431213379,
            0.25463342666625977,
            0.9225287437438965,
            0.23706531524658203,
            0.23369646072387695,
            0.24694538116455078,
            0.8691141605377197,
            0.2227160930633545,
            0.24418997764587402,
            0.2638590335845947,
            1.0978498458862305,
            0.2241983413696289,
            0.24199938774108887,
            0.25516581535339355,
            1.0907764434814453,
            0.22721457481384277,
            0.26142239570617676,
            0.255570650100708,
            1.119830846786499,
            0.22641205787658691,
            0.25414395332336426,
            0.2527775764465332,
            1.0962836742401123,
            0.21515941619873047,
            0.2415623664855957,
            0.24387121200561523,
            0.9225080013275146,
            0.2417159080505371,
            0.2636997699737549,
            0.2526583671569824,
            0.9355759620666504,
            0.22903800010681152,
            0.25225114822387695,
            0.25452113151550293,
            1.0007145404815674,
            0.22751975059509277,
            0.23978805541992188,
            0.24221372604370117,
            1.0651869773864746,
            0.22835421562194824,
            0.26146531105041504,
            0.2720451354980469,
            0.8342549800872803,
            0.2350308895111084,
            0.24282383918762207,
            0.28545546531677246,
            0.992469310760498,
            0.23283052444458008,
            0.2512373924255371,
            0.26305341720581055,
            0.8411357402801514,
            0.24057483673095703,
            0.2523503303527832,
            0.2741718292236328,
            0.8481261730194092,
            0.24061059951782227,
            0.2592580318450928,
            0.2693295478820801,
            1.1879150867462158,
            0.23364901542663574,
            0.2650620937347412,
            0.27677464485168457,
            0.9457147121429443,
            0.2308187484741211
        ],
        "fit_computation_times": [
            0.6940124034881592,
            0.7560651302337646,
            0.7687051296234131,
            0.7282052040100098,
            0.72365403175354,
            0.7342948913574219,
            0.7153682708740234,
            0.7435071468353271
        ]
    },
    "elapsed": 73.72694540023804
}