{
    "tensor_name": "enron",
    "sampler": "larsen_kolda_hybrid",
    "R": 75,
    "J": 32768,
    "trial": 0,
    "preprocessing": "log_count",
    "initialization": "rrf",
    "max_iterations": 40,
    "stop_tolerance": 0.0001,
    "tensor_order": 4,
    "trace": {
        "iterations": [
            0,
            5,
            10,
            15,
            20,
            25,
            30,
            35,
            40
        ],
        "fits": [
            -15411146030579.889,
            -1.2005321855996112,
            0.05014497541536933,
            0.056410906103638636,
            0.06015415188639295,
            0.06195066001193794,
            0.05860091386023858,
            0.05299836347809406,
            0.05052212513871046
        ],
        "update_times": [
            0.03947257995605469,
            0.025841951370239258,
            0.11002230644226074,
            0.01525568962097168,
            0.020730257034301758,
            0.03200674057006836,
            0.11888241767883301,
            0.01660442352294922,
            0.0203554630279541,
            0.024498939514160156,
            0.10814476013183594,
            0.015705108642578125,
            0.022047042846679688,
            0.020455360412597656,
            0.10463666915893555,
            0.01620316505432129,
            0.020398378372192383,
            0.021744728088378906,
            0.08913779258728027,
            0.017620086669921875,
            0.01760077476501465,
            0.022587060928344727,
            0.12257599830627441,
            0.016344308853149414,
            0.07405281066894531,
            0.02618098258972168,
            0.11481308937072754,
            0.016129493713378906,
            0.020641803741455078,
            0.02086043357849121,
            0.11674141883850098,
            0.016408920288085938,
            0.02097463607788086,
            0.020856857299804688,
            0.11600065231323242,
            0.017038345336914062,
            0.022243261337280273,
            0.022487163543701172,
            0.12192177772521973,
            0.016103267669677734,
            0.029713153839111328,
            0.024924278259277344,
            0.13537049293518066,
            0.018457889556884766,
            0.022518157958984375,
            0.02374577522277832,
            0.10540890693664551,
            0.01676654815673828,
            0.022620201110839844,
            0.02659749984741211,
            0.11196136474609375,
            0.016800403594970703,
            0.021927595138549805,
            0.022393465042114258,
            0.12662410736083984,
            0.016214609146118164,
            0.023468017578125,
            0.022762537002563477,
            0.10691070556640625,
            0.01818060874938965,
            0.026035308837890625,
            0.02444744110107422,
            0.12699007987976074,
            0.01665353775024414,
            0.02171468734741211,
            0.022954702377319336,
            0.11212635040283203,
            0.018360376358032227,
            0.022280454635620117,
            0.022011518478393555,
            0.14406943321228027,
            0.01750946044921875,
            0.021824121475219727,
            0.023959875106811523,
            0.12589645385742188,
            0.016422510147094727,
            0.0210723876953125,
            0.019827842712402344,
            0.1217658519744873,
            0.016834497451782227,
            0.01697707176208496,
            0.021033287048339844,
            0.1249849796295166,
            0.016170740127563477,
            0.019613981246948242,
            0.020228862762451172,
            0.1161503791809082,
            0.01567983627319336,
            0.019791364669799805,
            0.020748376846313477,
            0.11597633361816406,
            0.0170290470123291,
            0.020093202590942383,
            0.0205233097076416,
            0.10366463661193848,
            0.01685357093811035,
            0.021097898483276367,
            0.021012067794799805,
            0.11336898803710938,
            0.016363859176635742,
            0.018930435180664062,
            0.038866519927978516,
            0.1308307647705078,
            0.01781439781188965,
            0.02246713638305664,
            0.023083925247192383,
            0.12285447120666504,
            0.017803668975830078,
            0.022667646408081055,
            0.02366018295288086,
            0.11786651611328125,
            0.017752408981323242,
            0.022558212280273438,
            0.023879289627075195,
            0.1222684383392334,
            0.017516613006591797,
            0.022954463958740234,
            0.022669076919555664,
            0.10970830917358398,
            0.01787424087524414,
            0.025120973587036133,
            0.024614334106445312,
            0.1437375545501709,
            0.01591348648071289,
            0.02091193199157715,
            0.02209186553955078,
            0.11910510063171387,
            0.019247770309448242,
            0.022570371627807617,
            0.024345874786376953,
            0.1088254451751709,
            0.019534826278686523,
            0.022646188735961914,
            0.023934602737426758,
            0.10527873039245605,
            0.017198562622070312,
            0.021994829177856445,
            0.023710012435913086,
            0.12788820266723633,
            0.017448902130126953,
            0.01844477653503418,
            0.025010347366333008,
            0.12511277198791504,
            0.019492387771606445,
            0.022923946380615234,
            0.02257847785949707,
            0.09649658203125,
            0.01698589324951172,
            0.022417783737182617,
            0.023930072784423828,
            0.11907839775085449,
            0.019140958786010742,
            0.02405571937561035,
            0.022098779678344727,
            0.12408304214477539,
            0.016927719116210938,
            0.021740198135375977,
            0.020608901977539062,
            0.11094164848327637,
            0.018695592880249023
        ],
        "fit_computation_times": [
            0.534752607345581,
            0.5400002002716064,
            0.5468437671661377,
            0.5453109741210938,
            0.5436229705810547,
            0.5381729602813721,
            0.5474820137023926,
            0.5487420558929443
        ]
    },
    "elapsed": 12.226857900619507
}