{
    "tensor_name": "enron",
    "sampler": "efficient",
    "R": 50,
    "J": 229376,
    "trial": 1,
    "preprocessing": "log_count",
    "initialization": "rrf",
    "max_iterations": 40,
    "stop_tolerance": 0.0001,
    "tensor_order": 4,
    "trace": {
        "iterations": [
            0,
            5,
            10,
            15,
            20,
            25,
            30,
            35,
            40
        ],
        "fits": [
            -12607743163624.898,
            0.11545227602716446,
            0.11870968689039596,
            0.11933822245514114,
            0.11973167512465699,
            0.11961921783113261,
            0.12004877676851333,
            0.12017386988172896,
            0.12026085440628054
        ],
        "update_times": [
            0.3117532730102539,
            0.3238961696624756,
            0.6814205646514893,
            0.3244004249572754,
            0.34176087379455566,
            0.33505797386169434,
            0.7951507568359375,
            0.3527219295501709,
            0.3269791603088379,
            0.35862255096435547,
            0.8428254127502441,
            0.3928060531616211,
            0.33133363723754883,
            0.3474264144897461,
            0.7072267532348633,
            0.3773825168609619,
            0.3270087242126465,
            0.3524632453918457,
            0.737994909286499,
            0.3647756576538086,
            0.2961258888244629,
            0.4191555976867676,
            0.7555577754974365,
            0.36492490768432617,
            0.3268735408782959,
            0.36567211151123047,
            0.7172069549560547,
            0.3614819049835205,
            0.31449413299560547,
            0.4480702877044678,
            0.8168878555297852,
            0.3540918827056885,
            0.3331475257873535,
            0.3820459842681885,
            0.8127689361572266,
            0.3670029640197754,
            0.3208000659942627,
            0.34734177589416504,
            0.8196213245391846,
            0.34930968284606934,
            0.30492448806762695,
            0.35941624641418457,
            0.7243895530700684,
            0.35582661628723145,
            0.3290395736694336,
            0.3820164203643799,
            0.6910827159881592,
            0.36300182342529297,
            0.3402712345123291,
            0.379199743270874,
            0.8757588863372803,
            0.3883693218231201,
            0.3528127670288086,
            0.3769106864929199,
            0.7596349716186523,
            0.34668540954589844,
            0.3335423469543457,
            0.36775684356689453,
            0.7512304782867432,
            0.3601405620574951,
            0.3001265525817871,
            0.3616156578063965,
            0.7995274066925049,
            0.377485990524292,
            0.34241461753845215,
            0.3681762218475342,
            0.8380696773529053,
            0.3672654628753662,
            0.33363938331604004,
            0.3731386661529541,
            0.8507933616638184,
            0.38236546516418457,
            0.32406020164489746,
            0.34862256050109863,
            0.7645766735076904,
            0.3642456531524658,
            0.31755542755126953,
            0.36371755599975586,
            0.7153596878051758,
            0.35178399085998535,
            0.3025052547454834,
            0.337749719619751,
            0.7620012760162354,
            0.3671846389770508,
            0.3389866352081299,
            0.34226512908935547,
            0.8512732982635498,
            0.3843047618865967,
            0.3332254886627197,
            0.3535652160644531,
            0.7256684303283691,
            0.3563222885131836,
            0.32816004753112793,
            0.3622133731842041,
            0.7132477760314941,
            0.3739640712738037,
            0.31679534912109375,
            0.33692240715026855,
            0.7140340805053711,
            0.3657984733581543,
            0.31029605865478516,
            0.3833177089691162,
            0.8227150440216064,
            0.38768720626831055,
            0.3420732021331787,
            0.3711583614349365,
            0.818305492401123,
            0.38306593894958496,
            0.373366117477417,
            0.3842792510986328,
            0.8182272911071777,
            0.39011621475219727,
            0.35681915283203125,
            0.37778353691101074,
            0.6675591468811035,
            0.3834843635559082,
            0.3567211627960205,
            0.36156129837036133,
            0.7166926860809326,
            0.38019824028015137,
            0.3142886161804199,
            0.3734114170074463,
            0.6377220153808594,
            0.3912014961242676,
            0.35405874252319336,
            0.3678290843963623,
            0.7161214351654053,
            0.3665173053741455,
            0.3778116703033447,
            0.38214564323425293,
            0.8531594276428223,
            0.37388014793395996,
            0.35140442848205566,
            0.3724048137664795,
            0.8628413677215576,
            0.3942408561706543,
            0.35670900344848633,
            0.3935239315032959,
            0.8519880771636963,
            0.3966958522796631,
            0.32482314109802246,
            0.37431883811950684,
            0.883333683013916,
            0.45378923416137695,
            0.3362410068511963,
            0.36219286918640137,
            0.8368761539459229,
            0.3705611228942871,
            0.34519457817077637,
            0.37302494049072266,
            0.6912014484405518,
            0.3670635223388672,
            0.3301560878753662,
            0.35315632820129395,
            0.6896729469299316,
            0.3620293140411377,
            0.32325315475463867,
            0.3616194725036621,
            0.6972270011901855,
            0.38512635231018066
        ],
        "fit_computation_times": [
            0.34236645698547363,
            0.31905198097229004,
            0.3459186553955078,
            0.3253474235534668,
            0.3193843364715576,
            0.3180663585662842,
            0.3113856315612793,
            0.30034351348876953
        ]
    },
    "elapsed": 76.57973027229309
}