{
    "tensor_name": "enron",
    "sampler": "larsen_kolda_hybrid",
    "R": 75,
    "J": 1638400,
    "trial": 2,
    "preprocessing": "log_count",
    "initialization": "rrf",
    "max_iterations": 40,
    "stop_tolerance": 0.0001,
    "tensor_order": 4,
    "trace": {
        "iterations": [
            0,
            5,
            10,
            15,
            20,
            25,
            30,
            35,
            40
        ],
        "fits": [
            -16164071788111.342,
            0.13421018187966793,
            0.1376200160616341,
            0.13855845833772829,
            0.13864525707703013,
            0.1388374963530562,
            0.13948379078250273,
            0.1390016527003748,
            0.13994476725079674
        ],
        "update_times": [
            0.4375746250152588,
            0.438232421875,
            1.0846641063690186,
            0.42389869689941406,
            0.43045735359191895,
            0.4538295269012451,
            1.477276086807251,
            0.43073606491088867,
            0.4526546001434326,
            0.4389686584472656,
            1.4247734546661377,
            0.42366790771484375,
            0.4314589500427246,
            0.4692957401275635,
            1.6021575927734375,
            0.43125104904174805,
            0.427659273147583,
            0.46308231353759766,
            1.4855561256408691,
            0.41832756996154785,
            0.4290003776550293,
            0.48798584938049316,
            1.7369425296783447,
            0.45834922790527344,
            0.461101770401001,
            0.48748040199279785,
            1.6540796756744385,
            0.4409918785095215,
            0.45048069953918457,
            0.4682891368865967,
            1.764014482498169,
            0.4471306800842285,
            0.4606750011444092,
            0.4894099235534668,
            1.6900734901428223,
            0.4380345344543457,
            0.4545867443084717,
            0.47393107414245605,
            1.4551961421966553,
            0.45020318031311035,
            0.4426999092102051,
            0.48240113258361816,
            1.582322597503662,
            0.41996073722839355,
            0.4403190612792969,
            0.45258545875549316,
            1.5765273571014404,
            0.4447510242462158,
            0.45552659034729004,
            0.46907544136047363,
            1.6976161003112793,
            0.43721532821655273,
            0.45139217376708984,
            0.4669661521911621,
            1.5681731700897217,
            0.46170592308044434,
            0.45454907417297363,
            0.46613097190856934,
            1.7881498336791992,
            0.44063448905944824,
            0.450054407119751,
            0.4570753574371338,
            1.4077200889587402,
            0.4625821113586426,
            0.45091795921325684,
            0.47579288482666016,
            1.8054990768432617,
            0.4407534599304199,
            0.45640110969543457,
            0.468355655670166,
            1.6586790084838867,
            0.44002604484558105,
            0.45510196685791016,
            0.4799528121948242,
            1.6448476314544678,
            0.44115447998046875,
            0.43431758880615234,
            0.44521617889404297,
            1.6741528511047363,
            0.4308292865753174,
            0.44022440910339355,
            0.47342729568481445,
            1.6586623191833496,
            0.45189714431762695,
            0.450592041015625,
            0.48052501678466797,
            1.515305757522583,
            0.4162616729736328,
            0.4415884017944336,
            0.4571962356567383,
            1.40523362159729,
            0.4249725341796875,
            0.4294009208679199,
            0.48900794982910156,
            1.4365906715393066,
            0.43470335006713867,
            0.4291365146636963,
            0.48102736473083496,
            1.6795570850372314,
            0.4649238586425781,
            0.44818782806396484,
            0.47948479652404785,
            1.38688325881958,
            0.456390380859375,
            0.4544997215270996,
            0.4976928234100342,
            1.6497082710266113,
            0.46384549140930176,
            0.478557825088501,
            0.47632479667663574,
            1.6122407913208008,
            0.45407581329345703,
            0.45655393600463867,
            0.48363685607910156,
            1.4259910583496094,
            0.4527719020843506,
            0.4537351131439209,
            0.49443697929382324,
            1.527482271194458,
            0.4544789791107178,
            0.44080090522766113,
            0.47964000701904297,
            1.6147010326385498,
            0.43352842330932617,
            0.45771241188049316,
            0.4820261001586914,
            1.629302978515625,
            0.44235754013061523,
            0.43928003311157227,
            0.4617898464202881,
            1.804853916168213,
            0.4281802177429199,
            0.4390857219696045,
            0.46476078033447266,
            1.6246974468231201,
            0.4420623779296875,
            0.41759705543518066,
            0.45702695846557617,
            1.751885175704956,
            0.4282112121582031,
            0.426896333694458,
            0.46501636505126953,
            1.649500846862793,
            0.44922351837158203,
            0.4365684986114502,
            0.4513132572174072,
            1.6605303287506104,
            0.4209415912628174,
            0.41819190979003906,
            0.44107580184936523,
            1.4931395053863525,
            0.43338513374328613,
            0.44185471534729004,
            0.4582245349884033,
            1.4140820503234863,
            0.4269063472747803,
            0.44448256492614746,
            0.4840373992919922,
            1.590421199798584,
            0.46793603897094727
        ],
        "fit_computation_times": [
            0.5227453708648682,
            0.5206878185272217,
            0.5301954746246338,
            0.49978041648864746,
            0.5049886703491211,
            0.5390899181365967,
            0.5543360710144043,
            0.5292184352874756
        ]
    },
    "elapsed": 122.30129742622375
}