{
    "tensor_name": "enron",
    "sampler": "efficient",
    "R": 75,
    "J": 1245184,
    "trial": 1,
    "preprocessing": "log_count",
    "initialization": "rrf",
    "max_iterations": 40,
    "stop_tolerance": 0.0001,
    "tensor_order": 4,
    "trace": {
        "iterations": [
            0,
            5,
            10,
            15,
            20,
            25,
            30,
            35,
            40
        ],
        "fits": [
            -16464776935029.637,
            0.13963003949814612,
            0.1421508762012138,
            0.14308236088170678,
            0.14362369353097182,
            0.14395440147374616,
            0.14423073707477152,
            0.1444341226539103,
            0.14459995806812498
        ],
        "update_times": [
            3.708102226257324,
            3.784881114959717,
            3.89890718460083,
            4.240994215011597,
            3.668428659439087,
            3.628300905227661,
            3.76780366897583,
            4.108469724655151,
            3.6785690784454346,
            3.7951931953430176,
            3.9654314517974854,
            4.225781440734863,
            3.895338773727417,
            4.439254283905029,
            4.566676378250122,
            4.241985082626343,
            3.9521543979644775,
            3.6557254791259766,
            3.6940982341766357,
            4.017697095870972,
            3.7337284088134766,
            3.711808919906616,
            3.762476921081543,
            4.419439315795898,
            4.557577610015869,
            3.776871919631958,
            3.8533363342285156,
            4.1726014614105225,
            3.991804361343384,
            3.815884590148926,
            3.839071273803711,
            4.106659889221191,
            3.9374518394470215,
            3.899597406387329,
            4.1305766105651855,
            4.331141471862793,
            3.8410823345184326,
            3.880138635635376,
            3.789055347442627,
            4.198909044265747,
            3.8338189125061035,
            3.773674249649048,
            3.87988543510437,
            4.148834705352783,
            3.7251663208007812,
            3.77262806892395,
            3.885944128036499,
            4.0741493701934814,
            3.671144962310791,
            3.7850639820098877,
            3.915522575378418,
            4.000427007675171,
            3.925058126449585,
            3.8268167972564697,
            3.99847412109375,
            4.248782634735107,
            3.8942182064056396,
            3.7373077869415283,
            3.9562149047851562,
            4.062138795852661,
            4.193676233291626,
            3.6666650772094727,
            4.216994047164917,
            4.313270807266235,
            4.169758558273315,
            4.123026609420776,
            3.75770902633667,
            4.182176351547241,
            3.93760347366333,
            3.792444944381714,
            3.763761043548584,
            4.069044589996338,
            3.80006742477417,
            3.6871702671051025,
            3.9675049781799316,
            4.494640111923218,
            3.6777734756469727,
            3.657470703125,
            3.8782131671905518,
            4.04390025138855,
            3.8541183471679688,
            3.7402095794677734,
            3.6375951766967773,
            4.095617294311523,
            4.00776743888855,
            3.732226610183716,
            3.792135715484619,
            4.125298261642456,
            3.813063144683838,
            3.9361190795898438,
            3.7139906883239746,
            4.166953802108765,
            3.8714277744293213,
            3.8052613735198975,
            3.9040744304656982,
            4.149914026260376,
            3.9214730262756348,
            3.7219059467315674,
            4.519060134887695,
            4.4775073528289795,
            3.801231622695923,
            3.5613090991973877,
            3.6103532314300537,
            4.024304628372192,
            3.787832736968994,
            3.694551467895508,
            3.6872642040252686,
            4.144693613052368,
            3.8387396335601807,
            3.868105173110962,
            3.7353639602661133,
            4.305765628814697,
            3.925433397293091,
            3.710714817047119,
            3.851513624191284,
            4.440137147903442,
            4.07199239730835,
            3.9799811840057373,
            3.959843873977661,
            4.213522911071777,
            4.51410984992981,
            4.0023417472839355,
            3.855243444442749,
            4.164289236068726,
            3.895495891571045,
            3.845266580581665,
            4.02791953086853,
            4.118085622787476,
            3.7589595317840576,
            4.117926597595215,
            3.8411428928375244,
            4.004417419433594,
            3.7831037044525146,
            3.9425718784332275,
            3.8407235145568848,
            4.2830376625061035,
            4.072906255722046,
            4.0153937339782715,
            4.27416467666626,
            4.526724576950073,
            3.9793612957000732,
            3.8890089988708496,
            3.8021628856658936,
            4.284790277481079,
            3.818687915802002,
            3.9874913692474365,
            4.006163120269775,
            4.245500802993774,
            3.6978485584259033,
            3.830036163330078,
            3.910905122756958,
            4.401047706604004,
            4.191763877868652,
            4.1565186977386475,
            4.48684024810791,
            4.362560510635376,
            4.0227673053741455,
            4.229430675506592,
            4.483033180236816,
            4.846501588821411
        ],
        "fit_computation_times": [
            0.5731291770935059,
            0.5669443607330322,
            0.5974047183990479,
            0.5894873142242432,
            0.5786535739898682,
            0.5705201625823975,
            0.555617094039917,
            0.5863509178161621
        ]
    },
    "elapsed": 642.0941576957703
}