{
    "tensor_name": "enron",
    "sampler": "efficient",
    "R": 25,
    "J": 131072,
    "trial": 2,
    "preprocessing": "log_count",
    "initialization": "rrf",
    "max_iterations": 40,
    "stop_tolerance": 0.0001,
    "tensor_order": 4,
    "trace": {
        "iterations": [
            0,
            5,
            10,
            15,
            20,
            25,
            30,
            35,
            40
        ],
        "fits": [
            -8496763593077.905,
            0.09171673333695285,
            0.09533094591533686,
            0.09602007107976329,
            0.09669939869071276,
            0.09713404123843172,
            0.09745313316310045,
            0.09752687654830328,
            0.09755709033080784
        ],
        "update_times": [
            0.08899784088134766,
            0.08846259117126465,
            0.19273018836975098,
            0.10856842994689941,
            0.11213517189025879,
            0.13323259353637695,
            0.2908177375793457,
            0.10893416404724121,
            0.12083053588867188,
            0.14598751068115234,
            0.30702686309814453,
            0.1150369644165039,
            0.10132312774658203,
            0.133345365524292,
            0.3608825206756592,
            0.1154332160949707,
            0.10289192199707031,
            0.13681888580322266,
            0.3067619800567627,
            0.11388421058654785,
            0.09306526184082031,
            0.13799619674682617,
            0.3129463195800781,
            0.11325883865356445,
            0.11843204498291016,
            0.131439208984375,
            0.30535888671875,
            0.12562251091003418,
            0.09483051300048828,
            0.12410926818847656,
            0.3009011745452881,
            0.1125633716583252,
            0.10580182075500488,
            0.13091063499450684,
            0.3062441349029541,
            0.12102317810058594,
            0.09960532188415527,
            0.13436198234558105,
            0.30179834365844727,
            0.10927939414978027,
            0.0905156135559082,
            0.128159761428833,
            0.31342554092407227,
            0.11176490783691406,
            0.10001254081726074,
            0.13233351707458496,
            0.2834630012512207,
            0.1405014991760254,
            0.10104727745056152,
            0.13103795051574707,
            0.29552221298217773,
            0.11765217781066895,
            0.12135028839111328,
            0.14487195014953613,
            0.2748408317565918,
            0.12932085990905762,
            0.10351896286010742,
            0.13799118995666504,
            0.27721309661865234,
            0.1283884048461914,
            0.0941617488861084,
            0.1390085220336914,
            0.27657175064086914,
            0.13112640380859375,
            0.10910344123840332,
            0.1332089900970459,
            0.36080455780029297,
            0.13790464401245117,
            0.09414291381835938,
            0.12904691696166992,
            0.37305140495300293,
            0.13492035865783691,
            0.10143494606018066,
            0.1387922763824463,
            0.2967514991760254,
            0.11335396766662598,
            0.10350346565246582,
            0.13913512229919434,
            0.29956912994384766,
            0.12132668495178223,
            0.09584212303161621,
            0.13134479522705078,
            0.3022952079772949,
            0.11836671829223633,
            0.1027677059173584,
            0.13944435119628906,
            0.29381394386291504,
            0.12905383110046387,
            0.10141324996948242,
            0.13800048828125,
            0.28758978843688965,
            0.11201667785644531,
            0.11123132705688477,
            0.13211727142333984,
            0.29100465774536133,
            0.11513113975524902,
            0.10483956336975098,
            0.1308119297027588,
            0.2952287197113037,
            0.11373567581176758,
            0.09814858436584473,
            0.1348421573638916,
            0.2740654945373535,
            0.12723493576049805,
            0.10175442695617676,
            0.13032245635986328,
            0.2802751064300537,
            0.1103658676147461,
            0.10438060760498047,
            0.13037395477294922,
            0.2884833812713623,
            0.11152124404907227,
            0.10385608673095703,
            0.1404109001159668,
            0.28397202491760254,
            0.11750912666320801,
            0.09952521324157715,
            0.127593994140625,
            0.2718639373779297,
            0.11280703544616699,
            0.09969854354858398,
            0.13014721870422363,
            0.28313136100769043,
            0.12099575996398926,
            0.1029505729675293,
            0.13595986366271973,
            0.2903914451599121,
            0.11881089210510254,
            0.10124564170837402,
            0.13292193412780762,
            0.29445695877075195,
            0.11621594429016113,
            0.10235452651977539,
            0.13450193405151367,
            0.30353569984436035,
            0.10799217224121094,
            0.09953808784484863,
            0.13375639915466309,
            0.2920982837677002,
            0.10949134826660156,
            0.09218811988830566,
            0.14655184745788574,
            0.29945874214172363,
            0.11239099502563477,
            0.10157918930053711,
            0.1401662826538086,
            0.3074154853820801,
            0.11647653579711914,
            0.10074949264526367,
            0.1350102424621582,
            0.30172133445739746,
            0.10820817947387695,
            0.09903955459594727,
            0.13717961311340332,
            0.3064422607421875,
            0.11090993881225586,
            0.1002039909362793,
            0.13484883308410645,
            0.2914726734161377,
            0.11073565483093262
        ],
        "fit_computation_times": [
            0.06998038291931152,
            0.06650066375732422,
            0.0724635124206543,
            0.06895589828491211,
            0.07252788543701172,
            0.06996917724609375,
            0.07226848602294922,
            0.06887698173522949
        ]
    },
    "elapsed": 26.65392827987671
}