{
    "tensor_name": "enron",
    "sampler": "efficient",
    "R": 75,
    "J": 851968,
    "trial": 2,
    "preprocessing": "log_count",
    "initialization": "rrf",
    "max_iterations": 40,
    "stop_tolerance": 0.0001,
    "tensor_order": 4,
    "trace": {
        "iterations": [
            0,
            5,
            10,
            15,
            20,
            25,
            30,
            35,
            40
        ],
        "fits": [
            -15630220519439.215,
            0.14090952714696103,
            0.14571640589136914,
            0.14690388050232162,
            0.14755017123636882,
            0.1479013401493633,
            0.14811914618352462,
            0.14828786971136743,
            0.14840309843453836
        ],
        "update_times": [
            2.3423333168029785,
            2.408766746520996,
            2.765726089477539,
            2.7111964225769043,
            2.3502020835876465,
            2.473316192626953,
            2.8833529949188232,
            2.8011527061462402,
            2.4231505393981934,
            2.623777151107788,
            2.8551251888275146,
            2.9153823852539062,
            2.5728023052215576,
            2.940066337585449,
            3.2388272285461426,
            2.8532509803771973,
            2.543220043182373,
            2.7291059494018555,
            3.029449939727783,
            2.9644951820373535,
            2.4310498237609863,
            2.5499887466430664,
            3.012312173843384,
            2.941272020339966,
            2.5196728706359863,
            2.7505648136138916,
            2.866225481033325,
            2.8277509212493896,
            2.390265464782715,
            2.6488430500030518,
            3.000061511993408,
            3.0044174194335938,
            2.3712897300720215,
            2.67222261428833,
            3.4226152896881104,
            2.8649096488952637,
            2.726135015487671,
            2.8447911739349365,
            3.147313356399536,
            2.7648067474365234,
            2.520587921142578,
            2.6306707859039307,
            3.0358242988586426,
            2.8615074157714844,
            2.3813140392303467,
            2.575810670852661,
            2.957850694656372,
            2.8358325958251953,
            2.5614943504333496,
            2.567685127258301,
            2.9075331687927246,
            2.8795762062072754,
            2.4361703395843506,
            2.759624481201172,
            3.0460736751556396,
            2.8135945796966553,
            2.367995500564575,
            2.5876336097717285,
            3.1619746685028076,
            2.7994658946990967,
            2.516465663909912,
            2.5426037311553955,
            3.085010528564453,
            2.859056234359741,
            2.3825361728668213,
            2.6368064880371094,
            2.8060948848724365,
            2.883084297180176,
            2.417109966278076,
            2.5767815113067627,
            2.9506356716156006,
            2.846937894821167,
            2.3953750133514404,
            2.5879249572753906,
            3.037351131439209,
            3.1128408908843994,
            2.6990537643432617,
            2.4757273197174072,
            2.8591301441192627,
            2.785576581954956,
            2.3564414978027344,
            2.577646255493164,
            2.9856603145599365,
            2.8351728916168213,
            2.3597524166107178,
            2.558880090713501,
            2.9304087162017822,
            2.824983835220337,
            2.55017352104187,
            2.696815252304077,
            3.0287084579467773,
            2.8763725757598877,
            2.410247564315796,
            2.678191900253296,
            3.0397422313690186,
            3.052837371826172,
            2.382558584213257,
            2.5284388065338135,
            3.1312148571014404,
            2.891214609146118,
            2.65265154838562,
            2.7773048877716064,
            3.2936830520629883,
            2.933027982711792,
            2.4306082725524902,
            2.5855748653411865,
            2.962540864944458,
            2.8752713203430176,
            2.3655929565429688,
            2.5685958862304688,
            3.022454261779785,
            2.754581928253174,
            2.3012914657592773,
            2.5131406784057617,
            3.1832387447357178,
            2.8995213508605957,
            2.380523204803467,
            2.7675957679748535,
            2.7827506065368652,
            2.9897990226745605,
            2.3856310844421387,
            2.5216410160064697,
            2.8725383281707764,
            2.789522886276245,
            2.4119315147399902,
            2.6466007232666016,
            2.9967429637908936,
            2.9847373962402344,
            2.3948538303375244,
            2.5567100048065186,
            2.8311026096343994,
            2.8475289344787598,
            2.459721088409424,
            2.610241413116455,
            2.8319106101989746,
            2.8186728954315186,
            2.3620424270629883,
            2.9364044666290283,
            3.190927267074585,
            2.986940622329712,
            2.48715877532959,
            2.769253730773926,
            3.237987518310547,
            3.016794443130493,
            2.555994987487793,
            2.6150307655334473,
            2.9298646450042725,
            2.8075692653656006,
            2.373533248901367,
            2.5931708812713623,
            3.03262996673584,
            2.8408846855163574,
            2.7023472785949707,
            2.7073397636413574,
            2.9759621620178223,
            2.844224214553833,
            2.4858663082122803,
            2.540058135986328,
            2.87908673286438,
            2.8324437141418457
        ],
        "fit_computation_times": [
            0.5394792556762695,
            0.6195766925811768,
            0.568037748336792,
            0.5591671466827393,
            0.5824341773986816,
            0.567711591720581,
            0.5943789482116699,
            0.5763330459594727
        ]
    },
    "elapsed": 443.92141461372375
}