{
    "tensor_name": "enron",
    "sampler": "efficient",
    "R": 100,
    "J": 65536,
    "trial": 1,
    "preprocessing": "log_count",
    "initialization": "rrf",
    "max_iterations": 40,
    "stop_tolerance": 0.0001,
    "tensor_order": 4,
    "trace": {
        "iterations": [
            0,
            5,
            10,
            15,
            20,
            25,
            30,
            35,
            40
        ],
        "fits": [
            -17870173369360.777,
            0.15935503097319614,
            0.1655831660843743,
            0.16774891622886656,
            0.16835977057953277,
            0.16890111921924422,
            0.16901107310114816,
            0.16926901525917393,
            0.16945430616532553
        ],
        "update_times": [
            0.31783390045166016,
            0.3112757205963135,
            0.5770912170410156,
            0.3317446708679199,
            0.31487584114074707,
            0.36815762519836426,
            1.0010578632354736,
            0.35730671882629395,
            0.31642651557922363,
            0.4171590805053711,
            0.9741015434265137,
            0.3648993968963623,
            0.3446471691131592,
            0.42092442512512207,
            1.0871775150299072,
            0.3622121810913086,
            0.34311485290527344,
            0.41991233825683594,
            1.3115861415863037,
            0.36151862144470215,
            0.30980873107910156,
            0.42176151275634766,
            1.3106729984283447,
            0.36422109603881836,
            0.31975603103637695,
            0.4758927822113037,
            1.0571627616882324,
            0.3502678871154785,
            0.3186657428741455,
            0.4180023670196533,
            0.9623234272003174,
            0.374983549118042,
            0.33099889755249023,
            0.45572376251220703,
            1.0867486000061035,
            0.3791360855102539,
            0.3115994930267334,
            0.4050452709197998,
            1.2250783443450928,
            0.37111997604370117,
            0.3265244960784912,
            0.4284977912902832,
            1.078070878982544,
            0.3611299991607666,
            0.3194770812988281,
            0.3919258117675781,
            1.0297133922576904,
            0.3575892448425293,
            0.29711246490478516,
            0.4073169231414795,
            1.0537540912628174,
            0.3554048538208008,
            0.2987849712371826,
            0.43250489234924316,
            1.2197575569152832,
            0.35040903091430664,
            0.30904245376586914,
            0.4261045455932617,
            1.0373256206512451,
            0.34984421730041504,
            0.3020164966583252,
            0.43524646759033203,
            1.0223400592803955,
            0.3474910259246826,
            0.3081936836242676,
            0.43178462982177734,
            1.007617712020874,
            0.3600919246673584,
            0.31578826904296875,
            0.4239797592163086,
            1.0011727809906006,
            0.35895323753356934,
            0.29430484771728516,
            0.43920207023620605,
            0.9705851078033447,
            0.35386133193969727,
            0.2941453456878662,
            0.4269862174987793,
            1.0305142402648926,
            0.35155510902404785,
            0.2925271987915039,
            0.42615842819213867,
            1.0544936656951904,
            0.3619229793548584,
            0.3525717258453369,
            0.46439051628112793,
            1.0811142921447754,
            0.34899187088012695,
            0.3079090118408203,
            0.44266438484191895,
            1.2753081321716309,
            0.342221736907959,
            0.304734468460083,
            0.4194021224975586,
            1.2306792736053467,
            0.3433387279510498,
            0.32424402236938477,
            0.4447445869445801,
            1.0783414840698242,
            0.3627622127532959,
            0.3189809322357178,
            0.4608795642852783,
            1.0589520931243896,
            0.3610365390777588,
            0.3286147117614746,
            0.4456167221069336,
            1.1068801879882812,
            0.3599398136138916,
            0.31095457077026367,
            0.4403975009918213,
            1.1705801486968994,
            0.34653401374816895,
            0.29714202880859375,
            0.45291686058044434,
            1.0509169101715088,
            0.35410237312316895,
            0.3032534122467041,
            0.4467954635620117,
            1.1557197570800781,
            0.3542816638946533,
            0.3084523677825928,
            0.42806529998779297,
            1.0900905132293701,
            0.35417628288269043,
            0.3124988079071045,
            0.41686058044433594,
            1.1615068912506104,
            0.36032962799072266,
            0.3075528144836426,
            0.42250561714172363,
            1.1695475578308105,
            0.364152193069458,
            0.31958651542663574,
            0.42574238777160645,
            1.1503973007202148,
            0.3448526859283447,
            0.2954404354095459,
            0.4166078567504883,
            1.157181978225708,
            0.35129714012145996,
            0.29627370834350586,
            0.39784717559814453,
            1.1818077564239502,
            0.33728480339050293,
            0.29541873931884766,
            0.3849647045135498,
            1.1946892738342285,
            0.3481781482696533,
            0.30954551696777344,
            0.4116628170013428,
            0.9691212177276611,
            0.3747107982635498,
            0.3091459274291992,
            0.41176295280456543,
            0.995488166809082,
            0.3935673236846924,
            0.32741761207580566,
            0.4049074649810791,
            1.1685192584991455,
            0.4016532897949219
        ],
        "fit_computation_times": [
            0.7283880710601807,
            0.7511067390441895,
            0.719310998916626,
            0.6803793907165527,
            0.699617862701416,
            0.7161219120025635,
            0.7596848011016846,
            0.7750792503356934
        ]
    },
    "elapsed": 93.87447023391724
}