{
    "tensor_name": "enron",
    "sampler": "efficient",
    "R": 100,
    "J": 1769472,
    "trial": 3,
    "preprocessing": "log_count",
    "initialization": "rrf",
    "max_iterations": 40,
    "stop_tolerance": 0.0001,
    "tensor_order": 4,
    "trace": {
        "iterations": [
            0,
            5,
            10,
            15,
            20,
            25,
            30,
            35,
            40
        ],
        "fits": [
            -17730940665707.625,
            0.15657800643793618,
            0.16181675634097203,
            0.16322181798333213,
            0.16393314929976344,
            0.16440246594058805,
            0.1647753429294434,
            0.16518316765708696,
            0.16544627340981843
        ],
        "update_times": [
            8.260587453842163,
            8.321778059005737,
            7.55107307434082,
            8.894915342330933,
            8.17953085899353,
            7.97941517829895,
            7.5399487018585205,
            9.291934251785278,
            8.544022560119629,
            8.26549768447876,
            7.572919607162476,
            9.45700216293335,
            8.666924953460693,
            8.620281219482422,
            7.607037782669067,
            9.540685415267944,
            8.597539901733398,
            8.532504796981812,
            7.589778184890747,
            9.641018629074097,
            8.702443361282349,
            8.579251050949097,
            7.608266115188599,
            9.496080160140991,
            8.752217531204224,
            8.401946067810059,
            7.493142127990723,
            9.561458826065063,
            8.268036365509033,
            8.308767557144165,
            7.283700942993164,
            9.242486953735352,
            8.471007347106934,
            8.405962944030762,
            7.528068780899048,
            9.453940391540527,
            8.597772359848022,
            8.931814193725586,
            7.734410762786865,
            9.504457950592041,
            8.582475185394287,
            9.013727903366089,
            7.643369674682617,
            9.437945127487183,
            8.693455696105957,
            8.417427778244019,
            8.239875555038452,
            9.713712692260742,
            8.794060468673706,
            8.685234546661377,
            7.587702751159668,
            9.455096244812012,
            8.506752490997314,
            8.985370874404907,
            7.546920299530029,
            9.422350883483887,
            8.331489324569702,
            8.20058798789978,
            7.287278890609741,
            9.655769348144531,
            8.485092639923096,
            8.491345882415771,
            7.467747449874878,
            9.694070816040039,
            8.697302103042603,
            8.548129320144653,
            7.822038173675537,
            9.718172550201416,
            8.554084539413452,
            8.279186964035034,
            7.940329313278198,
            9.767948389053345,
            8.813830137252808,
            8.484955787658691,
            7.535707950592041,
            9.67344069480896,
            8.910989046096802,
            8.751423358917236,
            7.810410499572754,
            9.559388160705566,
            9.278570652008057,
            8.678878545761108,
            7.778975963592529,
            9.310563802719116,
            8.432740688323975,
            8.478976011276245,
            8.126628398895264,
            9.718990802764893,
            8.587653875350952,
            8.187971115112305,
            7.603984117507935,
            9.400901079177856,
            8.707242727279663,
            8.432925701141357,
            7.670793056488037,
            9.543807983398438,
            8.919706344604492,
            8.403303623199463,
            7.693380832672119,
            9.527682781219482,
            8.579937934875488,
            8.271791696548462,
            7.655025959014893,
            9.463562965393066,
            8.565502166748047,
            8.6913743019104,
            7.858298301696777,
            9.761192560195923,
            8.748513221740723,
            8.320953130722046,
            7.651410818099976,
            9.380335807800293,
            8.525990009307861,
            8.227880001068115,
            7.749775409698486,
            9.499443769454956,
            8.705374240875244,
            8.349506139755249,
            7.659639120101929,
            9.473962306976318,
            8.69127368927002,
            8.360344171524048,
            7.77346658706665,
            9.787114143371582,
            8.947655439376831,
            8.373743534088135,
            7.720863580703735,
            9.473400831222534,
            8.312233209609985,
            8.122247695922852,
            7.6670567989349365,
            9.653751373291016,
            8.522087335586548,
            7.985230207443237,
            7.753448247909546,
            9.46764850616455,
            8.246463537216187,
            8.078050136566162,
            7.39057469367981,
            9.383676052093506,
            8.893346786499023,
            8.21650505065918,
            7.366181373596191,
            9.50888204574585,
            8.675995588302612,
            8.157015323638916,
            7.427945137023926,
            9.387532472610474,
            8.266717433929443,
            8.188236713409424,
            7.458263158798218,
            9.275240182876587,
            8.270641565322876,
            8.183418035507202,
            7.543563365936279,
            9.280972719192505,
            8.272257804870605,
            8.180733442306519,
            7.9023942947387695,
            9.761993646621704
        ],
        "fit_computation_times": [
            0.7172360420227051,
            0.7018768787384033,
            0.7148075103759766,
            0.7193498611450195,
            0.6739511489868164,
            0.7053725719451904,
            0.7492020130157471,
            0.6917815208435059
        ]
    },
    "elapsed": 1372.1655418872833
}