{
    "tensor_name": "enron",
    "sampler": "larsen_kolda_hybrid",
    "R": 50,
    "J": 1114112,
    "trial": 0,
    "preprocessing": "log_count",
    "initialization": "rrf",
    "max_iterations": 40,
    "stop_tolerance": 0.0001,
    "tensor_order": 4,
    "trace": {
        "iterations": [
            0,
            5,
            10,
            15,
            20,
            25,
            30,
            35,
            40
        ],
        "fits": [
            -12328272973694.4,
            0.10687149472799407,
            0.10878393602963454,
            0.10971101929070648,
            0.11002455586834103,
            0.10966191123286173,
            0.11059029437901369,
            0.11029304520340621,
            0.11052494453859119
        ],
        "update_times": [
            0.21644043922424316,
            0.22441363334655762,
            0.7139096260070801,
            0.22344732284545898,
            0.23528623580932617,
            0.2575070858001709,
            1.1205427646636963,
            0.2219407558441162,
            0.2290177345275879,
            0.24490690231323242,
            1.1662812232971191,
            0.21779942512512207,
            0.24158835411071777,
            0.2577171325683594,
            1.2260472774505615,
            0.21959543228149414,
            0.2650315761566162,
            0.23940300941467285,
            1.0457818508148193,
            0.21306562423706055,
            0.22086691856384277,
            0.2565610408782959,
            1.0904653072357178,
            0.2298741340637207,
            0.24435114860534668,
            0.2498171329498291,
            1.0923471450805664,
            0.21894216537475586,
            0.22440505027770996,
            0.22456598281860352,
            1.0608766078948975,
            0.216566801071167,
            0.22477173805236816,
            0.2223677635192871,
            1.1091234683990479,
            0.20644259452819824,
            0.21520376205444336,
            0.23376774787902832,
            0.913745641708374,
            0.20361948013305664,
            0.21709609031677246,
            0.22737979888916016,
            1.1240174770355225,
            0.23069095611572266,
            0.23148393630981445,
            0.24552011489868164,
            1.0447437763214111,
            0.2431328296661377,
            0.22610998153686523,
            0.24549126625061035,
            1.0844755172729492,
            0.22239470481872559,
            0.24468374252319336,
            0.24951887130737305,
            1.2441864013671875,
            0.2131640911102295,
            0.22571754455566406,
            0.26006436347961426,
            0.9812092781066895,
            0.21312165260314941,
            0.21301579475402832,
            0.23903727531433105,
            0.9748818874359131,
            0.21939873695373535,
            0.2319927215576172,
            0.24995136260986328,
            1.0145697593688965,
            0.21677041053771973,
            0.27263307571411133,
            0.26195836067199707,
            1.0540170669555664,
            0.2277836799621582,
            0.25144505500793457,
            0.264171838760376,
            1.1518139839172363,
            0.21677899360656738,
            0.22321510314941406,
            0.2532329559326172,
            0.960486650466919,
            0.22324585914611816,
            0.2263634204864502,
            0.24248409271240234,
            1.0352952480316162,
            0.21270251274108887,
            0.23518753051757812,
            0.24411225318908691,
            1.0751457214355469,
            0.21890521049499512,
            0.23773646354675293,
            0.24466681480407715,
            1.0578320026397705,
            0.20447874069213867,
            0.21755719184875488,
            0.24862909317016602,
            0.9439172744750977,
            0.20322322845458984,
            0.21083498001098633,
            0.2440640926361084,
            1.1328105926513672,
            0.20931172370910645,
            0.2249431610107422,
            0.23471784591674805,
            1.0165231227874756,
            0.21248912811279297,
            0.2275831699371338,
            0.2523167133331299,
            0.9349086284637451,
            0.21143817901611328,
            0.24148201942443848,
            0.2266693115234375,
            1.06591796875,
            0.20933985710144043,
            0.211653470993042,
            0.22774004936218262,
            1.0279860496520996,
            0.22378993034362793,
            0.23615479469299316,
            0.2443842887878418,
            1.1357674598693848,
            0.20898199081420898,
            0.21142148971557617,
            0.24999785423278809,
            1.0972506999969482,
            0.2068643569946289,
            0.233534574508667,
            0.2578921318054199,
            1.004838466644287,
            0.22038960456848145,
            0.23696041107177734,
            0.24867916107177734,
            1.1059000492095947,
            0.21097230911254883,
            0.20995140075683594,
            0.2465958595275879,
            1.0977783203125,
            0.2092907428741455,
            0.22482967376708984,
            0.2605581283569336,
            0.942018985748291,
            0.22113943099975586,
            0.22455334663391113,
            0.24292421340942383,
            1.0735719203948975,
            0.21732282638549805,
            0.2233753204345703,
            0.24270987510681152,
            1.083920955657959,
            0.2158350944519043,
            0.24870085716247559,
            0.24441862106323242,
            0.9840452671051025,
            0.20811820030212402,
            0.2099001407623291,
            0.24129867553710938,
            0.9429037570953369,
            0.21239948272705078,
            0.2330784797668457,
            0.2454981803894043,
            1.1835758686065674,
            0.20463132858276367
        ],
        "fit_computation_times": [
            0.32300329208374023,
            0.32119178771972656,
            0.3391907215118408,
            0.33281779289245605,
            0.31238365173339844,
            0.31854891777038574,
            0.3204610347747803,
            0.3045666217803955
        ]
    },
    "elapsed": 72.6633689403534
}