{
    "tensor_name": "enron",
    "sampler": "larsen_kolda_hybrid",
    "R": 75,
    "J": 524288,
    "trial": 3,
    "preprocessing": "log_count",
    "initialization": "rrf",
    "max_iterations": 40,
    "stop_tolerance": 0.0001,
    "tensor_order": 4,
    "trace": {
        "iterations": [
            0,
            5,
            10,
            15,
            20,
            25,
            30,
            35,
            40
        ],
        "fits": [
            -15230997439094.385,
            0.1205913673007214,
            0.12833112641445443,
            0.1280098836807243,
            0.12976084724348524,
            0.1304142548620203,
            0.1307651932014121,
            0.12904019808626188,
            0.1301191237999646
        ],
        "update_times": [
            0.16083931922912598,
            0.1806316375732422,
            0.3983290195465088,
            0.13887333869934082,
            0.16466259956359863,
            0.16731667518615723,
            0.6327390670776367,
            0.13536453247070312,
            0.16346955299377441,
            0.17618489265441895,
            0.6377308368682861,
            0.12907648086547852,
            0.15542912483215332,
            0.15977907180786133,
            0.6985924243927002,
            0.1502063274383545,
            0.18165349960327148,
            0.18677258491516113,
            0.8280904293060303,
            0.14865756034851074,
            0.15657854080200195,
            0.16500592231750488,
            0.6712195873260498,
            0.14909887313842773,
            0.17888140678405762,
            0.16693615913391113,
            0.6518983840942383,
            0.13120770454406738,
            0.15616846084594727,
            0.15176820755004883,
            0.65883469581604,
            0.14551687240600586,
            0.16348910331726074,
            0.17423510551452637,
            0.6773314476013184,
            0.1367349624633789,
            0.16535019874572754,
            0.17529964447021484,
            0.7094688415527344,
            0.133530855178833,
            0.13888883590698242,
            0.1542222499847412,
            0.8180444240570068,
            0.13025355339050293,
            0.16102051734924316,
            0.1815943717956543,
            0.7612042427062988,
            0.13534140586853027,
            0.17394757270812988,
            0.16928839683532715,
            0.7454016208648682,
            0.12387347221374512,
            0.1695561408996582,
            0.15998053550720215,
            0.7087640762329102,
            0.13063549995422363,
            0.1551513671875,
            0.15088725090026855,
            0.7403738498687744,
            0.1355435848236084,
            0.1367204189300537,
            0.14843535423278809,
            0.7196235656738281,
            0.13681483268737793,
            0.14828205108642578,
            0.14731168746948242,
            0.9011831283569336,
            0.13378334045410156,
            0.152449369430542,
            0.1519482135772705,
            0.8816063404083252,
            0.13391685485839844,
            0.15163421630859375,
            0.14661312103271484,
            0.7268538475036621,
            0.13127660751342773,
            0.16692829132080078,
            0.1723794937133789,
            0.7870690822601318,
            0.1286923885345459,
            0.13015151023864746,
            0.16423869132995605,
            0.7270574569702148,
            0.13563919067382812,
            0.15488386154174805,
            0.1686115264892578,
            0.6600401401519775,
            0.13239741325378418,
            0.196366548538208,
            0.17189478874206543,
            0.8673334121704102,
            0.1363990306854248,
            0.1758134365081787,
            0.16304707527160645,
            0.7844703197479248,
            0.13802719116210938,
            0.15717601776123047,
            0.1474781036376953,
            0.7188692092895508,
            0.13445281982421875,
            0.13731622695922852,
            0.1687934398651123,
            0.8831691741943359,
            0.14978671073913574,
            0.15737247467041016,
            0.16536593437194824,
            0.8433623313903809,
            0.13178014755249023,
            0.16095924377441406,
            0.15019917488098145,
            0.7668406963348389,
            0.14187169075012207,
            0.17031431198120117,
            0.1763017177581787,
            0.8754136562347412,
            0.14905357360839844,
            0.1814584732055664,
            0.17948508262634277,
            0.7948341369628906,
            0.13737964630126953,
            0.13444924354553223,
            0.18029356002807617,
            0.8010463714599609,
            0.14203691482543945,
            0.17836213111877441,
            0.16616606712341309,
            0.7631700038909912,
            0.13864588737487793,
            0.16260790824890137,
            0.17092156410217285,
            0.781257152557373,
            0.13753843307495117,
            0.16596603393554688,
            0.17809748649597168,
            0.8832030296325684,
            0.13667845726013184,
            0.15909552574157715,
            0.16156435012817383,
            0.7356395721435547,
            0.16031980514526367,
            0.1558220386505127,
            0.16929316520690918,
            0.8891382217407227,
            0.16397333145141602,
            0.1840202808380127,
            0.18544745445251465,
            0.8402206897735596,
            0.132490873336792,
            0.16199517250061035,
            0.16004061698913574,
            0.8202991485595703,
            0.13385558128356934,
            0.16284751892089844,
            0.1677408218383789,
            0.8582584857940674,
            0.1344296932220459,
            0.16068005561828613,
            0.16218137741088867,
            0.8503737449645996,
            0.133223295211792
        ],
        "fit_computation_times": [
            0.5187418460845947,
            0.5148341655731201,
            0.5233032703399658,
            0.5455801486968994,
            0.5405359268188477,
            0.547910213470459,
            0.5509452819824219,
            0.5256702899932861
        ]
    },
    "elapsed": 53.95069742202759
}