{
    "tensor_name": "enron",
    "sampler": "efficient",
    "R": 75,
    "J": 131072,
    "trial": 0,
    "preprocessing": "log_count",
    "initialization": "rrf",
    "max_iterations": 40,
    "stop_tolerance": 0.0001,
    "tensor_order": 4,
    "trace": {
        "iterations": [
            0,
            5,
            10,
            15,
            20,
            25,
            30,
            35,
            40
        ],
        "fits": [
            -15261325943246.234,
            0.1404537444002969,
            0.1480863603329603,
            0.14916752543529566,
            0.14977825086244068,
            0.1501068789594805,
            0.15029167220426543,
            0.15049185587595382,
            0.15060803630185016
        ],
        "update_times": [
            0.3540620803833008,
            0.3751354217529297,
            0.7074213027954102,
            0.3473975658416748,
            0.4008369445800781,
            0.38833165168762207,
            1.019458293914795,
            0.41472530364990234,
            0.33888912200927734,
            0.40536046028137207,
            1.0107674598693848,
            0.47138094902038574,
            0.3468661308288574,
            0.4022088050842285,
            0.9981811046600342,
            0.3974471092224121,
            0.34496402740478516,
            0.38984155654907227,
            0.9862401485443115,
            0.4198176860809326,
            0.3288908004760742,
            0.3911004066467285,
            1.0527410507202148,
            0.41854119300842285,
            0.44826292991638184,
            0.42617154121398926,
            1.1358916759490967,
            0.407696008682251,
            0.437053918838501,
            0.42914271354675293,
            1.1100943088531494,
            0.4195261001586914,
            0.43358874320983887,
            0.44228267669677734,
            1.0979983806610107,
            0.428966760635376,
            0.4106624126434326,
            0.4176051616668701,
            1.0521955490112305,
            0.42145228385925293,
            0.35063672065734863,
            0.409076452255249,
            1.0055770874023438,
            0.4176466464996338,
            0.3607490062713623,
            0.4163830280303955,
            1.0518560409545898,
            0.4129655361175537,
            0.3645608425140381,
            0.42345333099365234,
            1.0417635440826416,
            0.42424511909484863,
            0.3532238006591797,
            0.40394139289855957,
            1.0920374393463135,
            0.4035484790802002,
            0.39087939262390137,
            0.4146146774291992,
            1.008699893951416,
            0.414794921875,
            0.3349940776824951,
            0.41944384574890137,
            1.0114707946777344,
            0.4142429828643799,
            0.39531373977661133,
            0.41141271591186523,
            1.0997469425201416,
            0.4163236618041992,
            0.37105703353881836,
            0.4123685359954834,
            0.9534187316894531,
            0.4331693649291992,
            0.3452439308166504,
            0.43300938606262207,
            1.096447229385376,
            0.4345214366912842,
            0.3551344871520996,
            0.4059429168701172,
            0.9985446929931641,
            0.4126100540161133,
            0.3388025760650635,
            0.4236869812011719,
            0.9924533367156982,
            0.4198462963104248,
            0.3559455871582031,
            0.4096083641052246,
            0.9539597034454346,
            0.4086723327636719,
            0.42877197265625,
            0.4171600341796875,
            1.0874078273773193,
            0.4189600944519043,
            0.35785746574401855,
            0.41882967948913574,
            1.0648877620697021,
            0.4090874195098877,
            0.35691189765930176,
            0.4233555793762207,
            1.091458797454834,
            0.40923380851745605,
            0.3459818363189697,
            0.4215068817138672,
            0.9983260631561279,
            0.42281126976013184,
            0.35315752029418945,
            0.4177274703979492,
            1.023174524307251,
            0.4105086326599121,
            0.35440492630004883,
            0.40738368034362793,
            1.047032117843628,
            0.4056072235107422,
            0.36704540252685547,
            0.4115939140319824,
            0.9543659687042236,
            0.4207651615142822,
            0.3535168170928955,
            0.4278254508972168,
            1.0560061931610107,
            0.41612815856933594,
            0.3499634265899658,
            0.3990967273712158,
            1.0674870014190674,
            0.42194676399230957,
            0.3503105640411377,
            0.41550135612487793,
            0.9864068031311035,
            0.4037177562713623,
            0.36109066009521484,
            0.4220106601715088,
            0.9824891090393066,
            0.4081125259399414,
            0.4668869972229004,
            0.4847755432128906,
            1.1087446212768555,
            0.41360998153686523,
            0.36629772186279297,
            0.4033193588256836,
            1.0232903957366943,
            0.41777634620666504,
            0.3407254219055176,
            0.4091951847076416,
            1.054363489151001,
            0.4186568260192871,
            0.3583383560180664,
            0.42401909828186035,
            1.0738134384155273,
            0.42600536346435547,
            0.34689807891845703,
            0.4258763790130615,
            1.0672509670257568,
            0.41134023666381836,
            0.34865617752075195,
            0.4221317768096924,
            0.9854335784912109,
            0.42618846893310547,
            0.36490345001220703,
            0.3966376781463623,
            1.0688278675079346,
            0.4162886142730713
        ],
        "fit_computation_times": [
            0.5543930530548096,
            0.5514278411865234,
            0.5947680473327637,
            0.5833587646484375,
            0.5954368114471436,
            0.6017944812774658,
            0.6615273952484131,
            0.5720188617706299
        ]
    },
    "elapsed": 94.53311514854431
}