{
    "tensor_name": "enron",
    "sampler": "efficient",
    "R": 125,
    "J": 98304,
    "trial": 1,
    "preprocessing": "log_count",
    "initialization": "rrf",
    "max_iterations": 40,
    "stop_tolerance": 0.0001,
    "tensor_order": 4,
    "trace": {
        "iterations": [
            0,
            5,
            10,
            15,
            20,
            25,
            30,
            35,
            40
        ],
        "fits": [
            -20923079624795.46,
            0.17017144623743796,
            0.1776570241798482,
            0.17979505969427678,
            0.18014031442212575,
            0.181220900201712,
            0.1816751900434581,
            0.1819860786707569,
            0.18217593042208813
        ],
        "update_times": [
            0.5824706554412842,
            0.6129577159881592,
            1.0452055931091309,
            0.6253998279571533,
            0.6149675846099854,
            0.6880331039428711,
            1.366089105606079,
            0.7132749557495117,
            0.6748502254486084,
            0.7424046993255615,
            1.666694164276123,
            0.7133951187133789,
            0.6116719245910645,
            0.7674479484558105,
            1.688899278640747,
            0.6948561668395996,
            0.6292228698730469,
            0.8002908229827881,
            1.6823582649230957,
            0.7005524635314941,
            0.6985640525817871,
            0.820906400680542,
            1.5499210357666016,
            0.6929585933685303,
            0.6779444217681885,
            0.8075897693634033,
            1.656883955001831,
            0.7349157333374023,
            0.6460726261138916,
            0.79764723777771,
            1.6087090969085693,
            0.7042663097381592,
            0.6467099189758301,
            0.760443925857544,
            1.618877649307251,
            0.7252957820892334,
            0.6766409873962402,
            0.8325986862182617,
            1.6382777690887451,
            0.7361917495727539,
            0.6169030666351318,
            0.8332242965698242,
            1.7466309070587158,
            0.7213490009307861,
            0.642876148223877,
            0.8113589286804199,
            1.5588369369506836,
            0.7229211330413818,
            0.6456654071807861,
            0.8170456886291504,
            1.555124044418335,
            0.6985247135162354,
            0.6577954292297363,
            0.8834385871887207,
            1.4877898693084717,
            0.7244577407836914,
            0.6593170166015625,
            0.8591594696044922,
            1.733123540878296,
            0.7279698848724365,
            0.6011793613433838,
            0.7951540946960449,
            1.6381359100341797,
            0.7329699993133545,
            0.6646630764007568,
            0.8116393089294434,
            1.5677473545074463,
            0.7187209129333496,
            0.6742303371429443,
            0.8430202007293701,
            1.719933271408081,
            0.734529972076416,
            0.6686670780181885,
            0.814054012298584,
            1.6008672714233398,
            0.709237813949585,
            0.6269204616546631,
            0.8067731857299805,
            1.673048973083496,
            0.7111310958862305,
            0.6144309043884277,
            0.768488883972168,
            1.624896764755249,
            0.7070779800415039,
            0.6533651351928711,
            0.8206486701965332,
            1.6171517372131348,
            0.7131810188293457,
            0.6506586074829102,
            0.7823777198791504,
            1.577378749847412,
            0.7128326892852783,
            0.6341826915740967,
            0.805485725402832,
            1.6690468788146973,
            0.7003257274627686,
            0.6433544158935547,
            0.8000636100769043,
            1.6250741481781006,
            0.7066497802734375,
            0.6211264133453369,
            0.7732348442077637,
            1.6774609088897705,
            0.699566125869751,
            0.6140027046203613,
            0.7824904918670654,
            1.4615700244903564,
            0.710690975189209,
            0.6398661136627197,
            0.8212497234344482,
            1.7063899040222168,
            0.7194340229034424,
            0.6247918605804443,
            0.8200998306274414,
            1.623565673828125,
            0.7148211002349854,
            0.6878080368041992,
            0.7989211082458496,
            1.7449634075164795,
            0.7523491382598877,
            0.5867624282836914,
            0.7706196308135986,
            1.5644948482513428,
            0.6989679336547852,
            0.6148629188537598,
            0.7409958839416504,
            1.5007402896881104,
            0.6999177932739258,
            0.6099710464477539,
            0.7654683589935303,
            1.5798399448394775,
            0.6969351768493652,
            0.612189769744873,
            0.7563531398773193,
            1.6716554164886475,
            0.730095386505127,
            0.6472749710083008,
            0.8134126663208008,
            1.638779878616333,
            0.7249846458435059,
            0.5962715148925781,
            0.7798671722412109,
            1.6526570320129395,
            0.700263261795044,
            0.6021149158477783,
            0.7557296752929688,
            1.5935518741607666,
            0.730614423751831,
            0.6485309600830078,
            0.7794973850250244,
            1.5791592597961426,
            0.7134497165679932,
            0.6086158752441406,
            0.7793581485748291,
            1.5816192626953125,
            0.7121574878692627,
            0.630068302154541,
            0.777550220489502,
            1.5917980670928955,
            0.7232568264007568
        ],
        "fit_computation_times": [
            0.7538394927978516,
            0.7472407817840576,
            0.7770938873291016,
            0.7953207492828369,
            0.750260591506958,
            0.8151366710662842,
            0.7690527439117432,
            0.7650003433227539
        ]
    },
    "elapsed": 156.6400716304779
}