{
    "tensor_name": "enron",
    "sampler": "larsen_kolda_hybrid",
    "R": 75,
    "J": 262144,
    "trial": 1,
    "preprocessing": "log_count",
    "initialization": "rrf",
    "max_iterations": 40,
    "stop_tolerance": 0.0001,
    "tensor_order": 4,
    "trace": {
        "iterations": [
            0,
            5,
            10,
            15,
            20,
            25,
            30,
            35,
            40
        ],
        "fits": [
            -14656298356627.053,
            0.11929452915924066,
            0.12076752938214119,
            0.12058115119058865,
            0.12121621197868837,
            0.11857848032943585,
            0.11835807682456334,
            0.12161491954027204,
            0.12121435277736647
        ],
        "update_times": [
            0.08589839935302734,
            0.08174657821655273,
            0.23235845565795898,
            0.07018184661865234,
            0.09534716606140137,
            0.09216666221618652,
            0.40000247955322266,
            0.07068419456481934,
            0.09868812561035156,
            0.09751629829406738,
            0.4375729560852051,
            0.07279324531555176,
            0.1050724983215332,
            0.1055459976196289,
            0.5009136199951172,
            0.0822300910949707,
            0.10860419273376465,
            0.10354971885681152,
            0.4606962203979492,
            0.08161067962646484,
            0.08789825439453125,
            0.10342574119567871,
            0.44567108154296875,
            0.0771636962890625,
            0.11188626289367676,
            0.10702633857727051,
            0.5689876079559326,
            0.0741112232208252,
            0.10605573654174805,
            0.10503292083740234,
            0.5515813827514648,
            0.0701286792755127,
            0.10428285598754883,
            0.10676765441894531,
            0.46312451362609863,
            0.07562994956970215,
            0.10454487800598145,
            0.1011357307434082,
            0.538323163986206,
            0.07813429832458496,
            0.10650467872619629,
            0.10370945930480957,
            0.5409348011016846,
            0.07488727569580078,
            0.0958552360534668,
            0.09680652618408203,
            0.5230062007904053,
            0.09591078758239746,
            0.1165766716003418,
            0.09729933738708496,
            0.5295825004577637,
            0.07426571846008301,
            0.10411691665649414,
            0.09755563735961914,
            0.6248021125793457,
            0.07128524780273438,
            0.11730813980102539,
            0.09877753257751465,
            0.492262601852417,
            0.08037114143371582,
            0.1091318130493164,
            0.11748337745666504,
            0.5514018535614014,
            0.07388710975646973,
            0.10622620582580566,
            0.10183906555175781,
            0.5024409294128418,
            0.0934906005859375,
            0.11312437057495117,
            0.09790301322937012,
            0.443727970123291,
            0.07654166221618652,
            0.10260295867919922,
            0.11282205581665039,
            0.5971775054931641,
            0.08586454391479492,
            0.11345911026000977,
            0.11102509498596191,
            0.5405411720275879,
            0.0848548412322998,
            0.08284139633178711,
            0.11478924751281738,
            0.449038028717041,
            0.07436227798461914,
            0.11006665229797363,
            0.10097241401672363,
            0.45981669425964355,
            0.07740402221679688,
            0.10786914825439453,
            0.10672330856323242,
            0.5219876766204834,
            0.0747823715209961,
            0.10731911659240723,
            0.09887814521789551,
            0.4555826187133789,
            0.07671022415161133,
            0.1112680435180664,
            0.10997533798217773,
            0.45021986961364746,
            0.07553291320800781,
            0.07233238220214844,
            0.10538506507873535,
            0.5152552127838135,
            0.0813140869140625,
            0.11620712280273438,
            0.0946509838104248,
            0.42365312576293945,
            0.09167718887329102,
            0.10663080215454102,
            0.10097813606262207,
            0.5505890846252441,
            0.0763239860534668,
            0.0998239517211914,
            0.09779477119445801,
            0.4880368709564209,
            0.08744525909423828,
            0.10049915313720703,
            0.09714293479919434,
            0.5430619716644287,
            0.0764627456665039,
            0.07813215255737305,
            0.10341215133666992,
            0.42107439041137695,
            0.07730245590209961,
            0.10250568389892578,
            0.09969043731689453,
            0.5825128555297852,
            0.07941913604736328,
            0.09847760200500488,
            0.10644912719726562,
            0.4906423091888428,
            0.07811951637268066,
            0.10386109352111816,
            0.11165452003479004,
            0.4551563262939453,
            0.07522988319396973,
            0.10795402526855469,
            0.12199687957763672,
            0.5218133926391602,
            0.07625269889831543,
            0.07488608360290527,
            0.09932255744934082,
            0.47881531715393066,
            0.07684588432312012,
            0.1084902286529541,
            0.0980980396270752,
            0.5019574165344238,
            0.08176612854003906,
            0.10485482215881348,
            0.10516476631164551,
            0.55975341796875,
            0.0809488296508789,
            0.11750006675720215,
            0.10895657539367676,
            0.5012977123260498,
            0.07540583610534668,
            0.10260844230651855,
            0.10528993606567383,
            0.4990653991699219,
            0.07652640342712402
        ],
        "fit_computation_times": [
            0.5681736469268799,
            0.5481171607971191,
            0.5287003517150879,
            0.5470218658447266,
            0.5381841659545898,
            0.5256607532501221,
            0.5242969989776611,
            0.5282950401306152
        ]
    },
    "elapsed": 36.12515091896057
}