{
    "tensor_name": "enron",
    "sampler": "efficient",
    "R": 125,
    "J": 229376,
    "trial": 2,
    "preprocessing": "log_count",
    "initialization": "rrf",
    "max_iterations": 40,
    "stop_tolerance": 0.0001,
    "tensor_order": 4,
    "trace": {
        "iterations": [
            0,
            5,
            10,
            15,
            20,
            25,
            30,
            35,
            40
        ],
        "fits": [
            -20972126964549.3,
            0.16956586375195393,
            0.1758386265134786,
            0.17809433282950626,
            0.1789541677345574,
            0.17945519255139186,
            0.17981384536705425,
            0.18005202310118285,
            0.18029014931886367
        ],
        "update_times": [
            1.2590513229370117,
            1.2757148742675781,
            1.8142924308776855,
            1.5487396717071533,
            1.4635703563690186,
            1.2891392707824707,
            1.9685451984405518,
            1.655773401260376,
            1.5451207160949707,
            1.7038397789001465,
            2.2815487384796143,
            1.6689612865447998,
            1.4831926822662354,
            1.7449610233306885,
            2.2417452335357666,
            1.708341121673584,
            1.507262945175171,
            1.7895584106445312,
            2.1431503295898438,
            1.5804567337036133,
            1.4163475036621094,
            1.6585123538970947,
            2.1552934646606445,
            1.5652201175689697,
            1.5230324268341064,
            1.5877721309661865,
            2.2274069786071777,
            1.5544207096099854,
            1.5674371719360352,
            1.581035852432251,
            2.2978501319885254,
            1.52738618850708,
            1.5400195121765137,
            1.6405720710754395,
            2.2289633750915527,
            1.534726619720459,
            1.5373189449310303,
            1.5946519374847412,
            2.2265336513519287,
            1.5587844848632812,
            1.5729444026947021,
            1.5979254245758057,
            2.3334696292877197,
            1.6140236854553223,
            1.609485387802124,
            1.6884868144989014,
            2.341200351715088,
            1.611417293548584,
            1.4609544277191162,
            1.6615269184112549,
            2.3688247203826904,
            1.5951578617095947,
            1.4753313064575195,
            1.6819469928741455,
            2.341078758239746,
            1.5181143283843994,
            1.4493587017059326,
            1.5709407329559326,
            2.0983211994171143,
            1.5299272537231445,
            1.4142963886260986,
            1.545933723449707,
            2.2247207164764404,
            1.5219566822052002,
            1.5875217914581299,
            1.6255671977996826,
            2.227715253829956,
            1.5227971076965332,
            1.4937474727630615,
            1.5765423774719238,
            1.9777097702026367,
            1.5644474029541016,
            1.5355401039123535,
            1.5318729877471924,
            2.181464195251465,
            1.5555391311645508,
            1.5925838947296143,
            1.5473756790161133,
            2.1848042011260986,
            1.5807156562805176,
            1.5037941932678223,
            1.5780766010284424,
            2.2411675453186035,
            1.5697994232177734,
            1.457179307937622,
            1.5882623195648193,
            2.1250159740448,
            1.5869379043579102,
            1.5118112564086914,
            1.5864167213439941,
            2.207882881164551,
            1.5541865825653076,
            1.5439376831054688,
            1.6036489009857178,
            2.162745952606201,
            1.5418400764465332,
            1.5351340770721436,
            1.534552812576294,
            2.186544418334961,
            1.57304048538208,
            1.4311697483062744,
            1.5501885414123535,
            2.175887107849121,
            1.5776820182800293,
            1.4850921630859375,
            1.5798027515411377,
            2.3006021976470947,
            1.5531797409057617,
            1.4626667499542236,
            1.5363738536834717,
            2.1921117305755615,
            1.571329116821289,
            1.4740970134735107,
            1.5263309478759766,
            2.3214950561523438,
            1.5282435417175293,
            1.3606288433074951,
            1.5446219444274902,
            2.04779314994812,
            1.5195870399475098,
            1.5658667087554932,
            1.5822858810424805,
            2.182826519012451,
            1.5660185813903809,
            1.515336513519287,
            1.531963586807251,
            2.204852819442749,
            1.5836896896362305,
            1.4876294136047363,
            1.5151758193969727,
            2.2140872478485107,
            1.5099987983703613,
            1.4415814876556396,
            1.5040662288665771,
            2.1757147312164307,
            1.566939115524292,
            1.5004830360412598,
            1.6169393062591553,
            2.2049269676208496,
            1.5913116931915283,
            1.3625195026397705,
            1.5211541652679443,
            2.1566903591156006,
            1.5025603771209717,
            1.4674205780029297,
            1.637462854385376,
            2.2039103507995605,
            1.6046676635742188,
            1.49326753616333,
            1.648181676864624,
            2.319352388381958,
            1.5590887069702148,
            1.5182273387908936,
            1.6182925701141357,
            2.2216944694519043,
            1.5846848487854004,
            1.5291492938995361,
            1.631788730621338,
            2.210202693939209,
            1.5571064949035645
        ],
        "fit_computation_times": [
            0.7630205154418945,
            0.7506182193756104,
            0.7120540142059326,
            0.7454097270965576,
            0.7596778869628906,
            0.7375404834747314,
            0.7646152973175049,
            0.7720677852630615
        ]
    },
    "elapsed": 280.46269822120667
}