{
    "tensor_name": "enron",
    "sampler": "larsen_kolda_hybrid",
    "R": 75,
    "J": 589824,
    "trial": 2,
    "preprocessing": "log_count",
    "initialization": "rrf",
    "max_iterations": 40,
    "stop_tolerance": 0.0001,
    "tensor_order": 4,
    "trace": {
        "iterations": [
            0,
            5,
            10,
            15,
            20,
            25,
            30,
            35,
            40
        ],
        "fits": [
            -15582046326775.65,
            0.12244407131911783,
            0.12037962477722175,
            0.12710035411136333,
            0.12358070962881795,
            0.12790636053660864,
            0.12644186190154705,
            0.13049958488029734,
            0.1267165301254468
        ],
        "update_times": [
            0.18938875198364258,
            0.18077564239501953,
            0.40944457054138184,
            0.1773979663848877,
            0.21982312202453613,
            0.20674705505371094,
            0.6627700328826904,
            0.1618485450744629,
            0.19631409645080566,
            0.18472647666931152,
            0.9257309436798096,
            0.16528987884521484,
            0.20105957984924316,
            0.1821749210357666,
            0.9697914123535156,
            0.1603224277496338,
            0.19021821022033691,
            0.18648838996887207,
            1.0964381694793701,
            0.17672061920166016,
            0.18677449226379395,
            0.20154929161071777,
            0.984943151473999,
            0.15894865989685059,
            0.20094084739685059,
            0.19992637634277344,
            0.8795654773712158,
            0.15276765823364258,
            0.19299697875976562,
            0.19953250885009766,
            0.9401869773864746,
            0.16109490394592285,
            0.22089219093322754,
            0.18964290618896484,
            0.928926944732666,
            0.15894412994384766,
            0.20541048049926758,
            0.20555615425109863,
            1.1298320293426514,
            0.1573314666748047,
            0.18250370025634766,
            0.18650031089782715,
            0.9227640628814697,
            0.17056059837341309,
            0.2291722297668457,
            0.20194125175476074,
            0.9455370903015137,
            0.16507411003112793,
            0.20835542678833008,
            0.18975329399108887,
            1.126061201095581,
            0.17081451416015625,
            0.19625449180603027,
            0.1994485855102539,
            0.8217811584472656,
            0.15851616859436035,
            0.20517921447753906,
            0.20025086402893066,
            0.9767751693725586,
            0.1593458652496338,
            0.16864919662475586,
            0.18856358528137207,
            0.8640096187591553,
            0.1633167266845703,
            0.20345425605773926,
            0.2078862190246582,
            0.8430874347686768,
            0.18030405044555664,
            0.2409820556640625,
            0.20505928993225098,
            0.9720292091369629,
            0.16621971130371094,
            0.1941852569580078,
            0.18970108032226562,
            0.9735608100891113,
            0.1692667007446289,
            0.20923948287963867,
            0.2052466869354248,
            1.032400369644165,
            0.17807269096374512,
            0.1618034839630127,
            0.19948983192443848,
            0.9587047100067139,
            0.16303443908691406,
            0.21356201171875,
            0.20170807838439941,
            0.8815281391143799,
            0.16477084159851074,
            0.2285010814666748,
            0.20130276679992676,
            0.8272454738616943,
            0.15936779975891113,
            0.22971105575561523,
            0.19993829727172852,
            1.0914511680603027,
            0.16625761985778809,
            0.19778919219970703,
            0.1954948902130127,
            1.009554386138916,
            0.17378854751586914,
            0.1807541847229004,
            0.19225263595581055,
            0.8747282028198242,
            0.17011785507202148,
            0.2066633701324463,
            0.19042372703552246,
            0.8249611854553223,
            0.16188597679138184,
            0.1942594051361084,
            0.1821296215057373,
            1.1670284271240234,
            0.1591629981994629,
            0.21939659118652344,
            0.20287322998046875,
            1.077284812927246,
            0.1826026439666748,
            0.1928715705871582,
            0.2051098346710205,
            1.0651953220367432,
            0.17334723472595215,
            0.17272520065307617,
            0.20563960075378418,
            1.0544791221618652,
            0.16276264190673828,
            0.19354915618896484,
            0.19779515266418457,
            1.0844666957855225,
            0.16672945022583008,
            0.2207937240600586,
            0.20979547500610352,
            1.165468454360962,
            0.1722087860107422,
            0.19459199905395508,
            0.20518875122070312,
            0.9835035800933838,
            0.1594858169555664,
            0.18525099754333496,
            0.21312451362609863,
            0.8358311653137207,
            0.15709972381591797,
            0.17090249061584473,
            0.19739532470703125,
            1.0488834381103516,
            0.16179656982421875,
            0.2013249397277832,
            0.20134377479553223,
            1.024160385131836,
            0.16249418258666992,
            0.19838404655456543,
            0.19116497039794922,
            0.7971169948577881,
            0.17735004425048828,
            0.19301557540893555,
            0.19867157936096191,
            0.9757852554321289,
            0.16532492637634277,
            0.1862320899963379,
            0.18893003463745117,
            0.8246715068817139,
            0.16059112548828125
        ],
        "fit_computation_times": [
            0.5423526763916016,
            0.520416259765625,
            0.5043702125549316,
            0.5295169353485107,
            0.5332868099212646,
            0.521794319152832,
            0.5643160343170166,
            0.5112433433532715
        ]
    },
    "elapsed": 65.33977246284485
}