{
    "tensor_name": "enron",
    "sampler": "efficient",
    "R": 25,
    "J": 327680,
    "trial": 3,
    "preprocessing": "log_count",
    "initialization": "rrf",
    "max_iterations": 40,
    "stop_tolerance": 0.0001,
    "tensor_order": 4,
    "trace": {
        "iterations": [
            0,
            5,
            10,
            15,
            20,
            25,
            30,
            35,
            40
        ],
        "fits": [
            -8628822609245.708,
            0.09597237839541473,
            0.09711947080152428,
            0.0976660660053148,
            0.09784398051328469,
            0.09790910388088492,
            0.09799947539305076,
            0.09806716113147074,
            0.09810581192924872
        ],
        "update_times": [
            0.21824193000793457,
            0.2129044532775879,
            0.4410521984100342,
            0.23388314247131348,
            0.21178317070007324,
            0.27033519744873047,
            0.5201520919799805,
            0.26499152183532715,
            0.215928316116333,
            0.275484561920166,
            0.5014533996582031,
            0.2619805335998535,
            0.21708154678344727,
            0.27243971824645996,
            0.5094757080078125,
            0.27066779136657715,
            0.22371578216552734,
            0.27063870429992676,
            0.4931015968322754,
            0.2781038284301758,
            0.19713044166564941,
            0.2702059745788574,
            0.4932680130004883,
            0.2601609230041504,
            0.23470449447631836,
            0.26336073875427246,
            0.39922451972961426,
            0.2693037986755371,
            0.21726250648498535,
            0.278853178024292,
            0.39417576789855957,
            0.2595400810241699,
            0.19940900802612305,
            0.2658107280731201,
            0.4815332889556885,
            0.269575834274292,
            0.20698785781860352,
            0.25828027725219727,
            0.46087169647216797,
            0.2844057083129883,
            0.18743467330932617,
            0.2654869556427002,
            0.405407190322876,
            0.25640439987182617,
            0.2054610252380371,
            0.26531481742858887,
            0.4083096981048584,
            0.252901554107666,
            0.20633435249328613,
            0.27355098724365234,
            0.3914921283721924,
            0.26629638671875,
            0.20584702491760254,
            0.26494693756103516,
            0.3785994052886963,
            0.2549567222595215,
            0.2386302947998047,
            0.2615823745727539,
            0.4797677993774414,
            0.29002833366394043,
            0.2281801700592041,
            0.253936767578125,
            0.47669386863708496,
            0.24754047393798828,
            0.31496500968933105,
            0.2573227882385254,
            0.491818904876709,
            0.24114108085632324,
            0.19794535636901855,
            0.2626667022705078,
            0.4070923328399658,
            0.23635029792785645,
            0.20947504043579102,
            0.25490522384643555,
            0.4897146224975586,
            0.29319238662719727,
            0.22326445579528809,
            0.26488780975341797,
            0.5020077228546143,
            0.24242043495178223,
            0.26743054389953613,
            0.28098249435424805,
            0.4664955139160156,
            0.2348647117614746,
            0.30734968185424805,
            0.25639891624450684,
            0.46375250816345215,
            0.2511253356933594,
            0.30458950996398926,
            0.24906373023986816,
            0.47275424003601074,
            0.2305600643157959,
            0.26040172576904297,
            0.25574231147766113,
            0.4547147750854492,
            0.2276146411895752,
            0.1984262466430664,
            0.23651957511901855,
            0.4554586410522461,
            0.2246098518371582,
            0.18344521522521973,
            0.24283719062805176,
            0.4505486488342285,
            0.22790145874023438,
            0.27732133865356445,
            0.25107717514038086,
            0.35575056076049805,
            0.23571443557739258,
            0.2132565975189209,
            0.3261439800262451,
            0.46866464614868164,
            0.2543056011199951,
            0.20246124267578125,
            0.2446272373199463,
            0.3751680850982666,
            0.23129034042358398,
            0.20365238189697266,
            0.24584269523620605,
            0.3591153621673584,
            0.2368021011352539,
            0.19005036354064941,
            0.25760483741760254,
            0.4765045642852783,
            0.23673439025878906,
            0.23480677604675293,
            0.3160419464111328,
            0.48650550842285156,
            0.2857482433319092,
            0.222367525100708,
            0.27536487579345703,
            0.48198652267456055,
            0.23650836944580078,
            0.20894074440002441,
            0.2532165050506592,
            0.3578016757965088,
            0.23053455352783203,
            0.2135324478149414,
            0.2524566650390625,
            0.3474609851837158,
            0.24013566970825195,
            0.18271350860595703,
            0.24818634986877441,
            0.3467857837677002,
            0.2654688358306885,
            0.414797306060791,
            0.24772405624389648,
            0.35286974906921387,
            0.2297534942626953,
            0.3433983325958252,
            0.2896740436553955,
            0.35326528549194336,
            0.24607515335083008,
            0.34592199325561523,
            0.25457262992858887,
            0.4655313491821289,
            0.24822211265563965,
            0.22239136695861816,
            0.2730255126953125,
            0.39536046981811523,
            0.24173498153686523
        ],
        "fit_computation_times": [
            0.14067506790161133,
            0.12394404411315918,
            0.125,
            0.13234543800354004,
            0.1290571689605713,
            0.1271822452545166,
            0.13276076316833496,
            0.13086485862731934
        ]
    },
    "elapsed": 48.641642332077026
}