{
    "tensor_name": "enron",
    "sampler": "larsen_kolda_hybrid",
    "R": 75,
    "J": 32768,
    "trial": 1,
    "preprocessing": "log_count",
    "initialization": "rrf",
    "max_iterations": 40,
    "stop_tolerance": 0.0001,
    "tensor_order": 4,
    "trace": {
        "iterations": [
            0,
            5,
            10,
            15,
            20,
            25,
            30
        ],
        "fits": [
            -15874182987546.682,
            0.0583773999816346,
            0.05108458020648532,
            0.058534033099063576,
            0.05855974906033179,
            0.05852759358292914,
            0.05533686248755054
        ],
        "update_times": [
            0.031184673309326172,
            0.027346134185791016,
            0.09639430046081543,
            0.01655292510986328,
            0.022725820541381836,
            0.020770549774169922,
            0.10619068145751953,
            0.017163991928100586,
            0.020801782608032227,
            0.023448467254638672,
            0.10639238357543945,
            0.0174868106842041,
            0.021067380905151367,
            0.023834228515625,
            0.10128593444824219,
            0.018296241760253906,
            0.021765947341918945,
            0.021531105041503906,
            0.10009145736694336,
            0.018253087997436523,
            0.019258737564086914,
            0.024009227752685547,
            0.12490320205688477,
            0.01857447624206543,
            0.02347278594970703,
            0.02377462387084961,
            0.09983158111572266,
            0.018868446350097656,
            0.025759458541870117,
            0.027025461196899414,
            0.12146186828613281,
            0.01924753189086914,
            0.022921323776245117,
            0.024700164794921875,
            0.11044812202453613,
            0.0174405574798584,
            0.02238917350769043,
            0.02357029914855957,
            0.11823749542236328,
            0.018497705459594727,
            0.040125370025634766,
            0.028676271438598633,
            0.12603092193603516,
            0.01772332191467285,
            0.023262500762939453,
            0.027458906173706055,
            0.11110305786132812,
            0.021111488342285156,
            0.022885799407958984,
            0.02436232566833496,
            0.12390589714050293,
            0.018076658248901367,
            0.022506237030029297,
            0.024521350860595703,
            0.09936046600341797,
            0.01772618293762207,
            0.026257991790771484,
            0.02468419075012207,
            0.10361146926879883,
            0.01770615577697754,
            0.017314434051513672,
            0.019884347915649414,
            0.13817763328552246,
            0.017712831497192383,
            0.022612333297729492,
            0.027660846710205078,
            0.13230609893798828,
            0.019453763961791992,
            0.023102998733520508,
            0.022515296936035156,
            0.1344926357269287,
            0.019188880920410156,
            0.023400068283081055,
            0.024773359298706055,
            0.10409951210021973,
            0.018706798553466797,
            0.023724794387817383,
            0.025384187698364258,
            0.10598587989807129,
            0.017996788024902344,
            0.018923521041870117,
            0.02257084846496582,
            0.1102912425994873,
            0.0185086727142334,
            0.021296977996826172,
            0.021651268005371094,
            0.10123467445373535,
            0.019117116928100586,
            0.021552085876464844,
            0.0268247127532959,
            0.11158251762390137,
            0.01737213134765625,
            0.02117776870727539,
            0.02207016944885254,
            0.11724257469177246,
            0.017529010772705078,
            0.021659374237060547,
            0.021306276321411133,
            0.09777617454528809,
            0.01787877082824707,
            0.017826557159423828,
            0.021561861038208008,
            0.15445208549499512,
            0.01804208755493164,
            0.023818016052246094,
            0.021087646484375,
            0.11944890022277832,
            0.01656961441040039,
            0.021138429641723633,
            0.021430015563964844,
            0.12405109405517578,
            0.018168210983276367,
            0.0204923152923584,
            0.02075672149658203,
            0.10928034782409668,
            0.017051219940185547,
            0.020710468292236328,
            0.021124839782714844,
            0.12056899070739746,
            0.016965866088867188
        ],
        "fit_computation_times": [
            0.5788435935974121,
            0.5727474689483643,
            0.57464599609375,
            0.5711088180541992,
            0.566741943359375,
            0.5839810371398926
        ]
    },
    "elapsed": 9.51956295967102
}