{
    "tensor_name": "enron",
    "sampler": "efficient",
    "R": 75,
    "J": 720896,
    "trial": 1,
    "preprocessing": "log_count",
    "initialization": "rrf",
    "max_iterations": 40,
    "stop_tolerance": 0.0001,
    "tensor_order": 4,
    "trace": {
        "iterations": [
            0,
            5,
            10,
            15,
            20,
            25,
            30,
            35,
            40
        ],
        "fits": [
            -16962922574699.764,
            0.13352525873089527,
            0.13702903662165355,
            0.13832023721295095,
            0.1388379634236412,
            0.1391428931477502,
            0.13936119690030968,
            0.13953154296018522,
            0.13962573808155143
        ],
        "update_times": [
            2.0587775707244873,
            2.238849639892578,
            2.6271138191223145,
            2.5093860626220703,
            2.126403570175171,
            2.603778123855591,
            2.626065254211426,
            2.3469655513763428,
            2.2063958644866943,
            2.069838762283325,
            2.511918306350708,
            2.3201210498809814,
            2.1389245986938477,
            2.1659457683563232,
            2.4886040687561035,
            2.2941572666168213,
            2.133854389190674,
            2.175095796585083,
            2.5717272758483887,
            2.449537992477417,
            2.0454890727996826,
            2.2587525844573975,
            2.5753750801086426,
            2.2613608837127686,
            2.112410306930542,
            2.1500585079193115,
            2.488586187362671,
            2.219835042953491,
            2.011512517929077,
            2.093935251235962,
            2.4857430458068848,
            2.361952304840088,
            2.178337335586548,
            2.1723196506500244,
            2.5729620456695557,
            2.4034059047698975,
            2.0201363563537598,
            2.1543264389038086,
            2.5416269302368164,
            2.3545734882354736,
            2.2927329540252686,
            2.1349191665649414,
            2.5534703731536865,
            2.327052116394043,
            2.1927268505096436,
            2.2215559482574463,
            2.54317045211792,
            2.3433380126953125,
            2.0612869262695312,
            2.1534974575042725,
            2.558889865875244,
            2.3598687648773193,
            2.1353907585144043,
            2.3942039012908936,
            2.3740789890289307,
            2.316911220550537,
            2.065932035446167,
            2.089527130126953,
            2.564335584640503,
            2.3831188678741455,
            2.21488618850708,
            2.172922372817993,
            2.533140182495117,
            2.3504343032836914,
            2.359079360961914,
            2.1331984996795654,
            2.4328789710998535,
            2.290203809738159,
            2.0518603324890137,
            2.0910255908966064,
            2.3074827194213867,
            2.2199575901031494,
            2.0748488903045654,
            2.123918294906616,
            2.4524121284484863,
            2.360402822494507,
            2.2617175579071045,
            2.3082427978515625,
            2.475712299346924,
            2.327974557876587,
            2.0450026988983154,
            2.1304030418395996,
            2.4897804260253906,
            2.3262181282043457,
            2.1014902591705322,
            2.161489486694336,
            2.4875245094299316,
            2.319572687149048,
            2.075692892074585,
            2.155355930328369,
            2.3212339878082275,
            2.271848201751709,
            2.1128978729248047,
            2.262519121170044,
            2.5884006023406982,
            2.313619375228882,
            2.1015872955322266,
            2.1411736011505127,
            2.5361738204956055,
            2.3552379608154297,
            2.061988115310669,
            2.120962142944336,
            2.4766716957092285,
            2.241978406906128,
            2.2351596355438232,
            2.2884604930877686,
            2.6325769424438477,
            2.3540120124816895,
            2.3355507850646973,
            2.3061463832855225,
            2.379418134689331,
            2.2742278575897217,
            2.089193344116211,
            2.1034748554229736,
            2.606889486312866,
            2.4018614292144775,
            2.1503021717071533,
            2.0410568714141846,
            2.2608420848846436,
            2.1772677898406982,
            1.9861924648284912,
            2.0012998580932617,
            2.1817994117736816,
            2.095604419708252,
            1.9945852756500244,
            2.0440852642059326,
            2.5333762168884277,
            2.2437102794647217,
            2.063443660736084,
            2.0637431144714355,
            2.3844149112701416,
            2.2701215744018555,
            2.124790668487549,
            2.1066627502441406,
            2.5349974632263184,
            2.3181838989257812,
            2.148472309112549,
            2.2966742515563965,
            2.4253358840942383,
            2.2017791271209717,
            1.9979150295257568,
            2.0067567825317383,
            2.2823853492736816,
            2.157938241958618,
            2.0245702266693115,
            2.0337955951690674,
            2.384178876876831,
            2.29150128364563,
            2.0622708797454834,
            2.06778883934021,
            2.342264413833618,
            2.145404577255249,
            1.9665045738220215,
            2.004591464996338,
            2.2943127155303955,
            2.15952467918396,
            2.0038158893585205,
            2.0250401496887207,
            2.4162356853485107,
            2.2518327236175537
        ],
        "fit_computation_times": [
            0.5155735015869141,
            0.569547176361084,
            0.5349323749542236,
            0.5438699722290039,
            0.5453999042510986,
            0.5091753005981445,
            0.5274794101715088,
            0.5281014442443848
        ]
    },
    "elapsed": 366.34832215309143
}