{
    "tensor_name": "enron",
    "sampler": "efficient",
    "R": 25,
    "J": 229376,
    "trial": 3,
    "preprocessing": "log_count",
    "initialization": "rrf",
    "max_iterations": 40,
    "stop_tolerance": 0.0001,
    "tensor_order": 4,
    "trace": {
        "iterations": [
            0,
            5,
            10,
            15,
            20,
            25,
            30,
            35,
            40
        ],
        "fits": [
            -8752742067815.381,
            0.08700785921504284,
            0.08951568519084796,
            0.09068756554040525,
            0.09106963347079622,
            0.09118381975531464,
            0.0912275386957041,
            0.09123652676691774,
            0.09126969100682103
        ],
        "update_times": [
            0.1710057258605957,
            0.19121170043945312,
            0.2841498851776123,
            0.16857481002807617,
            0.17774033546447754,
            0.18424463272094727,
            0.37741994857788086,
            0.1969163417816162,
            0.17679286003112793,
            0.19925284385681152,
            0.39236927032470703,
            0.1794278621673584,
            0.18184447288513184,
            0.18168187141418457,
            0.3994150161743164,
            0.18131637573242188,
            0.25060224533081055,
            0.23849058151245117,
            0.3959767818450928,
            0.17885494232177734,
            0.16252493858337402,
            0.1949148178100586,
            0.3690786361694336,
            0.17242026329040527,
            0.1695241928100586,
            0.18400216102600098,
            0.37955808639526367,
            0.1770944595336914,
            0.17746639251708984,
            0.2349851131439209,
            0.3914463520050049,
            0.1909339427947998,
            0.2845010757446289,
            0.19279885292053223,
            0.3751258850097656,
            0.1793212890625,
            0.2132279872894287,
            0.3419609069824219,
            0.3693833351135254,
            0.18379545211791992,
            0.1671144962310791,
            0.19542717933654785,
            0.39429616928100586,
            0.17916417121887207,
            0.1751708984375,
            0.18426728248596191,
            0.37816643714904785,
            0.17816972732543945,
            0.17622947692871094,
            0.19766616821289062,
            0.3643784523010254,
            0.21743392944335938,
            0.19524741172790527,
            0.19903254508972168,
            0.36023402214050293,
            0.17516255378723145,
            0.21490097045898438,
            0.20591473579406738,
            0.3551757335662842,
            0.19981670379638672,
            0.16752934455871582,
            0.21532034873962402,
            0.37427258491516113,
            0.17884612083435059,
            0.2799251079559326,
            0.2260277271270752,
            0.36975932121276855,
            0.17881226539611816,
            0.3486475944519043,
            0.22872066497802734,
            0.40605711936950684,
            0.17809772491455078,
            0.1945934295654297,
            0.2124924659729004,
            0.38658642768859863,
            0.1791079044342041,
            0.22416210174560547,
            0.2032771110534668,
            0.37191295623779297,
            0.17897343635559082,
            0.17520594596862793,
            0.21680355072021484,
            0.3774704933166504,
            0.19188332557678223,
            0.19949603080749512,
            0.22053098678588867,
            0.40566182136535645,
            0.19753432273864746,
            0.22820830345153809,
            0.21663236618041992,
            0.37694501876831055,
            0.17942190170288086,
            0.25888514518737793,
            0.19703412055969238,
            0.35948848724365234,
            0.19029688835144043,
            0.2634456157684326,
            0.20778656005859375,
            0.34296441078186035,
            0.17808079719543457,
            0.16609549522399902,
            0.22340178489685059,
            0.3752562999725342,
            0.19736671447753906,
            0.1881110668182373,
            0.19440865516662598,
            0.37421345710754395,
            0.1804497241973877,
            0.1817936897277832,
            0.18807125091552734,
            0.3860468864440918,
            0.19066309928894043,
            0.18174338340759277,
            0.1947939395904541,
            0.3784446716308594,
            0.18030571937561035,
            0.18056702613830566,
            0.189436674118042,
            0.3734009265899658,
            0.1989443302154541,
            0.17863702774047852,
            0.18610501289367676,
            0.3595237731933594,
            0.18660235404968262,
            0.19238519668579102,
            0.1889200210571289,
            0.3600592613220215,
            0.17067909240722656,
            0.18741059303283691,
            0.18851065635681152,
            0.3517799377441406,
            0.16992735862731934,
            0.1873791217803955,
            0.19025087356567383,
            0.3673686981201172,
            0.17774486541748047,
            0.18984127044677734,
            0.18787431716918945,
            0.3571302890777588,
            0.17535018920898438,
            0.16451239585876465,
            0.20145130157470703,
            0.3683304786682129,
            0.17718887329101562,
            0.18924260139465332,
            0.19150876998901367,
            0.37982726097106934,
            0.20315337181091309,
            0.2803952693939209,
            0.2573587894439697,
            0.3873920440673828,
            0.18970060348510742,
            0.2626979351043701,
            0.31641149520874023,
            0.365004301071167,
            0.18399858474731445,
            0.292374849319458,
            0.20929241180419922,
            0.36722707748413086,
            0.1763782501220703
        ],
        "fit_computation_times": [
            0.09894299507141113,
            0.11767578125,
            0.1096200942993164,
            0.1048583984375,
            0.09685349464416504,
            0.10068941116333008,
            0.09686446189880371,
            0.1037747859954834
        ]
    },
    "elapsed": 39.83789110183716
}