{
    "tensor_name": "enron",
    "sampler": "larsen_kolda_hybrid",
    "R": 100,
    "J": 229376,
    "trial": 0,
    "preprocessing": "log_count",
    "initialization": "rrf",
    "max_iterations": 40,
    "stop_tolerance": 0.0001,
    "tensor_order": 4,
    "trace": {
        "iterations": [
            0,
            5,
            10,
            15,
            20,
            25,
            30,
            35,
            40
        ],
        "fits": [
            -17438343823971.082,
            0.1093359750708559,
            0.11723486508498182,
            0.11623136582534,
            0.1149517053561927,
            0.12163654769886412,
            0.11737142794973798,
            0.1216192591126789,
            0.1263972977317125
        ],
        "update_times": [
            0.09560775756835938,
            0.1139214038848877,
            0.3095521926879883,
            0.09205341339111328,
            0.12561392784118652,
            0.12213301658630371,
            0.40487051010131836,
            0.08575034141540527,
            0.14127564430236816,
            0.1182260513305664,
            0.48937249183654785,
            0.08463525772094727,
            0.11911725997924805,
            0.11455559730529785,
            0.4607992172241211,
            0.0920259952545166,
            0.12617063522338867,
            0.11333370208740234,
            0.4325101375579834,
            0.10062885284423828,
            0.10831499099731445,
            0.11909341812133789,
            0.4114828109741211,
            0.08557915687561035,
            0.11131787300109863,
            0.1026604175567627,
            0.36344099044799805,
            0.0802764892578125,
            0.11080336570739746,
            0.11597061157226562,
            0.4938194751739502,
            0.08695626258850098,
            0.11479806900024414,
            0.12101197242736816,
            0.4117867946624756,
            0.08358931541442871,
            0.12262797355651855,
            0.10999035835266113,
            0.4114100933074951,
            0.08376622200012207,
            0.08859395980834961,
            0.11314511299133301,
            0.49289798736572266,
            0.08577203750610352,
            0.11070513725280762,
            0.10952877998352051,
            0.46505284309387207,
            0.08193826675415039,
            0.10801291465759277,
            0.11859774589538574,
            0.5495259761810303,
            0.10031628608703613,
            0.12865424156188965,
            0.1264946460723877,
            0.40950989723205566,
            0.0974266529083252,
            0.1261904239654541,
            0.11712861061096191,
            0.47449326515197754,
            0.09603190422058105,
            0.0914618968963623,
            0.1264941692352295,
            0.5512723922729492,
            0.08633017539978027,
            0.12752747535705566,
            0.12673354148864746,
            0.45382070541381836,
            0.08977508544921875,
            0.12675070762634277,
            0.11752557754516602,
            0.43360114097595215,
            0.08943867683410645,
            0.12758111953735352,
            0.11977171897888184,
            0.5705792903900146,
            0.08929920196533203,
            0.11205220222473145,
            0.10718727111816406,
            0.48522305488586426,
            0.08660244941711426,
            0.09931254386901855,
            0.13821887969970703,
            0.5086958408355713,
            0.08534097671508789,
            0.11987519264221191,
            0.11141347885131836,
            0.4268810749053955,
            0.08456540107727051,
            0.12847423553466797,
            0.11413335800170898,
            0.46170544624328613,
            0.08407020568847656,
            0.14784598350524902,
            0.12885022163391113,
            0.45731639862060547,
            0.08392548561096191,
            0.13134026527404785,
            0.13143467903137207,
            0.41213226318359375,
            0.08491134643554688,
            0.11732745170593262,
            0.1274721622467041,
            0.47838592529296875,
            0.08519601821899414,
            0.12174582481384277,
            0.10591292381286621,
            0.4740941524505615,
            0.08219122886657715,
            0.11991667747497559,
            0.1156768798828125,
            0.4653494358062744,
            0.08845329284667969,
            0.12111544609069824,
            0.1155092716217041,
            0.4481198787689209,
            0.08702993392944336,
            0.121856689453125,
            0.11570215225219727,
            0.4660933017730713,
            0.08867955207824707,
            0.11483478546142578,
            0.11663675308227539,
            0.4756951332092285,
            0.08144879341125488,
            0.12325000762939453,
            0.12598896026611328,
            0.5093951225280762,
            0.08391237258911133,
            0.12546253204345703,
            0.11228322982788086,
            0.4557323455810547,
            0.08659911155700684,
            0.11594390869140625,
            0.10085487365722656,
            0.40384674072265625,
            0.087249755859375,
            0.12655997276306152,
            0.10808181762695312,
            0.4712560176849365,
            0.09794449806213379,
            0.09269094467163086,
            0.12363219261169434,
            0.39864230155944824,
            0.07970762252807617,
            0.1197361946105957,
            0.11221718788146973,
            0.46376681327819824,
            0.08144545555114746,
            0.12323474884033203,
            0.11731648445129395,
            0.4254920482635498,
            0.0793616771697998,
            0.11921906471252441,
            0.1165473461151123,
            0.422680139541626,
            0.09471631050109863,
            0.1188969612121582,
            0.1159210205078125,
            0.45545029640197754,
            0.10534095764160156
        ],
        "fit_computation_times": [
            0.6606807708740234,
            0.6752629280090332,
            0.6807754039764404,
            0.7266623973846436,
            0.6858963966369629,
            0.6580970287322998,
            0.6686065196990967,
            0.6679039001464844
        ]
    },
    "elapsed": 37.33576273918152
}