{
    "tensor_name": "enron",
    "sampler": "efficient",
    "R": 125,
    "J": 327680,
    "trial": 3,
    "preprocessing": "log_count",
    "initialization": "rrf",
    "max_iterations": 40,
    "stop_tolerance": 0.0001,
    "tensor_order": 4,
    "trace": {
        "iterations": [
            0,
            5,
            10,
            15,
            20,
            25,
            30,
            35,
            40
        ],
        "fits": [
            -19573571104487.246,
            0.16737283294940475,
            0.1721522905262246,
            0.17434622711938597,
            0.17522225357645071,
            0.1756972633712045,
            0.176041120015743,
            0.17633635014085902,
            0.17658767233858685
        ],
        "update_times": [
            1.9544947147369385,
            1.988584280014038,
            2.406723737716675,
            2.1386547088623047,
            2.0434730052948,
            2.324270486831665,
            2.4807424545288086,
            2.535745859146118,
            2.3035833835601807,
            2.346975803375244,
            2.777125358581543,
            2.3363702297210693,
            2.1044275760650635,
            2.2519025802612305,
            2.9542713165283203,
            2.359372615814209,
            2.1862165927886963,
            2.382990837097168,
            2.72724986076355,
            2.248107433319092,
            2.014370918273926,
            2.193816661834717,
            2.7659757137298584,
            2.260826349258423,
            2.0902419090270996,
            2.3219804763793945,
            2.8925044536590576,
            2.3065638542175293,
            2.1774158477783203,
            2.371793508529663,
            2.6551849842071533,
            2.2526895999908447,
            2.0838534832000732,
            2.278951406478882,
            2.870488166809082,
            2.262770175933838,
            2.2986130714416504,
            2.2883617877960205,
            2.6941826343536377,
            2.2593467235565186,
            2.461091995239258,
            2.288461208343506,
            2.695563316345215,
            2.24798321723938,
            2.158801794052124,
            2.2444820404052734,
            3.0822572708129883,
            2.3047568798065186,
            2.1554768085479736,
            2.3174800872802734,
            2.8250582218170166,
            2.2466795444488525,
            2.3548059463500977,
            2.314018487930298,
            2.851147174835205,
            2.2520148754119873,
            2.050642490386963,
            2.2925260066986084,
            2.8966894149780273,
            2.2643842697143555,
            2.014897584915161,
            2.2441673278808594,
            2.929401397705078,
            2.2873058319091797,
            2.156402349472046,
            2.337207794189453,
            2.9153316020965576,
            2.284651517868042,
            2.091604471206665,
            2.2678585052490234,
            2.875518321990967,
            2.267641544342041,
            2.085134506225586,
            2.2873189449310303,
            3.123124599456787,
            2.241142749786377,
            2.103926181793213,
            2.312608242034912,
            2.71944522857666,
            2.231090784072876,
            2.0517380237579346,
            2.222245216369629,
            2.9283058643341064,
            2.344933032989502,
            2.0493948459625244,
            2.2433199882507324,
            2.8833768367767334,
            2.2243642807006836,
            2.065286636352539,
            2.297640085220337,
            3.065884590148926,
            2.2928318977355957,
            2.1213538646698,
            2.184166431427002,
            3.1033501625061035,
            2.3151795864105225,
            2.150327682495117,
            2.364088296890259,
            2.9202816486358643,
            2.2650012969970703,
            2.138833522796631,
            2.218623399734497,
            2.8647727966308594,
            2.2503085136413574,
            2.0513718128204346,
            2.27608323097229,
            2.998922348022461,
            2.224287271499634,
            2.139335870742798,
            2.1810569763183594,
            2.7708446979522705,
            2.2216639518737793,
            2.109989881515503,
            2.232414484024048,
            2.9375829696655273,
            2.235093116760254,
            2.083440065383911,
            2.2369701862335205,
            2.7373874187469482,
            2.217353343963623,
            2.047337532043457,
            2.2336978912353516,
            2.8746378421783447,
            2.2754058837890625,
            2.0392234325408936,
            2.2013328075408936,
            2.901718854904175,
            2.261779546737671,
            2.1044154167175293,
            2.2791450023651123,
            2.856071710586548,
            2.2426860332489014,
            2.128864288330078,
            2.3335323333740234,
            2.652430295944214,
            2.2498559951782227,
            2.098780393600464,
            2.278669834136963,
            2.899785041809082,
            2.2786810398101807,
            2.0168700218200684,
            2.2381138801574707,
            2.894509792327881,
            2.2279608249664307,
            2.107302665710449,
            2.3254990577697754,
            2.8398241996765137,
            2.2132949829101562,
            2.058626174926758,
            2.189631462097168,
            2.821406602859497,
            2.2525711059570312,
            2.2314491271972656,
            2.1895174980163574,
            2.947601318359375,
            2.2417714595794678,
            2.023761510848999,
            2.2458434104919434,
            2.7990221977233887,
            2.1623380184173584
        ],
        "fit_computation_times": [
            0.7593333721160889,
            0.7800250053405762,
            0.7512814998626709,
            0.7917780876159668,
            0.8177077770233154,
            0.7422688007354736,
            0.8229379653930664,
            0.7411739826202393
        ]
    },
    "elapsed": 386.7839183807373
}