{
    "tensor_name": "enron",
    "sampler": "larsen_kolda_hybrid",
    "R": 100,
    "J": 163840,
    "trial": 0,
    "preprocessing": "log_count",
    "initialization": "rrf",
    "max_iterations": 40,
    "stop_tolerance": 0.0001,
    "tensor_order": 4,
    "trace": {
        "iterations": [
            0,
            5,
            10,
            15,
            20,
            25,
            30
        ],
        "fits": [
            -17403846519140.459,
            0.10461498976373407,
            0.11690440093284626,
            0.11941567099015538,
            0.10847283400691143,
            0.1124657327033477,
            0.11415080116509457
        ],
        "update_times": [
            0.07512426376342773,
            0.09410834312438965,
            0.20970439910888672,
            0.0671379566192627,
            0.09927201271057129,
            0.10151028633117676,
            0.35947275161743164,
            0.06920003890991211,
            0.10530972480773926,
            0.10590720176696777,
            0.35375022888183594,
            0.06995964050292969,
            0.1039283275604248,
            0.08786463737487793,
            0.2879304885864258,
            0.0737299919128418,
            0.09764266014099121,
            0.09702038764953613,
            0.3229050636291504,
            0.06572079658508301,
            0.21260571479797363,
            0.09131121635437012,
            0.3373255729675293,
            0.07278323173522949,
            0.10962271690368652,
            0.0933828353881836,
            0.32854628562927246,
            0.06535720825195312,
            0.09776043891906738,
            0.10182070732116699,
            0.3897969722747803,
            0.06588315963745117,
            0.0929877758026123,
            0.09237980842590332,
            0.40301012992858887,
            0.06591129302978516,
            0.09643173217773438,
            0.09901666641235352,
            0.3363509178161621,
            0.06563782691955566,
            0.0717613697052002,
            0.09280991554260254,
            0.366497278213501,
            0.06578516960144043,
            0.09734463691711426,
            0.09031319618225098,
            0.31087541580200195,
            0.06346321105957031,
            0.09439563751220703,
            0.08952069282531738,
            0.3964519500732422,
            0.06627321243286133,
            0.0964517593383789,
            0.10284924507141113,
            0.36475300788879395,
            0.06284189224243164,
            0.09311556816101074,
            0.0929422378540039,
            0.3697984218597412,
            0.06863164901733398,
            0.21624517440795898,
            0.10197234153747559,
            0.37297725677490234,
            0.0690770149230957,
            0.09836769104003906,
            0.12004351615905762,
            0.3671729564666748,
            0.08117032051086426,
            0.10196328163146973,
            0.09798216819763184,
            0.37166595458984375,
            0.06847238540649414,
            0.09215617179870605,
            0.10075020790100098,
            0.3480527400970459,
            0.06505966186523438,
            0.10771036148071289,
            0.09349894523620605,
            0.3234877586364746,
            0.0692899227142334,
            0.14474010467529297,
            0.10949492454528809,
            0.35599446296691895,
            0.06617164611816406,
            0.09484744071960449,
            0.09545493125915527,
            0.36458349227905273,
            0.06885337829589844,
            0.11351394653320312,
            0.09531712532043457,
            0.31759190559387207,
            0.06766557693481445,
            0.10318660736083984,
            0.09314417839050293,
            0.3466200828552246,
            0.06913208961486816,
            0.10035824775695801,
            0.09004640579223633,
            0.36602115631103516,
            0.07397580146789551,
            0.07056188583374023,
            0.08839941024780273,
            0.3711822032928467,
            0.06277608871459961,
            0.09055685997009277,
            0.11597657203674316,
            0.3580288887023926,
            0.06532478332519531,
            0.09987068176269531,
            0.09461355209350586,
            0.2867715358734131,
            0.06287312507629395,
            0.09012937545776367,
            0.0887153148651123,
            0.3973543643951416,
            0.06907224655151367,
            0.09571051597595215,
            0.09238219261169434,
            0.36431026458740234,
            0.06637263298034668
        ],
        "fit_computation_times": [
            0.6716141700744629,
            0.6892733573913574,
            0.6899480819702148,
            0.6676971912384033,
            0.6802687644958496,
            0.6796572208404541
        ]
    },
    "elapsed": 23.40029811859131
}