{
    "tensor_name": "enron",
    "sampler": "larsen_kolda_hybrid",
    "R": 25,
    "J": 458752,
    "trial": 0,
    "preprocessing": "log_count",
    "initialization": "rrf",
    "max_iterations": 40,
    "stop_tolerance": 0.0001,
    "tensor_order": 4,
    "trace": {
        "iterations": [
            0,
            5,
            10,
            15,
            20,
            25,
            30,
            35,
            40
        ],
        "fits": [
            -8570756122621.745,
            0.08568589472637667,
            0.0868299681266238,
            0.08755051281973991,
            0.08773445547224834,
            0.08807268504609089,
            0.08810585670715743,
            0.088153248850532,
            0.08818259233098447
        ],
        "update_times": [
            0.0716550350189209,
            0.0783989429473877,
            0.28827619552612305,
            0.0638573169708252,
            0.08682608604431152,
            0.09572505950927734,
            0.4876902103424072,
            0.06840014457702637,
            0.08004117012023926,
            0.0999445915222168,
            0.38997554779052734,
            0.06548547744750977,
            0.07956242561340332,
            0.08572959899902344,
            0.37209415435791016,
            0.06589078903198242,
            0.07886886596679688,
            0.08838915824890137,
            0.4000530242919922,
            0.06672477722167969,
            0.05976271629333496,
            0.0916593074798584,
            0.4055979251861572,
            0.07386040687561035,
            0.09157896041870117,
            0.10338687896728516,
            0.32349395751953125,
            0.06376194953918457,
            0.07849478721618652,
            0.09107327461242676,
            0.31821441650390625,
            0.0632929801940918,
            0.08262944221496582,
            0.08974671363830566,
            0.3561842441558838,
            0.0594182014465332,
            0.07760024070739746,
            0.08883881568908691,
            0.3677496910095215,
            0.0648353099822998,
            0.055870771408081055,
            0.08870673179626465,
            0.39376068115234375,
            0.0641331672668457,
            0.07999801635742188,
            0.095428466796875,
            0.3694489002227783,
            0.06306767463684082,
            0.12654471397399902,
            0.23991179466247559,
            0.44503068923950195,
            0.06868624687194824,
            0.08123469352722168,
            0.08655619621276855,
            0.3704833984375,
            0.07367706298828125,
            0.08966231346130371,
            0.10363912582397461,
            0.4010498523712158,
            0.06146049499511719,
            0.06780457496643066,
            0.09921765327453613,
            0.3275034427642822,
            0.0606844425201416,
            0.07843852043151855,
            0.10071229934692383,
            0.4219231605529785,
            0.07522225379943848,
            0.08954644203186035,
            0.14593863487243652,
            0.40365123748779297,
            0.07101607322692871,
            0.07856392860412598,
            0.09115743637084961,
            0.40257692337036133,
            0.06510758399963379,
            0.07936811447143555,
            0.08841347694396973,
            0.46305394172668457,
            0.06572580337524414,
            0.054164886474609375,
            0.08824300765991211,
            0.4554777145385742,
            0.06988787651062012,
            0.07632613182067871,
            0.08846783638000488,
            0.40322327613830566,
            0.06392502784729004,
            0.07756590843200684,
            0.08843874931335449,
            0.45580315589904785,
            0.0647435188293457,
            0.07957935333251953,
            0.0889279842376709,
            0.4153752326965332,
            0.06185150146484375,
            0.07977151870727539,
            0.09446001052856445,
            0.3920910358428955,
            0.0677793025970459,
            0.053797006607055664,
            0.0901651382446289,
            0.40384984016418457,
            0.06340241432189941,
            0.07851815223693848,
            0.09408187866210938,
            0.39977383613586426,
            0.07100367546081543,
            0.07739710807800293,
            0.1096041202545166,
            0.4089694023132324,
            0.07461118698120117,
            0.08016657829284668,
            0.09014344215393066,
            0.45555639266967773,
            0.06543779373168945,
            0.0752403736114502,
            0.0876305103302002,
            0.4573953151702881,
            0.06294083595275879,
            0.05402064323425293,
            0.08765482902526855,
            0.4275076389312744,
            0.0767214298248291,
            0.10385274887084961,
            0.12334775924682617,
            0.3801403045654297,
            0.058930397033691406,
            0.0792999267578125,
            0.08669853210449219,
            0.44557857513427734,
            0.0680851936340332,
            0.08107709884643555,
            0.11162114143371582,
            0.39781737327575684,
            0.06655287742614746,
            0.07762265205383301,
            0.09135270118713379,
            0.40015625953674316,
            0.06375694274902344,
            0.06242561340332031,
            0.09325242042541504,
            0.35253405570983887,
            0.07394123077392578,
            0.09031510353088379,
            0.09233307838439941,
            0.4617903232574463,
            0.06600642204284668,
            0.08587503433227539,
            0.08906340599060059,
            0.39581942558288574,
            0.06389188766479492,
            0.07716178894042969,
            0.09000968933105469,
            0.4704115390777588,
            0.06868553161621094,
            0.08910036087036133,
            0.09954500198364258,
            0.5013842582702637,
            0.07509684562683105
        ],
        "fit_computation_times": [
            0.13171792030334473,
            0.1194312572479248,
            0.12015390396118164,
            0.12159276008605957,
            0.13530588150024414,
            0.12349534034729004,
            0.1243736743927002,
            0.1334242820739746
        ]
    },
    "elapsed": 27.127516746520996
}