{
    "tensor_name": "enron",
    "sampler": "larsen_kolda_hybrid",
    "R": 50,
    "J": 65536,
    "trial": 3,
    "preprocessing": "log_count",
    "initialization": "rrf",
    "max_iterations": 40,
    "stop_tolerance": 0.0001,
    "tensor_order": 4,
    "trace": {
        "iterations": [
            0,
            5,
            10,
            15,
            20,
            25,
            30,
            35,
            40
        ],
        "fits": [
            -12140342495590.582,
            0.0488623661440194,
            0.08896511112633965,
            0.07930871361525937,
            0.08480929386469338,
            0.0899633803783777,
            0.08824089135601054,
            0.0770832648602856,
            0.08156477232794679
        ],
        "update_times": [
            0.03144335746765137,
            0.03045368194580078,
            0.0970158576965332,
            0.02070760726928711,
            0.028077363967895508,
            0.029553651809692383,
            0.1712181568145752,
            0.021944522857666016,
            0.028299570083618164,
            0.03040480613708496,
            0.18971753120422363,
            0.022095203399658203,
            0.027660846710205078,
            0.029906034469604492,
            0.19842052459716797,
            0.02273416519165039,
            0.028673887252807617,
            0.032903432846069336,
            0.18967795372009277,
            0.022908449172973633,
            0.029217958450317383,
            0.05608654022216797,
            0.1486349105834961,
            0.02302408218383789,
            0.029574871063232422,
            0.03022909164428711,
            0.19946956634521484,
            0.021631717681884766,
            0.027655839920043945,
            0.02977919578552246,
            0.17867803573608398,
            0.021834850311279297,
            0.02834296226501465,
            0.0373995304107666,
            0.18567895889282227,
            0.0229647159576416,
            0.03158974647521973,
            0.0316166877746582,
            0.15900397300720215,
            0.02333855628967285,
            0.026059865951538086,
            0.030279159545898438,
            0.21468544006347656,
            0.028583765029907227,
            0.02811717987060547,
            0.0397183895111084,
            0.17794275283813477,
            0.020559072494506836,
            0.02527642250061035,
            0.026572704315185547,
            0.17443466186523438,
            0.021208763122558594,
            0.026970386505126953,
            0.026969194412231445,
            0.19070649147033691,
            0.022180557250976562,
            0.028356075286865234,
            0.03136920928955078,
            0.1718294620513916,
            0.02361297607421875,
            0.03062272071838379,
            0.03180527687072754,
            0.1781759262084961,
            0.021992921829223633,
            0.027881145477294922,
            0.031190156936645508,
            0.18163442611694336,
            0.021021366119384766,
            0.031043291091918945,
            0.030241966247558594,
            0.16941070556640625,
            0.021184444427490234,
            0.027971267700195312,
            0.030049562454223633,
            0.16511178016662598,
            0.0225832462310791,
            0.03476095199584961,
            0.03272700309753418,
            0.17129874229431152,
            0.021291017532348633,
            0.02586078643798828,
            0.029621124267578125,
            0.2043917179107666,
            0.020303010940551758,
            0.029442787170410156,
            0.030228614807128906,
            0.16957902908325195,
            0.02310919761657715,
            0.028179407119750977,
            0.03630995750427246,
            0.15478110313415527,
            0.020739316940307617,
            0.028502225875854492,
            0.03229379653930664,
            0.16881990432739258,
            0.02229619026184082,
            0.029336929321289062,
            0.034674882888793945,
            0.15656566619873047,
            0.024119138717651367,
            0.026446819305419922,
            0.030939340591430664,
            0.1742246150970459,
            0.03844928741455078,
            0.08834362030029297,
            0.03531599044799805,
            0.1706221103668213,
            0.02777886390686035,
            0.028862953186035156,
            0.03195786476135254,
            0.1742086410522461,
            0.02275538444519043,
            0.02837228775024414,
            0.03039717674255371,
            0.17888760566711426,
            0.022287607192993164,
            0.02621173858642578,
            0.026550769805908203,
            0.16537904739379883,
            0.021618127822875977,
            0.027567148208618164,
            0.027376890182495117,
            0.17279291152954102,
            0.02007293701171875,
            0.027615070343017578,
            0.030136585235595703,
            0.17274165153503418,
            0.020972490310668945,
            0.03225564956665039,
            0.030879497528076172,
            0.17127728462219238,
            0.021207571029663086,
            0.025626182556152344,
            0.027462482452392578,
            0.16769146919250488,
            0.021368026733398438,
            0.028505563735961914,
            0.026987552642822266,
            0.14675641059875488,
            0.020832300186157227,
            0.02256941795349121,
            0.03357076644897461,
            0.18573427200317383,
            0.020722627639770508,
            0.029135704040527344,
            0.034234046936035156,
            0.15351557731628418,
            0.0223236083984375,
            0.028903484344482422,
            0.03834819793701172,
            0.18985652923583984,
            0.022091388702392578,
            0.04739880561828613,
            0.035570621490478516,
            0.15256524085998535,
            0.023080110549926758,
            0.025104045867919922,
            0.026681184768676758,
            0.17126035690307617,
            0.022778749465942383
        ],
        "fit_computation_times": [
            0.3343656063079834,
            0.33002424240112305,
            0.3324415683746338,
            0.3161787986755371,
            0.3259754180908203,
            0.32613706588745117,
            0.328627347946167,
            0.3389554023742676
        ]
    },
    "elapsed": 13.337422132492065
}