{
    "tensor_name": "enron",
    "sampler": "efficient",
    "R": 100,
    "J": 983040,
    "trial": 3,
    "preprocessing": "log_count",
    "initialization": "rrf",
    "max_iterations": 40,
    "stop_tolerance": 0.0001,
    "tensor_order": 4,
    "trace": {
        "iterations": [
            0,
            5,
            10,
            15,
            20,
            25,
            30,
            35,
            40
        ],
        "fits": [
            -18240456073179.082,
            0.14936434790728315,
            0.1545177581752296,
            0.15605586393140913,
            0.1567962432721861,
            0.15725782985612624,
            0.15753287000924243,
            0.1576976736196145,
            0.157891256696153
        ],
        "update_times": [
            4.419104099273682,
            4.447656869888306,
            4.457100868225098,
            4.985846996307373,
            4.4757325649261475,
            4.506928205490112,
            4.73163366317749,
            5.173120737075806,
            4.5593414306640625,
            4.675429105758667,
            4.643826484680176,
            5.183948755264282,
            4.595857620239258,
            4.650373697280884,
            4.611559867858887,
            5.342625141143799,
            4.387211322784424,
            4.6294097900390625,
            4.635191917419434,
            5.335088729858398,
            4.516992568969727,
            4.934897422790527,
            4.571166753768921,
            5.317693471908569,
            4.5022594928741455,
            4.998682975769043,
            4.800904989242554,
            5.46579122543335,
            4.5691046714782715,
            4.660001754760742,
            4.536087274551392,
            5.46679425239563,
            4.46371054649353,
            4.575898885726929,
            4.777834177017212,
            5.165831565856934,
            4.48358416557312,
            4.603621006011963,
            4.4439733028411865,
            5.227204084396362,
            4.826275825500488,
            4.489304542541504,
            4.162703275680542,
            5.459000825881958,
            4.483568906784058,
            4.568372488021851,
            4.639495849609375,
            5.264832496643066,
            4.500003099441528,
            4.570639133453369,
            4.633741617202759,
            5.121417284011841,
            4.514937162399292,
            4.212398290634155,
            4.378205060958862,
            5.191253662109375,
            4.538493394851685,
            4.710821628570557,
            4.8606157302856445,
            5.175166130065918,
            4.634972810745239,
            4.697998285293579,
            4.740743160247803,
            5.307886123657227,
            4.583495140075684,
            4.77501654624939,
            4.856170415878296,
            5.24897575378418,
            4.692757844924927,
            4.502322435379028,
            4.732623338699341,
            5.142157077789307,
            4.611501693725586,
            4.632185935974121,
            4.62913966178894,
            5.312470197677612,
            4.514873743057251,
            4.618831157684326,
            4.626665830612183,
            5.527677059173584,
            4.568152904510498,
            4.930970191955566,
            4.913061141967773,
            5.558832168579102,
            4.731607437133789,
            4.64755392074585,
            4.679639577865601,
            5.672979116439819,
            4.6522955894470215,
            4.632633209228516,
            4.573253154754639,
            5.1940436363220215,
            4.713984727859497,
            4.628864765167236,
            4.584003925323486,
            5.458120107650757,
            4.569586515426636,
            4.523627281188965,
            4.797101974487305,
            5.244192123413086,
            4.710697174072266,
            4.6989829540252686,
            4.637971878051758,
            5.263552188873291,
            4.640910387039185,
            4.706279993057251,
            4.609551429748535,
            5.417243003845215,
            4.546720504760742,
            4.659762382507324,
            4.736321687698364,
            5.329048156738281,
            4.6504294872283936,
            4.761144638061523,
            4.646968603134155,
            5.261898517608643,
            4.326801776885986,
            4.523098468780518,
            4.596629858016968,
            5.268816709518433,
            4.801925420761108,
            4.6933770179748535,
            4.543849945068359,
            5.228076696395874,
            4.767845153808594,
            4.524114608764648,
            4.63308310508728,
            5.2439727783203125,
            4.626980781555176,
            4.7308032512664795,
            4.581020832061768,
            5.341512441635132,
            4.633956670761108,
            4.6135077476501465,
            4.640800952911377,
            5.315086603164673,
            4.443178176879883,
            4.661931037902832,
            4.552006244659424,
            5.326207876205444,
            4.699497222900391,
            4.7727789878845215,
            5.002239465713501,
            5.1588134765625,
            4.4929399490356445,
            4.496510744094849,
            4.514718055725098,
            5.462519407272339,
            4.559683322906494,
            4.679389953613281,
            4.749558210372925,
            5.622865200042725,
            4.717058897018433,
            4.6436989307403564,
            4.642247676849365,
            5.240864038467407,
            4.924168825149536,
            4.521367788314819,
            4.650900602340698,
            5.1737377643585205
        ],
        "fit_computation_times": [
            0.8193359375,
            0.8127057552337646,
            0.8104040622711182,
            0.796983003616333,
            0.819206953048706,
            0.8340096473693848,
            0.7715380191802979,
            0.8059618473052979
        ]
    },
    "elapsed": 774.3824026584625
}