{
    "tensor_name": "enron",
    "sampler": "efficient",
    "R": 50,
    "J": 131072,
    "trial": 1,
    "preprocessing": "log_count",
    "initialization": "rrf",
    "max_iterations": 40,
    "stop_tolerance": 0.0001,
    "tensor_order": 4,
    "trace": {
        "iterations": [
            0,
            5,
            10,
            15,
            20,
            25,
            30,
            35,
            40
        ],
        "fits": [
            -12606130531473.916,
            0.11220051696897604,
            0.11664630430801037,
            0.11771945107449677,
            0.11824001376686255,
            0.1185045870258935,
            0.11870947871805415,
            0.11882904380934567,
            0.11888897935835874
        ],
        "update_times": [
            0.19940829277038574,
            0.20210933685302734,
            0.49871325492858887,
            0.1925678253173828,
            0.19536805152893066,
            0.21891307830810547,
            0.6006288528442383,
            0.21518921852111816,
            0.19953417778015137,
            0.23972487449645996,
            0.6301898956298828,
            0.2188892364501953,
            0.18986797332763672,
            0.2164912223815918,
            0.676485538482666,
            0.21416497230529785,
            0.1901543140411377,
            0.23522377014160156,
            0.5672287940979004,
            0.22635579109191895,
            0.18747639656066895,
            0.22467970848083496,
            0.6352634429931641,
            0.2223067283630371,
            0.19560885429382324,
            0.22825026512145996,
            0.5859482288360596,
            0.22600078582763672,
            0.19114899635314941,
            0.22766709327697754,
            0.6176378726959229,
            0.2281179428100586,
            0.21915054321289062,
            0.222609281539917,
            0.6323471069335938,
            0.2125697135925293,
            0.20673847198486328,
            0.27998995780944824,
            0.5835816860198975,
            0.22275853157043457,
            0.1887960433959961,
            0.27006983757019043,
            0.6523876190185547,
            0.21883940696716309,
            0.27288293838500977,
            0.29859042167663574,
            0.5399343967437744,
            0.21887564659118652,
            0.19728541374206543,
            0.22553443908691406,
            0.5295114517211914,
            0.21883177757263184,
            0.27509045600891113,
            0.25116658210754395,
            0.6224479675292969,
            0.2181377410888672,
            0.2366809844970703,
            0.22264552116394043,
            0.6020238399505615,
            0.22944092750549316,
            0.1967601776123047,
            0.2260432243347168,
            0.566631555557251,
            0.22594213485717773,
            0.21195459365844727,
            0.24271678924560547,
            0.5400669574737549,
            0.22527480125427246,
            0.19763994216918945,
            0.2201230525970459,
            0.6008856296539307,
            0.2127985954284668,
            0.19112372398376465,
            0.21829771995544434,
            0.570469856262207,
            0.22115468978881836,
            0.2154855728149414,
            0.2422163486480713,
            0.5868303775787354,
            0.22518658638000488,
            0.18900561332702637,
            0.21695685386657715,
            0.6048767566680908,
            0.21655774116516113,
            0.20501208305358887,
            0.23576688766479492,
            0.5800862312316895,
            0.21245265007019043,
            0.20474672317504883,
            0.41912317276000977,
            0.6350829601287842,
            0.23578834533691406,
            0.21249151229858398,
            0.2748408317565918,
            0.5657751560211182,
            0.22369623184204102,
            0.20261311531066895,
            0.3155343532562256,
            0.6299519538879395,
            0.21024131774902344,
            0.18546533584594727,
            0.23714137077331543,
            0.5729117393493652,
            0.21820712089538574,
            0.28487658500671387,
            0.25949978828430176,
            0.6439008712768555,
            0.22617149353027344,
            0.286236047744751,
            0.2797982692718506,
            0.6841602325439453,
            0.21880507469177246,
            0.24970698356628418,
            0.2536933422088623,
            0.5742478370666504,
            0.21260976791381836,
            0.201279878616333,
            0.23192453384399414,
            0.6099469661712646,
            0.21444249153137207,
            0.18698406219482422,
            0.23306655883789062,
            0.5774638652801514,
            0.22031903266906738,
            0.19649124145507812,
            0.22378873825073242,
            0.5306365489959717,
            0.21947693824768066,
            0.24447059631347656,
            0.22586321830749512,
            0.5578374862670898,
            0.22179412841796875,
            0.1983938217163086,
            0.22953009605407715,
            0.556236982345581,
            0.22221803665161133,
            0.19386911392211914,
            0.22775506973266602,
            0.6468377113342285,
            0.2219696044921875,
            0.18588733673095703,
            0.24224424362182617,
            0.620272159576416,
            0.2180161476135254,
            0.21306467056274414,
            0.23492431640625,
            0.6174356937408447,
            0.23281407356262207,
            0.2029259204864502,
            0.29237794876098633,
            0.5716907978057861,
            0.2124948501586914,
            0.20953369140625,
            0.23029851913452148,
            0.6430461406707764,
            0.21836185455322266,
            0.19631028175354004,
            0.21993088722229004,
            0.6107633113861084,
            0.21812963485717773
        ],
        "fit_computation_times": [
            0.3289518356323242,
            0.3086738586425781,
            0.34641551971435547,
            0.34021830558776855,
            0.32741498947143555,
            0.34191441535949707,
            0.3171710968017578,
            0.34151506423950195
        ]
    },
    "elapsed": 53.8600971698761
}