{
    "tensor_name": "enron",
    "sampler": "larsen_kolda_hybrid",
    "R": 100,
    "J": 1638400,
    "trial": 1,
    "preprocessing": "log_count",
    "initialization": "rrf",
    "max_iterations": 40,
    "stop_tolerance": 0.0001,
    "tensor_order": 4,
    "trace": {
        "iterations": [
            0,
            5,
            10,
            15,
            20,
            25,
            30,
            35,
            40
        ],
        "fits": [
            -18185412389421.766,
            0.15083669169106062,
            0.15382187874891662,
            0.15438869696761726,
            0.15765650098631145,
            0.15722661500181245,
            0.15796483647871762,
            0.15824429327951894,
            0.15944710138464147
        ],
        "update_times": [
            0.5472264289855957,
            0.532989501953125,
            1.0399088859558105,
            0.48624277114868164,
            0.5512936115264893,
            0.5382864475250244,
            1.7725830078125,
            0.4972078800201416,
            0.5272927284240723,
            0.552910327911377,
            1.6206932067871094,
            0.5258998870849609,
            0.5182013511657715,
            0.5604610443115234,
            1.6248459815979004,
            0.5016789436340332,
            0.5160262584686279,
            0.533266544342041,
            2.0280396938323975,
            0.5264585018157959,
            0.5380706787109375,
            0.5527999401092529,
            2.0027122497558594,
            0.5330855846405029,
            0.5468306541442871,
            0.5720541477203369,
            2.1050586700439453,
            0.5217156410217285,
            0.5401408672332764,
            0.556415319442749,
            2.039004325866699,
            0.5504968166351318,
            0.5591921806335449,
            0.585939884185791,
            1.992004156112671,
            0.5363078117370605,
            0.5449910163879395,
            0.5759973526000977,
            1.9742732048034668,
            0.5344827175140381,
            0.6522009372711182,
            0.5773088932037354,
            2.008418321609497,
            0.5511629581451416,
            0.5562646389007568,
            0.5707314014434814,
            2.2560770511627197,
            0.5335268974304199,
            0.5442655086517334,
            0.59610915184021,
            1.6681609153747559,
            0.5535256862640381,
            0.5374276638031006,
            0.5695452690124512,
            1.9928233623504639,
            0.5016884803771973,
            0.5223071575164795,
            0.5571200847625732,
            1.802900791168213,
            0.5242235660552979,
            0.542288064956665,
            0.5678079128265381,
            1.8728857040405273,
            0.5320560932159424,
            0.5333371162414551,
            0.5575191974639893,
            2.18436336517334,
            0.5142335891723633,
            0.5275485515594482,
            0.5782160758972168,
            2.0231516361236572,
            0.5002679824829102,
            0.5186517238616943,
            0.5569624900817871,
            1.8705947399139404,
            0.49964284896850586,
            0.5146811008453369,
            0.5482897758483887,
            2.343870162963867,
            0.5062696933746338,
            0.5093114376068115,
            0.5546932220458984,
            2.12101411819458,
            0.5100479125976562,
            0.5319750308990479,
            0.5556018352508545,
            1.8984432220458984,
            0.5216271877288818,
            0.5347709655761719,
            0.5593154430389404,
            2.0188443660736084,
            0.5258684158325195,
            0.5412647724151611,
            0.573958158493042,
            1.4867630004882812,
            0.5112020969390869,
            0.5235919952392578,
            0.5487885475158691,
            1.589937686920166,
            0.5103349685668945,
            0.5117776393890381,
            0.5559487342834473,
            1.6495943069458008,
            0.5026900768280029,
            0.5283699035644531,
            0.5567934513092041,
            1.8597960472106934,
            0.5095899105072021,
            0.5254688262939453,
            0.5479166507720947,
            2.15037202835083,
            0.5222878456115723,
            0.55324387550354,
            0.5597188472747803,
            1.775179147720337,
            0.5129406452178955,
            0.5235719680786133,
            0.5642518997192383,
            2.0833301544189453,
            0.5287230014801025,
            0.5348565578460693,
            0.568251371383667,
            2.033517599105835,
            0.5404767990112305,
            0.5494270324707031,
            0.5679373741149902,
            1.994758129119873,
            0.5335407257080078,
            0.5770113468170166,
            0.5889041423797607,
            1.8971354961395264,
            0.5106909275054932,
            0.5274226665496826,
            0.5854740142822266,
            1.8930401802062988,
            0.5925896167755127,
            0.5546567440032959,
            0.595282793045044,
            1.758833408355713,
            0.5462651252746582,
            0.5515811443328857,
            0.5874218940734863,
            2.1063942909240723,
            0.5327262878417969,
            0.5430126190185547,
            0.564727783203125,
            2.0396015644073486,
            0.5367863178253174,
            0.5509200096130371,
            0.5933446884155273,
            1.8727400302886963,
            0.533104419708252,
            0.5287439823150635,
            0.5548110008239746,
            1.7635550498962402,
            0.5196757316589355,
            0.5218470096588135,
            0.5426633358001709,
            1.7965939044952393,
            0.5004231929779053
        ],
        "fit_computation_times": [
            0.7476181983947754,
            0.758404016494751,
            0.7126002311706543,
            0.6981439590454102,
            0.7405555248260498,
            0.7148382663726807,
            0.7658307552337646,
            0.7424507141113281
        ]
    },
    "elapsed": 147.76389694213867
}