{
    "tensor_name": "enron",
    "sampler": "larsen_kolda_hybrid",
    "R": 50,
    "J": 983040,
    "trial": 0,
    "preprocessing": "log_count",
    "initialization": "rrf",
    "max_iterations": 40,
    "stop_tolerance": 0.0001,
    "tensor_order": 4,
    "trace": {
        "iterations": [
            0,
            5,
            10,
            15,
            20,
            25,
            30,
            35,
            40
        ],
        "fits": [
            -12387378310891.352,
            0.11278883998294176,
            0.11691480155332634,
            0.11756034362755552,
            0.11830113941608222,
            0.11662615842986623,
            0.11820948750053684,
            0.11844022690211498,
            0.11890968255309142
        ],
        "update_times": [
            0.20280694961547852,
            0.2063300609588623,
            0.6138701438903809,
            0.19635653495788574,
            0.20728063583374023,
            0.2350301742553711,
            0.9520823955535889,
            0.19563508033752441,
            0.23981523513793945,
            0.22463750839233398,
            1.0089824199676514,
            0.18886351585388184,
            0.21568799018859863,
            0.22847557067871094,
            0.99200439453125,
            0.20357346534729004,
            0.24122858047485352,
            0.23970246315002441,
            1.0972769260406494,
            0.1967628002166748,
            0.21083998680114746,
            0.23948431015014648,
            0.8694009780883789,
            0.18936443328857422,
            0.21663856506347656,
            0.2211761474609375,
            0.9862761497497559,
            0.2242755889892578,
            0.24149727821350098,
            0.24866008758544922,
            0.8240096569061279,
            0.1938469409942627,
            0.22765612602233887,
            0.23065876960754395,
            0.9534752368927002,
            0.20282912254333496,
            0.21944975852966309,
            0.23259258270263672,
            0.8634524345397949,
            0.1902759075164795,
            0.18755030632019043,
            0.24892926216125488,
            0.8853898048400879,
            0.1906447410583496,
            0.21108531951904297,
            0.22408652305603027,
            1.1039414405822754,
            0.19899678230285645,
            0.23823928833007812,
            0.25934457778930664,
            0.950563907623291,
            0.20330429077148438,
            0.23192453384399414,
            0.24625205993652344,
            0.8889346122741699,
            0.19205665588378906,
            0.2155623435974121,
            0.2456650733947754,
            0.8764517307281494,
            0.1976613998413086,
            0.20399880409240723,
            0.23213529586791992,
            1.0122337341308594,
            0.20158648490905762,
            0.22124409675598145,
            0.23285794258117676,
            0.8657619953155518,
            0.18614768981933594,
            0.22559690475463867,
            0.21669912338256836,
            1.0175504684448242,
            0.19381952285766602,
            0.2128615379333496,
            0.22465109825134277,
            0.9089047908782959,
            0.19928359985351562,
            0.23503661155700684,
            0.23251724243164062,
            0.9999866485595703,
            0.18446779251098633,
            0.1963655948638916,
            0.22657561302185059,
            0.9357352256774902,
            0.19424748420715332,
            0.22684717178344727,
            0.2422773838043213,
            0.8874518871307373,
            0.19348812103271484,
            0.24659252166748047,
            0.2726583480834961,
            1.0250451564788818,
            0.19910693168640137,
            0.2567133903503418,
            0.2502908706665039,
            1.1346981525421143,
            0.20421814918518066,
            0.22991585731506348,
            0.2399275302886963,
            0.827639102935791,
            0.18413472175598145,
            0.19682931900024414,
            0.2224576473236084,
            0.919663667678833,
            0.18027782440185547,
            0.2055819034576416,
            0.23551297187805176,
            1.0307388305664062,
            0.20032024383544922,
            0.24858570098876953,
            0.25162839889526367,
            1.084428071975708,
            0.21669745445251465,
            0.29822731018066406,
            0.24112296104431152,
            0.7830545902252197,
            0.20077729225158691,
            0.22760462760925293,
            0.2285306453704834,
            1.0697212219238281,
            0.19665098190307617,
            0.20563006401062012,
            0.22573542594909668,
            0.9629426002502441,
            0.1944262981414795,
            0.20930886268615723,
            0.22663235664367676,
            1.02490234375,
            0.19751715660095215,
            0.22409296035766602,
            0.24883794784545898,
            1.1215095520019531,
            0.19999361038208008,
            0.20239973068237305,
            0.22616124153137207,
            0.8669517040252686,
            0.1977519989013672,
            0.20866966247558594,
            0.22877049446105957,
            0.9291119575500488,
            0.20357179641723633,
            0.2053847312927246,
            0.2234809398651123,
            0.8165364265441895,
            0.19570660591125488,
            0.2161569595336914,
            0.22740602493286133,
            1.0425658226013184,
            0.20866870880126953,
            0.24166607856750488,
            0.24676060676574707,
            0.9297685623168945,
            0.22780776023864746,
            0.20880889892578125,
            0.22405147552490234,
            0.8571586608886719,
            0.19434213638305664,
            0.2320866584777832,
            0.23551297187805176,
            0.8467409610748291,
            0.20717239379882812
        ],
        "fit_computation_times": [
            0.3085365295410156,
            0.29768896102905273,
            0.3049304485321045,
            0.305511474609375,
            0.3162415027618408,
            0.33742356300354004,
            0.3166790008544922,
            0.3206143379211426
        ]
    },
    "elapsed": 66.8282196521759
}