{
    "tensor_name": "enron",
    "sampler": "efficient",
    "R": 75,
    "J": 163840,
    "trial": 3,
    "preprocessing": "log_count",
    "initialization": "rrf",
    "max_iterations": 40,
    "stop_tolerance": 0.0001,
    "tensor_order": 4,
    "trace": {
        "iterations": [
            0,
            5,
            10,
            15,
            20,
            25,
            30,
            35,
            40
        ],
        "fits": [
            -15565344852003.625,
            0.13070997117856753,
            0.13486261096180296,
            0.1358083268517113,
            0.13628764516794178,
            0.13654343373914135,
            0.1368606424490323,
            0.13674926189410908,
            0.1371600914674953
        ],
        "update_times": [
            0.41654181480407715,
            0.4361302852630615,
            0.7911906242370605,
            0.44579625129699707,
            0.42031192779541016,
            0.4424419403076172,
            1.0374131202697754,
            0.5051929950714111,
            0.44473934173583984,
            0.47850966453552246,
            1.073991060256958,
            0.512986421585083,
            0.4583706855773926,
            0.47102832794189453,
            1.0504937171936035,
            0.5087540149688721,
            0.45917391777038574,
            0.4931221008300781,
            1.1515567302703857,
            0.5227804183959961,
            0.4363269805908203,
            0.46872615814208984,
            1.0478472709655762,
            0.489454984664917,
            0.4260752201080322,
            0.5028631687164307,
            1.094130516052246,
            0.5167782306671143,
            0.4539041519165039,
            0.48456597328186035,
            1.0904498100280762,
            0.48871397972106934,
            0.4587209224700928,
            0.5012197494506836,
            1.0776782035827637,
            0.519097089767456,
            0.4494175910949707,
            0.48863792419433594,
            1.110746145248413,
            0.5203440189361572,
            0.4389467239379883,
            0.5391116142272949,
            1.082737922668457,
            0.5064682960510254,
            0.4540841579437256,
            0.6892731189727783,
            1.104379653930664,
            0.5102097988128662,
            0.4474318027496338,
            0.48706698417663574,
            1.0692262649536133,
            0.5227165222167969,
            0.44528913497924805,
            0.48821520805358887,
            1.08176589012146,
            0.5122663974761963,
            0.4383847713470459,
            0.48407554626464844,
            1.0964453220367432,
            0.5147910118103027,
            0.45593929290771484,
            0.4825000762939453,
            1.1126632690429688,
            0.49985671043395996,
            0.4557487964630127,
            0.5168442726135254,
            1.0102458000183105,
            0.4989042282104492,
            0.46031618118286133,
            0.4713442325592041,
            1.142026662826538,
            0.4867744445800781,
            0.4260997772216797,
            0.516754150390625,
            1.1609163284301758,
            0.5009057521820068,
            0.4514784812927246,
            0.47255969047546387,
            1.1131703853607178,
            0.4939002990722656,
            0.4305381774902344,
            0.44687461853027344,
            1.0144565105438232,
            0.4977381229400635,
            0.45942163467407227,
            0.507849931716919,
            1.061650276184082,
            0.5601284503936768,
            0.4352877140045166,
            0.4820525646209717,
            0.968209981918335,
            0.500546932220459,
            0.4664151668548584,
            0.48854708671569824,
            0.9843950271606445,
            0.516897439956665,
            0.46028709411621094,
            0.5185501575469971,
            1.089280366897583,
            0.5359718799591064,
            0.45861220359802246,
            0.5833630561828613,
            1.177443504333496,
            0.4912402629852295,
            0.4326059818267822,
            0.46304774284362793,
            1.0777616500854492,
            0.4863443374633789,
            0.4433162212371826,
            0.4624161720275879,
            1.1149184703826904,
            0.5150356292724609,
            0.4478185176849365,
            0.4740478992462158,
            1.110290288925171,
            0.4993319511413574,
            0.45824503898620605,
            0.4848785400390625,
            1.1326103210449219,
            0.5150692462921143,
            0.38196253776550293,
            0.4823644161224365,
            1.1276915073394775,
            0.5201780796051025,
            0.43881654739379883,
            0.4555933475494385,
            1.117053747177124,
            0.5213208198547363,
            0.4625101089477539,
            0.4921886920928955,
            1.0648424625396729,
            0.5206625461578369,
            0.42830824851989746,
            0.45303845405578613,
            1.0685527324676514,
            0.504694938659668,
            0.4358994960784912,
            0.45306825637817383,
            1.1565308570861816,
            0.49403977394104004,
            0.45735621452331543,
            0.49300432205200195,
            1.178147315979004,
            0.497028112411499,
            0.46915268898010254,
            0.45274853706359863,
            1.159778356552124,
            0.5037040710449219,
            0.47095823287963867,
            0.4716348648071289,
            1.1829912662506104,
            0.4995694160461426,
            0.4368588924407959,
            0.49120044708251953,
            1.094658374786377,
            0.5127696990966797,
            0.4600067138671875,
            0.4341585636138916,
            1.029714822769165,
            0.510185718536377
        ],
        "fit_computation_times": [
            0.5389847755432129,
            0.536301851272583,
            0.5543050765991211,
            0.5440027713775635,
            0.5371177196502686,
            0.5353913307189941,
            0.5420420169830322,
            0.5492756366729736
        ]
    },
    "elapsed": 105.95008778572083
}