{
    "tensor_name": "enron",
    "sampler": "larsen_kolda_hybrid",
    "R": 100,
    "J": 98304,
    "trial": 1,
    "preprocessing": "log_count",
    "initialization": "rrf",
    "max_iterations": 40,
    "stop_tolerance": 0.0001,
    "tensor_order": 4,
    "trace": {
        "iterations": [
            0,
            5,
            10,
            15,
            20,
            25
        ],
        "fits": [
            -18670497248073.73,
            0.08700190229797533,
            0.09639854690528715,
            0.05596096349742963,
            0.08285488625094728,
            0.08606029003095106
        ],
        "update_times": [
            0.05767512321472168,
            0.07409358024597168,
            0.18840718269348145,
            0.046793222427368164,
            0.06876564025878906,
            0.0709230899810791,
            0.191544771194458,
            0.054970741271972656,
            0.06969237327575684,
            0.06591081619262695,
            0.2592155933380127,
            0.04845786094665527,
            0.07958149909973145,
            0.08100008964538574,
            0.2400503158569336,
            0.048145294189453125,
            0.0781712532043457,
            0.06848335266113281,
            0.22149324417114258,
            0.05039834976196289,
            0.052000999450683594,
            0.07443714141845703,
            0.23599863052368164,
            0.05125880241394043,
            0.0741417407989502,
            0.06256294250488281,
            0.2155611515045166,
            0.04968595504760742,
            0.07900261878967285,
            0.07624983787536621,
            0.2995586395263672,
            0.04702305793762207,
            0.06817030906677246,
            0.07603073120117188,
            0.23553824424743652,
            0.04921436309814453,
            0.06976509094238281,
            0.06483888626098633,
            0.25625181198120117,
            0.04556632041931152,
            0.06262373924255371,
            0.07568216323852539,
            0.2827587127685547,
            0.053627967834472656,
            0.0873115062713623,
            0.09819531440734863,
            0.26834869384765625,
            0.05977654457092285,
            0.06824135780334473,
            0.06521034240722656,
            0.24835515022277832,
            0.048021554946899414,
            0.06524658203125,
            0.07081890106201172,
            0.25039243698120117,
            0.047327280044555664,
            0.060854196548461914,
            0.059040069580078125,
            0.30240821838378906,
            0.04537034034729004,
            0.056700706481933594,
            0.06226158142089844,
            0.25927019119262695,
            0.054433345794677734,
            0.06690025329589844,
            0.06250500679016113,
            0.27379488945007324,
            0.049592018127441406,
            0.061203956604003906,
            0.06949305534362793,
            0.27674293518066406,
            0.06204366683959961,
            0.08717894554138184,
            0.07049989700317383,
            0.32410454750061035,
            0.05277538299560547,
            0.06842470169067383,
            0.07121849060058594,
            0.3578505516052246,
            0.0610194206237793,
            0.047563791275024414,
            0.07123255729675293,
            0.23361778259277344,
            0.04650735855102539,
            0.06751513481140137,
            0.0681755542755127,
            0.2685587406158447,
            0.04810357093811035,
            0.07110953330993652,
            0.06699109077453613,
            0.2546525001525879,
            0.05303525924682617,
            0.07001256942749023,
            0.06837034225463867,
            0.2743067741394043,
            0.05631136894226074,
            0.07060027122497559,
            0.06469511985778809,
            0.26661157608032227,
            0.051799774169921875
        ],
        "fit_computation_times": [
            0.708092451095581,
            0.6676225662231445,
            0.6964015960693359,
            0.6794559955596924,
            0.6791527271270752
        ]
    },
    "elapsed": 15.45905089378357
}