{
    "tensor_name": "enron",
    "sampler": "larsen_kolda_hybrid",
    "R": 25,
    "J": 1245184,
    "trial": 2,
    "preprocessing": "log_count",
    "initialization": "rrf",
    "max_iterations": 40,
    "stop_tolerance": 0.0001,
    "tensor_order": 4,
    "trace": {
        "iterations": [
            0,
            5,
            10,
            15,
            20,
            25,
            30,
            35,
            40
        ],
        "fits": [
            -9377156569768.117,
            0.08894586214384814,
            0.09077233874410617,
            0.09131136783935256,
            0.09195384868689216,
            0.09283292669565102,
            0.09292056598237386,
            0.09305258290235252,
            0.09303176751206121
        ],
        "update_times": [
            0.14382719993591309,
            0.15494656562805176,
            0.5585803985595703,
            0.16226792335510254,
            0.16127276420593262,
            0.19014191627502441,
            0.6981089115142822,
            0.1472611427307129,
            0.17700743675231934,
            0.1949479579925537,
            0.6779687404632568,
            0.16033220291137695,
            0.16269898414611816,
            0.1913292407989502,
            0.7238209247589111,
            0.16606521606445312,
            0.20426559448242188,
            0.18842363357543945,
            0.652289628982544,
            0.1696333885192871,
            0.14136052131652832,
            0.17593741416931152,
            0.6273627281188965,
            0.15395593643188477,
            0.18016338348388672,
            0.1913003921508789,
            0.6987707614898682,
            0.14475679397583008,
            0.16912603378295898,
            0.18360662460327148,
            0.6146852970123291,
            0.14684152603149414,
            0.1617574691772461,
            0.17588376998901367,
            0.6196012496948242,
            0.16040778160095215,
            0.16628241539001465,
            0.20317411422729492,
            0.659353494644165,
            0.14601874351501465,
            0.14352703094482422,
            0.1846013069152832,
            0.6506297588348389,
            0.14280939102172852,
            0.1686258316040039,
            0.19690799713134766,
            0.6327950954437256,
            0.15510249137878418,
            0.1808915138244629,
            0.1797792911529541,
            0.7338905334472656,
            0.15809154510498047,
            0.18313050270080566,
            0.19798803329467773,
            0.7640476226806641,
            0.16819262504577637,
            0.1828899383544922,
            0.19071006774902344,
            0.6485199928283691,
            0.16221380233764648,
            0.1471562385559082,
            0.1943366527557373,
            0.674292802810669,
            0.15233683586120605,
            0.1800382137298584,
            0.19246149063110352,
            0.6553378105163574,
            0.1567535400390625,
            0.17579174041748047,
            0.20087218284606934,
            0.6717989444732666,
            0.17715239524841309,
            0.18191075325012207,
            0.20793676376342773,
            0.6832292079925537,
            0.1618030071258545,
            0.17842960357666016,
            0.20823025703430176,
            0.5980660915374756,
            0.14273834228515625,
            0.1423497200012207,
            0.19620251655578613,
            0.6307947635650635,
            0.16842913627624512,
            0.18526434898376465,
            0.21114706993103027,
            0.6597297191619873,
            0.16068077087402344,
            0.18764734268188477,
            0.21283221244812012,
            0.6729588508605957,
            0.16995763778686523,
            0.19112753868103027,
            0.21880435943603516,
            0.6412465572357178,
            0.15198373794555664,
            0.18677186965942383,
            0.2017834186553955,
            0.6838054656982422,
            0.15570688247680664,
            0.14355134963989258,
            0.19793963432312012,
            0.6672835350036621,
            0.15781092643737793,
            0.1836562156677246,
            0.1946098804473877,
            0.6626207828521729,
            0.1527087688446045,
            0.1649935245513916,
            0.20945096015930176,
            0.6483979225158691,
            0.144087553024292,
            0.17630672454833984,
            0.19244170188903809,
            0.6514143943786621,
            0.16933321952819824,
            0.21610260009765625,
            0.20261287689208984,
            0.6838209629058838,
            0.15759038925170898,
            0.157942533493042,
            0.21713638305664062,
            0.6804559230804443,
            0.16412806510925293,
            0.19738101959228516,
            0.18091964721679688,
            0.6358122825622559,
            0.14191222190856934,
            0.15993690490722656,
            0.18566179275512695,
            0.5915670394897461,
            0.13397789001464844,
            0.16710948944091797,
            0.18637537956237793,
            0.5747778415679932,
            0.14076852798461914,
            0.16769981384277344,
            0.18243861198425293,
            0.6295895576477051,
            0.14233970642089844,
            0.1446220874786377,
            0.18770217895507812,
            0.6539003849029541,
            0.15250849723815918,
            0.1911020278930664,
            0.20330452919006348,
            0.6787779331207275,
            0.14652228355407715,
            0.19417023658752441,
            0.19772934913635254,
            0.6175706386566162,
            0.14939594268798828,
            0.18390631675720215,
            0.19774341583251953,
            0.5731563568115234,
            0.14650607109069824,
            0.1761167049407959,
            0.18618154525756836,
            0.5332565307617188,
            0.15878915786743164
        ],
        "fit_computation_times": [
            0.07865214347839355,
            0.09022021293640137,
            0.08793950080871582,
            0.08738589286804199,
            0.07592105865478516,
            0.08108019828796387,
            0.07962989807128906,
            0.08447670936584473
        ]
    },
    "elapsed": 47.67032289505005
}