{
    "tensor_name": "enron",
    "sampler": "efficient",
    "R": 50,
    "J": 262144,
    "trial": 0,
    "preprocessing": "log_count",
    "initialization": "rrf",
    "max_iterations": 40,
    "stop_tolerance": 0.0001,
    "tensor_order": 4,
    "trace": {
        "iterations": [
            0,
            5,
            10,
            15,
            20,
            25,
            30,
            35,
            40
        ],
        "fits": [
            -11925191950208.441,
            0.11578624287666883,
            0.11844954819479347,
            0.11905592817228261,
            0.11939625363315398,
            0.11956548675169554,
            0.11966976801951168,
            0.11973646731286947,
            0.11983679304217365
        ],
        "update_times": [
            0.3561410903930664,
            0.3602769374847412,
            0.6631722450256348,
            0.3717474937438965,
            0.361985445022583,
            0.4019131660461426,
            0.730283260345459,
            0.4365110397338867,
            0.4011039733886719,
            0.40851593017578125,
            0.7498679161071777,
            0.4412655830383301,
            0.3737785816192627,
            0.4391610622406006,
            0.7428698539733887,
            0.431293249130249,
            0.3727290630340576,
            0.41905951499938965,
            0.7160229682922363,
            0.427734375,
            0.3519437313079834,
            0.4315176010131836,
            0.844414234161377,
            0.4337270259857178,
            0.39970922470092773,
            0.43770432472229004,
            0.745013952255249,
            0.4312272071838379,
            0.39820051193237305,
            0.42670440673828125,
            1.028895378112793,
            0.42168498039245605,
            0.37808752059936523,
            0.4416797161102295,
            0.8457252979278564,
            0.4249610900878906,
            0.3676869869232178,
            0.419327974319458,
            0.7692785263061523,
            0.4064304828643799,
            0.34631848335266113,
            0.43306970596313477,
            0.737661600112915,
            0.45067644119262695,
            0.4153585433959961,
            0.43604016304016113,
            0.7002074718475342,
            0.4547550678253174,
            0.41134190559387207,
            0.4488379955291748,
            0.6779985427856445,
            0.45032262802124023,
            0.44334912300109863,
            0.42578577995300293,
            0.8893365859985352,
            0.4517834186553955,
            0.3923349380493164,
            0.432725191116333,
            0.8644886016845703,
            0.4441390037536621,
            0.3890500068664551,
            0.4250795841217041,
            0.7084300518035889,
            0.4536404609680176,
            0.3932380676269531,
            0.42633843421936035,
            0.7456872463226318,
            0.45535945892333984,
            0.39635396003723145,
            0.4278144836425781,
            0.7612214088439941,
            0.4437124729156494,
            0.41383981704711914,
            0.43059611320495605,
            0.7516357898712158,
            0.46823835372924805,
            0.4123036861419678,
            0.43792033195495605,
            0.8407549858093262,
            0.43149375915527344,
            0.3925018310546875,
            0.43337225914001465,
            0.786245584487915,
            0.42502784729003906,
            0.38568830490112305,
            0.4260401725769043,
            0.833198070526123,
            0.4234137535095215,
            0.380446195602417,
            0.4262866973876953,
            0.8240323066711426,
            0.4235260486602783,
            0.39562392234802246,
            0.4374358654022217,
            0.8204216957092285,
            0.4166388511657715,
            0.3853940963745117,
            0.4224817752838135,
            0.8323578834533691,
            0.4097278118133545,
            0.3677849769592285,
            0.42336106300354004,
            0.8012747764587402,
            0.4060521125793457,
            0.3772568702697754,
            0.41701602935791016,
            0.8261229991912842,
            0.40657806396484375,
            0.37218379974365234,
            0.40973401069641113,
            0.802182674407959,
            0.4073810577392578,
            0.40813565254211426,
            0.42125916481018066,
            0.7722253799438477,
            0.38042545318603516,
            0.37611961364746094,
            0.42830681800842285,
            0.7727048397064209,
            0.39827919006347656,
            0.35317015647888184,
            0.5026652812957764,
            1.0479309558868408,
            0.37555789947509766,
            0.4091782569885254,
            0.4248676300048828,
            0.8682155609130859,
            0.3908975124359131,
            0.3767678737640381,
            0.41134095191955566,
            0.7564082145690918,
            0.37910962104797363,
            0.35015153884887695,
            0.4057962894439697,
            0.7413191795349121,
            0.3766896724700928,
            0.35945987701416016,
            0.43155694007873535,
            0.7451589107513428,
            0.38129568099975586,
            0.335341215133667,
            0.43253612518310547,
            0.8199269771575928,
            0.4074559211730957,
            0.3835911750793457,
            0.4194521903991699,
            0.8239841461181641,
            0.3856527805328369,
            0.3789083957672119,
            0.42242956161499023,
            0.8091130256652832,
            0.41660070419311523,
            0.3740971088409424,
            0.42362546920776367,
            0.7841691970825195,
            0.4088099002838135,
            0.3779158592224121,
            0.5654540061950684,
            0.8381102085113525,
            0.4169583320617676
        ],
        "fit_computation_times": [
            0.1351611614227295,
            0.1298050880432129,
            0.13727784156799316,
            0.15195488929748535,
            0.13645696640014648,
            0.13284659385681152,
            0.1204380989074707,
            0.13686394691467285
        ]
    },
    "elapsed": 82.32736468315125
}