{
    "tensor_name": "enron",
    "sampler": "efficient",
    "R": 100,
    "J": 1114112,
    "trial": 2,
    "preprocessing": "log_count",
    "initialization": "rrf",
    "max_iterations": 40,
    "stop_tolerance": 0.0001,
    "tensor_order": 4,
    "trace": {
        "iterations": [
            0,
            5,
            10,
            15,
            20,
            25,
            30,
            35,
            40
        ],
        "fits": [
            -18084496393896.37,
            0.15132305405793178,
            0.1567913476393974,
            0.15800576979784264,
            0.15912817831706838,
            0.15962755232820613,
            0.15995520913066796,
            0.1602083645280571,
            0.16040474256497916
        ],
        "update_times": [
            4.985269069671631,
            5.189827919006348,
            5.470219850540161,
            5.5887391567230225,
            4.962961912155151,
            5.074846982955933,
            4.833200931549072,
            5.76267671585083,
            4.992115020751953,
            5.221358776092529,
            4.781253337860107,
            5.959077596664429,
            4.967644929885864,
            5.118898391723633,
            4.568155288696289,
            5.922667503356934,
            5.014925003051758,
            5.427209377288818,
            5.05422830581665,
            5.973716974258423,
            5.478409051895142,
            5.329015016555786,
            4.676290273666382,
            5.6575682163238525,
            5.077276229858398,
            5.374941825866699,
            5.0218260288238525,
            5.960108280181885,
            4.930224657058716,
            5.348482608795166,
            5.0370988845825195,
            5.827397108078003,
            5.082806348800659,
            5.367814779281616,
            4.889792442321777,
            5.757671356201172,
            5.329138517379761,
            5.5761542320251465,
            5.408716201782227,
            5.874474763870239,
            5.796545743942261,
            5.468740463256836,
            4.858197927474976,
            5.911821603775024,
            5.464369535446167,
            5.27887487411499,
            4.623732089996338,
            6.015146493911743,
            5.305471658706665,
            5.619198560714722,
            5.082833766937256,
            5.669024467468262,
            5.199185609817505,
            5.428683280944824,
            5.013796329498291,
            6.257869482040405,
            5.275261402130127,
            5.334879398345947,
            5.168897867202759,
            6.082632780075073,
            5.26521635055542,
            5.689709901809692,
            5.012637138366699,
            5.872316360473633,
            5.117230653762817,
            5.315440893173218,
            5.030110120773315,
            5.8289830684661865,
            5.0878746509552,
            5.182022333145142,
            4.838476896286011,
            5.831651210784912,
            5.1329569816589355,
            5.247227191925049,
            4.949428558349609,
            5.728501558303833,
            4.938935995101929,
            5.25202488899231,
            4.875716686248779,
            5.62741231918335,
            5.180039167404175,
            5.386794805526733,
            4.726999759674072,
            5.567527532577515,
            4.925483703613281,
            5.231733083724976,
            4.890415906906128,
            5.817541122436523,
            5.068275451660156,
            5.249765157699585,
            4.926324844360352,
            5.827853202819824,
            5.154510736465454,
            5.247495412826538,
            4.88437557220459,
            6.059819936752319,
            5.178508996963501,
            5.527408599853516,
            4.9401490688323975,
            5.744940519332886,
            5.461174726486206,
            5.136946678161621,
            4.835874557495117,
            6.398919105529785,
            5.286865949630737,
            5.395600318908691,
            5.016257286071777,
            5.8655970096588135,
            5.133764028549194,
            5.165818929672241,
            4.898225545883179,
            6.0235676765441895,
            5.177963972091675,
            5.462031126022339,
            5.454115867614746,
            5.967068433761597,
            5.214599132537842,
            5.343308448791504,
            5.191516637802124,
            6.011099338531494,
            5.220335245132446,
            5.02065896987915,
            4.971141338348389,
            5.992821455001831,
            5.0909154415130615,
            5.205853223800659,
            4.933531761169434,
            5.7630839347839355,
            5.160709619522095,
            5.252923965454102,
            4.769186973571777,
            5.8302295207977295,
            5.26471471786499,
            5.457312822341919,
            5.084951400756836,
            6.0289306640625,
            5.558584451675415,
            5.399458646774292,
            5.050179481506348,
            5.809288024902344,
            5.346714019775391,
            5.3259687423706055,
            4.843208312988281,
            5.855281829833984,
            5.120710134506226,
            5.333251714706421,
            4.945488691329956,
            5.853523254394531,
            5.108037948608398,
            5.251420497894287,
            5.297406911849976,
            6.218999862670898,
            5.419815301895142,
            5.313860893249512,
            4.905536651611328,
            5.799356460571289,
            5.110806226730347,
            5.011345624923706,
            4.86140251159668,
            5.763022184371948
        ],
        "fit_computation_times": [
            0.7212414741516113,
            0.6719973087310791,
            0.6879451274871826,
            0.6831495761871338,
            0.707390308380127,
            0.6754629611968994,
            0.7044637203216553,
            0.7214105129241943
        ]
    },
    "elapsed": 860.4254059791565
}