{
    "tensor_name": "enron",
    "sampler": "larsen_kolda_hybrid",
    "R": 125,
    "J": 458752,
    "trial": 0,
    "preprocessing": "log_count",
    "initialization": "rrf",
    "max_iterations": 40,
    "stop_tolerance": 0.0001,
    "tensor_order": 4,
    "trace": {
        "iterations": [
            0,
            5,
            10,
            15,
            20,
            25,
            30,
            35
        ],
        "fits": [
            -20507902372114.44,
            0.1262083214295716,
            0.134810288691796,
            0.13375176809480505,
            0.14446965224141306,
            0.13330606355273356,
            0.12864714512760977,
            0.14020354023245585
        ],
        "update_times": [
            0.23160147666931152,
            0.23758363723754883,
            0.457125186920166,
            0.19914674758911133,
            0.23882269859313965,
            0.23092436790466309,
            0.7251369953155518,
            0.20595836639404297,
            0.22095942497253418,
            0.2196197509765625,
            0.870232343673706,
            0.1994338035583496,
            0.21056890487670898,
            0.2413170337677002,
            0.7423067092895508,
            0.21957111358642578,
            0.23946189880371094,
            0.23261308670043945,
            0.7299551963806152,
            0.20200872421264648,
            0.21257519721984863,
            0.242995023727417,
            0.8059508800506592,
            0.21158981323242188,
            0.21883225440979004,
            0.23529338836669922,
            0.8084774017333984,
            0.2037360668182373,
            0.22559618949890137,
            0.231964111328125,
            0.8170487880706787,
            0.201401948928833,
            0.20681500434875488,
            0.21038460731506348,
            0.7184991836547852,
            0.18566656112670898,
            0.2001490592956543,
            0.20026850700378418,
            0.6975038051605225,
            0.18365740776062012,
            0.19067716598510742,
            0.2031707763671875,
            0.7186603546142578,
            0.1979963779449463,
            0.20518112182617188,
            0.2213881015777588,
            0.7516601085662842,
            0.1962738037109375,
            0.21098804473876953,
            0.21989703178405762,
            0.8776016235351562,
            0.1943666934967041,
            0.21184277534484863,
            0.216688871383667,
            0.8159983158111572,
            0.197129487991333,
            0.2226097583770752,
            0.23379921913146973,
            0.7039391994476318,
            0.19903087615966797,
            0.24662327766418457,
            0.2145073413848877,
            0.6801011562347412,
            0.20997285842895508,
            0.21274137496948242,
            0.2129673957824707,
            0.663337230682373,
            0.18702101707458496,
            0.19812583923339844,
            0.21544480323791504,
            0.7324051856994629,
            0.1857142448425293,
            0.19956445693969727,
            0.20356440544128418,
            0.7450768947601318,
            0.19835114479064941,
            0.2062525749206543,
            0.2178647518157959,
            0.7748613357543945,
            0.2247157096862793,
            0.3229334354400635,
            0.22556138038635254,
            0.7259821891784668,
            0.19474053382873535,
            0.20695114135742188,
            0.20790338516235352,
            0.7015607357025146,
            0.18935108184814453,
            0.21542692184448242,
            0.23589324951171875,
            0.7779815196990967,
            0.1869802474975586,
            0.20671534538269043,
            0.21535825729370117,
            0.6791388988494873,
            0.18738722801208496,
            0.2076730728149414,
            0.2112560272216797,
            0.6857442855834961,
            0.186445951461792,
            0.2008364200592041,
            0.2090768814086914,
            0.7883350849151611,
            0.19904279708862305,
            0.2247450351715088,
            0.23308539390563965,
            0.781714916229248,
            0.18711185455322266,
            0.22062945365905762,
            0.2104947566986084,
            0.7498300075531006,
            0.19455862045288086,
            0.22098994255065918,
            0.2239360809326172,
            0.7838068008422852,
            0.17996549606323242,
            0.19335007667541504,
            0.20267629623413086,
            0.7257645130157471,
            0.18400931358337402,
            0.20571303367614746,
            0.21535921096801758,
            0.6194157600402832,
            0.180131196975708,
            0.2028183937072754,
            0.2038898468017578,
            0.7238688468933105,
            0.20711660385131836,
            0.2418675422668457,
            0.254772424697876,
            0.6810622215270996,
            0.2207508087158203,
            0.22532963752746582,
            0.22021722793579102,
            0.651766300201416,
            0.19762253761291504,
            0.22142529487609863,
            0.21199607849121094,
            0.6705765724182129,
            0.20874238014221191
        ],
        "fit_computation_times": [
            0.8336222171783447,
            0.845545768737793,
            0.8281285762786865,
            0.8433406352996826,
            0.78110671043396,
            0.8084638118743896,
            0.7613131999969482
        ]
    },
    "elapsed": 54.45910716056824
}