{
    "tensor_name": "enron",
    "sampler": "efficient",
    "R": 125,
    "J": 524288,
    "trial": 3,
    "preprocessing": "log_count",
    "initialization": "rrf",
    "max_iterations": 40,
    "stop_tolerance": 0.0001,
    "tensor_order": 4,
    "trace": {
        "iterations": [
            0,
            5,
            10,
            15,
            20,
            25,
            30,
            35,
            40
        ],
        "fits": [
            -20403809698963.156,
            0.16589790044490382,
            0.17047257821995,
            0.17183780829617556,
            0.1726083698599704,
            0.17326535526951048,
            0.17369906406265156,
            0.17395532587170603,
            0.17412782955563644
        ],
        "update_times": [
            3.1591992378234863,
            3.207007884979248,
            3.6217308044433594,
            3.858910322189331,
            3.3111324310302734,
            3.4817938804626465,
            3.793389081954956,
            3.9509048461914062,
            3.401764154434204,
            3.883307456970215,
            3.780745506286621,
            4.117228269577026,
            3.5869038105010986,
            3.952779769897461,
            3.656405210494995,
            4.184962511062622,
            3.701852560043335,
            3.7905490398406982,
            3.639465808868408,
            4.331363916397095,
            3.5733745098114014,
            3.8185653686523438,
            3.5352485179901123,
            4.183412313461304,
            3.5794334411621094,
            3.8529458045959473,
            3.5796892642974854,
            4.190022945404053,
            3.535466432571411,
            3.760761260986328,
            3.7866077423095703,
            4.1836559772491455,
            3.524468183517456,
            3.8451952934265137,
            3.619955062866211,
            4.161443471908569,
            3.4646718502044678,
            3.673908233642578,
            3.477583885192871,
            4.146173477172852,
            3.4666965007781982,
            3.7201650142669678,
            3.8254454135894775,
            4.314979314804077,
            3.447551727294922,
            3.933811902999878,
            3.6999716758728027,
            4.170653581619263,
            3.4493303298950195,
            3.8508729934692383,
            3.798835039138794,
            4.157905101776123,
            3.406902313232422,
            3.8521578311920166,
            3.8042049407958984,
            4.373103141784668,
            3.5977723598480225,
            3.929176092147827,
            3.654203414916992,
            4.12599778175354,
            3.4665603637695312,
            3.7088406085968018,
            3.733964443206787,
            4.206692695617676,
            3.4214110374450684,
            3.7274608612060547,
            3.776912212371826,
            4.152413606643677,
            3.437727212905884,
            3.662802219390869,
            3.6446499824523926,
            4.216294527053833,
            3.38063907623291,
            3.708066701889038,
            3.749054193496704,
            4.139437675476074,
            3.542088031768799,
            3.7246527671813965,
            3.7091033458709717,
            4.16148829460144,
            3.4341163635253906,
            3.771711826324463,
            3.6794004440307617,
            4.157297372817993,
            3.4271860122680664,
            3.717985153198242,
            3.7479870319366455,
            4.1787025928497314,
            3.6842548847198486,
            3.9723243713378906,
            3.7341132164001465,
            4.274694442749023,
            3.531464099884033,
            3.794290781021118,
            3.8090007305145264,
            4.360859394073486,
            3.6480038166046143,
            3.734215021133423,
            3.6169588565826416,
            4.131741762161255,
            3.39861798286438,
            3.741513252258301,
            3.8407351970672607,
            4.15237832069397,
            3.4376282691955566,
            3.710989475250244,
            3.736971378326416,
            4.150606155395508,
            3.3769943714141846,
            3.652707099914551,
            3.7624921798706055,
            4.16708779335022,
            3.4471442699432373,
            3.829798460006714,
            3.8039817810058594,
            4.274511337280273,
            3.496403217315674,
            3.753021240234375,
            3.6924331188201904,
            4.139737367630005,
            3.366663932800293,
            3.894606590270996,
            3.7390527725219727,
            4.133713960647583,
            3.4595794677734375,
            3.7529516220092773,
            3.870511293411255,
            4.06103253364563,
            3.6048195362091064,
            3.778541088104248,
            3.6641104221343994,
            4.204896450042725,
            3.422466278076172,
            3.834231376647949,
            3.5411171913146973,
            4.160433530807495,
            3.604924440383911,
            3.8238894939422607,
            3.9096624851226807,
            4.112233638763428,
            3.345137357711792,
            3.737975597381592,
            3.861380100250244,
            4.1797802448272705,
            3.3908004760742188,
            3.8816592693328857,
            3.8578059673309326,
            4.040264844894409,
            3.522143840789795,
            3.7776594161987305,
            3.362224817276001,
            4.094860792160034,
            3.404179096221924,
            3.63324236869812,
            3.7837088108062744,
            4.27859091758728,
            3.38584041595459,
            3.8340487480163574,
            3.8094322681427,
            4.159453392028809
        ],
        "fit_computation_times": [
            0.7820572853088379,
            0.8172516822814941,
            0.7619733810424805,
            0.7983801364898682,
            0.7913341522216797,
            0.7880191802978516,
            0.7989187240600586,
            0.7869753837585449
        ]
    },
    "elapsed": 612.1441826820374
}