{
    "tensor_name": "enron",
    "sampler": "efficient",
    "R": 125,
    "J": 1507328,
    "trial": 3,
    "preprocessing": "log_count",
    "initialization": "rrf",
    "max_iterations": 40,
    "stop_tolerance": 0.0001,
    "tensor_order": 4,
    "trace": {
        "iterations": [
            0,
            5,
            10,
            15,
            20,
            25,
            30,
            35,
            40
        ],
        "fits": [
            -19981402799564.008,
            0.17054104999392716,
            0.17529198804760326,
            0.1766327288257149,
            0.17759165327892523,
            0.17817906125950544,
            0.17859743720535648,
            0.17889447793988844,
            0.1791137963271271
        ],
        "update_times": [
            9.645602464675903,
            9.669230461120605,
            8.795786380767822,
            10.844561576843262,
            9.937885284423828,
            9.63449764251709,
            9.334199905395508,
            11.918968439102173,
            10.498327732086182,
            10.566695928573608,
            9.43698000907898,
            12.214427947998047,
            10.808595657348633,
            11.013927936553955,
            9.372777938842773,
            12.856110572814941,
            11.026276588439941,
            11.39138126373291,
            8.992908239364624,
            11.917280673980713,
            10.277161359786987,
            10.889132976531982,
            9.199674606323242,
            12.172545671463013,
            10.915630340576172,
            11.070329666137695,
            8.732073307037354,
            11.500094652175903,
            10.030118465423584,
            10.33571195602417,
            8.693859577178955,
            11.730512857437134,
            10.111872673034668,
            10.30673885345459,
            8.774886846542358,
            11.619784355163574,
            9.98255705833435,
            10.30955958366394,
            8.664391279220581,
            11.86475133895874,
            10.567683219909668,
            11.071054935455322,
            9.196906805038452,
            11.852934837341309,
            10.201591730117798,
            10.485496044158936,
            9.085006475448608,
            11.806270122528076,
            10.221804857254028,
            11.266367435455322,
            9.301743984222412,
            12.20206356048584,
            10.728999614715576,
            10.821117162704468,
            8.802484273910522,
            11.771103143692017,
            10.111749649047852,
            10.36342191696167,
            8.833877563476562,
            11.782869338989258,
            10.580976009368896,
            10.530323505401611,
            8.987617254257202,
            11.9203941822052,
            9.95301365852356,
            10.170038223266602,
            8.483483791351318,
            11.533120155334473,
            10.022065162658691,
            10.144945859909058,
            8.44902229309082,
            11.783369779586792,
            10.32556414604187,
            10.296228408813477,
            8.210057735443115,
            11.698920965194702,
            10.364288568496704,
            10.737507581710815,
            9.35349440574646,
            12.607045888900757,
            10.749440431594849,
            10.893269062042236,
            9.072934865951538,
            11.443357706069946,
            9.783915281295776,
            10.222251415252686,
            9.006295919418335,
            11.931908130645752,
            10.191707134246826,
            11.025554180145264,
            9.388988256454468,
            12.36774492263794,
            11.159629106521606,
            10.61334490776062,
            9.07577919960022,
            11.623972177505493,
            9.788650274276733,
            10.544225215911865,
            8.707304239273071,
            11.493615865707397,
            10.437180519104004,
            10.30980896949768,
            8.929680109024048,
            11.637961626052856,
            10.123292684555054,
            10.259349822998047,
            8.851768016815186,
            12.196547031402588,
            10.412945747375488,
            10.583526611328125,
            8.865790128707886,
            11.54635214805603,
            10.130560159683228,
            10.199698448181152,
            8.951698541641235,
            11.703991413116455,
            10.962791919708252,
            10.870264768600464,
            9.599481582641602,
            12.360717535018921,
            10.422058820724487,
            10.424007654190063,
            8.887672662734985,
            11.732932329177856,
            10.128227472305298,
            10.632850408554077,
            9.285199403762817,
            12.099853277206421,
            10.272777318954468,
            10.365650415420532,
            8.835146188735962,
            11.489413261413574,
            10.106274843215942,
            10.693286895751953,
            8.720180749893188,
            11.62358283996582,
            9.90464973449707,
            10.189916849136353,
            8.70516037940979,
            11.392455339431763,
            9.847462892532349,
            9.964046716690063,
            8.816258430480957,
            12.279788255691528,
            10.41789698600769,
            10.862990617752075,
            9.503363132476807,
            12.333413124084473,
            11.19200086593628,
            11.492248773574829,
            8.920327425003052,
            11.696040391921997,
            10.772612571716309,
            10.491882085800171,
            8.530307531356812,
            11.445534944534302,
            9.716362476348877,
            9.972667217254639,
            8.518994092941284,
            11.607605695724487
        ],
        "fit_computation_times": [
            0.7883613109588623,
            0.8052797317504883,
            0.7787859439849854,
            0.7531414031982422,
            0.7848019599914551,
            0.7840065956115723,
            0.7654674053192139,
            0.7534568309783936
        ]
    },
    "elapsed": 1672.980679988861
}