{
    "tensor_name": "enron",
    "sampler": "efficient",
    "R": 75,
    "J": 983040,
    "trial": 0,
    "preprocessing": "log_count",
    "initialization": "rrf",
    "max_iterations": 40,
    "stop_tolerance": 0.0001,
    "tensor_order": 4,
    "trace": {
        "iterations": [
            0,
            5,
            10,
            15,
            20,
            25,
            30,
            35,
            40
        ],
        "fits": [
            -14965908546406.998,
            0.13962644819718517,
            0.14469241772812091,
            0.1455938274557036,
            0.14617216495338936,
            0.14645151136346413,
            0.14668585905791076,
            0.14680618209505591,
            0.14689718886006198
        ],
        "update_times": [
            2.849442720413208,
            2.8944904804229736,
            3.18744158744812,
            3.0624582767486572,
            2.964306592941284,
            3.112433671951294,
            3.441636323928833,
            3.2924935817718506,
            3.0018599033355713,
            3.2340121269226074,
            3.346120834350586,
            3.2414090633392334,
            3.0197386741638184,
            2.973717451095581,
            3.475125312805176,
            3.4079678058624268,
            2.884732484817505,
            3.0052170753479004,
            3.28645658493042,
            3.341391086578369,
            2.9292972087860107,
            3.023362159729004,
            3.3448188304901123,
            3.304960250854492,
            2.832442045211792,
            3.2428548336029053,
            3.340819835662842,
            3.4530887603759766,
            2.949162721633911,
            3.040980815887451,
            3.3112218379974365,
            3.929309606552124,
            3.081124782562256,
            3.223052501678467,
            3.3455522060394287,
            3.278320789337158,
            2.8504605293273926,
            2.8982656002044678,
            3.134782314300537,
            3.2870752811431885,
            2.902993679046631,
            3.2022385597229004,
            3.5841896533966064,
            3.338038206100464,
            2.942999839782715,
            3.0412635803222656,
            3.260099172592163,
            3.3040661811828613,
            3.161722183227539,
            3.072244167327881,
            3.2386422157287598,
            3.3537142276763916,
            3.0520846843719482,
            3.346261978149414,
            3.3357977867126465,
            3.4167466163635254,
            2.9165563583374023,
            3.3212029933929443,
            3.4060354232788086,
            3.4398679733276367,
            3.073575735092163,
            3.379781484603882,
            3.253268241882324,
            3.2429890632629395,
            2.8439016342163086,
            2.9731783866882324,
            3.2360026836395264,
            3.2611465454101562,
            2.8645646572113037,
            2.924863338470459,
            3.3981313705444336,
            3.24314546585083,
            2.9365055561065674,
            3.0661065578460693,
            3.269455671310425,
            3.3899641036987305,
            3.003095865249634,
            2.9794418811798096,
            3.396528720855713,
            3.646554708480835,
            2.9793612957000732,
            2.961076498031616,
            3.284013271331787,
            3.28491473197937,
            2.827181339263916,
            2.8751184940338135,
            3.3026163578033447,
            3.3905177116394043,
            2.840726375579834,
            2.9625744819641113,
            3.356677293777466,
            3.2527530193328857,
            2.8398265838623047,
            2.9370617866516113,
            3.1983046531677246,
            3.2071666717529297,
            2.8181636333465576,
            3.0262582302093506,
            3.158189535140991,
            3.251070022583008,
            2.9097156524658203,
            3.1026742458343506,
            3.2749016284942627,
            3.2239603996276855,
            2.8298866748809814,
            3.226506471633911,
            3.2093446254730225,
            3.2831127643585205,
            3.0264453887939453,
            2.880178928375244,
            3.418119430541992,
            3.1758952140808105,
            2.776674270629883,
            3.059325695037842,
            3.4556796550750732,
            3.3704030513763428,
            3.141587257385254,
            3.376391649246216,
            3.273913621902466,
            3.2293193340301514,
            3.0928092002868652,
            3.0886266231536865,
            3.4008727073669434,
            3.3819496631622314,
            2.9787631034851074,
            2.956672430038452,
            3.4596614837646484,
            3.362480640411377,
            2.84700870513916,
            3.0181217193603516,
            3.3344998359680176,
            3.2931787967681885,
            3.0520124435424805,
            3.087876558303833,
            3.401986837387085,
            3.2370152473449707,
            3.0283913612365723,
            3.228684902191162,
            3.6728549003601074,
            3.5078794956207275,
            2.9814975261688232,
            3.0481460094451904,
            3.3757882118225098,
            3.2515299320220947,
            2.8427908420562744,
            3.0537197589874268,
            3.1851065158843994,
            3.288005828857422,
            2.7943408489227295,
            3.004974842071533,
            3.4940173625946045,
            3.318638324737549,
            2.9629812240600586,
            3.0910842418670654,
            3.334136724472046,
            3.306654691696167,
            2.8670265674591064,
            3.0194573402404785,
            3.242248296737671,
            3.1611688137054443
        ],
        "fit_computation_times": [
            0.5238709449768066,
            0.5303492546081543,
            0.5465877056121826,
            0.5552542209625244,
            0.5280358791351318,
            0.5345029830932617,
            0.5469951629638672,
            0.5117225646972656
        ]
    },
    "elapsed": 511.7350459098816
}