{
    "tensor_name": "enron",
    "sampler": "larsen_kolda_hybrid",
    "R": 75,
    "J": 229376,
    "trial": 1,
    "preprocessing": "log_count",
    "initialization": "rrf",
    "max_iterations": 40,
    "stop_tolerance": 0.0001,
    "tensor_order": 4,
    "trace": {
        "iterations": [
            0,
            5,
            10,
            15,
            20,
            25,
            30,
            35
        ],
        "fits": [
            -15728385366729.11,
            0.11502035832921542,
            0.122476193607853,
            0.12342869955650737,
            0.12458844759844945,
            0.11474315735283702,
            0.10910168642796536,
            0.11484748344915574
        ],
        "update_times": [
            0.07029485702514648,
            0.07485079765319824,
            0.24190783500671387,
            0.0650022029876709,
            0.0935063362121582,
            0.09947323799133301,
            0.35880446434020996,
            0.06487441062927246,
            0.09959101676940918,
            0.09719133377075195,
            0.36840081214904785,
            0.06581258773803711,
            0.09587502479553223,
            0.09994173049926758,
            0.35703420639038086,
            0.06893706321716309,
            0.08812069892883301,
            0.09202694892883301,
            0.4045236110687256,
            0.08000588417053223,
            0.06267595291137695,
            0.09380960464477539,
            0.4442780017852783,
            0.06659364700317383,
            0.10062766075134277,
            0.0975799560546875,
            0.447206974029541,
            0.07381319999694824,
            0.09058141708374023,
            0.09595155715942383,
            0.43942689895629883,
            0.06848573684692383,
            0.08742332458496094,
            0.0884854793548584,
            0.4228849411010742,
            0.07370567321777344,
            0.08771395683288574,
            0.09422779083251953,
            0.42305827140808105,
            0.06987953186035156,
            0.06392502784729004,
            0.08790898323059082,
            0.42916154861450195,
            0.062087297439575195,
            0.10103392601013184,
            0.09539175033569336,
            0.356492280960083,
            0.06065535545349121,
            0.09221839904785156,
            0.09627723693847656,
            0.3875598907470703,
            0.06208920478820801,
            0.09843325614929199,
            0.08723187446594238,
            0.4789001941680908,
            0.062896728515625,
            0.1012108325958252,
            0.08823776245117188,
            0.47768640518188477,
            0.06192660331726074,
            0.07978653907775879,
            0.09830689430236816,
            0.4700198173522949,
            0.06940174102783203,
            0.09126043319702148,
            0.0949394702911377,
            0.49372243881225586,
            0.062052011489868164,
            0.12111306190490723,
            0.09142112731933594,
            0.5071289539337158,
            0.06836128234863281,
            0.10263872146606445,
            0.12317323684692383,
            0.44794368743896484,
            0.06163382530212402,
            0.09111523628234863,
            0.08593511581420898,
            0.5172717571258545,
            0.06429457664489746,
            0.06778311729431152,
            0.10233688354492188,
            0.3630232810974121,
            0.07478904724121094,
            0.09095287322998047,
            0.09215211868286133,
            0.48648595809936523,
            0.0634775161743164,
            0.0977168083190918,
            0.10086631774902344,
            0.4092142581939697,
            0.062499046325683594,
            0.09878921508789062,
            0.10778594017028809,
            0.4248228073120117,
            0.06056690216064453,
            0.09808230400085449,
            0.0886685848236084,
            0.4338979721069336,
            0.0624542236328125,
            0.08413386344909668,
            0.09080886840820312,
            0.4600715637207031,
            0.061022281646728516,
            0.0918419361114502,
            0.09887933731079102,
            0.40586256980895996,
            0.06211376190185547,
            0.09744071960449219,
            0.09183073043823242,
            0.3772578239440918,
            0.07004714012145996,
            0.09217619895935059,
            0.09392547607421875,
            0.3610653877258301,
            0.06397676467895508,
            0.11139917373657227,
            0.09701156616210938,
            0.41697096824645996,
            0.06329536437988281,
            0.17633795738220215,
            0.09546089172363281,
            0.49070119857788086,
            0.06856346130371094,
            0.09639525413513184,
            0.09272909164428711,
            0.4225466251373291,
            0.06487464904785156,
            0.09370112419128418,
            0.12328672409057617,
            0.36931562423706055,
            0.0662224292755127,
            0.09411144256591797,
            0.09375119209289551,
            0.37247633934020996,
            0.06960010528564453,
            0.10420417785644531,
            0.09672141075134277,
            0.43470335006713867,
            0.06218147277832031
        ],
        "fit_computation_times": [
            0.5287802219390869,
            0.533881425857544,
            0.5129029750823975,
            0.531325101852417,
            0.5518233776092529,
            0.5722205638885498,
            0.5622313022613525
        ]
    },
    "elapsed": 28.07892107963562
}