{
    "tensor_name": "enron",
    "sampler": "efficient",
    "R": 75,
    "J": 655360,
    "trial": 1,
    "preprocessing": "log_count",
    "initialization": "rrf",
    "max_iterations": 40,
    "stop_tolerance": 0.0001,
    "tensor_order": 4,
    "trace": {
        "iterations": [
            0,
            5,
            10,
            15,
            20,
            25,
            30,
            35,
            40
        ],
        "fits": [
            -15010488424640.783,
            0.13630295701066208,
            0.14065379278367407,
            0.14172044475968137,
            0.1421871153225116,
            0.14241445091291138,
            0.14261186121889902,
            0.14271055647996356,
            0.14280774700633736
        ],
        "update_times": [
            1.717738151550293,
            1.940866470336914,
            2.438483238220215,
            2.050032615661621,
            2.1780929565429688,
            1.987013578414917,
            2.4803314208984375,
            2.0595293045043945,
            1.9342470169067383,
            1.8331427574157715,
            2.4588370323181152,
            1.9395043849945068,
            1.7082724571228027,
            1.8820154666900635,
            2.3347582817077637,
            2.07702898979187,
            1.8459675312042236,
            2.0742719173431396,
            2.3763468265533447,
            2.042593479156494,
            1.7747442722320557,
            1.8950726985931396,
            2.4559860229492188,
            1.9632813930511475,
            1.7473371028900146,
            1.8997883796691895,
            2.2909677028656006,
            1.8732538223266602,
            1.740570306777954,
            1.8805558681488037,
            2.2130777835845947,
            1.8800489902496338,
            1.7480738162994385,
            1.8742969036102295,
            2.419830322265625,
            1.9640750885009766,
            1.788834571838379,
            1.9450745582580566,
            2.254899501800537,
            2.0673253536224365,
            1.8795645236968994,
            1.9083130359649658,
            2.4685821533203125,
            1.981614112854004,
            1.820357322692871,
            1.9329922199249268,
            2.4749419689178467,
            1.9711520671844482,
            1.7796502113342285,
            1.8786087036132812,
            2.3599777221679688,
            1.9588494300842285,
            1.7606725692749023,
            1.9246869087219238,
            2.2626235485076904,
            1.9676780700683594,
            1.7780563831329346,
            1.8805551528930664,
            2.684189558029175,
            1.920051097869873,
            1.71844482421875,
            1.9052648544311523,
            2.4573090076446533,
            2.156765937805176,
            1.8443479537963867,
            1.9441030025482178,
            2.5384082794189453,
            1.9446327686309814,
            1.7531261444091797,
            1.8148696422576904,
            2.5906927585601807,
            1.9908249378204346,
            1.8515889644622803,
            1.9414143562316895,
            2.510021686553955,
            1.9825782775878906,
            1.8149142265319824,
            1.9218430519104004,
            2.2362918853759766,
            1.8864967823028564,
            1.7899744510650635,
            1.8191802501678467,
            2.2512035369873047,
            1.8599529266357422,
            1.7291817665100098,
            1.891031265258789,
            2.3353676795959473,
            1.907111644744873,
            1.7850282192230225,
            1.8987314701080322,
            2.396066427230835,
            1.9416496753692627,
            1.780590295791626,
            1.878133773803711,
            2.447770357131958,
            1.9031028747558594,
            1.8766334056854248,
            1.9741885662078857,
            2.5597496032714844,
            2.055602788925171,
            1.7958545684814453,
            1.9039568901062012,
            2.6530866622924805,
            1.9073619842529297,
            1.838376522064209,
            2.0403876304626465,
            2.238173723220825,
            1.8506653308868408,
            1.7962722778320312,
            1.7872934341430664,
            2.3171463012695312,
            1.9152812957763672,
            1.8320960998535156,
            1.8704588413238525,
            2.305180549621582,
            2.0061330795288086,
            1.8010227680206299,
            2.01277232170105,
            2.5191426277160645,
            2.0002083778381348,
            1.828047752380371,
            1.8762283325195312,
            2.4444491863250732,
            2.193427085876465,
            1.8377506732940674,
            1.9416770935058594,
            2.4094443321228027,
            1.9440510272979736,
            1.7325315475463867,
            1.8252947330474854,
            2.344755172729492,
            1.948061227798462,
            1.764052391052246,
            1.8632965087890625,
            2.302420139312744,
            1.9771924018859863,
            1.7250568866729736,
            1.8101835250854492,
            2.109065532684326,
            1.8531701564788818,
            1.6644225120544434,
            1.7986705303192139,
            2.188736915588379,
            1.8785107135772705,
            1.7265660762786865,
            1.854740858078003,
            2.274852991104126,
            1.942828893661499,
            1.8403573036193848,
            1.9236319065093994,
            2.4087119102478027,
            1.9889230728149414,
            1.759814739227295,
            1.8406195640563965,
            2.3924639225006104,
            1.9361698627471924,
            1.7233312129974365,
            1.8829772472381592,
            2.5492465496063232,
            2.002368211746216
        ],
        "fit_computation_times": [
            0.1624138355255127,
            0.17662787437438965,
            0.15113472938537598,
            0.14956378936767578,
            0.16421961784362793,
            0.150679349899292,
            0.16338634490966797,
            0.14737582206726074
        ]
    },
    "elapsed": 323.66553115844727
}