{
    "tensor_name": "enron",
    "sampler": "efficient",
    "R": 25,
    "J": 524288,
    "trial": 1,
    "preprocessing": "log_count",
    "initialization": "rrf",
    "max_iterations": 40,
    "stop_tolerance": 0.0001,
    "tensor_order": 4,
    "trace": {
        "iterations": [
            0,
            5,
            10,
            15,
            20,
            25,
            30,
            35
        ],
        "fits": [
            -8511111492502.323,
            0.08951943123246675,
            0.09373863536144711,
            0.09455540173033106,
            0.09482736515335033,
            0.09488912742082656,
            0.09490031119631614,
            0.09491388321745631
        ],
        "update_times": [
            0.3032405376434326,
            0.31568121910095215,
            0.44257259368896484,
            0.3323523998260498,
            0.31848978996276855,
            0.3357429504394531,
            0.45528125762939453,
            0.3305785655975342,
            0.32044005393981934,
            0.33450937271118164,
            0.5864617824554443,
            0.34143948554992676,
            0.3314220905303955,
            0.3336014747619629,
            0.5631945133209229,
            0.4847135543823242,
            0.32187676429748535,
            0.36400413513183594,
            0.6060872077941895,
            0.38901472091674805,
            0.30431365966796875,
            0.3426985740661621,
            0.47908687591552734,
            0.3454279899597168,
            0.31635212898254395,
            0.35606884956359863,
            0.6330571174621582,
            0.3502042293548584,
            0.3425469398498535,
            0.360851526260376,
            0.48203563690185547,
            0.36868858337402344,
            0.34354424476623535,
            0.399444580078125,
            0.6026551723480225,
            0.35177087783813477,
            0.3230137825012207,
            0.35303831100463867,
            0.6161806583404541,
            0.36069321632385254,
            0.3163635730743408,
            0.4078183174133301,
            0.7222843170166016,
            0.3468787670135498,
            0.36086130142211914,
            0.3648033142089844,
            0.5006539821624756,
            0.3451080322265625,
            0.3348658084869385,
            0.36381053924560547,
            0.46740174293518066,
            0.32308530807495117,
            0.3170750141143799,
            0.3526570796966553,
            0.45615410804748535,
            0.3255574703216553,
            0.31421804428100586,
            0.3344230651855469,
            0.4522976875305176,
            0.3230581283569336,
            0.28754615783691406,
            0.33626604080200195,
            0.43485283851623535,
            0.3434746265411377,
            0.32732152938842773,
            0.35460829734802246,
            0.43700385093688965,
            0.32976841926574707,
            0.3453178405761719,
            0.3633699417114258,
            0.46337246894836426,
            0.3420710563659668,
            0.33617377281188965,
            0.38468074798583984,
            0.5629887580871582,
            0.3551290035247803,
            0.32616400718688965,
            0.3582417964935303,
            0.557941198348999,
            0.4214057922363281,
            0.3335583209991455,
            0.3518650531768799,
            0.45013904571533203,
            0.36028099060058594,
            0.5032322406768799,
            0.37293267250061035,
            0.5581364631652832,
            0.34749603271484375,
            0.3250586986541748,
            0.3634023666381836,
            0.5357742309570312,
            0.41619396209716797,
            0.34032177925109863,
            0.3365640640258789,
            0.5494751930236816,
            0.32870030403137207,
            0.32902956008911133,
            0.33853626251220703,
            0.42409753799438477,
            0.32900214195251465,
            0.299607515335083,
            0.3407115936279297,
            0.4480915069580078,
            0.3252115249633789,
            0.3396456241607666,
            0.34721922874450684,
            0.434600830078125,
            0.33475232124328613,
            0.3144681453704834,
            0.34232664108276367,
            0.4439661502838135,
            0.3252139091491699,
            0.3096621036529541,
            0.3367464542388916,
            0.5344679355621338,
            0.33756399154663086,
            0.3258671760559082,
            0.3457059860229492,
            0.5463540554046631,
            0.42520761489868164,
            0.30197811126708984,
            0.34856200218200684,
            0.5337226390838623,
            0.3583104610443115,
            0.32352638244628906,
            0.35640645027160645,
            0.5255894660949707,
            0.3717842102050781,
            0.31910228729248047,
            0.35215210914611816,
            0.5395691394805908,
            0.4537496566772461,
            0.32376837730407715,
            0.3462510108947754,
            0.47040390968322754,
            0.3259551525115967,
            0.3175232410430908,
            0.35056281089782715,
            0.4703812599182129,
            0.3390614986419678
        ],
        "fit_computation_times": [
            0.10543251037597656,
            0.11384296417236328,
            0.10059857368469238,
            0.11971759796142578,
            0.10706639289855957,
            0.0995023250579834,
            0.1236269474029541
        ]
    },
    "elapsed": 55.221291065216064
}