{
    "tensor_name": "enron",
    "sampler": "larsen_kolda_hybrid",
    "R": 100,
    "J": 98304,
    "trial": 2,
    "preprocessing": "log_count",
    "initialization": "rrf",
    "max_iterations": 40,
    "stop_tolerance": 0.0001,
    "tensor_order": 4,
    "trace": {
        "iterations": [
            0,
            5,
            10,
            15,
            20,
            25,
            30,
            35,
            40
        ],
        "fits": [
            -18753485752907.094,
            0.06703527611548787,
            0.0905306474238412,
            0.09478089528920997,
            0.09291735405792123,
            0.10044379326797082,
            0.0954440099012035,
            0.08644322266726712,
            0.09459740117286197
        ],
        "update_times": [
            0.05717325210571289,
            0.06755805015563965,
            0.15110445022583008,
            0.051584482192993164,
            0.07366538047790527,
            0.07454943656921387,
            0.2446122169494629,
            0.05255460739135742,
            0.09663581848144531,
            0.08362460136413574,
            0.23758840560913086,
            0.049100399017333984,
            0.07283473014831543,
            0.08473634719848633,
            0.22140097618103027,
            0.04555201530456543,
            0.06370377540588379,
            0.06911420822143555,
            0.23444366455078125,
            0.04916882514953613,
            0.054871320724487305,
            0.06920886039733887,
            0.2502725124359131,
            0.05188608169555664,
            0.0752720832824707,
            0.07199287414550781,
            0.23956632614135742,
            0.05175495147705078,
            0.07944726943969727,
            0.07312321662902832,
            0.23081517219543457,
            0.05091524124145508,
            0.07573461532592773,
            0.07727479934692383,
            0.2741427421569824,
            0.05881142616271973,
            0.07500028610229492,
            0.06990218162536621,
            0.25754570960998535,
            0.04700303077697754,
            0.05569815635681152,
            0.07470941543579102,
            0.2699105739593506,
            0.05025792121887207,
            0.07831645011901855,
            0.06536197662353516,
            0.2520303726196289,
            0.04423117637634277,
            0.06508135795593262,
            0.06488800048828125,
            0.2459423542022705,
            0.04850649833679199,
            0.07004022598266602,
            0.06801509857177734,
            0.2231428623199463,
            0.04987001419067383,
            0.07021141052246094,
            0.06498432159423828,
            0.3213024139404297,
            0.05581545829772949,
            0.06328892707824707,
            0.07599854469299316,
            0.2513270378112793,
            0.0465235710144043,
            0.07102084159851074,
            0.08445262908935547,
            0.23507380485534668,
            0.045050859451293945,
            0.0862727165222168,
            0.0710911750793457,
            0.21961140632629395,
            0.05291342735290527,
            0.0684518814086914,
            0.06527066230773926,
            0.2583303451538086,
            0.045972585678100586,
            0.07862663269042969,
            0.07007503509521484,
            0.25658655166625977,
            0.04614663124084473,
            0.05983090400695801,
            0.0761113166809082,
            0.22933292388916016,
            0.05645918846130371,
            0.07983112335205078,
            0.07035684585571289,
            0.24800658226013184,
            0.05136871337890625,
            0.06795883178710938,
            0.07256364822387695,
            0.2887763977050781,
            0.04544639587402344,
            0.06964492797851562,
            0.07553911209106445,
            0.254986047744751,
            0.04800057411193848,
            0.08988809585571289,
            0.07098031044006348,
            0.2539839744567871,
            0.054019927978515625,
            0.06011199951171875,
            0.07351469993591309,
            0.23572921752929688,
            0.04833412170410156,
            0.07872915267944336,
            0.07552051544189453,
            0.24804377555847168,
            0.056008338928222656,
            0.06854128837585449,
            0.07430052757263184,
            0.26612257957458496,
            0.04861807823181152,
            0.0688631534576416,
            0.08521294593811035,
            0.3051738739013672,
            0.049692392349243164,
            0.06747198104858398,
            0.07915997505187988,
            0.25203680992126465,
            0.04590439796447754,
            0.048412322998046875,
            0.06925368309020996,
            0.28073883056640625,
            0.04317021369934082,
            0.06934762001037598,
            0.06361556053161621,
            0.279695987701416,
            0.04752087593078613,
            0.06430840492248535,
            0.06610727310180664,
            0.24797558784484863,
            0.04947304725646973,
            0.0690910816192627,
            0.0654304027557373,
            0.25562334060668945,
            0.045038700103759766,
            0.08638739585876465,
            0.07387518882751465,
            0.23955535888671875,
            0.046398162841796875,
            0.047594547271728516,
            0.08085107803344727,
            0.2821660041809082,
            0.04404020309448242,
            0.06964564323425293,
            0.07131624221801758,
            0.24120831489562988,
            0.049263715744018555,
            0.06838464736938477,
            0.06624364852905273,
            0.25603389739990234,
            0.0502324104309082,
            0.06766843795776367,
            0.07559943199157715,
            0.228057861328125,
            0.050502777099609375,
            0.07237362861633301,
            0.07363438606262207,
            0.243910551071167,
            0.054884910583496094
        ],
        "fit_computation_times": [
            0.710174560546875,
            0.7040867805480957,
            0.7055132389068604,
            0.6956543922424316,
            0.7165374755859375,
            0.7578184604644775,
            0.7378261089324951,
            0.6992151737213135
        ]
    },
    "elapsed": 24.26392698287964
}