{
    "tensor_name": "enron",
    "sampler": "efficient",
    "R": 25,
    "J": 983040,
    "trial": 2,
    "preprocessing": "log_count",
    "initialization": "rrf",
    "max_iterations": 40,
    "stop_tolerance": 0.0001,
    "tensor_order": 4,
    "trace": {
        "iterations": [
            0,
            5,
            10,
            15,
            20,
            25,
            30,
            35,
            40
        ],
        "fits": [
            -9297623258177.617,
            0.09038698513737686,
            0.09298602388309696,
            0.09358530794187458,
            0.0937503884696187,
            0.09381202525023835,
            0.09384875524691194,
            0.09387182056134769,
            0.09389132384635024
        ],
        "update_times": [
            0.5779149532318115,
            0.5242476463317871,
            0.6460781097412109,
            0.5713202953338623,
            0.5712580680847168,
            0.5566995143890381,
            0.7219972610473633,
            0.5585699081420898,
            0.5470857620239258,
            0.5103740692138672,
            0.6782705783843994,
            0.5405938625335693,
            0.5269739627838135,
            0.5026347637176514,
            0.7218375205993652,
            0.5472307205200195,
            0.5615382194519043,
            0.5704777240753174,
            0.7448897361755371,
            0.5901262760162354,
            0.5590128898620605,
            0.5633325576782227,
            0.7480208873748779,
            0.6068470478057861,
            0.5900344848632812,
            0.5634183883666992,
            0.7477662563323975,
            0.5949234962463379,
            0.5903222560882568,
            0.5493545532226562,
            0.8056836128234863,
            0.5955722332000732,
            0.6015276908874512,
            0.5647416114807129,
            0.7684736251831055,
            0.5972299575805664,
            0.6111369132995605,
            0.5695071220397949,
            0.7626047134399414,
            0.6585593223571777,
            0.5796506404876709,
            0.581402063369751,
            0.7717540264129639,
            0.6163985729217529,
            0.6107022762298584,
            0.6053082942962646,
            0.7037374973297119,
            0.5658614635467529,
            0.5222628116607666,
            0.4986305236816406,
            0.6229434013366699,
            0.6233758926391602,
            0.6138901710510254,
            0.6224839687347412,
            0.7352399826049805,
            0.6029789447784424,
            0.5307421684265137,
            0.5871589183807373,
            0.7804200649261475,
            0.6208288669586182,
            0.5146210193634033,
            0.4943690299987793,
            0.6703395843505859,
            0.5219888687133789,
            0.5835480690002441,
            0.5167391300201416,
            0.6917040348052979,
            0.5498113632202148,
            0.5961456298828125,
            0.5644669532775879,
            0.6529958248138428,
            0.5611264705657959,
            0.6252906322479248,
            0.5219476222991943,
            0.6350855827331543,
            0.5311539173126221,
            0.5497691631317139,
            0.525970458984375,
            0.6409485340118408,
            0.5331780910491943,
            0.5487003326416016,
            0.5680582523345947,
            0.649996280670166,
            0.5669994354248047,
            0.5798299312591553,
            0.5125303268432617,
            0.6681146621704102,
            0.6131017208099365,
            0.5968208312988281,
            0.5737636089324951,
            0.7192933559417725,
            0.6017141342163086,
            0.5806608200073242,
            0.6115639209747314,
            0.6829257011413574,
            0.5553052425384521,
            0.5722870826721191,
            0.5307366847991943,
            0.6827380657196045,
            0.568659782409668,
            0.5381922721862793,
            0.5724940299987793,
            0.7171566486358643,
            0.5957350730895996,
            0.6051664352416992,
            0.5793225765228271,
            0.713021993637085,
            0.6253726482391357,
            0.5874934196472168,
            0.5907454490661621,
            0.7551991939544678,
            0.6358492374420166,
            0.6082291603088379,
            0.5853168964385986,
            0.7404875755310059,
            0.6037461757659912,
            0.646942138671875,
            0.6090693473815918,
            0.7219526767730713,
            0.5361707210540771,
            0.4686281681060791,
            0.4559493064880371,
            0.6169865131378174,
            0.5384213924407959,
            0.48595523834228516,
            0.45572471618652344,
            0.7540006637573242,
            0.6028995513916016,
            0.5717706680297852,
            0.5359313488006592,
            0.5925185680389404,
            0.4858541488647461,
            0.5344572067260742,
            0.4871068000793457,
            0.6622049808502197,
            0.5490090847015381,
            0.5598101615905762,
            0.5184192657470703,
            0.6672971248626709,
            0.5673460960388184,
            0.550567626953125,
            0.5299737453460693,
            0.643164873123169,
            0.571709156036377,
            0.5780971050262451,
            0.6049957275390625,
            0.7256970405578613,
            0.6141383647918701,
            0.5782945156097412,
            0.534125566482544,
            0.6777420043945312,
            0.6159529685974121,
            0.5995004177093506,
            0.5833573341369629,
            0.6944117546081543,
            0.5320250988006592,
            0.5777883529663086,
            0.5587787628173828,
            0.6358034610748291,
            0.5637834072113037
        ],
        "fit_computation_times": [
            0.1076364517211914,
            0.10606241226196289,
            0.10469317436218262,
            0.10202383995056152,
            0.10020041465759277,
            0.10411310195922852,
            0.10044169425964355,
            0.1037137508392334
        ]
    },
    "elapsed": 97.02774953842163
}