{
    "tensor_name": "enron",
    "sampler": "efficient",
    "R": 25,
    "J": 655360,
    "trial": 3,
    "preprocessing": "log_count",
    "initialization": "rrf",
    "max_iterations": 40,
    "stop_tolerance": 0.0001,
    "tensor_order": 4,
    "trace": {
        "iterations": [
            0,
            5,
            10,
            15,
            20,
            25,
            30,
            35,
            40
        ],
        "fits": [
            -8580014458514.677,
            0.0902151738714998,
            0.0928636235905893,
            0.0940112492280073,
            0.09430937433561792,
            0.09450666133279717,
            0.09462511267787133,
            0.09469510702343287,
            0.09474680374506494
        ],
        "update_times": [
            0.3636608123779297,
            0.38123583793640137,
            0.565232515335083,
            0.37477779388427734,
            0.3962366580963135,
            0.40249013900756836,
            0.5608441829681396,
            0.37194228172302246,
            0.376873254776001,
            0.3756906986236572,
            0.540410041809082,
            0.368358850479126,
            0.3935580253601074,
            0.4036386013031006,
            0.5661020278930664,
            0.38316965103149414,
            0.4022068977355957,
            0.39554476737976074,
            0.5422823429107666,
            0.4085428714752197,
            0.3940722942352295,
            0.4002091884613037,
            0.6344888210296631,
            0.43976664543151855,
            0.42335081100463867,
            0.3978421688079834,
            0.6231756210327148,
            0.4104158878326416,
            0.42794299125671387,
            0.41207027435302734,
            0.5853686332702637,
            0.40660643577575684,
            0.4412262439727783,
            0.48064303398132324,
            0.6029300689697266,
            0.4637758731842041,
            0.43840670585632324,
            0.41959166526794434,
            0.4946103096008301,
            0.42099475860595703,
            0.3930659294128418,
            0.38927459716796875,
            0.48814821243286133,
            0.424666166305542,
            0.450653076171875,
            0.41683149337768555,
            0.6298127174377441,
            0.40673351287841797,
            0.4395298957824707,
            0.4239623546600342,
            0.6284618377685547,
            0.4058561325073242,
            0.4291701316833496,
            0.39823269844055176,
            0.5407145023345947,
            0.3783230781555176,
            0.4269857406616211,
            0.39560365676879883,
            0.6220886707305908,
            0.3960273265838623,
            0.45036816596984863,
            0.4360387325286865,
            0.649237871170044,
            0.4266469478607178,
            0.457564115524292,
            0.441648006439209,
            0.6541686058044434,
            0.40575599670410156,
            0.4046030044555664,
            0.38747668266296387,
            0.5038788318634033,
            0.39034533500671387,
            0.4043738842010498,
            0.38094067573547363,
            0.4941985607147217,
            0.3858170509338379,
            0.42776966094970703,
            0.39302945137023926,
            0.5019490718841553,
            0.4672086238861084,
            0.44211339950561523,
            0.42290210723876953,
            0.5174055099487305,
            0.47773170471191406,
            0.4407944679260254,
            0.40349817276000977,
            0.520207405090332,
            0.46329283714294434,
            0.44927978515625,
            0.4000370502471924,
            0.4956834316253662,
            0.42658042907714844,
            0.448394775390625,
            0.4056365489959717,
            0.5025043487548828,
            0.3910181522369385,
            0.43972110748291016,
            0.40442991256713867,
            0.6441631317138672,
            0.45354771614074707,
            0.4231886863708496,
            0.3920707702636719,
            0.5070545673370361,
            0.3823120594024658,
            0.4120779037475586,
            0.4076955318450928,
            0.6442849636077881,
            0.4768059253692627,
            0.42952990531921387,
            0.44496583938598633,
            0.591392993927002,
            0.4140474796295166,
            0.4355907440185547,
            0.4721055030822754,
            0.7827825546264648,
            0.40257787704467773,
            0.6478543281555176,
            0.45685243606567383,
            0.633352518081665,
            0.4077157974243164,
            0.4108600616455078,
            0.51177978515625,
            0.6727449893951416,
            0.4020373821258545,
            0.5306663513183594,
            0.46710658073425293,
            0.6276259422302246,
            0.41497135162353516,
            0.42487454414367676,
            0.4383244514465332,
            0.5950136184692383,
            0.6288614273071289,
            0.4354128837585449,
            0.412128210067749,
            0.4913976192474365,
            0.4023470878601074,
            0.4071218967437744,
            0.39189696311950684,
            0.5027151107788086,
            0.37141895294189453,
            0.4040524959564209,
            0.40595197677612305,
            0.5112767219543457,
            0.3833136558532715,
            0.403942346572876,
            0.3965749740600586,
            0.50469970703125,
            0.36530113220214844,
            0.40004491806030273,
            0.392686128616333,
            0.5131480693817139,
            0.37227821350097656,
            0.39432811737060547,
            0.3953537940979004,
            0.5162608623504639,
            0.3709239959716797,
            0.4227001667022705,
            0.4015390872955322,
            0.5248579978942871,
            0.39536166191101074
        ],
        "fit_computation_times": [
            0.11235976219177246,
            0.11899495124816895,
            0.11348605155944824,
            0.10812926292419434,
            0.11369729042053223,
            0.1355276107788086,
            0.11824560165405273,
            0.1034080982208252
        ]
    },
    "elapsed": 74.01211428642273
}