{
    "tensor_name": "enron",
    "sampler": "larsen_kolda_hybrid",
    "R": 125,
    "J": 98304,
    "trial": 3,
    "preprocessing": "log_count",
    "initialization": "rrf",
    "max_iterations": 40,
    "stop_tolerance": 0.0001,
    "tensor_order": 4,
    "trace": {
        "iterations": [
            0,
            5,
            10,
            15,
            20,
            25,
            30
        ],
        "fits": [
            -19478167723861.902,
            0.07918848172521409,
            0.08617315309006157,
            0.09747516204352324,
            0.08450727162830729,
            0.0801609057951157,
            0.08506811321107777
        ],
        "update_times": [
            0.0644834041595459,
            0.0869436264038086,
            0.20497560501098633,
            0.056021690368652344,
            0.07773184776306152,
            0.07882022857666016,
            0.21183419227600098,
            0.05970621109008789,
            0.07808947563171387,
            0.07551932334899902,
            0.24222302436828613,
            0.056056976318359375,
            0.07245635986328125,
            0.07950615882873535,
            0.23988747596740723,
            0.05856585502624512,
            0.07675457000732422,
            0.0862269401550293,
            0.21777844429016113,
            0.05438232421875,
            0.055831193923950195,
            0.08495330810546875,
            0.24698829650878906,
            0.06126213073730469,
            0.09045672416687012,
            0.0810537338256836,
            0.24808883666992188,
            0.05978512763977051,
            0.08905935287475586,
            0.0840606689453125,
            0.22191238403320312,
            0.06367635726928711,
            0.09050869941711426,
            0.10164618492126465,
            0.2467641830444336,
            0.06299257278442383,
            0.09581232070922852,
            0.10471916198730469,
            0.23903703689575195,
            0.055176496505737305,
            0.05768132209777832,
            0.08285260200500488,
            0.25346970558166504,
            0.061324119567871094,
            0.08051633834838867,
            0.07799386978149414,
            0.2192702293395996,
            0.054500579833984375,
            0.07477569580078125,
            0.07663583755493164,
            0.24035334587097168,
            0.054218292236328125,
            0.07754135131835938,
            0.07563924789428711,
            0.24634385108947754,
            0.05673718452453613,
            0.07556343078613281,
            0.07655930519104004,
            0.2832028865814209,
            0.07230091094970703,
            0.06561994552612305,
            0.0813741683959961,
            0.2512168884277344,
            0.060379743576049805,
            0.09478545188903809,
            0.0924978256225586,
            0.2819032669067383,
            0.0602724552154541,
            0.07805252075195312,
            0.07951831817626953,
            0.27315759658813477,
            0.0600123405456543,
            0.07495951652526855,
            0.07604765892028809,
            0.29164958000183105,
            0.06086134910583496,
            0.08951687812805176,
            0.0835733413696289,
            0.2528345584869385,
            0.05751681327819824,
            0.05882620811462402,
            0.09612727165222168,
            0.252575159072876,
            0.05575871467590332,
            0.09173965454101562,
            0.08708000183105469,
            0.28067922592163086,
            0.06404590606689453,
            0.08043265342712402,
            0.08294343948364258,
            0.24958062171936035,
            0.05805206298828125,
            0.07677412033081055,
            0.08202624320983887,
            0.24804019927978516,
            0.05785322189331055,
            0.07689070701599121,
            0.08609175682067871,
            0.2616443634033203,
            0.06448864936828613,
            0.07947683334350586,
            0.08067727088928223,
            0.26807141304016113,
            0.05772137641906738,
            0.07184410095214844,
            0.08066916465759277,
            0.25073838233947754,
            0.05537843704223633,
            0.0717766284942627,
            0.07628178596496582,
            0.2373790740966797,
            0.057199954986572266,
            0.07115912437438965,
            0.08532476425170898,
            0.26842308044433594,
            0.055992841720581055,
            0.09363794326782227,
            0.08457016944885254,
            0.2743184566497803,
            0.06728553771972656
        ],
        "fit_computation_times": [
            0.7604110240936279,
            0.7442419528961182,
            0.7470865249633789,
            0.7657124996185303,
            0.7671217918395996,
            0.739851713180542
        ]
    },
    "elapsed": 19.6105375289917
}