{
    "tensor_name": "enron",
    "sampler": "larsen_kolda_hybrid",
    "R": 125,
    "J": 98304,
    "trial": 1,
    "preprocessing": "log_count",
    "initialization": "rrf",
    "max_iterations": 40,
    "stop_tolerance": 0.0001,
    "tensor_order": 4,
    "trace": {
        "iterations": [
            0,
            5,
            10,
            15,
            20,
            25,
            30,
            35,
            40
        ],
        "fits": [
            -20605717205515.445,
            0.07319146461446302,
            0.060712718698715196,
            0.07596848039587278,
            0.08266114991038609,
            0.08746385179893434,
            0.07880143456417799,
            0.07198248016150088,
            0.07955325683329051
        ],
        "update_times": [
            0.07366347312927246,
            0.0824284553527832,
            0.20884370803833008,
            0.06379365921020508,
            0.08293581008911133,
            0.08018016815185547,
            0.2409200668334961,
            0.0570070743560791,
            0.07999753952026367,
            0.0803983211517334,
            0.2590458393096924,
            0.06070733070373535,
            0.08115696907043457,
            0.08865213394165039,
            0.28040266036987305,
            0.06195545196533203,
            0.08073115348815918,
            0.07866072654724121,
            0.2441246509552002,
            0.059677839279174805,
            0.07443666458129883,
            0.08032631874084473,
            0.29561829566955566,
            0.06029176712036133,
            0.10435056686401367,
            0.08233761787414551,
            0.2508585453033447,
            0.05779314041137695,
            0.09190559387207031,
            0.08293676376342773,
            0.2761714458465576,
            0.05665326118469238,
            0.07726287841796875,
            0.07448339462280273,
            0.24619626998901367,
            0.05837750434875488,
            0.09186673164367676,
            0.07820653915405273,
            0.22156977653503418,
            0.059736013412475586,
            0.09368038177490234,
            0.08237814903259277,
            0.2673521041870117,
            0.058779239654541016,
            0.07771062850952148,
            0.07669758796691895,
            0.25353026390075684,
            0.05773329734802246,
            0.08914756774902344,
            0.07521724700927734,
            0.2583014965057373,
            0.05800008773803711,
            0.08549213409423828,
            0.08476066589355469,
            0.2690882682800293,
            0.06245541572570801,
            0.08627724647521973,
            0.08318781852722168,
            0.29657554626464844,
            0.058977603912353516,
            0.11578631401062012,
            0.0843513011932373,
            0.2900567054748535,
            0.05535602569580078,
            0.08800959587097168,
            0.08434820175170898,
            0.2507286071777344,
            0.06140327453613281,
            0.08837270736694336,
            0.08253741264343262,
            0.24436664581298828,
            0.05953502655029297,
            0.08352136611938477,
            0.0831899642944336,
            0.30235743522644043,
            0.05734539031982422,
            0.07908964157104492,
            0.09176278114318848,
            0.26993846893310547,
            0.06595873832702637,
            0.061162471771240234,
            0.08429718017578125,
            0.24580097198486328,
            0.058080196380615234,
            0.08623194694519043,
            0.08695411682128906,
            0.2657194137573242,
            0.058887481689453125,
            0.07621431350708008,
            0.07223105430603027,
            0.30123472213745117,
            0.05956220626831055,
            0.07751154899597168,
            0.07291531562805176,
            0.26222753524780273,
            0.07760787010192871,
            0.09221935272216797,
            0.09383034706115723,
            0.2765614986419678,
            0.06054496765136719,
            0.06375622749328613,
            0.08086133003234863,
            0.27217817306518555,
            0.05852007865905762,
            0.08553338050842285,
            0.09587764739990234,
            0.27786850929260254,
            0.057701826095581055,
            0.07848525047302246,
            0.07396507263183594,
            0.26642632484436035,
            0.05472445487976074,
            0.07436442375183105,
            0.07783842086791992,
            0.28470301628112793,
            0.05526900291442871,
            0.07571077346801758,
            0.07297682762145996,
            0.2674105167388916,
            0.05414938926696777,
            0.06661605834960938,
            0.08702230453491211,
            0.23576974868774414,
            0.05670881271362305,
            0.08290290832519531,
            0.07998108863830566,
            0.2707340717315674,
            0.0544276237487793,
            0.08350157737731934,
            0.08649158477783203,
            0.26793384552001953,
            0.057386159896850586,
            0.07989311218261719,
            0.07697296142578125,
            0.29984211921691895,
            0.0555415153503418,
            0.08047175407409668,
            0.07995033264160156,
            0.33032965660095215,
            0.057588815689086914,
            0.06077265739440918,
            0.07419919967651367,
            0.32060670852661133,
            0.05699920654296875,
            0.08260703086853027,
            0.08038616180419922,
            0.2883872985839844,
            0.059566497802734375,
            0.07967209815979004,
            0.07758760452270508,
            0.2656583786010742,
            0.05681490898132324,
            0.08165335655212402,
            0.0778360366821289,
            0.23538875579833984,
            0.05796694755554199,
            0.09543180465698242,
            0.08063578605651855,
            0.27923107147216797,
            0.06328392028808594
        ],
        "fit_computation_times": [
            0.7591228485107422,
            0.7609775066375732,
            0.8088140487670898,
            0.7476673126220703,
            0.7947282791137695,
            0.7529952526092529,
            0.793391227722168,
            0.7647943496704102
        ]
    },
    "elapsed": 26.746068716049194
}