{
    "tensor_name": "enron",
    "sampler": "efficient",
    "R": 50,
    "J": 589824,
    "trial": 0,
    "preprocessing": "log_count",
    "initialization": "rrf",
    "max_iterations": 40,
    "stop_tolerance": 0.0001,
    "tensor_order": 4,
    "trace": {
        "iterations": [
            0,
            5,
            10,
            15,
            20,
            25,
            30,
            35,
            40
        ],
        "fits": [
            -13414320288561.178,
            0.11766798783862531,
            0.12110272017731705,
            0.12208048475842448,
            0.12252096337413476,
            0.12266507215907063,
            0.12286713803747551,
            0.12297026225154084,
            0.12305060717916605
        ],
        "update_times": [
            0.7447693347930908,
            0.7601840496063232,
            1.0202009677886963,
            0.8728232383728027,
            0.8802986145019531,
            0.9229817390441895,
            1.3606677055358887,
            1.0200917720794678,
            0.8646132946014404,
            0.7964420318603516,
            1.1501851081848145,
            0.921403169631958,
            0.9146339893341064,
            0.8826305866241455,
            1.4695048332214355,
            0.9980874061584473,
            0.8140006065368652,
            0.8494088649749756,
            1.2887308597564697,
            0.9436600208282471,
            0.7904448509216309,
            0.7992813587188721,
            1.0942373275756836,
            0.9474949836730957,
            0.7923409938812256,
            0.8361308574676514,
            1.1240839958190918,
            1.0697331428527832,
            0.893057107925415,
            0.9627783298492432,
            1.354710340499878,
            0.973517656326294,
            0.8305199146270752,
            0.8514220714569092,
            1.3194317817687988,
            0.8695812225341797,
            0.8084664344787598,
            0.8225476741790771,
            1.250342607498169,
            0.8985855579376221,
            0.8040552139282227,
            0.8556432723999023,
            1.228766679763794,
            0.8826255798339844,
            0.7649209499359131,
            0.8052446842193604,
            1.2690165042877197,
            0.8654098510742188,
            0.7873179912567139,
            0.8694653511047363,
            1.2177109718322754,
            0.8290309906005859,
            0.7405424118041992,
            0.7879703044891357,
            1.219717264175415,
            0.9003124237060547,
            0.7996551990509033,
            0.835097074508667,
            1.284226417541504,
            0.9632542133331299,
            0.7745790481567383,
            0.7872397899627686,
            1.1061673164367676,
            0.9064924716949463,
            0.8100988864898682,
            0.9208552837371826,
            1.0646872520446777,
            0.9775710105895996,
            0.8464407920837402,
            0.8575537204742432,
            1.0829393863677979,
            0.9949519634246826,
            0.8376293182373047,
            0.9571139812469482,
            1.461073398590088,
            1.0725486278533936,
            0.9239585399627686,
            0.9760739803314209,
            1.3529257774353027,
            1.0220210552215576,
            0.9004569053649902,
            0.8927872180938721,
            1.4085359573364258,
            1.0029826164245605,
            1.0185880661010742,
            0.8626284599304199,
            1.2047648429870605,
            0.8844900131225586,
            0.7941710948944092,
            0.8019418716430664,
            1.1266169548034668,
            0.8714258670806885,
            0.7978899478912354,
            0.7996695041656494,
            1.168734073638916,
            0.8979384899139404,
            0.8211736679077148,
            0.8330309391021729,
            1.1569044589996338,
            0.8887584209442139,
            0.7866895198822021,
            0.8287820816040039,
            1.1680269241333008,
            0.8689780235290527,
            0.7882790565490723,
            0.7958085536956787,
            1.1444385051727295,
            0.9044866561889648,
            0.8156416416168213,
            0.8257138729095459,
            1.1904551982879639,
            0.9005563259124756,
            0.8277137279510498,
            0.7786502838134766,
            1.106558084487915,
            0.9166872501373291,
            0.8092377185821533,
            0.7998590469360352,
            1.0960636138916016,
            0.9825913906097412,
            0.8077774047851562,
            0.8287942409515381,
            1.3597972393035889,
            1.0856690406799316,
            0.9607627391815186,
            0.8882138729095459,
            1.3866052627563477,
            1.0528409481048584,
            0.9175655841827393,
            0.8756814002990723,
            1.112813949584961,
            1.028764009475708,
            0.8655855655670166,
            0.8719038963317871,
            1.1375291347503662,
            1.0466101169586182,
            0.9307186603546143,
            0.9211513996124268,
            1.3870384693145752,
            1.0951018333435059,
            0.9193882942199707,
            0.8853621482849121,
            1.3424527645111084,
            1.029721975326538,
            0.8872926235198975,
            0.8760948181152344,
            1.172661542892456,
            1.0187034606933594,
            0.881704568862915,
            0.8351824283599854,
            1.1268424987792969,
            0.9733765125274658,
            0.8683228492736816,
            0.8740930557250977,
            1.166806697845459,
            0.9685487747192383,
            0.8546037673950195,
            0.8607163429260254,
            1.1101560592651367,
            1.0053026676177979
        ],
        "fit_computation_times": [
            0.14879727363586426,
            0.1445002555847168,
            0.13306546211242676,
            0.141646146774292,
            0.13929295539855957,
            0.1449720859527588,
            0.14936232566833496,
            0.14405274391174316
        ]
    },
    "elapsed": 156.20156693458557
}